{
  "name": "model",
  "metrics": {
    "train_loss": [
      0.15149558573890637,
      0.10497508016613563,
      0.09276651838679591,
      0.07624049862114032,
      0.0723279649193147
    ],
    "train_accuracy": [
      0.954962962962963,
      0.9695,
      0.9743518518518518,
      0.9784814814814815,
      0.9791111111111112
    ],
    "val_loss": [
      0.1891604926674924,
      0.14306813319946857,
      0.1357356512800176,
      0.1248993327484486,
      0.1230341965689304
    ],
    "val_accuracy": [
      0.9435,
      0.9601666666666666,
      0.9633333333333334,
      0.9656666666666667,
      0.9666666666666667
    ]
  },
  "accuracy": 0.9709,
  "confusion": [
    [
      970.0,
      1.0,
      2.0,
      1.0,
      0.0,
      0.0,
      4.0,
      1.0,
      1.0,
      0.0
    ],
    [
      0.0,
      1130.0,
      1.0,
      0.0,
      0.0,
      0.0,
      2.0,
      0.0,
      2.0,
      0.0
    ],
    [
      2.0,
      4.0,
      1014.0,
      0.0,
      3.0,
      0.0,
      0.0,
      5.0,
      4.0,
      0.0
    ],
    [
      0.0,
      1.0,
      10.0,
      978.0,
      0.0,
      2.0,
      0.0,
      4.0,
      10.0,
      5.0
    ],
    [
      0.0,
      0.0,
      8.0,
      0.0,
      971.0,
      0.0,
      2.0,
      0.0,
      0.0,
      1.0
    ],
    [
      3.0,
      0.0,
      0.0,
      19.0,
      1.0,
      854.0,
      7.0,
      1.0,
      5.0,
      2.0
    ],
    [
      5.0,
      4.0,
      0.0,
      0.0,
      11.0,
      5.0,
      930.0,
      0.0,
      3.0,
      0.0
    ],
    [
      2.0,
      26.0,
      16.0,
      2.0,
      7.0,
      0.0,
      0.0,
      968.0,
      3.0,
      4.0
    ],
    [
      4.0,
      3.0,
      6.0,
      1.0,
      6.0,
      2.0,
      3.0,
      2.0,
      945.0,
      2.0
    ],
    [
      3.0,
      9.0,
      1.0,
      5.0,
      32.0,
      1.0,
      1.0,
      4.0,
      4.0,
      949.0
    ]
  ],
  "classRecall": [
    0.9897959232330322,
    0.9955947399139404,
    0.9825581312179565,
    0.9683168530464172,
    0.9887983798980713,
    0.9573991298675537,
    0.9707724452018738,
    0.9416342377662659,
    0.9702258706092834,
    0.9405351877212524
  ],
  "classPrecision": [
    0.9807886481285095,
    0.9592529535293579,
    0.9584121108055115,
    0.9721670150756836,
    0.941804051399231,
    0.9884259104728699,
    0.9799789190292358,
    0.982741117477417,
    0.9672466516494751,
    0.9854620695114136
  ],
  "classes": [
    0,
    1,
    2,
    3,
    4,
    5,
    6,
    7,
    8,
    9
  ]
}