{
  "name": "model",
  "metrics": {
    "train_loss": [
      0.15116839703190102,
      0.1055414246492335,
      0.0883190389832932,
      0.07227862472270762,
      0.06175464960212391
    ],
    "train_accuracy": [
      0.9565370370370371,
      0.9687592592592592,
      0.9745555555555555,
      0.9799444444444444,
      0.9821666666666666
    ],
    "val_loss": [
      0.1801697179833625,
      0.13968333102604177,
      0.1224044143678026,
      0.11065704098090212,
      0.10776988686399257
    ],
    "val_accuracy": [
      0.9453333333333334,
      0.9573333333333334,
      0.9656666666666667,
      0.9685,
      0.9691666666666666
    ]
  },
  "accuracy": 0.9744,
  "confusion": [
    [
      970.0,
      1.0,
      2.0,
      0.0,
      0.0,
      4.0,
      1.0,
      1.0,
      1.0,
      0.0
    ],
    [
      0.0,
      1120.0,
      3.0,
      1.0,
      0.0,
      2.0,
      3.0,
      1.0,
      5.0,
      0.0
    ],
    [
      1.0,
      1.0,
      1015.0,
      5.0,
      1.0,
      0.0,
      0.0,
      4.0,
      5.0,
      0.0
    ],
    [
      0.0,
      0.0,
      8.0,
      989.0,
      0.0,
      2.0,
      0.0,
      3.0,
      5.0,
      3.0
    ],
    [
      1.0,
      0.0,
      7.0,
      0.0,
      957.0,
      0.0,
      3.0,
      0.0,
      3.0,
      11.0
    ],
    [
      2.0,
      0.0,
      0.0,
      6.0,
      0.0,
      877.0,
      4.0,
      0.0,
      2.0,
      1.0
    ],
    [
      10.0,
      3.0,
      1.0,
      0.0,
      8.0,
      6.0,
      924.0,
      0.0,
      6.0,
      0.0
    ],
    [
      2.0,
      8.0,
      17.0,
      7.0,
      0.0,
      0.0,
      0.0,
      978.0,
      4.0,
      12.0
    ],
    [
      5.0,
      0.0,
      3.0,
      2.0,
      3.0,
      8.0,
      3.0,
      3.0,
      943.0,
      4.0
    ],
    [
      6.0,
      6.0,
      1.0,
      4.0,
      10.0,
      6.0,
      0.0,
      4.0,
      1.0,
      971.0
    ]
  ],
  "classRecall": [
    0.9897959232330322,
    0.9867841601371765,
    0.9835271239280701,
    0.9792079329490662,
    0.9745417237281799,
    0.9831838607788086,
    0.9645093679428101,
    0.951361894607544,
    0.9681724905967712,
    0.962338924407959
  ],
  "classPrecision": [
    0.9729187488555908,
    0.9833186864852905,
    0.9602649211883545,
    0.9753451943397522,
    0.9775280952453613,
    0.9690607786178589,
    0.9850746393203735,
    0.9839034080505371,
    0.9671794772148132,
    0.9690618515014648
  ],
  "classes": [
    0,
    1,
    2,
    3,
    4,
    5,
    6,
    7,
    8,
    9
  ]
}