{
  "name": "model",
  "metrics": {
    "train_loss": [
      1.325469665906646,
      0.9446286440572955,
      0.7255826531486078,
      0.5994446921924298,
      0.5161288477988406,
      0.41356328963725403,
      0.33111977666108444,
      0.2794026610102843,
      0.2378553862429478,
      0.20443603544580666,
      0.19895391542972488,
      0.17909786130555652
    ],
    "train_accuracy": [
      0.517,
      0.6672444444444444,
      0.7492888888888889,
      0.7939555555555555,
      0.8267111111111111,
      0.8619555555555556,
      0.8844444444444445,
      0.9023333333333333,
      0.9192,
      0.9274,
      0.9297777777777778,
      0.9374222222222223
    ],
    "val_loss": [
      1.3447580754756927,
      0.9786461099982262,
      0.7807633340358734,
      0.693565558642149,
      0.6190622482448817,
      0.5946575358510018,
      0.6145266629755497,
      0.5587587051093579,
      0.5457465127110481,
      0.6047287002205849,
      0.617032440006733,
      0.6356350317597389
    ],
    "val_accuracy": [
      0.5082,
      0.658,
      0.7252,
      0.765,
      0.7842,
      0.8016,
      0.8098,
      0.8172,
      0.8264,
      0.815,
      0.8136,
      0.8162
    ]
  },
  "accuracy": 0.8058,
  "confusion": [
    [
      816.0,
      10.0,
      58.0,
      14.0,
      15.0,
      3.0,
      2.0,
      2.0,
      66.0,
      14.0
    ],
    [
      5.0,
      918.0,
      3.0,
      0.0,
      3.0,
      1.0,
      4.0,
      0.0,
      36.0,
      30.0
    ],
    [
      44.0,
      1.0,
      818.0,
      16.0,
      55.0,
      19.0,
      29.0,
      4.0,
      10.0,
      4.0
    ],
    [
      12.0,
      5.0,
      141.0,
      530.0,
      63.0,
      138.0,
      68.0,
      11.0,
      25.0,
      7.0
    ],
    [
      8.0,
      3.0,
      64.0,
      21.0,
      846.0,
      9.0,
      24.0,
      19.0,
      6.0,
      0.0
    ],
    [
      11.0,
      5.0,
      104.0,
      65.0,
      42.0,
      721.0,
      29.0,
      11.0,
      11.0,
      1.0
    ],
    [
      11.0,
      2.0,
      80.0,
      18.0,
      18.0,
      6.0,
      851.0,
      3.0,
      11.0,
      0.0
    ],
    [
      17.0,
      6.0,
      59.0,
      18.0,
      75.0,
      28.0,
      6.0,
      773.0,
      13.0,
      5.0
    ],
    [
      32.0,
      6.0,
      11.0,
      3.0,
      3.0,
      1.0,
      4.0,
      0.0,
      937.0,
      3.0
    ],
    [
      18.0,
      58.0,
      5.0,
      3.0,
      1.0,
      1.0,
      2.0,
      3.0,
      61.0,
      848.0
    ]
  ],
  "classRecall": [
    0.8159999847412109,
    0.9179999828338623,
    0.8180000185966492,
    0.5299999713897705,
    0.8460000157356262,
    0.7210000157356262,
    0.8510000109672546,
    0.7730000019073486,
    0.9369999766349792,
    0.8479999899864197
  ],
  "classPrecision": [
    0.8377823233604431,
    0.9053254723548889,
    0.6090841293334961,
    0.770348846912384,
    0.7546833157539368,
    0.7777777910232544,
    0.8351324796676636,
    0.9358353614807129,
    0.7967687249183655,
    0.9298245906829834
  ],
  "classes": [
    "plane",
    "car",
    "bird",
    "cat",
    "deer",
    "dog",
    "frog",
    "horse",
    "ship",
    "truck"
  ]
}