{
  "name": "model",
  "metrics": {
    "train_loss": [
      1.4191855110905387,
      0.9709635564888065,
      0.8179298437793147,
      0.6028794136575677,
      0.511605417355895,
      0.39292645632204687,
      0.3542250238189643,
      0.2711479412391782,
      0.2050886670423841,
      0.225110795666379,
      0.14651992450341245,
      0.13062759358647533
    ],
    "train_accuracy": [
      0.4765333333333333,
      0.6593555555555556,
      0.7152888888888889,
      0.7888888888888889,
      0.8231333333333334,
      0.8652444444444445,
      0.8794888888888889,
      0.9084888888888889,
      0.9334444444444444,
      0.9214666666666667,
      0.9523555555555555,
      0.9548888888888889
    ],
    "val_loss": [
      1.435841143131256,
      1.010458005964756,
      0.8907997861504555,
      0.7011230573058128,
      0.6500010550022125,
      0.6139113031327724,
      0.6143809050321579,
      0.5901779018342495,
      0.5679985910654068,
      0.6080597877502442,
      0.62909692004323,
      0.711939413100481
    ],
    "val_accuracy": [
      0.476,
      0.6376,
      0.6958,
      0.7556,
      0.7748,
      0.793,
      0.7912,
      0.8094,
      0.8152,
      0.8036,
      0.8032,
      0.8146
    ]
  },
  "accuracy": 0.8112,
  "confusion": [
    [
      821.0,
      5.0,
      91.0,
      18.0,
      9.0,
      4.0,
      3.0,
      13.0,
      21.0,
      15.0
    ],
    [
      20.0,
      914.0,
      3.0,
      4.0,
      1.0,
      1.0,
      2.0,
      3.0,
      10.0,
      42.0
    ],
    [
      30.0,
      1.0,
      794.0,
      26.0,
      58.0,
      31.0,
      25.0,
      30.0,
      1.0,
      4.0
    ],
    [
      15.0,
      3.0,
      71.0,
      653.0,
      47.0,
      107.0,
      32.0,
      59.0,
      6.0,
      7.0
    ],
    [
      12.0,
      3.0,
      45.0,
      43.0,
      775.0,
      28.0,
      15.0,
      79.0,
      0.0,
      0.0
    ],
    [
      6.0,
      0.0,
      45.0,
      142.0,
      24.0,
      691.0,
      12.0,
      75.0,
      2.0,
      3.0
    ],
    [
      10.0,
      6.0,
      42.0,
      40.0,
      24.0,
      11.0,
      846.0,
      10.0,
      7.0,
      4.0
    ],
    [
      10.0,
      1.0,
      23.0,
      15.0,
      23.0,
      13.0,
      1.0,
      909.0,
      1.0,
      4.0
    ],
    [
      97.0,
      8.0,
      21.0,
      10.0,
      2.0,
      1.0,
      2.0,
      13.0,
      836.0,
      10.0
    ],
    [
      32.0,
      44.0,
      11.0,
      9.0,
      0.0,
      2.0,
      1.0,
      17.0,
      11.0,
      873.0
    ]
  ],
  "classRecall": [
    0.8209999799728394,
    0.9139999747276306,
    0.7940000295639038,
    0.652999997138977,
    0.7749999761581421,
    0.6909999847412109,
    0.8460000157356262,
    0.9089999794960022,
    0.8360000252723694,
    0.8730000257492065
  ],
  "classPrecision": [
    0.7796770930290222,
    0.9279187917709351,
    0.6928446888923645,
    0.6802083253860474,
    0.8047767281532288,
    0.7772778272628784,
    0.9009584784507751,
    0.7524834275245667,
    0.9340782165527344,
    0.9074844121932983
  ],
  "classes": [
    "plane",
    "car",
    "bird",
    "cat",
    "deer",
    "dog",
    "frog",
    "horse",
    "ship",
    "truck"
  ]
}