{
  "name": "model",
  "metrics": {
    "train_loss": [
      1.403250482272018,
      0.9584564393894239,
      0.7402340966192159,
      0.594771611673588,
      0.5222545451569286,
      0.40919971178201114,
      0.3302370799197392,
      0.3925819386389445,
      0.23603611922060902,
      0.23440795705061068,
      0.1810149495828558,
      0.18624693940562959
    ],
    "train_accuracy": [
      0.4890888888888889,
      0.6639777777777778,
      0.7442444444444445,
      0.7964,
      0.8211777777777778,
      0.8638222222222223,
      0.8831333333333333,
      0.8684,
      0.9197111111111111,
      0.9221777777777778,
      0.9431333333333334,
      0.9377333333333333
    ],
    "val_loss": [
      1.4080753207206727,
      0.9898856431245804,
      0.8032423257827759,
      0.6898574866354465,
      0.6721750408411026,
      0.5929276429116725,
      0.5882126040756702,
      0.7010275859385728,
      0.6064747482538223,
      0.639112263172865,
      0.6316015765070915,
      0.689388918876648
    ],
    "val_accuracy": [
      0.4816,
      0.651,
      0.7188,
      0.7532,
      0.764,
      0.7948,
      0.8036,
      0.7804,
      0.813,
      0.8068,
      0.8152,
      0.8128
    ]
  },
  "accuracy": 0.8166,
  "confusion": [
    [
      846.0,
      19.0,
      57.0,
      5.0,
      21.0,
      2.0,
      6.0,
      6.0,
      29.0,
      9.0
    ],
    [
      3.0,
      958.0,
      3.0,
      5.0,
      1.0,
      0.0,
      1.0,
      0.0,
      17.0,
      12.0
    ],
    [
      36.0,
      5.0,
      835.0,
      28.0,
      31.0,
      16.0,
      37.0,
      8.0,
      4.0,
      0.0
    ],
    [
      19.0,
      11.0,
      83.0,
      712.0,
      52.0,
      56.0,
      48.0,
      15.0,
      3.0,
      1.0
    ],
    [
      6.0,
      1.0,
      55.0,
      30.0,
      853.0,
      13.0,
      24.0,
      15.0,
      2.0,
      1.0
    ],
    [
      16.0,
      8.0,
      87.0,
      146.0,
      39.0,
      676.0,
      9.0,
      19.0,
      0.0,
      0.0
    ],
    [
      6.0,
      6.0,
      36.0,
      47.0,
      15.0,
      8.0,
      877.0,
      3.0,
      1.0,
      1.0
    ],
    [
      14.0,
      8.0,
      33.0,
      32.0,
      51.0,
      23.0,
      2.0,
      832.0,
      4.0,
      1.0
    ],
    [
      48.0,
      27.0,
      15.0,
      11.0,
      4.0,
      0.0,
      6.0,
      0.0,
      883.0,
      6.0
    ],
    [
      28.0,
      228.0,
      7.0,
      10.0,
      7.0,
      1.0,
      4.0,
      5.0,
      16.0,
      694.0
    ]
  ],
  "classRecall": [
    0.8460000157356262,
    0.9580000042915344,
    0.8349999785423279,
    0.7120000123977661,
    0.8529999852180481,
    0.6759999990463257,
    0.8769999742507935,
    0.8320000171661377,
    0.8830000162124634,
    0.6940000057220459
  ],
  "classPrecision": [
    0.8277886509895325,
    0.753737211227417,
    0.6895127892494202,
    0.6939570903778076,
    0.7942271828651428,
    0.8503144383430481,
    0.864891529083252,
    0.921373188495636,
    0.9207507967948914,
    0.9572413563728333
  ],
  "classes": [
    "plane",
    "car",
    "bird",
    "cat",
    "deer",
    "dog",
    "frog",
    "horse",
    "ship",
    "truck"
  ]
}