{
  "name": "model",
  "metrics": {
    "train_loss": [
      0.1531328492537494,
      0.10886157879173332,
      0.0922036813218941,
      0.07393770990562205,
      0.0638757414886313
    ],
    "train_accuracy": [
      0.9563148148148148,
      0.9687037037037037,
      0.9726666666666667,
      0.9779629629629629,
      0.9818518518518519
    ],
    "val_loss": [
      0.18284186673291186,
      0.1438689357105722,
      0.13133196825993823,
      0.11404754855531327,
      0.10504428828333287
    ],
    "val_accuracy": [
      0.9468333333333333,
      0.9603333333333334,
      0.9606666666666667,
      0.9666666666666667,
      0.971
    ]
  },
  "accuracy": 0.9751,
  "confusion": [
    [
      972.0,
      0.0,
      0.0,
      2.0,
      0.0,
      2.0,
      2.0,
      1.0,
      1.0,
      0.0
    ],
    [
      0.0,
      1129.0,
      2.0,
      1.0,
      0.0,
      1.0,
      1.0,
      0.0,
      1.0,
      0.0
    ],
    [
      5.0,
      1.0,
      1017.0,
      0.0,
      0.0,
      0.0,
      2.0,
      6.0,
      1.0,
      0.0
    ],
    [
      0.0,
      0.0,
      5.0,
      988.0,
      0.0,
      8.0,
      0.0,
      6.0,
      3.0,
      0.0
    ],
    [
      2.0,
      1.0,
      5.0,
      0.0,
      959.0,
      0.0,
      6.0,
      3.0,
      1.0,
      5.0
    ],
    [
      2.0,
      1.0,
      0.0,
      3.0,
      1.0,
      875.0,
      6.0,
      0.0,
      2.0,
      2.0
    ],
    [
      4.0,
      3.0,
      1.0,
      0.0,
      4.0,
      6.0,
      936.0,
      0.0,
      4.0,
      0.0
    ],
    [
      1.0,
      9.0,
      13.0,
      1.0,
      1.0,
      0.0,
      0.0,
      996.0,
      2.0,
      5.0
    ],
    [
      6.0,
      0.0,
      4.0,
      9.0,
      4.0,
      10.0,
      4.0,
      4.0,
      932.0,
      1.0
    ],
    [
      3.0,
      8.0,
      0.0,
      9.0,
      18.0,
      6.0,
      1.0,
      14.0,
      3.0,
      947.0
    ]
  ],
  "classRecall": [
    0.9918367266654968,
    0.9947136640548706,
    0.9854651093482971,
    0.9782178401947021,
    0.976578414440155,
    0.9809417128562927,
    0.9770354628562927,
    0.9688715934753418,
    0.9568788409233093,
    0.9385530352592468
  ],
  "classPrecision": [
    0.9768844246864319,
    0.9800347089767456,
    0.9713466763496399,
    0.9753208160400391,
    0.9716312289237976,
    0.9636563658714294,
    0.9770354628562927,
    0.9669902920722961,
    0.9810526371002197,
    0.9864583611488342
  ],
  "classes": [
    0,
    1,
    2,
    3,
    4,
    5,
    6,
    7,
    8,
    9
  ]
}