{
  "name": "model",
  "metrics": {
    "train_loss": [
      1.408112297681245,
      0.9532051343809474,
      0.7106370956382968,
      0.6147280551323836,
      0.48995710553770716,
      0.42709541985426436,
      0.47649629558013246,
      0.32609547433358704,
      0.3487170540135015,
      0.24646196179938587,
      0.1738572275604714,
      0.2720619771121578
    ],
    "train_accuracy": [
      0.48675555555555555,
      0.6622888888888889,
      0.7538888888888889,
      0.7881333333333334,
      0.8350444444444445,
      0.8490666666666666,
      0.8314222222222222,
      0.8830444444444444,
      0.8742888888888889,
      0.9107111111111111,
      0.9388666666666666,
      0.9033111111111111
    ],
    "val_loss": [
      1.4289933294057846,
      0.9939098909497261,
      0.7742152735590935,
      0.7364260777831078,
      0.6227015651762485,
      0.6338738568127156,
      0.6943412125110626,
      0.6372437365353107,
      0.7265080735087395,
      0.6517322540283204,
      0.5868164449930191,
      0.8708121284842492
    ],
    "val_accuracy": [
      0.477,
      0.6444,
      0.7276,
      0.747,
      0.7816,
      0.7768,
      0.7546,
      0.7906,
      0.7736,
      0.7978,
      0.8202,
      0.7742
    ]
  },
  "accuracy": 0.7802,
  "confusion": [
    [
      654.0,
      1.0,
      284.0,
      9.0,
      6.0,
      0.0,
      2.0,
      2.0,
      34.0,
      8.0
    ],
    [
      15.0,
      888.0,
      15.0,
      4.0,
      0.0,
      1.0,
      4.0,
      0.0,
      26.0,
      47.0
    ],
    [
      6.0,
      1.0,
      944.0,
      14.0,
      11.0,
      5.0,
      10.0,
      8.0,
      1.0,
      0.0
    ],
    [
      11.0,
      0.0,
      190.0,
      602.0,
      36.0,
      79.0,
      43.0,
      20.0,
      15.0,
      4.0
    ],
    [
      11.0,
      1.0,
      210.0,
      26.0,
      683.0,
      13.0,
      25.0,
      26.0,
      5.0,
      0.0
    ],
    [
      6.0,
      0.0,
      182.0,
      96.0,
      19.0,
      655.0,
      11.0,
      28.0,
      2.0,
      1.0
    ],
    [
      4.0,
      0.0,
      135.0,
      21.0,
      6.0,
      2.0,
      825.0,
      2.0,
      3.0,
      2.0
    ],
    [
      13.0,
      2.0,
      102.0,
      12.0,
      35.0,
      24.0,
      3.0,
      804.0,
      2.0,
      3.0
    ],
    [
      35.0,
      8.0,
      43.0,
      3.0,
      1.0,
      1.0,
      3.0,
      1.0,
      897.0,
      8.0
    ],
    [
      33.0,
      44.0,
      32.0,
      2.0,
      2.0,
      2.0,
      3.0,
      4.0,
      28.0,
      850.0
    ]
  ],
  "classRecall": [
    0.6539999842643738,
    0.8880000114440918,
    0.9440000057220459,
    0.6019999980926514,
    0.6830000281333923,
    0.6549999713897705,
    0.824999988079071,
    0.8040000200271606,
    0.8970000147819519,
    0.8500000238418579
  ],
  "classPrecision": [
    0.8299492597579956,
    0.9396825432777405,
    0.4417407512664795,
    0.7629911303520203,
    0.8548185229301453,
    0.8375958800315857,
    0.8880516886711121,
    0.8983240127563477,
    0.8854886293411255,
    0.9209100604057312
  ],
  "classes": [
    "plane",
    "car",
    "bird",
    "cat",
    "deer",
    "dog",
    "frog",
    "horse",
    "ship",
    "truck"
  ]
}