{
  "name": "model",
  "metrics": {
    "train_loss": [
      1.4310796836560422,
      0.9657212001356211,
      0.7218343806876377,
      0.6358675392852589,
      0.5159926143559542,
      0.4136117331852967,
      0.423401975157586,
      0.39104454329406674,
      0.4821155153384263,
      0.360652895136313,
      0.281627535904673,
      0.3308619648980146
    ],
    "train_accuracy": [
      0.48917777777777777,
      0.6568666666666667,
      0.7451555555555556,
      0.7824222222222222,
      0.818,
      0.8573333333333333,
      0.8506,
      0.8717777777777778,
      0.8525111111111111,
      0.8937555555555555,
      0.9074,
      0.9022
    ],
    "val_loss": [
      1.4275393038988113,
      0.999295100569725,
      0.7915296331048012,
      0.7136075392365455,
      0.6760720521211624,
      0.6079332612454891,
      0.6596326805651188,
      0.6811783537268639,
      0.8580141544342041,
      0.8208936840295792,
      0.7422710053622723,
      0.9225385643541812
    ],
    "val_accuracy": [
      0.4832,
      0.6472,
      0.7214,
      0.7476,
      0.7642,
      0.7876,
      0.7818,
      0.7868,
      0.759,
      0.7838,
      0.793,
      0.7778
    ]
  },
  "accuracy": 0.777,
  "confusion": [
    [
      968.0,
      6.0,
      2.0,
      6.0,
      3.0,
      1.0,
      1.0,
      0.0,
      11.0,
      2.0
    ],
    [
      49.0,
      923.0,
      0.0,
      2.0,
      2.0,
      2.0,
      3.0,
      0.0,
      6.0,
      13.0
    ],
    [
      187.0,
      2.0,
      618.0,
      64.0,
      34.0,
      42.0,
      40.0,
      8.0,
      4.0,
      1.0
    ],
    [
      72.0,
      2.0,
      36.0,
      704.0,
      19.0,
      101.0,
      48.0,
      9.0,
      8.0,
      1.0
    ],
    [
      53.0,
      1.0,
      39.0,
      72.0,
      766.0,
      20.0,
      33.0,
      12.0,
      3.0,
      1.0
    ],
    [
      28.0,
      0.0,
      18.0,
      184.0,
      21.0,
      724.0,
      12.0,
      9.0,
      3.0,
      1.0
    ],
    [
      21.0,
      2.0,
      19.0,
      57.0,
      11.0,
      7.0,
      872.0,
      2.0,
      9.0,
      0.0
    ],
    [
      62.0,
      4.0,
      13.0,
      36.0,
      39.0,
      73.0,
      5.0,
      761.0,
      5.0,
      2.0
    ],
    [
      192.0,
      11.0,
      3.0,
      7.0,
      1.0,
      1.0,
      2.0,
      1.0,
      778.0,
      4.0
    ],
    [
      177.0,
      130.0,
      1.0,
      11.0,
      1.0,
      2.0,
      3.0,
      5.0,
      14.0,
      656.0
    ]
  ],
  "classRecall": [
    0.9679999947547913,
    0.9229999780654907,
    0.6179999709129333,
    0.7039999961853027,
    0.765999972820282,
    0.7239999771118164,
    0.871999979019165,
    0.7609999775886536,
    0.777999997138977,
    0.656000018119812
  ],
  "classPrecision": [
    0.5351022481918335,
    0.8538390398025513,
    0.8251001238822937,
    0.6159229874610901,
    0.8539576530456543,
    0.7440904378890991,
    0.8557409048080444,
    0.9429987668991089,
    0.9250891804695129,
    0.9632892608642578
  ],
  "classes": [
    "plane",
    "car",
    "bird",
    "cat",
    "deer",
    "dog",
    "frog",
    "horse",
    "ship",
    "truck"
  ]
}