{
  "name": "model",
  "metrics": {
    "train_loss": [
      0.15556791477717494,
      0.10829087558215687,
      0.09084656013184673,
      0.07522629261661268,
      0.05789649414816668
    ],
    "train_accuracy": [
      0.9549074074074074,
      0.9681296296296297,
      0.9729074074074074,
      0.9773518518518518,
      0.9840740740740741
    ],
    "val_loss": [
      0.18391965519874653,
      0.1398303006240662,
      0.13600865046077587,
      0.11866098761241486,
      0.10119311987085546
    ],
    "val_accuracy": [
      0.9461666666666667,
      0.9585,
      0.9618333333333333,
      0.967,
      0.971
    ]
  },
  "accuracy": 0.974,
  "confusion": [
    [
      970.0,
      1.0,
      1.0,
      0.0,
      0.0,
      0.0,
      4.0,
      1.0,
      3.0,
      0.0
    ],
    [
      0.0,
      1120.0,
      3.0,
      1.0,
      0.0,
      1.0,
      3.0,
      1.0,
      6.0,
      0.0
    ],
    [
      7.0,
      0.0,
      1012.0,
      2.0,
      1.0,
      0.0,
      0.0,
      7.0,
      3.0,
      0.0
    ],
    [
      2.0,
      0.0,
      8.0,
      986.0,
      0.0,
      5.0,
      0.0,
      3.0,
      5.0,
      1.0
    ],
    [
      1.0,
      1.0,
      3.0,
      0.0,
      957.0,
      0.0,
      4.0,
      1.0,
      3.0,
      12.0
    ],
    [
      3.0,
      0.0,
      0.0,
      8.0,
      1.0,
      867.0,
      6.0,
      1.0,
      3.0,
      3.0
    ],
    [
      6.0,
      3.0,
      0.0,
      0.0,
      7.0,
      3.0,
      934.0,
      0.0,
      5.0,
      0.0
    ],
    [
      1.0,
      11.0,
      12.0,
      3.0,
      3.0,
      1.0,
      0.0,
      984.0,
      1.0,
      12.0
    ],
    [
      5.0,
      1.0,
      2.0,
      4.0,
      4.0,
      4.0,
      2.0,
      4.0,
      945.0,
      3.0
    ],
    [
      5.0,
      5.0,
      1.0,
      10.0,
      12.0,
      1.0,
      1.0,
      4.0,
      5.0,
      965.0
    ]
  ],
  "classRecall": [
    0.9897959232330322,
    0.9867841601371765,
    0.9806201457977295,
    0.9762375950813293,
    0.9745417237281799,
    0.9719731211662292,
    0.9749478101730347,
    0.957198441028595,
    0.9702258706092834,
    0.9563924670219421
  ],
  "classPrecision": [
    0.9700000286102295,
    0.9807355403900146,
    0.9712092280387878,
    0.9723865985870361,
    0.9715735912322998,
    0.9829931855201721,
    0.9790356159210205,
    0.9781312346458435,
    0.9652706980705261,
    0.968875527381897
  ],
  "classes": [
    0,
    1,
    2,
    3,
    4,
    5,
    6,
    7,
    8,
    9
  ]
}