{
  "name": "model",
  "metrics": {
    "train_loss": [
      0.14969798787474914,
      0.1013052716092052,
      0.0901609885890337,
      0.07468652277434536,
      0.061774061168477785
    ],
    "train_accuracy": [
      0.9556851851851852,
      0.9702962962962963,
      0.9738703703703704,
      0.9784259259259259,
      0.9823148148148149
    ],
    "val_loss": [
      0.1791607327759266,
      0.13739750898898917,
      0.12545967791625795,
      0.11871445163133297,
      0.10482367904896432
    ],
    "val_accuracy": [
      0.947,
      0.9606666666666667,
      0.9646666666666667,
      0.9673333333333334,
      0.9723333333333334
    ]
  },
  "accuracy": 0.9752,
  "confusion": [
    [
      973.0,
      0.0,
      1.0,
      1.0,
      0.0,
      1.0,
      1.0,
      1.0,
      2.0,
      0.0
    ],
    [
      0.0,
      1118.0,
      5.0,
      2.0,
      0.0,
      2.0,
      1.0,
      1.0,
      6.0,
      0.0
    ],
    [
      3.0,
      1.0,
      1012.0,
      3.0,
      2.0,
      0.0,
      1.0,
      8.0,
      2.0,
      0.0
    ],
    [
      0.0,
      0.0,
      8.0,
      987.0,
      0.0,
      5.0,
      0.0,
      5.0,
      5.0,
      0.0
    ],
    [
      3.0,
      0.0,
      2.0,
      0.0,
      953.0,
      0.0,
      5.0,
      3.0,
      2.0,
      14.0
    ],
    [
      3.0,
      0.0,
      0.0,
      8.0,
      1.0,
      871.0,
      2.0,
      2.0,
      4.0,
      1.0
    ],
    [
      5.0,
      2.0,
      1.0,
      1.0,
      6.0,
      5.0,
      936.0,
      0.0,
      2.0,
      0.0
    ],
    [
      2.0,
      4.0,
      15.0,
      1.0,
      1.0,
      0.0,
      0.0,
      999.0,
      2.0,
      4.0
    ],
    [
      4.0,
      0.0,
      4.0,
      11.0,
      4.0,
      8.0,
      1.0,
      4.0,
      934.0,
      4.0
    ],
    [
      4.0,
      3.0,
      0.0,
      7.0,
      12.0,
      3.0,
      0.0,
      8.0,
      3.0,
      969.0
    ]
  ],
  "classRecall": [
    0.9928571581840515,
    0.9850220084190369,
    0.9806201457977295,
    0.9772277474403381,
    0.9704684615135193,
    0.976457417011261,
    0.9770354628562927,
    0.9717898964881897,
    0.9589322209358215,
    0.9603567719459534
  ],
  "classPrecision": [
    0.9759277701377869,
    0.991134762763977,
    0.9656488299369812,
    0.9666993021965027,
    0.9734423160552979,
    0.97318434715271,
    0.9883843660354614,
    0.9689621925354004,
    0.9708939790725708,
    0.9768145084381104
  ],
  "classes": [
    0,
    1,
    2,
    3,
    4,
    5,
    6,
    7,
    8,
    9
  ]
}