{
  "name": "model",
  "metrics": {
    "train_loss": [
      0.14795820973813534,
      0.10345668761033158,
      0.07976787220642535,
      0.07115005254215821,
      0.05634881893583348
    ],
    "train_accuracy": [
      0.9573518518518519,
      0.9697407407407408,
      0.9770185185185185,
      0.9790740740740741,
      0.9838703703703704
    ],
    "val_loss": [
      0.17882505709186514,
      0.13616880782424134,
      0.11840484786699428,
      0.10820322067655147,
      0.10158846356925812
    ],
    "val_accuracy": [
      0.9493333333333334,
      0.9596666666666667,
      0.9668333333333333,
      0.9696666666666667,
      0.9711666666666666
    ]
  },
  "accuracy": 0.9754,
  "confusion": [
    [
      969.0,
      0.0,
      1.0,
      1.0,
      1.0,
      2.0,
      2.0,
      1.0,
      1.0,
      2.0
    ],
    [
      0.0,
      1122.0,
      3.0,
      1.0,
      0.0,
      2.0,
      2.0,
      2.0,
      3.0,
      0.0
    ],
    [
      5.0,
      0.0,
      1014.0,
      0.0,
      3.0,
      0.0,
      1.0,
      7.0,
      2.0,
      0.0
    ],
    [
      0.0,
      0.0,
      8.0,
      980.0,
      0.0,
      6.0,
      0.0,
      8.0,
      4.0,
      4.0
    ],
    [
      0.0,
      1.0,
      2.0,
      0.0,
      956.0,
      0.0,
      7.0,
      1.0,
      2.0,
      13.0
    ],
    [
      2.0,
      0.0,
      0.0,
      7.0,
      1.0,
      869.0,
      5.0,
      1.0,
      3.0,
      4.0
    ],
    [
      7.0,
      3.0,
      0.0,
      0.0,
      7.0,
      3.0,
      934.0,
      0.0,
      4.0,
      0.0
    ],
    [
      1.0,
      8.0,
      11.0,
      1.0,
      1.0,
      0.0,
      0.0,
      997.0,
      1.0,
      8.0
    ],
    [
      4.0,
      1.0,
      5.0,
      2.0,
      3.0,
      6.0,
      3.0,
      5.0,
      941.0,
      4.0
    ],
    [
      3.0,
      5.0,
      0.0,
      6.0,
      12.0,
      4.0,
      0.0,
      6.0,
      1.0,
      972.0
    ]
  ],
  "classRecall": [
    0.9887754917144775,
    0.9885462522506714,
    0.9825581312179565,
    0.9702970385551453,
    0.9735234379768372,
    0.9742152690887451,
    0.9749478101730347,
    0.9698443412780762,
    0.966119110584259,
    0.9633300304412842
  ],
  "classPrecision": [
    0.977800190448761,
    0.9842105507850647,
    0.9712643623352051,
    0.9819639325141907,
    0.9715447425842285,
    0.9742152690887451,
    0.9790356159210205,
    0.9698443412780762,
    0.9781704545021057,
    0.9652432799339294
  ],
  "classes": [
    0,
    1,
    2,
    3,
    4,
    5,
    6,
    7,
    8,
    9
  ]
}