{
  "name": "model",
  "metrics": {
    "train_loss": [
      0.15990696398991544,
      0.1147295748682525,
      0.09325644091627962,
      0.07438504625050024,
      0.06296473374519657
    ],
    "train_accuracy": [
      0.9522592592592592,
      0.9669629629629629,
      0.9728518518518519,
      0.9798333333333333,
      0.9824444444444445
    ],
    "val_loss": [
      0.19616910196999285,
      0.15624486425138534,
      0.13238474964461427,
      0.11714120637229149,
      0.10733906647309344
    ],
    "val_accuracy": [
      0.942,
      0.9573333333333334,
      0.961,
      0.9675,
      0.9698333333333333
    ]
  },
  "accuracy": 0.9743,
  "confusion": [
    [
      972.0,
      1.0,
      1.0,
      0.0,
      0.0,
      1.0,
      3.0,
      1.0,
      1.0,
      0.0
    ],
    [
      0.0,
      1122.0,
      3.0,
      2.0,
      0.0,
      1.0,
      2.0,
      1.0,
      4.0,
      0.0
    ],
    [
      3.0,
      0.0,
      1008.0,
      5.0,
      3.0,
      0.0,
      2.0,
      9.0,
      2.0,
      0.0
    ],
    [
      0.0,
      0.0,
      6.0,
      988.0,
      0.0,
      2.0,
      0.0,
      6.0,
      3.0,
      5.0
    ],
    [
      2.0,
      0.0,
      2.0,
      0.0,
      949.0,
      0.0,
      5.0,
      2.0,
      1.0,
      21.0
    ],
    [
      2.0,
      0.0,
      0.0,
      5.0,
      0.0,
      877.0,
      3.0,
      1.0,
      2.0,
      2.0
    ],
    [
      3.0,
      3.0,
      0.0,
      0.0,
      5.0,
      5.0,
      942.0,
      0.0,
      0.0,
      0.0
    ],
    [
      2.0,
      7.0,
      11.0,
      1.0,
      0.0,
      0.0,
      0.0,
      1004.0,
      0.0,
      3.0
    ],
    [
      5.0,
      1.0,
      4.0,
      17.0,
      6.0,
      13.0,
      6.0,
      5.0,
      912.0,
      5.0
    ],
    [
      2.0,
      4.0,
      0.0,
      6.0,
      12.0,
      9.0,
      0.0,
      7.0,
      0.0,
      969.0
    ]
  ],
  "classRecall": [
    0.9918367266654968,
    0.9885462522506714,
    0.9767441749572754,
    0.9782178401947021,
    0.9663951396942139,
    0.9831838607788086,
    0.9832985401153564,
    0.9766536951065063,
    0.9363449811935425,
    0.9603567719459534
  ],
  "classPrecision": [
    0.9808274507522583,
    0.9859402179718018,
    0.9739130139350891,
    0.96484375,
    0.9733333587646484,
    0.965859055519104,
    0.9781931638717651,
    0.969111979007721,
    0.9859459400177002,
    0.9641790986061096
  ],
  "classes": [
    0,
    1,
    2,
    3,
    4,
    5,
    6,
    7,
    8,
    9
  ]
}