{
  "name": "model",
  "metrics": {
    "train_loss": [
      1.338768687776544,
      0.9917717643759467,
      0.760631556876681,
      0.6182028188116171,
      0.48247420508414507,
      0.41226133958182554,
      0.3127702798017047,
      0.33812321290712466,
      0.21320922204970635,
      0.1976686480074105,
      0.1843171403108334,
      0.16155578924173658
    ],
    "train_accuracy": [
      0.5179333333333334,
      0.6447777777777778,
      0.7350666666666666,
      0.7903333333333333,
      0.8353333333333334,
      0.8584222222222222,
      0.8907111111111111,
      0.8819777777777777,
      0.9340666666666667,
      0.9357777777777778,
      0.9366,
      0.9432222222222222
    ],
    "val_loss": [
      1.3582610219717026,
      1.021150527894497,
      0.8206624463200569,
      0.7212608382105827,
      0.6200861424207688,
      0.6182133302092552,
      0.5662526540458203,
      0.6069591689854861,
      0.5324257723987103,
      0.5673392459750175,
      0.6626428103423677,
      0.7018356926739215
    ],
    "val_accuracy": [
      0.5126,
      0.6342,
      0.7074,
      0.752,
      0.7782,
      0.7812,
      0.8092,
      0.7916,
      0.8196,
      0.8156,
      0.808,
      0.8152
    ]
  },
  "accuracy": 0.8122,
  "confusion": [
    [
      734.0,
      34.0,
      39.0,
      29.0,
      29.0,
      5.0,
      12.0,
      10.0,
      64.0,
      44.0
    ],
    [
      1.0,
      950.0,
      2.0,
      5.0,
      3.0,
      8.0,
      3.0,
      1.0,
      11.0,
      16.0
    ],
    [
      28.0,
      5.0,
      740.0,
      38.0,
      53.0,
      57.0,
      48.0,
      13.0,
      16.0,
      2.0
    ],
    [
      12.0,
      8.0,
      57.0,
      623.0,
      51.0,
      175.0,
      41.0,
      11.0,
      15.0,
      7.0
    ],
    [
      4.0,
      1.0,
      27.0,
      46.0,
      828.0,
      21.0,
      26.0,
      36.0,
      10.0,
      1.0
    ],
    [
      3.0,
      1.0,
      27.0,
      93.0,
      32.0,
      812.0,
      5.0,
      23.0,
      3.0,
      1.0
    ],
    [
      0.0,
      2.0,
      31.0,
      39.0,
      28.0,
      28.0,
      866.0,
      2.0,
      4.0,
      0.0
    ],
    [
      2.0,
      2.0,
      15.0,
      25.0,
      49.0,
      57.0,
      4.0,
      835.0,
      6.0,
      5.0
    ],
    [
      27.0,
      24.0,
      5.0,
      2.0,
      3.0,
      7.0,
      10.0,
      0.0,
      907.0,
      15.0
    ],
    [
      4.0,
      125.0,
      4.0,
      10.0,
      3.0,
      7.0,
      4.0,
      3.0,
      13.0,
      827.0
    ]
  ],
  "classRecall": [
    0.734000027179718,
    0.949999988079071,
    0.7400000095367432,
    0.6230000257492065,
    0.828000009059906,
    0.8119999766349792,
    0.8659999966621399,
    0.8349999785423279,
    0.9070000052452087,
    0.8270000219345093
  ],
  "classPrecision": [
    0.9006134867668152,
    0.8246527910232544,
    0.7814149856567383,
    0.6846153736114502,
    0.7673771977424622,
    0.6898895502090454,
    0.8498528003692627,
    0.8940042853355408,
    0.8646329641342163,
    0.9008714556694031
  ],
  "classes": [
    "plane",
    "car",
    "bird",
    "cat",
    "deer",
    "dog",
    "frog",
    "horse",
    "ship",
    "truck"
  ]
}