{
  "name": "model",
  "metrics": {
    "train_loss": [
      1.3855982074006037,
      1.0738894145258449,
      0.7280414361845363,
      0.5912647599523718,
      0.5674367022107948,
      0.4568071743812073,
      0.32519237125631084,
      0.3673847212710164,
      0.31779584961689333,
      0.3853265860287303,
      0.52022935627875,
      0.3902794339863414
    ],
    "train_accuracy": [
      0.4882,
      0.6277777777777778,
      0.7481111111111111,
      0.7992888888888889,
      0.8076444444444445,
      0.8403111111111111,
      0.8895555555555555,
      0.8661333333333333,
      0.8868,
      0.8618666666666667,
      0.8218222222222222,
      0.8650666666666667
    ],
    "val_loss": [
      1.3981626808643342,
      1.1141390100121498,
      0.783410606533289,
      0.6822437811642885,
      0.714346231520176,
      0.6337960824370384,
      0.5573311664164067,
      0.6467770516872406,
      0.6633132085204124,
      0.8177746772766114,
      1.0283123917877675,
      0.9509406834840775
    ],
    "val_accuracy": [
      0.4776,
      0.6124,
      0.7222,
      0.7632,
      0.7542,
      0.776,
      0.802,
      0.7826,
      0.7778,
      0.7552,
      0.7152,
      0.7454
    ]
  },
  "accuracy": 0.754,
  "confusion": [
    [
      666.0,
      7.0,
      180.0,
      10.0,
      12.0,
      4.0,
      3.0,
      6.0,
      76.0,
      36.0
    ],
    [
      5.0,
      861.0,
      28.0,
      1.0,
      1.0,
      0.0,
      6.0,
      0.0,
      33.0,
      65.0
    ],
    [
      10.0,
      0.0,
      933.0,
      8.0,
      15.0,
      11.0,
      7.0,
      9.0,
      5.0,
      2.0
    ],
    [
      2.0,
      0.0,
      267.0,
      472.0,
      25.0,
      156.0,
      30.0,
      26.0,
      13.0,
      9.0
    ],
    [
      4.0,
      1.0,
      278.0,
      29.0,
      598.0,
      28.0,
      19.0,
      40.0,
      3.0,
      0.0
    ],
    [
      7.0,
      0.0,
      226.0,
      38.0,
      19.0,
      673.0,
      7.0,
      24.0,
      4.0,
      2.0
    ],
    [
      0.0,
      0.0,
      211.0,
      30.0,
      6.0,
      8.0,
      734.0,
      7.0,
      3.0,
      1.0
    ],
    [
      7.0,
      0.0,
      118.0,
      8.0,
      22.0,
      24.0,
      3.0,
      806.0,
      4.0,
      8.0
    ],
    [
      21.0,
      5.0,
      54.0,
      5.0,
      3.0,
      2.0,
      5.0,
      0.0,
      890.0,
      15.0
    ],
    [
      12.0,
      22.0,
      16.0,
      2.0,
      2.0,
      4.0,
      1.0,
      3.0,
      31.0,
      907.0
    ]
  ],
  "classRecall": [
    0.6660000085830688,
    0.8610000014305115,
    0.9330000281333923,
    0.47200000286102295,
    0.5979999899864197,
    0.6729999780654907,
    0.734000027179718,
    0.8059999942779541,
    0.8899999856948853,
    0.9070000052452087
  ],
  "classPrecision": [
    0.9073569774627686,
    0.9609375,
    0.40372133255004883,
    0.7827529311180115,
    0.8506401181221008,
    0.7395604252815247,
    0.9006134867668152,
    0.8751357197761536,
    0.8380414247512817,
    0.8679425716400146
  ],
  "classes": [
    "plane",
    "car",
    "bird",
    "cat",
    "deer",
    "dog",
    "frog",
    "horse",
    "ship",
    "truck"
  ]
}