{
  "name": "model",
  "metrics": {
    "train_loss": [
      1.408618196506392,
      1.0881414076482707,
      0.7617286228659478,
      0.618690422566777,
      0.47198373011567374,
      0.41172551295974036,
      0.42755941733379255,
      0.46909439711916173,
      0.32685073744505644,
      0.3391926453491165,
      0.5151293298060243,
      0.4459230186925693
    ],
    "train_accuracy": [
      0.4905333333333333,
      0.6118222222222223,
      0.7301555555555556,
      0.7814666666666666,
      0.8338222222222222,
      0.8602888888888889,
      0.8531777777777778,
      0.8478222222222223,
      0.8950444444444444,
      0.8882222222222222,
      0.8703777777777778,
      0.8794444444444445
    ],
    "val_loss": [
      1.4141831040382384,
      1.1172837167978287,
      0.8324460223317146,
      0.7353439465165138,
      0.6233312629163266,
      0.5937438122928143,
      0.6852269738912582,
      0.8002172350883484,
      0.6821188151836395,
      0.8253822423517704,
      1.0890440002083779,
      1.110561965405941
    ],
    "val_accuracy": [
      0.486,
      0.601,
      0.705,
      0.7404,
      0.779,
      0.7912,
      0.7692,
      0.7638,
      0.7972,
      0.7772,
      0.7546,
      0.7538
    ]
  },
  "accuracy": 0.7502,
  "confusion": [
    [
      965.0,
      4.0,
      3.0,
      6.0,
      3.0,
      2.0,
      0.0,
      5.0,
      3.0,
      9.0
    ],
    [
      74.0,
      837.0,
      0.0,
      2.0,
      0.0,
      1.0,
      2.0,
      0.0,
      4.0,
      80.0
    ],
    [
      301.0,
      1.0,
      467.0,
      62.0,
      50.0,
      67.0,
      27.0,
      17.0,
      1.0,
      7.0
    ],
    [
      105.0,
      5.0,
      21.0,
      707.0,
      23.0,
      91.0,
      17.0,
      20.0,
      2.0,
      9.0
    ],
    [
      77.0,
      1.0,
      26.0,
      79.0,
      727.0,
      25.0,
      17.0,
      45.0,
      2.0,
      1.0
    ],
    [
      65.0,
      0.0,
      6.0,
      166.0,
      15.0,
      717.0,
      6.0,
      23.0,
      0.0,
      2.0
    ],
    [
      56.0,
      3.0,
      23.0,
      99.0,
      25.0,
      19.0,
      757.0,
      8.0,
      3.0,
      7.0
    ],
    [
      54.0,
      1.0,
      3.0,
      31.0,
      23.0,
      42.0,
      0.0,
      839.0,
      0.0,
      7.0
    ],
    [
      326.0,
      18.0,
      2.0,
      12.0,
      3.0,
      3.0,
      1.0,
      4.0,
      604.0,
      27.0
    ],
    [
      74.0,
      20.0,
      2.0,
      3.0,
      0.0,
      5.0,
      1.0,
      7.0,
      6.0,
      882.0
    ]
  ],
  "classRecall": [
    0.9649999737739563,
    0.8370000123977661,
    0.46700000762939453,
    0.7070000171661377,
    0.7269999980926514,
    0.7170000076293945,
    0.7570000290870667,
    0.8389999866485596,
    0.6039999723434448,
    0.8820000290870667
  ],
  "classPrecision": [
    0.46018120646476746,
    0.9404494166374207,
    0.8444846272468567,
    0.6058269143104553,
    0.8365938067436218,
    0.7376543283462524,
    0.9142512083053589,
    0.8667355179786682,
    0.9664000272750854,
    0.8554801344871521
  ],
  "classes": [
    "plane",
    "car",
    "bird",
    "cat",
    "deer",
    "dog",
    "frog",
    "horse",
    "ship",
    "truck"
  ]
}