{
  "name": "model",
  "metrics": {
    "train_loss": [
      1.3548619977452538,
      1.0688848807053133,
      0.7811108654872938,
      0.9643830611285839,
      0.7543254155157642,
      0.8690059068189426,
      0.5703535038469867,
      0.5690192622555927,
      0.41218259096653626,
      0.4261206977746703,
      0.23802931814200498,
      0.38260504184290767
    ],
    "train_accuracy": [
      0.5042666666666666,
      0.6180888888888889,
      0.7261111111111112,
      0.6931555555555555,
      0.7543333333333333,
      0.7542,
      0.8210888888888889,
      0.8288,
      0.8739111111111111,
      0.8733555555555556,
      0.9233333333333333,
      0.8927777777777778
    ],
    "val_loss": [
      1.3575301796197892,
      1.1001468881964684,
      0.8243003107607365,
      1.0895646423101426,
      0.9023159340023994,
      1.0767209351062774,
      0.8063118427991867,
      0.848087890446186,
      0.7936923876404762,
      0.8370565503835679,
      0.691865612566471,
      1.0111824035644532
    ],
    "val_accuracy": [
      0.4994,
      0.6044,
      0.6986,
      0.6574,
      0.7118,
      0.6996,
      0.75,
      0.748,
      0.775,
      0.7732,
      0.8072,
      0.7794
    ]
  },
  "accuracy": 0.7734,
  "confusion": [
    [
      965.0,
      2.0,
      0.0,
      11.0,
      5.0,
      0.0,
      3.0,
      1.0,
      4.0,
      9.0
    ],
    [
      25.0,
      877.0,
      1.0,
      5.0,
      2.0,
      2.0,
      5.0,
      0.0,
      11.0,
      72.0
    ],
    [
      253.0,
      1.0,
      534.0,
      38.0,
      77.0,
      21.0,
      62.0,
      10.0,
      1.0,
      3.0
    ],
    [
      86.0,
      2.0,
      32.0,
      689.0,
      33.0,
      68.0,
      67.0,
      15.0,
      2.0,
      6.0
    ],
    [
      52.0,
      0.0,
      13.0,
      42.0,
      817.0,
      10.0,
      44.0,
      20.0,
      1.0,
      1.0
    ],
    [
      42.0,
      0.0,
      28.0,
      181.0,
      40.0,
      646.0,
      22.0,
      38.0,
      0.0,
      3.0
    ],
    [
      28.0,
      1.0,
      20.0,
      32.0,
      20.0,
      4.0,
      892.0,
      2.0,
      1.0,
      0.0
    ],
    [
      40.0,
      0.0,
      16.0,
      36.0,
      55.0,
      13.0,
      4.0,
      828.0,
      2.0,
      6.0
    ],
    [
      350.0,
      11.0,
      2.0,
      10.0,
      3.0,
      1.0,
      9.0,
      0.0,
      601.0,
      13.0
    ],
    [
      58.0,
      28.0,
      3.0,
      5.0,
      2.0,
      2.0,
      6.0,
      3.0,
      8.0,
      885.0
    ]
  ],
  "classRecall": [
    0.9649999737739563,
    0.8769999742507935,
    0.5339999794960022,
    0.6890000104904175,
    0.8169999718666077,
    0.6460000276565552,
    0.8920000195503235,
    0.828000009059906,
    0.6010000109672546,
    0.8849999904632568
  ],
  "classPrecision": [
    0.5081622004508972,
    0.9511930346488953,
    0.82280433177948,
    0.6568160057067871,
    0.7751423120498657,
    0.8422424793243408,
    0.8007181286811829,
    0.9029443860054016,
    0.9524564146995544,
    0.8867735266685486
  ],
  "classes": [
    "plane",
    "car",
    "bird",
    "cat",
    "deer",
    "dog",
    "frog",
    "horse",
    "ship",
    "truck"
  ]
}