{
  "name": "model",
  "metrics": {
    "train_loss": [
      0.15639490498256345,
      0.11059221489381452,
      0.09671565742448184,
      0.07216678114863934,
      0.05933814908497
    ],
    "train_accuracy": [
      0.9532407407407407,
      0.9671851851851851,
      0.9712037037037037,
      0.9792962962962963,
      0.982462962962963
    ],
    "val_loss": [
      0.18659656225366794,
      0.14824656270285871,
      0.1430490051019699,
      0.11339167295459737,
      0.1041484800504243
    ],
    "val_accuracy": [
      0.9431666666666667,
      0.9575,
      0.9586666666666667,
      0.9663333333333334,
      0.9705
    ]
  },
  "accuracy": 0.974,
  "confusion": [
    [
      974.0,
      1.0,
      0.0,
      0.0,
      0.0,
      0.0,
      2.0,
      1.0,
      2.0,
      0.0
    ],
    [
      0.0,
      1120.0,
      1.0,
      4.0,
      0.0,
      2.0,
      2.0,
      0.0,
      6.0,
      0.0
    ],
    [
      9.0,
      1.0,
      1004.0,
      7.0,
      2.0,
      0.0,
      1.0,
      4.0,
      4.0,
      0.0
    ],
    [
      0.0,
      0.0,
      5.0,
      987.0,
      0.0,
      8.0,
      0.0,
      5.0,
      3.0,
      2.0
    ],
    [
      1.0,
      0.0,
      4.0,
      0.0,
      962.0,
      0.0,
      4.0,
      3.0,
      2.0,
      6.0
    ],
    [
      4.0,
      0.0,
      0.0,
      4.0,
      0.0,
      876.0,
      3.0,
      0.0,
      4.0,
      1.0
    ],
    [
      6.0,
      3.0,
      0.0,
      0.0,
      5.0,
      7.0,
      934.0,
      0.0,
      3.0,
      0.0
    ],
    [
      1.0,
      7.0,
      14.0,
      1.0,
      1.0,
      0.0,
      0.0,
      993.0,
      3.0,
      8.0
    ],
    [
      3.0,
      0.0,
      4.0,
      8.0,
      5.0,
      6.0,
      7.0,
      3.0,
      935.0,
      3.0
    ],
    [
      4.0,
      5.0,
      0.0,
      8.0,
      20.0,
      7.0,
      0.0,
      9.0,
      1.0,
      955.0
    ]
  ],
  "classRecall": [
    0.9938775300979614,
    0.9867841601371765,
    0.9728682041168213,
    0.9772277474403381,
    0.9796333909034729,
    0.9820627570152283,
    0.9749478101730347,
    0.9659532904624939,
    0.9599589109420776,
    0.9464816451072693
  ],
  "classPrecision": [
    0.9720559120178223,
    0.9850483536720276,
    0.9728682041168213,
    0.9685966372489929,
    0.9668341875076294,
    0.9668874144554138,
    0.9800629615783691,
    0.9754420518875122,
    0.9709241986274719,
    0.9794871807098389
  ],
  "classes": [
    0,
    1,
    2,
    3,
    4,
    5,
    6,
    7,
    8,
    9
  ]
}