{
  "name": "model",
  "metrics": {
    "train_loss": [
      1.4215643554925919,
      0.9629683880643412,
      0.7526525267484513,
      0.6278030891818079,
      0.5508846249431372,
      0.4499661206183108,
      0.36349527774886653,
      0.43040534968233923,
      0.3863863597031344,
      0.2728401458483528,
      0.22183704801665788,
      0.5194728844799101
    ],
    "train_accuracy": [
      0.48046666666666665,
      0.6566666666666666,
      0.7411111111111112,
      0.7807333333333333,
      0.8078222222222222,
      0.8402222222222222,
      0.8782666666666666,
      0.8598,
      0.8727333333333334,
      0.9127111111111111,
      0.9303333333333333,
      0.8634222222222222
    ],
    "val_loss": [
      1.4234722882509232,
      1.02180522531271,
      0.815041346848011,
      0.7334659285843372,
      0.6985640838742256,
      0.6450407736003398,
      0.6198959428817034,
      0.7521423727273941,
      0.8176738440990448,
      0.7054225467145443,
      0.724921602010727,
      1.0827358353883028
    ],
    "val_accuracy": [
      0.4782,
      0.6394,
      0.7192,
      0.7342,
      0.7586,
      0.776,
      0.794,
      0.7708,
      0.7698,
      0.7978,
      0.7998,
      0.7444
    ]
  },
  "accuracy": 0.7479,
  "confusion": [
    [
      986.0,
      1.0,
      0.0,
      4.0,
      1.0,
      0.0,
      0.0,
      0.0,
      3.0,
      5.0
    ],
    [
      68.0,
      879.0,
      0.0,
      3.0,
      1.0,
      1.0,
      2.0,
      0.0,
      8.0,
      38.0
    ],
    [
      362.0,
      4.0,
      468.0,
      58.0,
      30.0,
      36.0,
      23.0,
      10.0,
      2.0,
      7.0
    ],
    [
      141.0,
      5.0,
      11.0,
      662.0,
      19.0,
      114.0,
      27.0,
      10.0,
      5.0,
      6.0
    ],
    [
      134.0,
      1.0,
      15.0,
      60.0,
      705.0,
      29.0,
      17.0,
      33.0,
      6.0,
      0.0
    ],
    [
      54.0,
      0.0,
      19.0,
      129.0,
      16.0,
      749.0,
      7.0,
      20.0,
      2.0,
      4.0
    ],
    [
      61.0,
      5.0,
      21.0,
      69.0,
      17.0,
      12.0,
      806.0,
      2.0,
      7.0,
      0.0
    ],
    [
      131.0,
      3.0,
      4.0,
      38.0,
      29.0,
      32.0,
      3.0,
      755.0,
      1.0,
      4.0
    ],
    [
      297.0,
      9.0,
      2.0,
      3.0,
      1.0,
      1.0,
      3.0,
      0.0,
      671.0,
      13.0
    ],
    [
      138.0,
      48.0,
      1.0,
      6.0,
      0.0,
      0.0,
      1.0,
      1.0,
      7.0,
      798.0
    ]
  ],
  "classRecall": [
    0.9860000014305115,
    0.8790000081062317,
    0.46799999475479126,
    0.6620000004768372,
    0.7049999833106995,
    0.7490000128746033,
    0.8059999942779541,
    0.7549999952316284,
    0.6710000038146973,
    0.7979999780654907
  ],
  "classPrecision": [
    0.41568297147750854,
    0.9204188585281372,
    0.8650646805763245,
    0.6414728760719299,
    0.860805869102478,
    0.7689938545227051,
    0.906636655330658,
    0.9085439443588257,
    0.942415714263916,
    0.9120000004768372
  ],
  "classes": [
    "plane",
    "car",
    "bird",
    "cat",
    "deer",
    "dog",
    "frog",
    "horse",
    "ship",
    "truck"
  ]
}