{
  "name": "model",
  "metrics": {
    "train_loss": [
      0.15149105850483569,
      0.1071996063179385,
      0.07916380043949278,
      0.07243104409029204,
      0.06925386846092005
    ],
    "train_accuracy": [
      0.9563888888888888,
      0.9677222222222223,
      0.9774074074074074,
      0.9778333333333333,
      0.9798148148148148
    ],
    "val_loss": [
      0.18123509306856928,
      0.1386448266975423,
      0.11820937796158994,
      0.11319798809733797,
      0.11190411896306149
    ],
    "val_accuracy": [
      0.9471666666666667,
      0.9576666666666667,
      0.9663333333333334,
      0.9648333333333333,
      0.9678333333333333
    ]
  },
  "accuracy": 0.972,
  "confusion": [
    [
      971.0,
      0.0,
      1.0,
      1.0,
      0.0,
      1.0,
      3.0,
      2.0,
      1.0,
      0.0
    ],
    [
      0.0,
      1119.0,
      3.0,
      1.0,
      0.0,
      2.0,
      4.0,
      2.0,
      4.0,
      0.0
    ],
    [
      5.0,
      0.0,
      1014.0,
      0.0,
      3.0,
      0.0,
      2.0,
      7.0,
      1.0,
      0.0
    ],
    [
      1.0,
      0.0,
      18.0,
      963.0,
      0.0,
      15.0,
      0.0,
      8.0,
      3.0,
      2.0
    ],
    [
      1.0,
      0.0,
      3.0,
      0.0,
      962.0,
      0.0,
      4.0,
      2.0,
      0.0,
      10.0
    ],
    [
      3.0,
      0.0,
      0.0,
      3.0,
      1.0,
      868.0,
      9.0,
      2.0,
      2.0,
      4.0
    ],
    [
      5.0,
      3.0,
      1.0,
      0.0,
      5.0,
      3.0,
      940.0,
      0.0,
      1.0,
      0.0
    ],
    [
      1.0,
      5.0,
      12.0,
      1.0,
      1.0,
      0.0,
      0.0,
      999.0,
      1.0,
      8.0
    ],
    [
      6.0,
      1.0,
      20.0,
      4.0,
      6.0,
      6.0,
      4.0,
      5.0,
      917.0,
      5.0
    ],
    [
      5.0,
      2.0,
      0.0,
      5.0,
      20.0,
      1.0,
      0.0,
      9.0,
      0.0,
      967.0
    ]
  ],
  "classRecall": [
    0.9908163547515869,
    0.9859030842781067,
    0.9825581312179565,
    0.9534653425216675,
    0.9796333909034729,
    0.9730941653251648,
    0.9812108278274536,
    0.9717898964881897,
    0.941478431224823,
    0.9583746194839478
  ],
  "classPrecision": [
    0.9729458689689636,
    0.9902654886245728,
    0.9458954930305481,
    0.9846625924110413,
    0.9639278650283813,
    0.96875,
    0.9730848670005798,
    0.9642857313156128,
    0.9860215187072754,
    0.9708835482597351
  ],
  "classes": [
    0,
    1,
    2,
    3,
    4,
    5,
    6,
    7,
    8,
    9
  ]
}