{
  "name": "model",
  "metrics": {
    "train_loss": [
      1.2987032197415829,
      0.9962882518090985,
      0.6937867489389398,
      0.6255136229605838,
      0.5247172046114098,
      0.5418255208060145,
      0.5081577741286971,
      0.34162874380126595,
      0.35477560610425746,
      0.38938102850013157,
      0.24333923547105354,
      0.2886632395781238
    ],
    "train_accuracy": [
      0.5246666666666666,
      0.6367555555555555,
      0.7554444444444445,
      0.7818444444444445,
      0.8146444444444444,
      0.8147333333333333,
      0.8335111111111111,
      0.8834444444444445,
      0.8825111111111111,
      0.8725333333333334,
      0.9179555555555555,
      0.9145555555555556
    ],
    "val_loss": [
      1.3025717616081238,
      1.0494088858366013,
      0.7436239741742611,
      0.7370118522085249,
      0.6989450410008431,
      0.7621579743921757,
      0.7965527132153511,
      0.6580504663288593,
      0.6912594363093376,
      0.8253548599779605,
      0.7181028354912996,
      0.7930566637776792
    ],
    "val_accuracy": [
      0.5234,
      0.6196,
      0.7298,
      0.7368,
      0.7624,
      0.7588,
      0.7652,
      0.7966,
      0.7786,
      0.7772,
      0.7978,
      0.7888
    ]
  },
  "accuracy": 0.7835,
  "confusion": [
    [
      973.0,
      1.0,
      5.0,
      6.0,
      5.0,
      1.0,
      2.0,
      1.0,
      3.0,
      3.0
    ],
    [
      59.0,
      875.0,
      3.0,
      2.0,
      1.0,
      2.0,
      2.0,
      2.0,
      10.0,
      44.0
    ],
    [
      163.0,
      1.0,
      684.0,
      29.0,
      47.0,
      46.0,
      14.0,
      11.0,
      1.0,
      4.0
    ],
    [
      61.0,
      4.0,
      65.0,
      648.0,
      39.0,
      124.0,
      26.0,
      17.0,
      6.0,
      10.0
    ],
    [
      55.0,
      1.0,
      56.0,
      37.0,
      788.0,
      21.0,
      18.0,
      24.0,
      0.0,
      0.0
    ],
    [
      30.0,
      1.0,
      27.0,
      112.0,
      36.0,
      766.0,
      9.0,
      15.0,
      0.0,
      4.0
    ],
    [
      31.0,
      3.0,
      50.0,
      40.0,
      26.0,
      19.0,
      823.0,
      3.0,
      3.0,
      2.0
    ],
    [
      68.0,
      0.0,
      22.0,
      29.0,
      40.0,
      47.0,
      2.0,
      787.0,
      1.0,
      4.0
    ],
    [
      311.0,
      10.0,
      6.0,
      8.0,
      1.0,
      1.0,
      0.0,
      0.0,
      646.0,
      17.0
    ],
    [
      93.0,
      43.0,
      4.0,
      5.0,
      3.0,
      1.0,
      1.0,
      2.0,
      3.0,
      845.0
    ]
  ],
  "classRecall": [
    0.9729999899864197,
    0.875,
    0.6840000152587891,
    0.6480000019073486,
    0.7879999876022339,
    0.765999972820282,
    0.8230000138282776,
    0.7870000004768372,
    0.6460000276565552,
    0.8450000286102295
  ],
  "classPrecision": [
    0.5276572704315186,
    0.9318423867225647,
    0.7418655157089233,
    0.7074235677719116,
    0.7991886138916016,
    0.7451362013816833,
    0.917502760887146,
    0.9129930138587952,
    0.9598811268806458,
    0.9056805968284607
  ],
  "classes": [
    "plane",
    "car",
    "bird",
    "cat",
    "deer",
    "dog",
    "frog",
    "horse",
    "ship",
    "truck"
  ]
}