{
  "name": "model",
  "metrics": {
    "train_loss": [
      0.14415479253677396,
      0.10827760660570662,
      0.07762588546236192,
      0.0687598810504716,
      0.05774037470661492
    ],
    "train_accuracy": [
      0.956574074074074,
      0.9679074074074074,
      0.977037037037037,
      0.9797592592592592,
      0.983037037037037
    ],
    "val_loss": [
      0.17420115306022319,
      0.1394467070064646,
      0.11106776422325601,
      0.10592007181270326,
      0.09843664156629685
    ],
    "val_accuracy": [
      0.9491666666666667,
      0.9605,
      0.9675,
      0.9683333333333334,
      0.973
    ]
  },
  "accuracy": 0.973,
  "confusion": [
    [
      973.0,
      1.0,
      1.0,
      0.0,
      0.0,
      1.0,
      1.0,
      1.0,
      2.0,
      0.0
    ],
    [
      0.0,
      1125.0,
      2.0,
      2.0,
      0.0,
      1.0,
      2.0,
      1.0,
      2.0,
      0.0
    ],
    [
      5.0,
      0.0,
      1002.0,
      7.0,
      1.0,
      0.0,
      2.0,
      8.0,
      7.0,
      0.0
    ],
    [
      0.0,
      0.0,
      3.0,
      988.0,
      0.0,
      2.0,
      0.0,
      9.0,
      6.0,
      2.0
    ],
    [
      2.0,
      0.0,
      5.0,
      0.0,
      955.0,
      0.0,
      4.0,
      1.0,
      1.0,
      14.0
    ],
    [
      6.0,
      0.0,
      0.0,
      23.0,
      2.0,
      847.0,
      5.0,
      0.0,
      5.0,
      4.0
    ],
    [
      6.0,
      2.0,
      0.0,
      0.0,
      3.0,
      4.0,
      940.0,
      0.0,
      3.0,
      0.0
    ],
    [
      3.0,
      7.0,
      12.0,
      1.0,
      1.0,
      0.0,
      0.0,
      999.0,
      0.0,
      5.0
    ],
    [
      3.0,
      0.0,
      3.0,
      6.0,
      5.0,
      5.0,
      5.0,
      4.0,
      939.0,
      4.0
    ],
    [
      6.0,
      5.0,
      0.0,
      8.0,
      15.0,
      1.0,
      0.0,
      8.0,
      4.0,
      962.0
    ]
  ],
  "classRecall": [
    0.9928571581840515,
    0.9911894202232361,
    0.9709302186965942,
    0.9782178401947021,
    0.9725050926208496,
    0.9495515823364258,
    0.9812108278274536,
    0.9717898964881897,
    0.9640657305717468,
    0.9534192085266113
  ],
  "classPrecision": [
    0.9691234827041626,
    0.9868420958518982,
    0.9747081995010376,
    0.9545893669128418,
    0.9725050926208496,
    0.9837398529052734,
    0.980187714099884,
    0.9689621925354004,
    0.9690402746200562,
    0.9707366228103638
  ],
  "classes": [
    0,
    1,
    2,
    3,
    4,
    5,
    6,
    7,
    8,
    9
  ]
}