{
  "name": "model",
  "metrics": {
    "train_loss": [
      0.14719766987514157,
      0.11184986223029723,
      0.08145878407706934,
      0.07647829802742148,
      0.06373804775993583
    ],
    "train_accuracy": [
      0.9572037037037037,
      0.9673333333333334,
      0.9766481481481482,
      0.9779444444444444,
      0.9817222222222223
    ],
    "val_loss": [
      0.17623278736434084,
      0.1455432121899534,
      0.12018352873781894,
      0.12181713749119576,
      0.11371340051768943
    ],
    "val_accuracy": [
      0.9488333333333333,
      0.9576666666666667,
      0.9643333333333334,
      0.9661666666666666,
      0.9706666666666667
    ]
  },
  "accuracy": 0.9758,
  "confusion": [
    [
      974.0,
      1.0,
      0.0,
      1.0,
      0.0,
      0.0,
      0.0,
      1.0,
      3.0,
      0.0
    ],
    [
      0.0,
      1129.0,
      2.0,
      1.0,
      0.0,
      1.0,
      1.0,
      0.0,
      1.0,
      0.0
    ],
    [
      5.0,
      3.0,
      1007.0,
      2.0,
      2.0,
      0.0,
      1.0,
      9.0,
      2.0,
      1.0
    ],
    [
      0.0,
      0.0,
      9.0,
      981.0,
      0.0,
      6.0,
      0.0,
      8.0,
      3.0,
      3.0
    ],
    [
      2.0,
      4.0,
      2.0,
      0.0,
      959.0,
      0.0,
      4.0,
      2.0,
      2.0,
      7.0
    ],
    [
      3.0,
      0.0,
      0.0,
      2.0,
      1.0,
      873.0,
      4.0,
      2.0,
      3.0,
      4.0
    ],
    [
      6.0,
      3.0,
      0.0,
      0.0,
      4.0,
      5.0,
      935.0,
      0.0,
      5.0,
      0.0
    ],
    [
      1.0,
      17.0,
      7.0,
      1.0,
      0.0,
      0.0,
      0.0,
      999.0,
      0.0,
      3.0
    ],
    [
      7.0,
      3.0,
      1.0,
      3.0,
      4.0,
      2.0,
      2.0,
      5.0,
      942.0,
      5.0
    ],
    [
      5.0,
      7.0,
      0.0,
      7.0,
      14.0,
      2.0,
      0.0,
      8.0,
      7.0,
      959.0
    ]
  ],
  "classRecall": [
    0.9938775300979614,
    0.9947136640548706,
    0.9757751822471619,
    0.9712871313095093,
    0.976578414440155,
    0.9786995649337769,
    0.9759916663169861,
    0.9717898964881897,
    0.9671458005905151,
    0.9504460096359253
  ],
  "classPrecision": [
    0.9710867404937744,
    0.9674378633499146,
    0.9795719981193542,
    0.9829659461975098,
    0.9745935201644897,
    0.9820022583007812,
    0.9873284101486206,
    0.9661508798599243,
    0.9731404781341553,
    0.976578414440155
  ],
  "classes": [
    0,
    1,
    2,
    3,
    4,
    5,
    6,
    7,
    8,
    9
  ]
}