{
  "name": "model",
  "metrics": {
    "train_loss": [
      1.3911806395785375,
      0.9682352126322009,
      0.7037825680930506,
      0.5769381891428069,
      0.46763256861066277,
      0.3860562751069665,
      0.322271778375249,
      0.3332488149065863,
      0.271370871077207,
      0.23331598031588577,
      0.222854668232189,
      0.2811658561483703
    ],
    "train_accuracy": [
      0.49475555555555556,
      0.6523111111111111,
      0.7527555555555555,
      0.8003555555555556,
      0.8415111111111111,
      0.8692888888888889,
      0.8896222222222222,
      0.8826666666666667,
      0.9043333333333333,
      0.9163111111111111,
      0.9177777777777778,
      0.9000888888888889
    ],
    "val_loss": [
      1.3962875813245774,
      1.0067972034215926,
      0.7561155788600444,
      0.6821412920951844,
      0.6331102252006531,
      0.5729313634335995,
      0.5504466243088245,
      0.6334429249167443,
      0.6135367207229138,
      0.6468820035457611,
      0.7113850533962249,
      0.8948318675160408
    ],
    "val_accuracy": [
      0.491,
      0.6376,
      0.7238,
      0.7608,
      0.7802,
      0.7962,
      0.8112,
      0.7882,
      0.7974,
      0.8054,
      0.7982,
      0.774
    ]
  },
  "accuracy": 0.7763,
  "confusion": [
    [
      822.0,
      7.0,
      87.0,
      6.0,
      5.0,
      1.0,
      2.0,
      0.0,
      42.0,
      28.0
    ],
    [
      7.0,
      900.0,
      4.0,
      4.0,
      1.0,
      0.0,
      0.0,
      0.0,
      12.0,
      72.0
    ],
    [
      28.0,
      1.0,
      915.0,
      19.0,
      12.0,
      7.0,
      11.0,
      3.0,
      3.0,
      1.0
    ],
    [
      19.0,
      9.0,
      218.0,
      585.0,
      25.0,
      76.0,
      23.0,
      12.0,
      8.0,
      25.0
    ],
    [
      16.0,
      4.0,
      256.0,
      34.0,
      629.0,
      9.0,
      16.0,
      27.0,
      5.0,
      4.0
    ],
    [
      7.0,
      2.0,
      223.0,
      97.0,
      26.0,
      603.0,
      9.0,
      20.0,
      2.0,
      11.0
    ],
    [
      7.0,
      5.0,
      182.0,
      27.0,
      4.0,
      2.0,
      754.0,
      2.0,
      8.0,
      9.0
    ],
    [
      13.0,
      6.0,
      136.0,
      26.0,
      17.0,
      16.0,
      1.0,
      776.0,
      1.0,
      8.0
    ],
    [
      47.0,
      17.0,
      33.0,
      10.0,
      1.0,
      2.0,
      2.0,
      0.0,
      866.0,
      22.0
    ],
    [
      15.0,
      29.0,
      28.0,
      1.0,
      0.0,
      0.0,
      0.0,
      4.0,
      10.0,
      913.0
    ]
  ],
  "classRecall": [
    0.8220000267028809,
    0.8999999761581421,
    0.9150000214576721,
    0.5849999785423279,
    0.6290000081062317,
    0.6029999852180481,
    0.7540000081062317,
    0.7760000228881836,
    0.8659999966621399,
    0.9129999876022339
  ],
  "classPrecision": [
    0.8379204869270325,
    0.918367326259613,
    0.439481258392334,
    0.7231149673461914,
    0.8736110925674438,
    0.8421787619590759,
    0.9217603802680969,
    0.9194312691688538,
    0.9049111604690552,
    0.8353156447410583
  ],
  "classes": [
    "plane",
    "car",
    "bird",
    "cat",
    "deer",
    "dog",
    "frog",
    "horse",
    "ship",
    "truck"
  ]
}