{
  "name": "model",
  "metrics": {
    "train_loss": [
      0.14950820205124069,
      0.1077771129404411,
      0.08416829382232721,
      0.07049558505689575,
      0.058728097534133786
    ],
    "train_accuracy": [
      0.9548333333333333,
      0.9679814814814814,
      0.9761296296296297,
      0.978574074074074,
      0.9827222222222223
    ],
    "val_loss": [
      0.18146812709722113,
      0.14356099338607586,
      0.12493446695202208,
      0.1111353651640263,
      0.0983207106114702
    ],
    "val_accuracy": [
      0.9501666666666667,
      0.9571666666666667,
      0.965,
      0.966,
      0.9721666666666666
    ]
  },
  "accuracy": 0.9735,
  "confusion": [
    [
      970.0,
      1.0,
      1.0,
      0.0,
      0.0,
      3.0,
      3.0,
      1.0,
      1.0,
      0.0
    ],
    [
      0.0,
      1126.0,
      1.0,
      1.0,
      0.0,
      1.0,
      2.0,
      0.0,
      4.0,
      0.0
    ],
    [
      3.0,
      4.0,
      1011.0,
      2.0,
      1.0,
      0.0,
      0.0,
      7.0,
      4.0,
      0.0
    ],
    [
      1.0,
      0.0,
      7.0,
      989.0,
      0.0,
      5.0,
      0.0,
      6.0,
      2.0,
      0.0
    ],
    [
      1.0,
      1.0,
      5.0,
      0.0,
      952.0,
      0.0,
      6.0,
      3.0,
      2.0,
      12.0
    ],
    [
      3.0,
      0.0,
      0.0,
      11.0,
      2.0,
      864.0,
      6.0,
      0.0,
      3.0,
      3.0
    ],
    [
      6.0,
      3.0,
      0.0,
      0.0,
      5.0,
      4.0,
      936.0,
      0.0,
      4.0,
      0.0
    ],
    [
      1.0,
      10.0,
      12.0,
      2.0,
      0.0,
      0.0,
      0.0,
      997.0,
      1.0,
      5.0
    ],
    [
      2.0,
      1.0,
      3.0,
      11.0,
      4.0,
      7.0,
      5.0,
      4.0,
      934.0,
      3.0
    ],
    [
      3.0,
      6.0,
      0.0,
      13.0,
      15.0,
      3.0,
      1.0,
      9.0,
      3.0,
      956.0
    ]
  ],
  "classRecall": [
    0.9897959232330322,
    0.9920704960823059,
    0.979651153087616,
    0.9792079329490662,
    0.9694501161575317,
    0.9686098694801331,
    0.9770354628562927,
    0.9698443412780762,
    0.9589322209358215,
    0.9474727511405945
  ],
  "classPrecision": [
    0.9797979593276978,
    0.9774305820465088,
    0.9721153974533081,
    0.9611272811889648,
    0.9724208116531372,
    0.9740698933601379,
    0.9760167002677917,
    0.9707887172698975,
    0.9749478101730347,
    0.9765066504478455
  ],
  "classes": [
    0,
    1,
    2,
    3,
    4,
    5,
    6,
    7,
    8,
    9
  ]
}