{
  "name": "model",
  "metrics": {
    "train_loss": [
      1.372656000270085,
      0.9767012584277175,
      0.7621691773899577,
      0.5917231427844275,
      0.5094544896009293,
      0.39477469894865697,
      0.385854731652547,
      0.2987285240299322,
      0.3280176698992198,
      0.2242230151949281,
      0.17871741884896022,
      0.20902894301847977
    ],
    "train_accuracy": [
      0.5026,
      0.6559111111111111,
      0.7316888888888889,
      0.7973111111111111,
      0.8246444444444444,
      0.872,
      0.8720444444444444,
      0.8996222222222222,
      0.8882222222222222,
      0.9247333333333333,
      0.9390222222222222,
      0.9337111111111112
    ],
    "val_loss": [
      1.379986971616745,
      1.0108075186610221,
      0.8277201384305954,
      0.6796926863491535,
      0.6386526256799698,
      0.5760603718459606,
      0.6192543484270573,
      0.574516942165792,
      0.689434852451086,
      0.6333403967320919,
      0.6663516901433468,
      0.7153230682015419
    ],
    "val_accuracy": [
      0.5024,
      0.6364,
      0.6954,
      0.7626,
      0.7688,
      0.798,
      0.7932,
      0.8028,
      0.772,
      0.8022,
      0.8102,
      0.8
    ]
  },
  "accuracy": 0.8017,
  "confusion": [
    [
      829.0,
      67.0,
      23.0,
      17.0,
      13.0,
      2.0,
      4.0,
      9.0,
      26.0,
      10.0
    ],
    [
      0.0,
      982.0,
      1.0,
      1.0,
      2.0,
      0.0,
      1.0,
      0.0,
      2.0,
      11.0
    ],
    [
      62.0,
      18.0,
      710.0,
      34.0,
      54.0,
      36.0,
      50.0,
      27.0,
      5.0,
      4.0
    ],
    [
      10.0,
      29.0,
      44.0,
      654.0,
      57.0,
      98.0,
      54.0,
      34.0,
      10.0,
      10.0
    ],
    [
      7.0,
      7.0,
      39.0,
      32.0,
      834.0,
      14.0,
      35.0,
      29.0,
      2.0,
      1.0
    ],
    [
      3.0,
      15.0,
      34.0,
      105.0,
      46.0,
      727.0,
      17.0,
      49.0,
      2.0,
      2.0
    ],
    [
      4.0,
      12.0,
      29.0,
      39.0,
      22.0,
      9.0,
      877.0,
      4.0,
      4.0,
      0.0
    ],
    [
      6.0,
      13.0,
      12.0,
      19.0,
      44.0,
      25.0,
      2.0,
      872.0,
      3.0,
      4.0
    ],
    [
      50.0,
      104.0,
      4.0,
      6.0,
      6.0,
      1.0,
      6.0,
      5.0,
      811.0,
      7.0
    ],
    [
      10.0,
      242.0,
      2.0,
      3.0,
      2.0,
      1.0,
      5.0,
      10.0,
      4.0,
      721.0
    ]
  ],
  "classRecall": [
    0.8289999961853027,
    0.9819999933242798,
    0.7099999785423279,
    0.6539999842643738,
    0.8339999914169312,
    0.7269999980926514,
    0.8769999742507935,
    0.871999979019165,
    0.8109999895095825,
    0.7210000157356262
  ],
  "classPrecision": [
    0.8450560569763184,
    0.6595030426979065,
    0.7906458973884583,
    0.7186813354492188,
    0.7722222208976746,
    0.7962760329246521,
    0.8344433903694153,
    0.8392685055732727,
    0.9332566261291504,
    0.9363636374473572
  ],
  "classes": [
    "plane",
    "car",
    "bird",
    "cat",
    "deer",
    "dog",
    "frog",
    "horse",
    "ship",
    "truck"
  ]
}