{
  "name": "model",
  "metrics": {
    "train_loss": [
      1.3690952760252086,
      0.9737886076962406,
      0.7607975962825797,
      0.6054214598103003,
      0.528945870782164,
      0.4280692559920929,
      0.37031989951025357,
      0.3856396321207285,
      0.2968346744521775,
      0.2638227656822313,
      0.2614734393586828,
      0.43127651618454943
    ],
    "train_accuracy": [
      0.49955555555555553,
      0.6570666666666667,
      0.7350888888888889,
      0.7947777777777778,
      0.8203111111111111,
      0.8549111111111111,
      0.8705111111111111,
      0.8788888888888889,
      0.9056222222222222,
      0.9082888888888889,
      0.9237333333333333,
      0.8891111111111111
    ],
    "val_loss": [
      1.3844520777463913,
      0.9824877262115479,
      0.8129037983715535,
      0.7071450427174568,
      0.6441140651702881,
      0.601644080132246,
      0.6100314892828465,
      0.666574464738369,
      0.6350900538265705,
      0.6871739871799946,
      0.7239882247522473,
      0.9914036318659782
    ],
    "val_accuracy": [
      0.4916,
      0.6472,
      0.7046,
      0.7512,
      0.7772,
      0.787,
      0.7964,
      0.7878,
      0.7982,
      0.801,
      0.8,
      0.7668
    ]
  },
  "accuracy": 0.7637,
  "confusion": [
    [
      729.0,
      135.0,
      43.0,
      13.0,
      15.0,
      1.0,
      1.0,
      6.0,
      36.0,
      21.0
    ],
    [
      1.0,
      989.0,
      0.0,
      3.0,
      0.0,
      0.0,
      0.0,
      0.0,
      1.0,
      6.0
    ],
    [
      30.0,
      79.0,
      745.0,
      38.0,
      46.0,
      19.0,
      22.0,
      10.0,
      10.0,
      1.0
    ],
    [
      11.0,
      56.0,
      70.0,
      691.0,
      39.0,
      65.0,
      36.0,
      14.0,
      10.0,
      8.0
    ],
    [
      9.0,
      20.0,
      47.0,
      46.0,
      815.0,
      21.0,
      19.0,
      19.0,
      3.0,
      1.0
    ],
    [
      6.0,
      53.0,
      41.0,
      185.0,
      35.0,
      637.0,
      14.0,
      26.0,
      2.0,
      1.0
    ],
    [
      3.0,
      51.0,
      45.0,
      48.0,
      13.0,
      5.0,
      820.0,
      5.0,
      8.0,
      2.0
    ],
    [
      8.0,
      35.0,
      27.0,
      28.0,
      72.0,
      24.0,
      1.0,
      795.0,
      4.0,
      6.0
    ],
    [
      29.0,
      164.0,
      20.0,
      3.0,
      4.0,
      3.0,
      2.0,
      2.0,
      761.0,
      12.0
    ],
    [
      8.0,
      320.0,
      3.0,
      1.0,
      2.0,
      1.0,
      2.0,
      2.0,
      6.0,
      655.0
    ]
  ],
  "classRecall": [
    0.7289999723434448,
    0.9890000224113464,
    0.7450000047683716,
    0.6909999847412109,
    0.8149999976158142,
    0.6370000243186951,
    0.8199999928474426,
    0.7950000166893005,
    0.7609999775886536,
    0.6549999713897705
  ],
  "classPrecision": [
    0.8741007447242737,
    0.519978940486908,
    0.7156580090522766,
    0.654356062412262,
    0.7829010486602783,
    0.8208763003349304,
    0.8942202925682068,
    0.9044368863105774,
    0.9048751592636108,
    0.9186535477638245
  ],
  "classes": [
    "plane",
    "car",
    "bird",
    "cat",
    "deer",
    "dog",
    "frog",
    "horse",
    "ship",
    "truck"
  ]
}