{
  "name": "model",
  "metrics": {
    "train_loss": [
      1.2836286672814325,
      1.0206876993179321,
      0.7393960371952165,
      0.5893373728137125,
      0.5208792725408619,
      0.4201177298091352,
      0.3982606085271321,
      0.4456440439786423,
      0.4561648657968776,
      0.6376932949166406,
      0.3053546413482929,
      0.23329700597307898
    ],
    "train_accuracy": [
      0.5264222222222222,
      0.6337777777777778,
      0.7438444444444444,
      0.7953111111111111,
      0.8216222222222223,
      0.8552444444444445,
      0.8618888888888889,
      0.8587777777777778,
      0.8632444444444445,
      0.8342222222222222,
      0.9146666666666666,
      0.9256
    ],
    "val_loss": [
      1.2922014430165292,
      1.0654871478676795,
      0.7862354703247547,
      0.6636794812977314,
      0.6820605345070362,
      0.598717687278986,
      0.6354512214660645,
      0.7613698355853558,
      0.8094582907855511,
      1.0422459468245506,
      0.7819351091980934,
      0.759580397605896
    ],
    "val_accuracy": [
      0.5256,
      0.6314,
      0.7242,
      0.7662,
      0.779,
      0.7932,
      0.795,
      0.774,
      0.7756,
      0.741,
      0.7978,
      0.8002
    ]
  },
  "accuracy": 0.7969,
  "confusion": [
    [
      796.0,
      50.0,
      46.0,
      29.0,
      12.0,
      9.0,
      4.0,
      15.0,
      25.0,
      14.0
    ],
    [
      2.0,
      974.0,
      3.0,
      6.0,
      1.0,
      1.0,
      1.0,
      2.0,
      2.0,
      8.0
    ],
    [
      35.0,
      6.0,
      733.0,
      64.0,
      53.0,
      58.0,
      27.0,
      17.0,
      7.0,
      0.0
    ],
    [
      8.0,
      10.0,
      45.0,
      735.0,
      30.0,
      126.0,
      24.0,
      14.0,
      5.0,
      3.0
    ],
    [
      6.0,
      3.0,
      29.0,
      78.0,
      805.0,
      35.0,
      11.0,
      30.0,
      3.0,
      0.0
    ],
    [
      4.0,
      6.0,
      20.0,
      158.0,
      24.0,
      766.0,
      6.0,
      15.0,
      1.0,
      0.0
    ],
    [
      4.0,
      6.0,
      41.0,
      76.0,
      20.0,
      26.0,
      823.0,
      2.0,
      2.0,
      0.0
    ],
    [
      5.0,
      3.0,
      16.0,
      51.0,
      35.0,
      45.0,
      1.0,
      840.0,
      3.0,
      1.0
    ],
    [
      50.0,
      96.0,
      12.0,
      20.0,
      2.0,
      7.0,
      1.0,
      8.0,
      788.0,
      16.0
    ],
    [
      4.0,
      235.0,
      8.0,
      23.0,
      5.0,
      1.0,
      0.0,
      10.0,
      5.0,
      709.0
    ]
  ],
  "classRecall": [
    0.7960000038146973,
    0.9739999771118164,
    0.7329999804496765,
    0.7350000143051147,
    0.8050000071525574,
    0.765999972820282,
    0.8230000138282776,
    0.8399999737739563,
    0.7879999876022339,
    0.7089999914169312
  ],
  "classPrecision": [
    0.8708971738815308,
    0.7012239098548889,
    0.7691500782966614,
    0.5927419066429138,
    0.8156028389930725,
    0.7132216095924377,
    0.916481077671051,
    0.8814270496368408,
    0.9369797706604004,
    0.9440745711326599
  ],
  "classes": [
    "plane",
    "car",
    "bird",
    "cat",
    "deer",
    "dog",
    "frog",
    "horse",
    "ship",
    "truck"
  ]
}