{
  "name": "model",
  "metrics": {
    "train_loss": [
      0.15037999027607282,
      0.11055408959316698,
      0.08210035506635904,
      0.07042356857023603,
      0.069853704550714
    ],
    "train_accuracy": [
      0.9560925925925926,
      0.967462962962963,
      0.9757777777777777,
      0.9797222222222223,
      0.9803148148148149
    ],
    "val_loss": [
      0.18489448726177216,
      0.14699794684952877,
      0.11533988643675408,
      0.11049734848610898,
      0.11437199379693955
    ],
    "val_accuracy": [
      0.9466666666666667,
      0.9578333333333333,
      0.9666666666666667,
      0.9701666666666666,
      0.9676666666666667
    ]
  },
  "accuracy": 0.9744,
  "confusion": [
    [
      970.0,
      1.0,
      3.0,
      1.0,
      0.0,
      0.0,
      2.0,
      1.0,
      1.0,
      1.0
    ],
    [
      0.0,
      1126.0,
      3.0,
      1.0,
      0.0,
      0.0,
      1.0,
      1.0,
      3.0,
      0.0
    ],
    [
      3.0,
      1.0,
      1018.0,
      2.0,
      2.0,
      0.0,
      2.0,
      4.0,
      0.0,
      0.0
    ],
    [
      2.0,
      0.0,
      14.0,
      974.0,
      0.0,
      5.0,
      0.0,
      7.0,
      3.0,
      5.0
    ],
    [
      1.0,
      0.0,
      5.0,
      0.0,
      948.0,
      0.0,
      5.0,
      2.0,
      0.0,
      21.0
    ],
    [
      3.0,
      1.0,
      0.0,
      5.0,
      0.0,
      871.0,
      5.0,
      1.0,
      2.0,
      4.0
    ],
    [
      6.0,
      4.0,
      0.0,
      1.0,
      3.0,
      7.0,
      935.0,
      0.0,
      2.0,
      0.0
    ],
    [
      1.0,
      10.0,
      14.0,
      1.0,
      0.0,
      0.0,
      0.0,
      997.0,
      1.0,
      4.0
    ],
    [
      3.0,
      2.0,
      9.0,
      8.0,
      5.0,
      5.0,
      6.0,
      2.0,
      930.0,
      4.0
    ],
    [
      3.0,
      6.0,
      0.0,
      4.0,
      7.0,
      3.0,
      0.0,
      9.0,
      2.0,
      975.0
    ]
  ],
  "classRecall": [
    0.9897959232330322,
    0.9920704960823059,
    0.9864341020584106,
    0.9643564224243164,
    0.9653767943382263,
    0.976457417011261,
    0.9759916663169861,
    0.9698443412780762,
    0.9548254609107971,
    0.966303288936615
  ],
  "classPrecision": [
    0.9778226017951965,
    0.9782797694206238,
    0.9549718499183655,
    0.9769307971000671,
    0.9823834300041199,
    0.9775533080101013,
    0.9780334830284119,
    0.9736328125,
    0.9851694703102112,
    0.9615384340286255
  ],
  "classes": [
    0,
    1,
    2,
    3,
    4,
    5,
    6,
    7,
    8,
    9
  ]
}