{
  "name": "model",
  "metrics": {
    "train_loss": [
      0.14781335846331164,
      0.10491304708229846,
      0.083509752180392,
      0.0801794240383599,
      0.06303471869069606
    ],
    "train_accuracy": [
      0.9555370370370371,
      0.9696296296296296,
      0.9754074074074074,
      0.976574074074074,
      0.9818888888888889
    ],
    "val_loss": [
      0.18052102340028642,
      0.14620102315824082,
      0.12437780391662678,
      0.12360093924910465,
      0.10476284426577548
    ],
    "val_accuracy": [
      0.9471666666666667,
      0.9576666666666667,
      0.9661666666666666,
      0.9656666666666667,
      0.9696666666666667
    ]
  },
  "accuracy": 0.9743,
  "confusion": [
    [
      971.0,
      1.0,
      2.0,
      0.0,
      0.0,
      1.0,
      3.0,
      1.0,
      1.0,
      0.0
    ],
    [
      0.0,
      1122.0,
      3.0,
      2.0,
      0.0,
      1.0,
      5.0,
      1.0,
      1.0,
      0.0
    ],
    [
      3.0,
      1.0,
      1010.0,
      4.0,
      2.0,
      0.0,
      3.0,
      5.0,
      4.0,
      0.0
    ],
    [
      0.0,
      0.0,
      7.0,
      981.0,
      0.0,
      9.0,
      0.0,
      5.0,
      5.0,
      3.0
    ],
    [
      2.0,
      1.0,
      4.0,
      0.0,
      960.0,
      0.0,
      7.0,
      3.0,
      1.0,
      4.0
    ],
    [
      2.0,
      0.0,
      0.0,
      5.0,
      1.0,
      875.0,
      4.0,
      1.0,
      2.0,
      2.0
    ],
    [
      4.0,
      2.0,
      0.0,
      0.0,
      5.0,
      7.0,
      939.0,
      0.0,
      1.0,
      0.0
    ],
    [
      2.0,
      10.0,
      15.0,
      1.0,
      0.0,
      1.0,
      0.0,
      996.0,
      1.0,
      2.0
    ],
    [
      3.0,
      2.0,
      2.0,
      6.0,
      4.0,
      6.0,
      7.0,
      3.0,
      936.0,
      5.0
    ],
    [
      5.0,
      7.0,
      1.0,
      4.0,
      15.0,
      10.0,
      0.0,
      11.0,
      3.0,
      953.0
    ]
  ],
  "classRecall": [
    0.9908163547515869,
    0.9885462522506714,
    0.9786821603775024,
    0.9712871313095093,
    0.9775967597961426,
    0.9809417128562927,
    0.980167031288147,
    0.9688715934753418,
    0.9609856009483337,
    0.9444994926452637
  ],
  "classPrecision": [
    0.9788306355476379,
    0.9790576100349426,
    0.967432975769043,
    0.9780657887458801,
    0.9726443886756897,
    0.9615384340286255,
    0.9700413346290588,
    0.9707602262496948,
    0.9801046848297119,
    0.983488142490387
  ],
  "classes": [
    0,
    1,
    2,
    3,
    4,
    5,
    6,
    7,
    8,
    9
  ]
}