{
  "name": "model",
  "metrics": {
    "train_loss": [
      0.15527409812991652,
      0.10477440897375345,
      0.08486444941364335,
      0.07254798752719192,
      0.061463922235708665
    ],
    "train_accuracy": [
      0.9530555555555555,
      0.969037037037037,
      0.9747777777777777,
      0.9792407407407407,
      0.9826296296296296
    ],
    "val_loss": [
      0.1832764636962972,
      0.13232636530982686,
      0.12179368266716917,
      0.10787886614970704,
      0.10326772508151988
    ],
    "val_accuracy": [
      0.944,
      0.9603333333333334,
      0.9645,
      0.9706666666666667,
      0.9711666666666666
    ]
  },
  "accuracy": 0.9733,
  "confusion": [
    [
      973.0,
      0.0,
      1.0,
      0.0,
      0.0,
      1.0,
      1.0,
      1.0,
      3.0,
      0.0
    ],
    [
      0.0,
      1124.0,
      2.0,
      4.0,
      0.0,
      1.0,
      2.0,
      0.0,
      2.0,
      0.0
    ],
    [
      8.0,
      3.0,
      996.0,
      2.0,
      2.0,
      0.0,
      0.0,
      11.0,
      10.0,
      0.0
    ],
    [
      1.0,
      0.0,
      5.0,
      992.0,
      0.0,
      0.0,
      0.0,
      5.0,
      3.0,
      4.0
    ],
    [
      2.0,
      0.0,
      3.0,
      0.0,
      956.0,
      0.0,
      5.0,
      1.0,
      1.0,
      14.0
    ],
    [
      3.0,
      0.0,
      0.0,
      13.0,
      2.0,
      860.0,
      5.0,
      1.0,
      4.0,
      4.0
    ],
    [
      7.0,
      3.0,
      0.0,
      0.0,
      6.0,
      3.0,
      934.0,
      0.0,
      5.0,
      0.0
    ],
    [
      1.0,
      8.0,
      11.0,
      6.0,
      0.0,
      0.0,
      0.0,
      990.0,
      1.0,
      11.0
    ],
    [
      5.0,
      0.0,
      2.0,
      5.0,
      5.0,
      5.0,
      0.0,
      3.0,
      939.0,
      10.0
    ],
    [
      7.0,
      5.0,
      0.0,
      7.0,
      12.0,
      1.0,
      0.0,
      6.0,
      2.0,
      969.0
    ]
  ],
  "classRecall": [
    0.9928571581840515,
    0.9903083443641663,
    0.9651162624359131,
    0.9821782112121582,
    0.9735234379768372,
    0.9641255736351013,
    0.9749478101730347,
    0.9630350470542908,
    0.9640657305717468,
    0.9603567719459534
  ],
  "classPrecision": [
    0.9662363529205322,
    0.9833770990371704,
    0.9764705896377563,
    0.9640427827835083,
    0.9725330471992493,
    0.9873708486557007,
    0.9862724542617798,
    0.9724950790405273,
    0.9680412411689758,
    0.9575098752975464
  ],
  "classes": [
    0,
    1,
    2,
    3,
    4,
    5,
    6,
    7,
    8,
    9
  ]
}