{
  "name": "model",
  "metrics": {
    "train_loss": [
      0.6988518793859753,
      1.3047681535589752,
      1.6966444711549586,
      2.46695070300622,
      2.0889885001837927
    ],
    "train_accuracy": [
      0.7280185185185185,
      0.5943148148148149,
      0.5077962962962963,
      0.38362962962962965,
      0.49483333333333335
    ],
    "val_loss": [
      0.7097387865502783,
      1.3285573048794523,
      1.7369718906727243,
      2.502658930230648,
      2.135727030165652
    ],
    "val_accuracy": [
      0.7366666666666667,
      0.6023333333333334,
      0.5026666666666667,
      0.38283333333333336,
      0.4905
    ]
  },
  "accuracy": 0.5013,
  "confusion": [
    [
      980.0,
      0.0,
      0.0,
      0.0,
      0.0,
      0.0,
      0.0,
      0.0,
      0.0,
      0.0
    ],
    [
      6.0,
      1123.0,
      0.0,
      5.0,
      0.0,
      0.0,
      0.0,
      1.0,
      0.0,
      0.0
    ],
    [
      910.0,
      3.0,
      110.0,
      1.0,
      0.0,
      0.0,
      0.0,
      7.0,
      1.0,
      0.0
    ],
    [
      40.0,
      0.0,
      0.0,
      964.0,
      0.0,
      0.0,
      0.0,
      6.0,
      0.0,
      0.0
    ],
    [
      381.0,
      0.0,
      0.0,
      0.0,
      599.0,
      0.0,
      0.0,
      1.0,
      0.0,
      1.0
    ],
    [
      786.0,
      0.0,
      0.0,
      22.0,
      0.0,
      84.0,
      0.0,
      0.0,
      0.0,
      0.0
    ],
    [
      954.0,
      3.0,
      0.0,
      0.0,
      1.0,
      0.0,
      0.0,
      0.0,
      0.0,
      0.0
    ],
    [
      169.0,
      5.0,
      0.0,
      0.0,
      0.0,
      0.0,
      0.0,
      854.0,
      0.0,
      0.0
    ],
    [
      813.0,
      0.0,
      0.0,
      0.0,
      1.0,
      0.0,
      0.0,
      3.0,
      157.0,
      0.0
    ],
    [
      854.0,
      3.0,
      0.0,
      5.0,
      3.0,
      0.0,
      0.0,
      2.0,
      0.0,
      142.0
    ]
  ],
  "classRecall": [
    1.0,
    0.9894273281097412,
    0.10658914595842361,
    0.9544554352760315,
    0.6099796295166016,
    0.09417040646076202,
    0.0,
    0.8307393193244934,
    0.1611909717321396,
    0.14073340594768524
  ],
  "classPrecision": [
    0.1662990003824234,
    0.9876868724822998,
    1.0,
    0.9669007062911987,
    0.9917218685150146,
    1.0,
    NaN,
    0.9771167039871216,
    0.9936708807945251,
    0.9930070042610168
  ],
  "classes": [
    0,
    1,
    2,
    3,
    4,
    5,
    6,
    7,
    8,
    9
  ]
}