{
  "name": "model",
  "metrics": {
    "train_loss": [
      0.15715552286478862,
      0.1129407985312467,
      0.0831995420113771,
      0.06915566826821856,
      0.06553744435116154
    ],
    "train_accuracy": [
      0.953,
      0.9680740740740741,
      0.9750740740740741,
      0.9797962962962963,
      0.981537037037037
    ],
    "val_loss": [
      0.18712808461265362,
      0.14205595208926403,
      0.11814663210447798,
      0.10657869422055305,
      0.10314359682354521
    ],
    "val_accuracy": [
      0.945,
      0.96,
      0.9668333333333333,
      0.969,
      0.972
    ]
  },
  "accuracy": 0.9737,
  "confusion": [
    [
      973.0,
      0.0,
      0.0,
      0.0,
      0.0,
      0.0,
      1.0,
      1.0,
      4.0,
      1.0
    ],
    [
      0.0,
      1119.0,
      2.0,
      2.0,
      0.0,
      2.0,
      3.0,
      1.0,
      6.0,
      0.0
    ],
    [
      9.0,
      0.0,
      1000.0,
      2.0,
      3.0,
      1.0,
      2.0,
      10.0,
      5.0,
      0.0
    ],
    [
      0.0,
      0.0,
      6.0,
      981.0,
      0.0,
      10.0,
      0.0,
      7.0,
      4.0,
      2.0
    ],
    [
      2.0,
      0.0,
      3.0,
      0.0,
      955.0,
      0.0,
      4.0,
      1.0,
      3.0,
      14.0
    ],
    [
      7.0,
      1.0,
      0.0,
      4.0,
      1.0,
      867.0,
      4.0,
      1.0,
      5.0,
      2.0
    ],
    [
      9.0,
      2.0,
      0.0,
      0.0,
      7.0,
      4.0,
      934.0,
      0.0,
      2.0,
      0.0
    ],
    [
      2.0,
      3.0,
      11.0,
      2.0,
      0.0,
      0.0,
      0.0,
      1007.0,
      1.0,
      2.0
    ],
    [
      5.0,
      0.0,
      2.0,
      4.0,
      5.0,
      3.0,
      4.0,
      5.0,
      941.0,
      5.0
    ],
    [
      5.0,
      4.0,
      0.0,
      4.0,
      13.0,
      3.0,
      0.0,
      17.0,
      3.0,
      960.0
    ]
  ],
  "classRecall": [
    0.9928571581840515,
    0.9859030842781067,
    0.9689922332763672,
    0.9712871313095093,
    0.9725050926208496,
    0.9719731211662292,
    0.9749478101730347,
    0.9795719981193542,
    0.966119110584259,
    0.9514370560646057
  ],
  "classPrecision": [
    0.9614624381065369,
    0.9911426305770874,
    0.9765625,
    0.9819819927215576,
    0.9705284833908081,
    0.9741572737693787,
    0.9810924530029297,
    0.9590476155281067,
    0.966119110584259,
    0.9736308455467224
  ],
  "classes": [
    0,
    1,
    2,
    3,
    4,
    5,
    6,
    7,
    8,
    9
  ]
}