{
  "name": "model",
  "metrics": {
    "train_loss": [
      3.77075527405197,
      4.305136316201904,
      3.3787286918271673,
      3.667821926149455,
      4.3791687590154735,
      4.672546378590844,
      4.5182416879317975,
      5.075222419066862,
      5.432570366019553,
      9.753443186933344,
      7.800710023804144,
      7.796801063147458
    ],
    "train_accuracy": [
      0.19844444444444445,
      0.1900888888888889,
      0.2942666666666667,
      0.3375111111111111,
      0.39684444444444444,
      0.33353333333333335,
      0.39973333333333333,
      0.4168,
      0.33673333333333333,
      0.22557777777777777,
      0.3623111111111111,
      0.38453333333333334
    ],
    "val_loss": [
      3.8852369487285614,
      4.427480161190033,
      3.4800058364868165,
      3.866531991958618,
      4.631025439500808,
      5.157919454574585,
      5.0486336886882786,
      5.633472102880478,
      6.187475073337555,
      10.487354063987732,
      8.666732585430145,
      8.853264462947845
    ],
    "val_accuracy": [
      0.1942,
      0.1868,
      0.2908,
      0.323,
      0.3722,
      0.3002,
      0.3654,
      0.3742,
      0.3076,
      0.2108,
      0.317,
      0.335
    ]
  },
  "accuracy": 0.3343,
  "confusion": [
    [
      1000.0,
      0.0,
      0.0,
      0.0,
      0.0,
      0.0,
      0.0,
      0.0,
      0.0,
      0.0
    ],
    [
      865.0,
      134.0,
      0.0,
      0.0,
      0.0,
      0.0,
      1.0,
      0.0,
      0.0,
      0.0
    ],
    [
      849.0,
      0.0,
      114.0,
      12.0,
      6.0,
      11.0,
      8.0,
      0.0,
      0.0,
      0.0
    ],
    [
      640.0,
      0.0,
      5.0,
      282.0,
      4.0,
      41.0,
      26.0,
      2.0,
      0.0,
      0.0
    ],
    [
      605.0,
      0.0,
      8.0,
      25.0,
      329.0,
      12.0,
      19.0,
      2.0,
      0.0,
      0.0
    ],
    [
      483.0,
      0.0,
      5.0,
      42.0,
      4.0,
      462.0,
      3.0,
      1.0,
      0.0,
      0.0
    ],
    [
      306.0,
      0.0,
      4.0,
      17.0,
      3.0,
      5.0,
      665.0,
      0.0,
      0.0,
      0.0
    ],
    [
      660.0,
      0.0,
      1.0,
      8.0,
      4.0,
      22.0,
      1.0,
      304.0,
      0.0,
      0.0
    ],
    [
      965.0,
      0.0,
      0.0,
      1.0,
      0.0,
      0.0,
      0.0,
      1.0,
      33.0,
      0.0
    ],
    [
      980.0,
      0.0,
      0.0,
      0.0,
      0.0,
      0.0,
      0.0,
      0.0,
      0.0,
      20.0
    ]
  ],
  "classRecall": [
    1.0,
    0.1340000033378601,
    0.11400000005960464,
    0.28200000524520874,
    0.32899999618530273,
    0.4620000123977661,
    0.6650000214576721,
    0.30399999022483826,
    0.032999999821186066,
    0.019999999552965164
  ],
  "classPrecision": [
    0.1359989047050476,
    1.0,
    0.8321167826652527,
    0.7286821603775024,
    0.9399999976158142,
    0.8354430198669434,
    0.9197787046432495,
    0.9806451797485352,
    1.0,
    1.0
  ],
  "classes": [
    "plane",
    "car",
    "bird",
    "cat",
    "deer",
    "dog",
    "frog",
    "horse",
    "ship",
    "truck"
  ]
}