{
  "name": "model",
  "metrics": {
    "train_loss": [
      0.351595593360363,
      0.45230147800456855,
      1.0573378301344776,
      1.6549610484267863,
      2.188911646463295
    ],
    "train_accuracy": [
      0.8879259259259259,
      0.8254444444444444,
      0.6769259259259259,
      0.6066481481481482,
      0.5973888888888889
    ],
    "val_loss": [
      0.3724136660073666,
      0.4741076814367416,
      1.0621241851055876,
      1.6592184457373111,
      2.1794487085748226
    ],
    "val_accuracy": [
      0.8805,
      0.8226666666666667,
      0.6806666666666666,
      0.6101666666666666,
      0.6013333333333334
    ]
  },
  "accuracy": 0.6008,
  "confusion": [
    [
      980.0,
      0.0,
      0.0,
      0.0,
      0.0,
      0.0,
      0.0,
      0.0,
      0.0,
      0.0
    ],
    [
      9.0,
      1121.0,
      1.0,
      2.0,
      0.0,
      0.0,
      0.0,
      0.0,
      2.0,
      0.0
    ],
    [
      1028.0,
      2.0,
      0.0,
      0.0,
      0.0,
      0.0,
      0.0,
      0.0,
      2.0,
      0.0
    ],
    [
      94.0,
      0.0,
      0.0,
      906.0,
      0.0,
      6.0,
      0.0,
      0.0,
      2.0,
      2.0
    ],
    [
      66.0,
      0.0,
      0.0,
      0.0,
      902.0,
      0.0,
      0.0,
      0.0,
      0.0,
      14.0
    ],
    [
      450.0,
      0.0,
      0.0,
      0.0,
      0.0,
      439.0,
      0.0,
      0.0,
      0.0,
      3.0
    ],
    [
      955.0,
      2.0,
      0.0,
      0.0,
      1.0,
      0.0,
      0.0,
      0.0,
      0.0,
      0.0
    ],
    [
      1012.0,
      5.0,
      0.0,
      0.0,
      0.0,
      0.0,
      0.0,
      7.0,
      0.0,
      4.0
    ],
    [
      256.0,
      0.0,
      0.0,
      1.0,
      3.0,
      0.0,
      0.0,
      0.0,
      709.0,
      5.0
    ],
    [
      48.0,
      2.0,
      0.0,
      2.0,
      13.0,
      0.0,
      0.0,
      0.0,
      0.0,
      944.0
    ]
  ],
  "classRecall": [
    1.0,
    0.9876651763916016,
    0.0,
    0.89702969789505,
    0.9185336232185364,
    0.49215245246887207,
    0.0,
    0.006809338461607695,
    0.7279260754585266,
    0.935579776763916
  ],
  "classPrecision": [
    0.20008166134357452,
    0.9902827143669128,
    0.0,
    0.9945115447044373,
    0.9815016388893127,
    0.9865168333053589,
    NaN,
    1.0,
    0.9916083812713623,
    0.9711934328079224
  ],
  "classes": [
    0,
    1,
    2,
    3,
    4,
    5,
    6,
    7,
    8,
    9
  ]
}