{
  "name": "model",
  "metrics": {
    "train_loss": [
      0.8693381012615999,
      1.8344085891664876,
      2.6681083491628206,
      4.09747264622512,
      4.798107302584354
    ],
    "train_accuracy": [
      0.6509074074074074,
      0.45666666666666667,
      0.4672777777777778,
      0.3495,
      0.29635185185185187
    ],
    "val_loss": [
      0.8846025783964928,
      1.8377804527891444,
      2.676737425175119,
      4.128914330868011,
      4.811844698926236
    ],
    "val_accuracy": [
      0.6501666666666667,
      0.45966666666666667,
      0.4691666666666667,
      0.3475,
      0.2955
    ]
  },
  "accuracy": 0.2892,
  "confusion": [
    [
      980.0,
      0.0,
      0.0,
      0.0,
      0.0,
      0.0,
      0.0,
      0.0,
      0.0,
      0.0
    ],
    [
      16.0,
      1118.0,
      0.0,
      1.0,
      0.0,
      0.0,
      0.0,
      0.0,
      0.0,
      0.0
    ],
    [
      1031.0,
      0.0,
      0.0,
      0.0,
      0.0,
      0.0,
      0.0,
      1.0,
      0.0,
      0.0
    ],
    [
      373.0,
      0.0,
      0.0,
      637.0,
      0.0,
      0.0,
      0.0,
      0.0,
      0.0,
      0.0
    ],
    [
      944.0,
      2.0,
      0.0,
      0.0,
      36.0,
      0.0,
      0.0,
      0.0,
      0.0,
      0.0
    ],
    [
      886.0,
      0.0,
      0.0,
      1.0,
      0.0,
      5.0,
      0.0,
      0.0,
      0.0,
      0.0
    ],
    [
      956.0,
      2.0,
      0.0,
      0.0,
      0.0,
      0.0,
      0.0,
      0.0,
      0.0,
      0.0
    ],
    [
      935.0,
      2.0,
      0.0,
      1.0,
      0.0,
      0.0,
      0.0,
      90.0,
      0.0,
      0.0
    ],
    [
      970.0,
      2.0,
      0.0,
      0.0,
      0.0,
      0.0,
      0.0,
      1.0,
      1.0,
      0.0
    ],
    [
      978.0,
      5.0,
      0.0,
      0.0,
      1.0,
      0.0,
      0.0,
      0.0,
      0.0,
      25.0
    ]
  ],
  "classRecall": [
    1.0,
    0.9850220084190369,
    0.0,
    0.6306930780410767,
    0.03665987774729729,
    0.005605380982160568,
    0.0,
    0.0875486359000206,
    0.0010266940807923675,
    0.02477700635790825
  ],
  "classPrecision": [
    0.12145247310400009,
    0.9885057210922241,
    NaN,
    0.995312511920929,
    0.9729729890823364,
    1.0,
    NaN,
    0.97826087474823,
    1.0,
    1.0
  ],
  "classes": [
    0,
    1,
    2,
    3,
    4,
    5,
    6,
    7,
    8,
    9
  ]
}