{
  "name": "model",
  "metrics": {
    "train_loss": [
      3.7709778513420713,
      5.276838435368105,
      3.9664229371330957,
      4.842626392164013,
      4.787967864085328,
      6.139617066491734,
      3.8865951787341726,
      4.3485169072042815,
      6.06658074259758,
      4.574044839225032,
      6.740859259258617,
      8.8622738041661
    ],
    "train_accuracy": [
      0.2956888888888889,
      0.18324444444444443,
      0.338,
      0.3073111111111111,
      0.30004444444444445,
      0.31837777777777776,
      0.4284,
      0.43273333333333336,
      0.3408,
      0.4652222222222222,
      0.4429777777777778,
      0.35
    ],
    "val_loss": [
      3.80506546497345,
      5.333742201328278,
      4.005783665180206,
      5.011629784107209,
      5.0117762088775635,
      6.379282760620117,
      4.177468323707581,
      4.75934516787529,
      6.54467898607254,
      5.246195042133332,
      7.390402233600616,
      9.69981849193573
    ],
    "val_accuracy": [
      0.3004,
      0.1874,
      0.3352,
      0.2974,
      0.2906,
      0.304,
      0.393,
      0.4022,
      0.3044,
      0.4172,
      0.3904,
      0.3186
    ]
  },
  "accuracy": 0.3144,
  "confusion": [
    [
      1000.0,
      0.0,
      0.0,
      0.0,
      0.0,
      0.0,
      0.0,
      0.0,
      0.0,
      0.0
    ],
    [
      757.0,
      238.0,
      0.0,
      1.0,
      1.0,
      0.0,
      0.0,
      0.0,
      0.0,
      3.0
    ],
    [
      892.0,
      0.0,
      69.0,
      9.0,
      7.0,
      4.0,
      16.0,
      1.0,
      1.0,
      1.0
    ],
    [
      696.0,
      0.0,
      7.0,
      250.0,
      8.0,
      16.0,
      20.0,
      3.0,
      0.0,
      0.0
    ],
    [
      555.0,
      1.0,
      2.0,
      14.0,
      411.0,
      3.0,
      11.0,
      3.0,
      0.0,
      0.0
    ],
    [
      723.0,
      0.0,
      2.0,
      30.0,
      17.0,
      222.0,
      3.0,
      3.0,
      0.0,
      0.0
    ],
    [
      413.0,
      0.0,
      4.0,
      11.0,
      12.0,
      0.0,
      559.0,
      0.0,
      1.0,
      0.0
    ],
    [
      744.0,
      1.0,
      1.0,
      3.0,
      16.0,
      3.0,
      1.0,
      231.0,
      0.0,
      0.0
    ],
    [
      993.0,
      0.0,
      0.0,
      0.0,
      0.0,
      0.0,
      0.0,
      0.0,
      7.0,
      0.0
    ],
    [
      839.0,
      4.0,
      0.0,
      0.0,
      0.0,
      0.0,
      0.0,
      0.0,
      0.0,
      157.0
    ]
  ],
  "classRecall": [
    1.0,
    0.23800000548362732,
    0.0689999982714653,
    0.25,
    0.41100001335144043,
    0.22200000286102295,
    0.5590000152587891,
    0.23100000619888306,
    0.007000000216066837,
    0.15700000524520874
  ],
  "classPrecision": [
    0.13137151300907135,
    0.9754098653793335,
    0.8117647171020508,
    0.7861635088920593,
    0.8707627058029175,
    0.8951612710952759,
    0.9163934588432312,
    0.9585062265396118,
    0.7777777910232544,
    0.9751552939414978
  ],
  "classes": [
    "plane",
    "car",
    "bird",
    "cat",
    "deer",
    "dog",
    "frog",
    "horse",
    "ship",
    "truck"
  ]
}