{
  "name": "model",
  "metrics": {
    "train_loss": [
      0.16001375725766495,
      0.10634299123138896,
      0.08426940547946787,
      0.07887426274497573,
      0.059955301257600714
    ],
    "train_accuracy": [
      0.9542962962962963,
      0.9696296296296296,
      0.9762592592592593,
      0.9771851851851852,
      0.9825925925925926
    ],
    "val_loss": [
      0.18413616320554246,
      0.1422111507742963,
      0.12007248044965114,
      0.13276427754379333,
      0.10020567143851138
    ],
    "val_accuracy": [
      0.9496666666666667,
      0.9611666666666666,
      0.9653333333333334,
      0.9628333333333333,
      0.9711666666666666
    ]
  },
  "accuracy": 0.9763,
  "confusion": [
    [
      974.0,
      0.0,
      0.0,
      0.0,
      0.0,
      1.0,
      1.0,
      1.0,
      2.0,
      1.0
    ],
    [
      0.0,
      1125.0,
      2.0,
      2.0,
      0.0,
      3.0,
      1.0,
      0.0,
      2.0,
      0.0
    ],
    [
      3.0,
      1.0,
      1008.0,
      3.0,
      3.0,
      0.0,
      4.0,
      5.0,
      5.0,
      0.0
    ],
    [
      0.0,
      0.0,
      4.0,
      988.0,
      0.0,
      5.0,
      0.0,
      6.0,
      5.0,
      2.0
    ],
    [
      1.0,
      3.0,
      2.0,
      0.0,
      954.0,
      0.0,
      9.0,
      1.0,
      1.0,
      11.0
    ],
    [
      3.0,
      0.0,
      0.0,
      6.0,
      1.0,
      874.0,
      2.0,
      1.0,
      3.0,
      2.0
    ],
    [
      5.0,
      3.0,
      0.0,
      0.0,
      2.0,
      11.0,
      934.0,
      0.0,
      3.0,
      0.0
    ],
    [
      5.0,
      8.0,
      9.0,
      2.0,
      0.0,
      0.0,
      0.0,
      991.0,
      3.0,
      10.0
    ],
    [
      5.0,
      0.0,
      1.0,
      4.0,
      3.0,
      7.0,
      2.0,
      3.0,
      948.0,
      1.0
    ],
    [
      6.0,
      6.0,
      0.0,
      7.0,
      11.0,
      4.0,
      0.0,
      4.0,
      4.0,
      967.0
    ]
  ],
  "classRecall": [
    0.9938775300979614,
    0.9911894202232361,
    0.9767441749572754,
    0.9782178401947021,
    0.9714867472648621,
    0.9798206090927124,
    0.9749478101730347,
    0.9640077948570251,
    0.9733059406280518,
    0.9583746194839478
  ],
  "classPrecision": [
    0.9720559120178223,
    0.981675386428833,
    0.9824561476707458,
    0.9762845635414124,
    0.9794661402702332,
    0.9657458662986755,
    0.9800629615783691,
    0.9792490005493164,
    0.9713114500045776,
    0.9728370308876038
  ],
  "classes": [
    0,
    1,
    2,
    3,
    4,
    5,
    6,
    7,
    8,
    9
  ]
}