{
  "name": "model",
  "metrics": {
    "train_loss": [
      0.8677914302213497,
      1.6969810489794654,
      3.057554220701281,
      4.413813342415326,
      6.273775393363989
    ],
    "train_accuracy": [
      0.6622407407407407,
      0.49942592592592594,
      0.37407407407407406,
      0.2985185185185185,
      0.23694444444444446
    ],
    "val_loss": [
      0.8751196087674892,
      1.6877736182923013,
      3.034750263741676,
      4.379605171528269,
      6.2366147447139655
    ],
    "val_accuracy": [
      0.666,
      0.5065,
      0.37566666666666665,
      0.298,
      0.2365
    ]
  },
  "accuracy": 0.236,
  "confusion": [
    [
      980.0,
      0.0,
      0.0,
      0.0,
      0.0,
      0.0,
      0.0,
      0.0,
      0.0,
      0.0
    ],
    [
      19.0,
      1116.0,
      0.0,
      0.0,
      0.0,
      0.0,
      0.0,
      0.0,
      0.0,
      0.0
    ],
    [
      1032.0,
      0.0,
      0.0,
      0.0,
      0.0,
      0.0,
      0.0,
      0.0,
      0.0,
      0.0
    ],
    [
      748.0,
      0.0,
      0.0,
      262.0,
      0.0,
      0.0,
      0.0,
      0.0,
      0.0,
      0.0
    ],
    [
      982.0,
      0.0,
      0.0,
      0.0,
      0.0,
      0.0,
      0.0,
      0.0,
      0.0,
      0.0
    ],
    [
      892.0,
      0.0,
      0.0,
      0.0,
      0.0,
      0.0,
      0.0,
      0.0,
      0.0,
      0.0
    ],
    [
      957.0,
      1.0,
      0.0,
      0.0,
      0.0,
      0.0,
      0.0,
      0.0,
      0.0,
      0.0
    ],
    [
      1023.0,
      5.0,
      0.0,
      0.0,
      0.0,
      0.0,
      0.0,
      0.0,
      0.0,
      0.0
    ],
    [
      973.0,
      1.0,
      0.0,
      0.0,
      0.0,
      0.0,
      0.0,
      0.0,
      0.0,
      0.0
    ],
    [
      1003.0,
      4.0,
      0.0,
      0.0,
      0.0,
      0.0,
      0.0,
      0.0,
      0.0,
      2.0
    ]
  ],
  "classRecall": [
    1.0,
    0.983259916305542,
    0.0,
    0.2594059407711029,
    0.0,
    0.0,
    0.0,
    0.0,
    0.0,
    0.001982160611078143
  ],
  "classPrecision": [
    0.11383435875177383,
    0.9902395606040955,
    NaN,
    1.0,
    NaN,
    NaN,
    NaN,
    NaN,
    NaN,
    1.0
  ],
  "classes": [
    0,
    1,
    2,
    3,
    4,
    5,
    6,
    7,
    8,
    9
  ]
}