{
  "name": "model",
  "metrics": {
    "train_loss": [
      0.6862156127725167,
      1.0006167131577623,
      1.4101805273108008,
      2.7478135287479204,
      3.8377302450026383
    ],
    "train_accuracy": [
      0.7324444444444445,
      0.6872222222222222,
      0.5693333333333334,
      0.3502037037037037,
      0.29527777777777775
    ],
    "val_loss": [
      0.6957223827534533,
      1.0089504706098678,
      1.4163216352462769,
      2.740489640134446,
      3.8059808041187044
    ],
    "val_accuracy": [
      0.7335,
      0.692,
      0.5771666666666667,
      0.3491666666666667,
      0.2965
    ]
  },
  "accuracy": 0.2972,
  "confusion": [
    [
      980.0,
      0.0,
      0.0,
      0.0,
      0.0,
      0.0,
      0.0,
      0.0,
      0.0,
      0.0
    ],
    [
      41.0,
      1094.0,
      0.0,
      0.0,
      0.0,
      0.0,
      0.0,
      0.0,
      0.0,
      0.0
    ],
    [
      1032.0,
      0.0,
      0.0,
      0.0,
      0.0,
      0.0,
      0.0,
      0.0,
      0.0,
      0.0
    ],
    [
      184.0,
      0.0,
      0.0,
      824.0,
      0.0,
      2.0,
      0.0,
      0.0,
      0.0,
      0.0
    ],
    [
      945.0,
      0.0,
      0.0,
      0.0,
      37.0,
      0.0,
      0.0,
      0.0,
      0.0,
      0.0
    ],
    [
      858.0,
      0.0,
      0.0,
      2.0,
      0.0,
      32.0,
      0.0,
      0.0,
      0.0,
      0.0
    ],
    [
      957.0,
      1.0,
      0.0,
      0.0,
      0.0,
      0.0,
      0.0,
      0.0,
      0.0,
      0.0
    ],
    [
      1026.0,
      2.0,
      0.0,
      0.0,
      0.0,
      0.0,
      0.0,
      0.0,
      0.0,
      0.0
    ],
    [
      970.0,
      0.0,
      0.0,
      0.0,
      0.0,
      0.0,
      0.0,
      0.0,
      4.0,
      0.0
    ],
    [
      1005.0,
      2.0,
      0.0,
      1.0,
      0.0,
      0.0,
      0.0,
      0.0,
      0.0,
      1.0
    ]
  ],
  "classRecall": [
    1.0,
    0.9638766646385193,
    0.0,
    0.815841555595398,
    0.03767820820212364,
    0.035874441266059875,
    0.0,
    0.0,
    0.00410677632316947,
    0.0009910803055390716
  ],
  "classPrecision": [
    0.12253063172101974,
    0.9954504370689392,
    NaN,
    0.996372401714325,
    1.0,
    0.9411764740943909,
    NaN,
    NaN,
    1.0,
    1.0
  ],
  "classes": [
    0,
    1,
    2,
    3,
    4,
    5,
    6,
    7,
    8,
    9
  ]
}