{
  "name": "model",
  "metrics": {
    "train_loss": [
      2.311076158149676,
      2.502060643312606,
      1.90100408480926,
      3.0036309104074133,
      4.518554638732564,
      2.7459222068163482,
      2.495848321101882,
      1.2268889756365255,
      2.0005381901494483,
      2.610876601189375,
      2.858585824681954,
      2.1796741031787614
    ],
    "train_accuracy": [
      0.3979333333333333,
      0.45397777777777776,
      0.49535555555555555,
      0.46286666666666665,
      0.3817333333333333,
      0.5526666666666666,
      0.5962888888888889,
      0.7568222222222222,
      0.6857111111111112,
      0.6449333333333334,
      0.6531777777777777,
      0.7177333333333333
    ],
    "val_loss": [
      2.3025817036628724,
      2.4796462774276735,
      1.930564385652542,
      3.094076097011566,
      4.575953716039658,
      2.9143789052963256,
      2.686440336704254,
      1.5780093133449555,
      2.388961097411811,
      2.972009190917015,
      3.600946789979935,
      2.935419660806656
    ],
    "val_accuracy": [
      0.393,
      0.4508,
      0.4808,
      0.4472,
      0.3636,
      0.532,
      0.5574,
      0.6916,
      0.62,
      0.5796,
      0.5778,
      0.6306
    ]
  },
  "accuracy": 0.6307,
  "confusion": [
    [
      996.0,
      2.0,
      0.0,
      1.0,
      0.0,
      0.0,
      0.0,
      0.0,
      0.0,
      1.0
    ],
    [
      165.0,
      785.0,
      0.0,
      2.0,
      0.0,
      4.0,
      6.0,
      0.0,
      9.0,
      29.0
    ],
    [
      576.0,
      1.0,
      323.0,
      21.0,
      21.0,
      23.0,
      31.0,
      3.0,
      1.0,
      0.0
    ],
    [
      265.0,
      1.0,
      28.0,
      549.0,
      13.0,
      98.0,
      34.0,
      10.0,
      2.0,
      0.0
    ],
    [
      235.0,
      1.0,
      29.0,
      41.0,
      615.0,
      31.0,
      21.0,
      26.0,
      1.0,
      0.0
    ],
    [
      147.0,
      0.0,
      23.0,
      84.0,
      10.0,
      708.0,
      8.0,
      19.0,
      0.0,
      1.0
    ],
    [
      86.0,
      0.0,
      20.0,
      30.0,
      22.0,
      14.0,
      821.0,
      3.0,
      4.0,
      0.0
    ],
    [
      276.0,
      1.0,
      3.0,
      11.0,
      16.0,
      31.0,
      1.0,
      658.0,
      0.0,
      3.0
    ],
    [
      737.0,
      4.0,
      1.0,
      6.0,
      1.0,
      2.0,
      2.0,
      1.0,
      240.0,
      6.0
    ],
    [
      346.0,
      33.0,
      0.0,
      5.0,
      0.0,
      2.0,
      0.0,
      1.0,
      1.0,
      612.0
    ]
  ],
  "classRecall": [
    0.9959999918937683,
    0.7850000262260437,
    0.3230000138282776,
    0.5490000247955322,
    0.6150000095367432,
    0.7080000042915344,
    0.8209999799728394,
    0.6579999923706055,
    0.23999999463558197,
    0.6119999885559082
  ],
  "classPrecision": [
    0.26012012362480164,
    0.9480676054954529,
    0.756440281867981,
    0.7319999933242798,
    0.8810888528823853,
    0.7754654884338379,
    0.8885281682014465,
    0.9126213788986206,
    0.930232584476471,
    0.9386503100395203
  ],
  "classes": [
    "plane",
    "car",
    "bird",
    "cat",
    "deer",
    "dog",
    "frog",
    "horse",
    "ship",
    "truck"
  ]
}