{
  "name": "model",
  "metrics": {
    "train_loss": [
      0.3740039200861872,
      0.6825138754189297,
      1.1890342948843518,
      1.2288998492521133,
      1.5743243892045948
    ],
    "train_accuracy": [
      0.8829444444444444,
      0.7301296296296297,
      0.6626666666666666,
      0.6714629629629629,
      0.6494074074074074
    ],
    "val_loss": [
      0.3939352999342249,
      0.7104062767738991,
      1.2031292217843077,
      1.2456579969284383,
      1.585688591003418
    ],
    "val_accuracy": [
      0.8821666666666667,
      0.728,
      0.663,
      0.6668333333333333,
      0.6533333333333333
    ]
  },
  "accuracy": 0.6546,
  "confusion": [
    [
      978.0,
      1.0,
      0.0,
      0.0,
      0.0,
      0.0,
      0.0,
      0.0,
      1.0,
      0.0
    ],
    [
      8.0,
      1122.0,
      0.0,
      2.0,
      0.0,
      0.0,
      0.0,
      0.0,
      3.0,
      0.0
    ],
    [
      1028.0,
      1.0,
      0.0,
      0.0,
      0.0,
      0.0,
      0.0,
      2.0,
      1.0,
      0.0
    ],
    [
      50.0,
      0.0,
      0.0,
      953.0,
      0.0,
      4.0,
      0.0,
      1.0,
      2.0,
      0.0
    ],
    [
      166.0,
      1.0,
      0.0,
      0.0,
      807.0,
      0.0,
      0.0,
      0.0,
      0.0,
      8.0
    ],
    [
      384.0,
      0.0,
      0.0,
      3.0,
      0.0,
      503.0,
      0.0,
      0.0,
      1.0,
      1.0
    ],
    [
      956.0,
      2.0,
      0.0,
      0.0,
      0.0,
      0.0,
      0.0,
      0.0,
      0.0,
      0.0
    ],
    [
      483.0,
      13.0,
      0.0,
      1.0,
      0.0,
      0.0,
      0.0,
      530.0,
      0.0,
      1.0
    ],
    [
      105.0,
      0.0,
      0.0,
      2.0,
      3.0,
      0.0,
      0.0,
      1.0,
      862.0,
      1.0
    ],
    [
      193.0,
      5.0,
      0.0,
      3.0,
      16.0,
      0.0,
      0.0,
      0.0,
      1.0,
      791.0
    ]
  ],
  "classRecall": [
    0.9979591965675354,
    0.9885462522506714,
    0.0,
    0.9435643553733826,
    0.8217922449111938,
    0.5639013648033142,
    0.0,
    0.5155642032623291,
    0.8850102424621582,
    0.7839444875717163
  ],
  "classPrecision": [
    0.22477591037750244,
    0.9799126386642456,
    NaN,
    0.9885892271995544,
    0.9769975543022156,
    0.9921104311943054,
    NaN,
    0.9925093650817871,
    0.9896670579910278,
    0.9862843155860901
  ],
  "classes": [
    0,
    1,
    2,
    3,
    4,
    5,
    6,
    7,
    8,
    9
  ]
}