{
  "name": "model",
  "metrics": {
    "train_loss": [
      3.172466580163349,
      3.049769700250842,
      3.411819054321809,
      4.4599313329566606,
      4.735254329713908,
      4.943720531734553,
      2.7673489742658357,
      5.476095090535554,
      4.44124281948263,
      4.411712461574511,
      4.3643703257495705,
      5.526108387519013
    ],
    "train_accuracy": [
      0.3342888888888889,
      0.36335555555555554,
      0.33135555555555557,
      0.31653333333333333,
      0.29157777777777777,
      0.3686,
      0.5406888888888889,
      0.3416,
      0.4202888888888889,
      0.4997111111111111,
      0.5016222222222222,
      0.4473111111111111
    ],
    "val_loss": [
      3.180679965019226,
      3.1047642290592194,
      3.4658029198646547,
      4.548081243038178,
      4.88554003238678,
      5.162365639209748,
      3.0032227396965028,
      5.902278149127961,
      4.927147686481476,
      5.006282538175583,
      5.188036513328552,
      6.496111857891083
    ],
    "val_accuracy": [
      0.3292,
      0.3604,
      0.3246,
      0.2946,
      0.2818,
      0.3392,
      0.5042,
      0.32,
      0.3828,
      0.4544,
      0.4432,
      0.4074
    ]
  },
  "accuracy": 0.3999,
  "confusion": [
    [
      1000.0,
      0.0,
      0.0,
      0.0,
      0.0,
      0.0,
      0.0,
      0.0,
      0.0,
      0.0
    ],
    [
      627.0,
      365.0,
      1.0,
      2.0,
      0.0,
      0.0,
      0.0,
      0.0,
      1.0,
      4.0
    ],
    [
      770.0,
      0.0,
      180.0,
      12.0,
      13.0,
      8.0,
      12.0,
      5.0,
      0.0,
      0.0
    ],
    [
      563.0,
      0.0,
      10.0,
      365.0,
      10.0,
      28.0,
      19.0,
      4.0,
      1.0,
      0.0
    ],
    [
      592.0,
      0.0,
      9.0,
      20.0,
      363.0,
      5.0,
      5.0,
      6.0,
      0.0,
      0.0
    ],
    [
      441.0,
      0.0,
      10.0,
      50.0,
      15.0,
      471.0,
      4.0,
      9.0,
      0.0,
      0.0
    ],
    [
      407.0,
      0.0,
      5.0,
      23.0,
      10.0,
      5.0,
      547.0,
      2.0,
      1.0,
      0.0
    ],
    [
      489.0,
      0.0,
      4.0,
      7.0,
      10.0,
      5.0,
      0.0,
      485.0,
      0.0,
      0.0
    ],
    [
      953.0,
      0.0,
      0.0,
      0.0,
      0.0,
      0.0,
      1.0,
      0.0,
      46.0,
      0.0
    ],
    [
      816.0,
      2.0,
      0.0,
      4.0,
      0.0,
      0.0,
      0.0,
      0.0,
      1.0,
      177.0
    ]
  ],
  "classRecall": [
    1.0,
    0.36500000953674316,
    0.18000000715255737,
    0.36500000953674316,
    0.3630000054836273,
    0.47099998593330383,
    0.546999990940094,
    0.48500001430511475,
    0.04600000008940697,
    0.1770000010728836
  ],
  "classPrecision": [
    0.15019525587558746,
    0.9945504069328308,
    0.8219178318977356,
    0.7556935548782349,
    0.8622328042984009,
    0.9022988677024841,
    0.930272102355957,
    0.9491193890571594,
    0.9200000166893005,
    0.9779005646705627
  ],
  "classes": [
    "plane",
    "car",
    "bird",
    "cat",
    "deer",
    "dog",
    "frog",
    "horse",
    "ship",
    "truck"
  ]
}