{
  "name": "model",
  "metrics": {
    "train_loss": [
      2.3592230552299456,
      2.2511995505880225,
      2.8893692405386404,
      2.177695917473598,
      2.4076185521077025,
      1.8905409222299403,
      2.2504665187814017,
      2.602651557123119,
      2.4413293356245216,
      2.9109650128944353,
      3.62077361819419,
      2.729846814139323
    ],
    "train_accuracy": [
      0.3806,
      0.4338,
      0.40575555555555554,
      0.5287111111111111,
      0.5183555555555556,
      0.6107333333333334,
      0.5709111111111111,
      0.5632666666666667,
      0.6176444444444444,
      0.5618666666666666,
      0.5699111111111111,
      0.6426444444444445
    ],
    "val_loss": [
      2.4168666273355486,
      2.323951172828674,
      2.9889491468667986,
      2.31356318295002,
      2.5682797968387603,
      2.1604629158973694,
      2.537845629453659,
      3.0291685819625855,
      2.935933527350426,
      3.5255577981472017,
      4.229259431362152,
      3.552104151248932
    ],
    "val_accuracy": [
      0.3754,
      0.4202,
      0.394,
      0.5116,
      0.494,
      0.5722,
      0.525,
      0.5192,
      0.5516,
      0.5062,
      0.5148,
      0.5698
    ]
  },
  "accuracy": 0.5523,
  "confusion": [
    [
      993.0,
      0.0,
      0.0,
      2.0,
      2.0,
      1.0,
      0.0,
      0.0,
      2.0,
      0.0
    ],
    [
      363.0,
      624.0,
      0.0,
      2.0,
      1.0,
      2.0,
      1.0,
      0.0,
      1.0,
      6.0
    ],
    [
      531.0,
      2.0,
      354.0,
      25.0,
      28.0,
      16.0,
      27.0,
      16.0,
      0.0,
      1.0
    ],
    [
      323.0,
      2.0,
      18.0,
      479.0,
      32.0,
      94.0,
      33.0,
      19.0,
      0.0,
      0.0
    ],
    [
      287.0,
      1.0,
      20.0,
      24.0,
      615.0,
      11.0,
      22.0,
      19.0,
      1.0,
      0.0
    ],
    [
      224.0,
      0.0,
      14.0,
      67.0,
      27.0,
      625.0,
      6.0,
      37.0,
      0.0,
      0.0
    ],
    [
      158.0,
      1.0,
      9.0,
      33.0,
      17.0,
      3.0,
      774.0,
      4.0,
      1.0,
      0.0
    ],
    [
      330.0,
      0.0,
      3.0,
      8.0,
      30.0,
      12.0,
      1.0,
      614.0,
      2.0,
      0.0
    ],
    [
      862.0,
      1.0,
      1.0,
      5.0,
      1.0,
      0.0,
      1.0,
      0.0,
      129.0,
      0.0
    ],
    [
      655.0,
      19.0,
      1.0,
      1.0,
      2.0,
      1.0,
      4.0,
      1.0,
      0.0,
      316.0
    ]
  ],
  "classRecall": [
    0.9929999709129333,
    0.6240000128746033,
    0.3540000021457672,
    0.4790000021457672,
    0.6150000095367432,
    0.625,
    0.7739999890327454,
    0.6140000224113464,
    0.1289999932050705,
    0.3160000145435333
  ],
  "classPrecision": [
    0.2101142555475235,
    0.9599999785423279,
    0.8428571224212646,
    0.7414860725402832,
    0.8145695328712463,
    0.8169934749603271,
    0.8906789422035217,
    0.8647887110710144,
    0.9485294222831726,
    0.9783281683921814
  ],
  "classes": [
    "plane",
    "car",
    "bird",
    "cat",
    "deer",
    "dog",
    "frog",
    "horse",
    "ship",
    "truck"
  ]
}