{
  "name": "model",
  "metrics": {
    "train_loss": [
      3.0632611973719164,
      3.772746004164219,
      3.669510604983026,
      5.651260581883517,
      2.9981333938511936,
      2.5590781159698963,
      3.195615881545977,
      4.467233739793301,
      4.648481222716245,
      4.226263065907088,
      5.829127742485567,
      5.235923780636354
    ],
    "train_accuracy": [
      0.30546666666666666,
      0.25533333333333336,
      0.2680444444444444,
      0.30922222222222223,
      0.4577777777777778,
      0.506,
      0.48502222222222224,
      0.44597777777777775,
      0.4726222222222222,
      0.5240444444444444,
      0.45866666666666667,
      0.46095555555555556
    ],
    "val_loss": [
      3.179850363731384,
      3.9023390293121336,
      3.8015846610069275,
      5.8970942735672,
      3.252662795782089,
      2.838913622498512,
      3.6992980420589445,
      5.023073410987854,
      5.278334200382233,
      5.048450469970703,
      6.798124301433563,
      6.208090388774872
    ],
    "val_accuracy": [
      0.2998,
      0.2498,
      0.2598,
      0.2922,
      0.433,
      0.469,
      0.445,
      0.404,
      0.424,
      0.466,
      0.4082,
      0.4028
    ]
  },
  "accuracy": 0.4043,
  "confusion": [
    [
      1000.0,
      0.0,
      0.0,
      0.0,
      0.0,
      0.0,
      0.0,
      0.0,
      0.0,
      0.0
    ],
    [
      690.0,
      296.0,
      2.0,
      1.0,
      0.0,
      0.0,
      2.0,
      0.0,
      0.0,
      9.0
    ],
    [
      800.0,
      0.0,
      149.0,
      13.0,
      7.0,
      4.0,
      27.0,
      0.0,
      0.0,
      0.0
    ],
    [
      538.0,
      0.0,
      6.0,
      377.0,
      6.0,
      33.0,
      34.0,
      5.0,
      1.0,
      0.0
    ],
    [
      588.0,
      1.0,
      12.0,
      14.0,
      346.0,
      9.0,
      20.0,
      10.0,
      0.0,
      0.0
    ],
    [
      634.0,
      0.0,
      2.0,
      53.0,
      6.0,
      291.0,
      5.0,
      9.0,
      0.0,
      0.0
    ],
    [
      189.0,
      0.0,
      8.0,
      18.0,
      5.0,
      4.0,
      775.0,
      0.0,
      1.0,
      0.0
    ],
    [
      406.0,
      0.0,
      2.0,
      9.0,
      8.0,
      14.0,
      2.0,
      559.0,
      0.0,
      0.0
    ],
    [
      973.0,
      0.0,
      0.0,
      1.0,
      0.0,
      0.0,
      0.0,
      0.0,
      26.0,
      0.0
    ],
    [
      770.0,
      3.0,
      0.0,
      2.0,
      0.0,
      0.0,
      0.0,
      0.0,
      1.0,
      224.0
    ]
  ],
  "classRecall": [
    1.0,
    0.29600000381469727,
    0.14900000393390656,
    0.37700000405311584,
    0.34599998593330383,
    0.29100000858306885,
    0.7749999761581421,
    0.5590000152587891,
    0.026000000536441803,
    0.2240000069141388
  ],
  "classPrecision": [
    0.15179114043712616,
    0.9866666793823242,
    0.8232043981552124,
    0.7725409865379333,
    0.9153439402580261,
    0.8197183012962341,
    0.8959537744522095,
    0.958833634853363,
    0.8965517282485962,
    0.9613733887672424
  ],
  "classes": [
    "plane",
    "car",
    "bird",
    "cat",
    "deer",
    "dog",
    "frog",
    "horse",
    "ship",
    "truck"
  ]
}