{
  "name": "model",
  "metrics": {
    "train_loss": [
      0.15721015057469148,
      0.1142635750297404,
      0.09146524071075482,
      0.08448814160203764,
      0.07282643432406735
    ],
    "train_accuracy": [
      0.9531666666666667,
      0.9663703703703703,
      0.974462962962963,
      0.9759074074074074,
      0.9793148148148149
    ],
    "val_loss": [
      0.18105829459555606,
      0.14574395896906547,
      0.1276743139358277,
      0.12321881046320529,
      0.11333785772799178
    ],
    "val_accuracy": [
      0.946,
      0.9586666666666667,
      0.9636666666666667,
      0.9651666666666666,
      0.9706666666666667
    ]
  },
  "accuracy": 0.9735,
  "confusion": [
    [
      976.0,
      0.0,
      0.0,
      0.0,
      0.0,
      0.0,
      0.0,
      1.0,
      3.0,
      0.0
    ],
    [
      0.0,
      1127.0,
      2.0,
      1.0,
      0.0,
      2.0,
      2.0,
      0.0,
      1.0,
      0.0
    ],
    [
      11.0,
      1.0,
      1003.0,
      0.0,
      2.0,
      0.0,
      2.0,
      7.0,
      6.0,
      0.0
    ],
    [
      2.0,
      0.0,
      4.0,
      978.0,
      0.0,
      14.0,
      0.0,
      6.0,
      4.0,
      2.0
    ],
    [
      1.0,
      1.0,
      4.0,
      0.0,
      957.0,
      0.0,
      6.0,
      0.0,
      1.0,
      12.0
    ],
    [
      5.0,
      0.0,
      0.0,
      2.0,
      1.0,
      866.0,
      5.0,
      3.0,
      3.0,
      7.0
    ],
    [
      16.0,
      3.0,
      0.0,
      0.0,
      2.0,
      3.0,
      931.0,
      0.0,
      3.0,
      0.0
    ],
    [
      2.0,
      11.0,
      16.0,
      0.0,
      2.0,
      0.0,
      0.0,
      985.0,
      1.0,
      11.0
    ],
    [
      6.0,
      2.0,
      2.0,
      2.0,
      6.0,
      5.0,
      5.0,
      4.0,
      934.0,
      8.0
    ],
    [
      4.0,
      7.0,
      0.0,
      3.0,
      10.0,
      2.0,
      0.0,
      5.0,
      0.0,
      978.0
    ]
  ],
  "classRecall": [
    0.9959183931350708,
    0.992951512336731,
    0.9718992114067078,
    0.9683168530464172,
    0.9745417237281799,
    0.9708520174026489,
    0.9718163013458252,
    0.9581711888313293,
    0.9589322209358215,
    0.969276487827301
  ],
  "classPrecision": [
    0.9540566802024841,
    0.9782986044883728,
    0.9728419184684753,
    0.9918864369392395,
    0.9765306115150452,
    0.9708520174026489,
    0.9789695143699646,
    0.9742828607559204,
    0.9769874215126038,
    0.9607072472572327
  ],
  "classes": [
    0,
    1,
    2,
    3,
    4,
    5,
    6,
    7,
    8,
    9
  ]
}