{
  "name": "model",
  "metrics": {
    "train_loss": [
      0.3015882003505083,
      0.3758135843686583,
      0.7540184015063878,
      0.6343099095668838,
      1.0862944609181011
    ],
    "train_accuracy": [
      0.9078333333333334,
      0.8612037037037037,
      0.7403703703703703,
      0.7773148148148148,
      0.7472037037037037
    ],
    "val_loss": [
      0.3222410355476623,
      0.4108294261262772,
      0.7763752163724696,
      0.6779831311804183,
      1.1093360578760187
    ],
    "val_accuracy": [
      0.9036666666666666,
      0.8601666666666666,
      0.7445,
      0.772,
      0.747
    ]
  },
  "accuracy": 0.7412,
  "confusion": [
    [
      980.0,
      0.0,
      0.0,
      0.0,
      0.0,
      0.0,
      0.0,
      0.0,
      0.0,
      0.0
    ],
    [
      7.0,
      1126.0,
      0.0,
      1.0,
      0.0,
      0.0,
      0.0,
      0.0,
      1.0,
      0.0
    ],
    [
      1005.0,
      2.0,
      20.0,
      0.0,
      0.0,
      0.0,
      0.0,
      4.0,
      1.0,
      0.0
    ],
    [
      29.0,
      0.0,
      0.0,
      967.0,
      0.0,
      2.0,
      0.0,
      4.0,
      2.0,
      6.0
    ],
    [
      132.0,
      3.0,
      0.0,
      0.0,
      825.0,
      0.0,
      0.0,
      0.0,
      2.0,
      20.0
    ],
    [
      121.0,
      0.0,
      0.0,
      18.0,
      1.0,
      749.0,
      0.0,
      0.0,
      0.0,
      3.0
    ],
    [
      955.0,
      3.0,
      0.0,
      0.0,
      0.0,
      0.0,
      0.0,
      0.0,
      0.0,
      0.0
    ],
    [
      58.0,
      7.0,
      0.0,
      0.0,
      0.0,
      0.0,
      0.0,
      957.0,
      0.0,
      6.0
    ],
    [
      132.0,
      0.0,
      0.0,
      4.0,
      4.0,
      1.0,
      0.0,
      4.0,
      821.0,
      8.0
    ],
    [
      26.0,
      6.0,
      0.0,
      5.0,
      1.0,
      0.0,
      0.0,
      4.0,
      0.0,
      967.0
    ]
  ],
  "classRecall": [
    1.0,
    0.9920704960823059,
    0.01937984488904476,
    0.9574257135391235,
    0.8401222229003906,
    0.8396860957145691,
    0.0,
    0.9309338331222534,
    0.8429158329963684,
    0.9583746194839478
  ],
  "classPrecision": [
    0.28447026014328003,
    0.9816913604736328,
    1.0,
    0.9718592762947083,
    0.9927797913551331,
    0.9960106611251831,
    NaN,
    0.9835560321807861,
    0.9927448630332947,
    0.9574257135391235
  ],
  "classes": [
    0,
    1,
    2,
    3,
    4,
    5,
    6,
    7,
    8,
    9
  ]
}