{
  "name": "model",
  "metrics": {
    "train_loss": [
      2.5454947139051827,
      4.164014750583605,
      4.998341112651608,
      3.3708001801913436,
      3.1137615767392246,
      6.256349841302091,
      4.9453422657468105,
      4.962740904228254,
      4.466544803570617,
      5.773779353634878,
      5.398530361327258,
      5.448485328392549
    ],
    "train_accuracy": [
      0.2607333333333333,
      0.18735555555555555,
      0.20757777777777778,
      0.32493333333333335,
      0.4400222222222222,
      0.28884444444444446,
      0.32035555555555556,
      0.39382222222222224,
      0.48486666666666667,
      0.4079333333333333,
      0.4251111111111111,
      0.44806666666666667
    ],
    "val_loss": [
      2.6026004254817963,
      4.290761125087738,
      5.116005897521973,
      3.5556666910648347,
      3.4001781404018403,
      6.5129045128822325,
      5.400429964065552,
      5.482708811759949,
      5.021802270412445,
      6.518546199798584,
      6.15365589261055,
      6.489266955852509
    ],
    "val_accuracy": [
      0.2566,
      0.1848,
      0.1968,
      0.3096,
      0.4152,
      0.279,
      0.2982,
      0.3668,
      0.4394,
      0.363,
      0.386,
      0.396
    ]
  },
  "accuracy": 0.395,
  "confusion": [
    [
      999.0,
      0.0,
      0.0,
      1.0,
      0.0,
      0.0,
      0.0,
      0.0,
      0.0,
      0.0
    ],
    [
      452.0,
      540.0,
      0.0,
      0.0,
      0.0,
      0.0,
      3.0,
      0.0,
      0.0,
      5.0
    ],
    [
      810.0,
      1.0,
      158.0,
      3.0,
      15.0,
      5.0,
      7.0,
      1.0,
      0.0,
      0.0
    ],
    [
      610.0,
      0.0,
      16.0,
      292.0,
      7.0,
      48.0,
      24.0,
      2.0,
      0.0,
      1.0
    ],
    [
      513.0,
      0.0,
      19.0,
      12.0,
      436.0,
      5.0,
      11.0,
      4.0,
      0.0,
      0.0
    ],
    [
      576.0,
      0.0,
      11.0,
      27.0,
      6.0,
      369.0,
      4.0,
      7.0,
      0.0,
      0.0
    ],
    [
      302.0,
      0.0,
      16.0,
      10.0,
      5.0,
      5.0,
      661.0,
      1.0,
      0.0,
      0.0
    ],
    [
      591.0,
      0.0,
      2.0,
      7.0,
      10.0,
      12.0,
      1.0,
      377.0,
      0.0,
      0.0
    ],
    [
      981.0,
      2.0,
      0.0,
      0.0,
      0.0,
      0.0,
      0.0,
      0.0,
      17.0,
      0.0
    ],
    [
      891.0,
      8.0,
      0.0,
      0.0,
      0.0,
      0.0,
      0.0,
      0.0,
      0.0,
      101.0
    ]
  ],
  "classRecall": [
    0.9990000128746033,
    0.5400000214576721,
    0.15800000727176666,
    0.2919999957084656,
    0.4359999895095825,
    0.36899998784065247,
    0.6610000133514404,
    0.37700000405311584,
    0.017000000923871994,
    0.10100000351667404
  ],
  "classPrecision": [
    0.14855018258094788,
    0.9800363183021545,
    0.7117117047309875,
    0.8295454382896423,
    0.9102296233177185,
    0.8310810923576355,
    0.9296765327453613,
    0.9617347121238708,
    1.0,
    0.9439252614974976
  ],
  "classes": [
    "plane",
    "car",
    "bird",
    "cat",
    "deer",
    "dog",
    "frog",
    "horse",
    "ship",
    "truck"
  ]
}