{
  "name": "model",
  "metrics": {
    "train_loss": [
      3.393687417561358,
      3.446484061127359,
      3.4327618886124003,
      3.8421657986261626,
      5.422819222916257,
      5.06650380587036,
      5.050131666389379,
      5.725078569894487,
      6.528009208765897,
      6.013372758572752,
      5.286960242824121,
      8.285497409376232
    ],
    "train_accuracy": [
      0.26295555555555555,
      0.3317555555555556,
      0.3532666666666667,
      0.3647111111111111,
      0.26786666666666664,
      0.32484444444444444,
      0.3789777777777778,
      0.3721555555555556,
      0.3508222222222222,
      0.44153333333333333,
      0.4192888888888889,
      0.40157777777777776
    ],
    "val_loss": [
      3.4749667584896087,
      3.655028986930847,
      3.7492991507053377,
      4.180975222587586,
      5.752752435207367,
      5.33925461769104,
      5.571100473403931,
      6.3023934841156,
      7.261641144752502,
      6.585821256041527,
      6.095857334136963,
      9.156141912937164
    ],
    "val_accuracy": [
      0.256,
      0.3214,
      0.3394,
      0.3424,
      0.253,
      0.3152,
      0.3578,
      0.3408,
      0.3204,
      0.3944,
      0.3724,
      0.3568
    ]
  },
  "accuracy": 0.3559,
  "confusion": [
    [
      1000.0,
      0.0,
      0.0,
      0.0,
      0.0,
      0.0,
      0.0,
      0.0,
      0.0,
      0.0
    ],
    [
      928.0,
      68.0,
      0.0,
      1.0,
      1.0,
      0.0,
      1.0,
      0.0,
      1.0,
      0.0
    ],
    [
      732.0,
      0.0,
      224.0,
      13.0,
      12.0,
      4.0,
      13.0,
      2.0,
      0.0,
      0.0
    ],
    [
      617.0,
      0.0,
      12.0,
      322.0,
      15.0,
      18.0,
      13.0,
      2.0,
      1.0,
      0.0
    ],
    [
      485.0,
      0.0,
      12.0,
      19.0,
      458.0,
      0.0,
      6.0,
      20.0,
      0.0,
      0.0
    ],
    [
      631.0,
      0.0,
      10.0,
      45.0,
      10.0,
      282.0,
      4.0,
      18.0,
      0.0,
      0.0
    ],
    [
      308.0,
      0.0,
      11.0,
      26.0,
      9.0,
      2.0,
      643.0,
      1.0,
      0.0,
      0.0
    ],
    [
      467.0,
      0.0,
      1.0,
      6.0,
      13.0,
      5.0,
      0.0,
      508.0,
      0.0,
      0.0
    ],
    [
      992.0,
      0.0,
      0.0,
      1.0,
      0.0,
      0.0,
      0.0,
      1.0,
      6.0,
      0.0
    ],
    [
      950.0,
      2.0,
      0.0,
      0.0,
      0.0,
      0.0,
      0.0,
      0.0,
      0.0,
      48.0
    ]
  ],
  "classRecall": [
    1.0,
    0.06800000369548798,
    0.2240000069141388,
    0.32199999690055847,
    0.4580000042915344,
    0.28200000524520874,
    0.6430000066757202,
    0.5080000162124634,
    0.006000000052154064,
    0.04800000041723251
  ],
  "classPrecision": [
    0.14064697921276093,
    0.9714285731315613,
    0.8296296000480652,
    0.7436489462852478,
    0.88416987657547,
    0.9067524075508118,
    0.945588231086731,
    0.9202898740768433,
    0.75,
    1.0
  ],
  "classes": [
    "plane",
    "car",
    "bird",
    "cat",
    "deer",
    "dog",
    "frog",
    "horse",
    "ship",
    "truck"
  ]
}