{
  "name": "model",
  "metrics": {
    "train_loss": [
      0.15927884837179954,
      0.1121379074671469,
      0.08899395687337877,
      0.07205398765202806,
      0.05901546393282782
    ],
    "train_accuracy": [
      0.9526481481481481,
      0.9676666666666667,
      0.9735925925925926,
      0.9788518518518519,
      0.9827037037037037
    ],
    "val_loss": [
      0.18471606424514284,
      0.14498601560579968,
      0.13017692527872451,
      0.11412539582778798,
      0.105558671413901
    ],
    "val_accuracy": [
      0.9468333333333333,
      0.961,
      0.963,
      0.9686666666666667,
      0.9721666666666666
    ]
  },
  "accuracy": 0.9776,
  "confusion": [
    [
      970.0,
      0.0,
      1.0,
      0.0,
      0.0,
      2.0,
      4.0,
      1.0,
      2.0,
      0.0
    ],
    [
      0.0,
      1128.0,
      0.0,
      1.0,
      0.0,
      1.0,
      2.0,
      0.0,
      3.0,
      0.0
    ],
    [
      2.0,
      3.0,
      1009.0,
      2.0,
      2.0,
      0.0,
      1.0,
      6.0,
      7.0,
      0.0
    ],
    [
      0.0,
      0.0,
      5.0,
      979.0,
      0.0,
      14.0,
      0.0,
      5.0,
      4.0,
      3.0
    ],
    [
      2.0,
      0.0,
      0.0,
      0.0,
      959.0,
      0.0,
      7.0,
      3.0,
      0.0,
      11.0
    ],
    [
      4.0,
      0.0,
      0.0,
      1.0,
      1.0,
      870.0,
      7.0,
      0.0,
      5.0,
      4.0
    ],
    [
      5.0,
      2.0,
      0.0,
      0.0,
      3.0,
      4.0,
      943.0,
      0.0,
      1.0,
      0.0
    ],
    [
      1.0,
      7.0,
      9.0,
      1.0,
      0.0,
      0.0,
      0.0,
      1004.0,
      1.0,
      5.0
    ],
    [
      5.0,
      0.0,
      1.0,
      5.0,
      4.0,
      4.0,
      4.0,
      3.0,
      944.0,
      4.0
    ],
    [
      2.0,
      4.0,
      0.0,
      5.0,
      12.0,
      3.0,
      1.0,
      8.0,
      4.0,
      970.0
    ]
  ],
  "classRecall": [
    0.9897959232330322,
    0.9938325881958008,
    0.9777131676673889,
    0.9693069458007812,
    0.976578414440155,
    0.9753363132476807,
    0.9843423962593079,
    0.9766536951065063,
    0.9691991806030273,
    0.9613478779792786
  ],
  "classPrecision": [
    0.9788092970848083,
    0.9860140085220337,
    0.9843902587890625,
    0.9849094748497009,
    0.9775739312171936,
    0.9688196182250977,
    0.9731681942939758,
    0.9747572541236877,
    0.9721935987472534,
    0.9729187488555908
  ],
  "classes": [
    0,
    1,
    2,
    3,
    4,
    5,
    6,
    7,
    8,
    9
  ]
}