{
  "name": "model",
  "metrics": {
    "train_loss": [
      2.559165073797036,
      3.8291006466788704,
      6.175168733461208,
      8.35260785021488,
      10.749263327268627
    ],
    "train_accuracy": [
      0.4036851851851852,
      0.35638888888888887,
      0.25546296296296295,
      0.20153703703703704,
      0.14175925925925925
    ],
    "val_loss": [
      2.522126869952425,
      3.749466302547049,
      6.086002278835215,
      8.229772993858825,
      10.6271782530115
    ],
    "val_accuracy": [
      0.4071666666666667,
      0.36283333333333334,
      0.25416666666666665,
      0.203,
      0.14166666666666666
    ]
  },
  "accuracy": 0.1394,
  "confusion": [
    [
      980.0,
      0.0,
      0.0,
      0.0,
      0.0,
      0.0,
      0.0,
      0.0,
      0.0,
      0.0
    ],
    [
      721.0,
      414.0,
      0.0,
      0.0,
      0.0,
      0.0,
      0.0,
      0.0,
      0.0,
      0.0
    ],
    [
      1032.0,
      0.0,
      0.0,
      0.0,
      0.0,
      0.0,
      0.0,
      0.0,
      0.0,
      0.0
    ],
    [
      1010.0,
      0.0,
      0.0,
      0.0,
      0.0,
      0.0,
      0.0,
      0.0,
      0.0,
      0.0
    ],
    [
      982.0,
      0.0,
      0.0,
      0.0,
      0.0,
      0.0,
      0.0,
      0.0,
      0.0,
      0.0
    ],
    [
      892.0,
      0.0,
      0.0,
      0.0,
      0.0,
      0.0,
      0.0,
      0.0,
      0.0,
      0.0
    ],
    [
      958.0,
      0.0,
      0.0,
      0.0,
      0.0,
      0.0,
      0.0,
      0.0,
      0.0,
      0.0
    ],
    [
      1028.0,
      0.0,
      0.0,
      0.0,
      0.0,
      0.0,
      0.0,
      0.0,
      0.0,
      0.0
    ],
    [
      974.0,
      0.0,
      0.0,
      0.0,
      0.0,
      0.0,
      0.0,
      0.0,
      0.0,
      0.0
    ],
    [
      1009.0,
      0.0,
      0.0,
      0.0,
      0.0,
      0.0,
      0.0,
      0.0,
      0.0,
      0.0
    ]
  ],
  "classRecall": [
    1.0,
    0.3647577166557312,
    0.0,
    0.0,
    0.0,
    0.0,
    0.0,
    0.0,
    0.0,
    0.0
  ],
  "classPrecision": [
    0.1022324189543724,
    1.0,
    NaN,
    NaN,
    NaN,
    NaN,
    NaN,
    NaN,
    NaN,
    NaN
  ],
  "classes": [
    0,
    1,
    2,
    3,
    4,
    5,
    6,
    7,
    8,
    9
  ]
}