{
  "name": "model",
  "metrics": {
    "train_loss": [
      2.30329326204779,
      3.3844049598368424,
      5.62803940298433,
      7.434045262811308,
      8.0099439259389
    ],
    "train_accuracy": [
      0.39855555555555555,
      0.3416666666666667,
      0.21405555555555555,
      0.20729629629629628,
      0.23174074074074075
    ],
    "val_loss": [
      2.237918610268451,
      3.3264801451500428,
      5.566619264318588,
      7.3396567385247415,
      7.91510135569471
    ],
    "val_accuracy": [
      0.4038333333333333,
      0.342,
      0.21516666666666667,
      0.20883333333333334,
      0.23583333333333334
    ]
  },
  "accuracy": 0.2325,
  "confusion": [
    [
      980.0,
      0.0,
      0.0,
      0.0,
      0.0,
      0.0,
      0.0,
      0.0,
      0.0,
      0.0
    ],
    [
      65.0,
      1070.0,
      0.0,
      0.0,
      0.0,
      0.0,
      0.0,
      0.0,
      0.0,
      0.0
    ],
    [
      1032.0,
      0.0,
      0.0,
      0.0,
      0.0,
      0.0,
      0.0,
      0.0,
      0.0,
      0.0
    ],
    [
      735.0,
      0.0,
      0.0,
      275.0,
      0.0,
      0.0,
      0.0,
      0.0,
      0.0,
      0.0
    ],
    [
      982.0,
      0.0,
      0.0,
      0.0,
      0.0,
      0.0,
      0.0,
      0.0,
      0.0,
      0.0
    ],
    [
      892.0,
      0.0,
      0.0,
      0.0,
      0.0,
      0.0,
      0.0,
      0.0,
      0.0,
      0.0
    ],
    [
      957.0,
      1.0,
      0.0,
      0.0,
      0.0,
      0.0,
      0.0,
      0.0,
      0.0,
      0.0
    ],
    [
      1027.0,
      1.0,
      0.0,
      0.0,
      0.0,
      0.0,
      0.0,
      0.0,
      0.0,
      0.0
    ],
    [
      974.0,
      0.0,
      0.0,
      0.0,
      0.0,
      0.0,
      0.0,
      0.0,
      0.0,
      0.0
    ],
    [
      1007.0,
      2.0,
      0.0,
      0.0,
      0.0,
      0.0,
      0.0,
      0.0,
      0.0,
      0.0
    ]
  ],
  "classRecall": [
    1.0,
    0.9427312612533569,
    0.0,
    0.27227723598480225,
    0.0,
    0.0,
    0.0,
    0.0,
    0.0,
    0.0
  ],
  "classPrecision": [
    0.11328170448541641,
    0.9962756037712097,
    NaN,
    1.0,
    NaN,
    NaN,
    NaN,
    NaN,
    NaN,
    NaN
  ],
  "classes": [
    0,
    1,
    2,
    3,
    4,
    5,
    6,
    7,
    8,
    9
  ]
}