{
  "name": "model",
  "metrics": {
    "train_loss": [
      1.6443988694963863,
      2.4688562688669324,
      4.105681754966483,
      6.052238672265509,
      8.127987722649959
    ],
    "train_accuracy": [
      0.45931481481481484,
      0.39811111111111114,
      0.35488888888888886,
      0.26212962962962966,
      0.2053888888888889
    ],
    "val_loss": [
      1.6205796535978927,
      2.4519806288658303,
      4.0756611874763005,
      5.98353525932799,
      8.051830372911818
    ],
    "val_accuracy": [
      0.4676666666666667,
      0.4051666666666667,
      0.3585,
      0.26316666666666666,
      0.20733333333333334
    ]
  },
  "accuracy": 0.2073,
  "confusion": [
    [
      980.0,
      0.0,
      0.0,
      0.0,
      0.0,
      0.0,
      0.0,
      0.0,
      0.0,
      0.0
    ],
    [
      46.0,
      1089.0,
      0.0,
      0.0,
      0.0,
      0.0,
      0.0,
      0.0,
      0.0,
      0.0
    ],
    [
      1032.0,
      0.0,
      0.0,
      0.0,
      0.0,
      0.0,
      0.0,
      0.0,
      0.0,
      0.0
    ],
    [
      1007.0,
      0.0,
      0.0,
      3.0,
      0.0,
      0.0,
      0.0,
      0.0,
      0.0,
      0.0
    ],
    [
      981.0,
      0.0,
      0.0,
      0.0,
      1.0,
      0.0,
      0.0,
      0.0,
      0.0,
      0.0
    ],
    [
      892.0,
      0.0,
      0.0,
      0.0,
      0.0,
      0.0,
      0.0,
      0.0,
      0.0,
      0.0
    ],
    [
      958.0,
      0.0,
      0.0,
      0.0,
      0.0,
      0.0,
      0.0,
      0.0,
      0.0,
      0.0
    ],
    [
      1028.0,
      0.0,
      0.0,
      0.0,
      0.0,
      0.0,
      0.0,
      0.0,
      0.0,
      0.0
    ],
    [
      974.0,
      0.0,
      0.0,
      0.0,
      0.0,
      0.0,
      0.0,
      0.0,
      0.0,
      0.0
    ],
    [
      1006.0,
      3.0,
      0.0,
      0.0,
      0.0,
      0.0,
      0.0,
      0.0,
      0.0,
      0.0
    ]
  ],
  "classRecall": [
    1.0,
    0.9594713449478149,
    0.0,
    0.002970297122374177,
    0.0010183299891650677,
    0.0,
    0.0,
    0.0,
    0.0,
    0.0
  ],
  "classPrecision": [
    0.11006288975477219,
    0.9972527623176575,
    NaN,
    1.0,
    1.0,
    NaN,
    NaN,
    NaN,
    NaN,
    NaN
  ],
  "classes": [
    0,
    1,
    2,
    3,
    4,
    5,
    6,
    7,
    8,
    9
  ]
}