{
  "name": "model",
  "metrics": {
    "train_loss": [
      2.499698492613706,
      2.074350191449577,
      2.9262031215158375,
      2.747843399305235,
      2.4166639118709345,
      2.6840166080404413,
      2.9902698790485207,
      3.1378867487338455,
      4.089726175096902,
      3.5395532379096206,
      4.568184290419925,
      2.9273935217748988
    ],
    "train_accuracy": [
      0.38926666666666665,
      0.4540666666666667,
      0.42964444444444444,
      0.4213777777777778,
      0.5210222222222223,
      0.5098444444444444,
      0.4844888888888889,
      0.5317777777777778,
      0.4935777777777778,
      0.5158222222222222,
      0.48464444444444443,
      0.6354666666666666
    ],
    "val_loss": [
      2.493394559621811,
      2.0776461750268935,
      2.881736606359482,
      2.8326695799827575,
      2.5336428076028823,
      2.87374404668808,
      3.197130858898163,
      3.516363626718521,
      4.439270277321339,
      4.12777589559555,
      5.221665406227112,
      3.664340591430664
    ],
    "val_accuracy": [
      0.3858,
      0.4564,
      0.4196,
      0.4172,
      0.5056,
      0.48,
      0.465,
      0.4904,
      0.4604,
      0.4714,
      0.4406,
      0.5698
    ]
  },
  "accuracy": 0.5637,
  "confusion": [
    [
      998.0,
      0.0,
      0.0,
      1.0,
      0.0,
      0.0,
      0.0,
      0.0,
      1.0,
      0.0
    ],
    [
      222.0,
      767.0,
      0.0,
      0.0,
      1.0,
      0.0,
      1.0,
      0.0,
      2.0,
      7.0
    ],
    [
      702.0,
      0.0,
      182.0,
      30.0,
      43.0,
      20.0,
      20.0,
      2.0,
      0.0,
      1.0
    ],
    [
      410.0,
      2.0,
      11.0,
      471.0,
      29.0,
      55.0,
      15.0,
      5.0,
      1.0,
      1.0
    ],
    [
      215.0,
      2.0,
      5.0,
      31.0,
      709.0,
      7.0,
      10.0,
      20.0,
      0.0,
      1.0
    ],
    [
      335.0,
      1.0,
      7.0,
      61.0,
      31.0,
      525.0,
      2.0,
      37.0,
      0.0,
      1.0
    ],
    [
      182.0,
      2.0,
      5.0,
      44.0,
      21.0,
      12.0,
      731.0,
      1.0,
      2.0,
      0.0
    ],
    [
      255.0,
      0.0,
      1.0,
      11.0,
      33.0,
      8.0,
      2.0,
      690.0,
      0.0,
      0.0
    ],
    [
      817.0,
      3.0,
      0.0,
      2.0,
      2.0,
      1.0,
      0.0,
      0.0,
      175.0,
      0.0
    ],
    [
      553.0,
      53.0,
      1.0,
      1.0,
      1.0,
      0.0,
      1.0,
      1.0,
      0.0,
      389.0
    ]
  ],
  "classRecall": [
    0.9980000257492065,
    0.7670000195503235,
    0.18199999630451202,
    0.47099998593330383,
    0.7089999914169312,
    0.5249999761581421,
    0.7310000061988831,
    0.6899999976158142,
    0.17499999701976776,
    0.3889999985694885
  ],
  "classPrecision": [
    0.2128385603427887,
    0.924096405506134,
    0.8584905862808228,
    0.7223926186561584,
    0.8149425387382507,
    0.8359872698783875,
    0.9347826242446899,
    0.9126983880996704,
    0.9668508172035217,
    0.9725000262260437
  ],
  "classes": [
    "plane",
    "car",
    "bird",
    "cat",
    "deer",
    "dog",
    "frog",
    "horse",
    "ship",
    "truck"
  ]
}