{
  "name": "model",
  "metrics": {
    "train_loss": [
      0.27918051087884543,
      0.2630631930561145,
      0.6542153251820831,
      1.354478272922796,
      1.077428404188834
    ],
    "train_accuracy": [
      0.916074074074074,
      0.9145555555555556,
      0.7745185185185185,
      0.6614814814814814,
      0.6912777777777778
    ],
    "val_loss": [
      0.30113415515169184,
      0.2931077055474545,
      0.694954514503479,
      1.3846316984359255,
      1.1152207559727607
    ],
    "val_accuracy": [
      0.9106666666666666,
      0.9075,
      0.7705,
      0.6656666666666666,
      0.6918333333333333
    ]
  },
  "accuracy": 0.6966,
  "confusion": [
    [
      979.0,
      1.0,
      0.0,
      0.0,
      0.0,
      0.0,
      0.0,
      0.0,
      0.0,
      0.0
    ],
    [
      6.0,
      1127.0,
      0.0,
      1.0,
      0.0,
      0.0,
      0.0,
      0.0,
      1.0,
      0.0
    ],
    [
      971.0,
      2.0,
      53.0,
      0.0,
      0.0,
      0.0,
      0.0,
      3.0,
      3.0,
      0.0
    ],
    [
      27.0,
      0.0,
      1.0,
      969.0,
      0.0,
      1.0,
      0.0,
      7.0,
      5.0,
      0.0
    ],
    [
      40.0,
      2.0,
      0.0,
      0.0,
      927.0,
      0.0,
      0.0,
      1.0,
      0.0,
      12.0
    ],
    [
      498.0,
      1.0,
      0.0,
      17.0,
      0.0,
      375.0,
      0.0,
      0.0,
      0.0,
      1.0
    ],
    [
      954.0,
      3.0,
      0.0,
      0.0,
      1.0,
      0.0,
      0.0,
      0.0,
      0.0,
      0.0
    ],
    [
      255.0,
      8.0,
      1.0,
      1.0,
      0.0,
      0.0,
      0.0,
      762.0,
      0.0,
      1.0
    ],
    [
      105.0,
      1.0,
      1.0,
      1.0,
      3.0,
      0.0,
      0.0,
      3.0,
      859.0,
      1.0
    ],
    [
      55.0,
      7.0,
      0.0,
      12.0,
      13.0,
      1.0,
      0.0,
      4.0,
      2.0,
      915.0
    ]
  ],
  "classRecall": [
    0.9989795684814453,
    0.992951512336731,
    0.051356587558984756,
    0.9594059586524963,
    0.9439918398857117,
    0.4204035997390747,
    0.0,
    0.7412451505661011,
    0.8819301724433899,
    0.9068384766578674
  ],
  "classPrecision": [
    0.2516709566116333,
    0.9782986044883728,
    0.9464285969734192,
    0.9680319428443909,
    0.9819915294647217,
    0.9946949481964111,
    NaN,
    0.9769230484962463,
    0.9873563051223755,
    0.9838709831237793
  ],
  "classes": [
    0,
    1,
    2,
    3,
    4,
    5,
    6,
    7,
    8,
    9
  ]
}