{
  "name": "model",
  "metrics": {
    "train_loss": [
      2.9736245193264703,
      3.174510541964661,
      1.9822082265534184,
      2.067330547354438,
      2.7698701565915886,
      2.4703605141152036,
      3.23298618061976,
      4.771808161654255,
      1.904721644453027,
      2.191148523918607,
      2.344288901171901,
      2.7301334623586047
    ],
    "train_accuracy": [
      0.31124444444444443,
      0.3726888888888889,
      0.5054222222222222,
      0.5401111111111111,
      0.4508888888888889,
      0.5344666666666666,
      0.4723333333333333,
      0.3898,
      0.6436888888888889,
      0.6761111111111111,
      0.6743777777777777,
      0.6164222222222222
    ],
    "val_loss": [
      2.9625631272792816,
      3.2377461016178133,
      2.027748128771782,
      2.1422311156988143,
      2.963044947385788,
      2.649166743457317,
      3.4584718197584152,
      5.139538568258286,
      2.3503349632024766,
      2.799014946818352,
      2.9319142401218414,
      3.4496666491031647
    ],
    "val_accuracy": [
      0.3032,
      0.3742,
      0.4938,
      0.5114,
      0.4298,
      0.5026,
      0.4368,
      0.3692,
      0.5832,
      0.6086,
      0.61,
      0.5398
    ]
  },
  "accuracy": 0.5353,
  "confusion": [
    [
      997.0,
      0.0,
      0.0,
      0.0,
      0.0,
      0.0,
      1.0,
      0.0,
      2.0,
      0.0
    ],
    [
      373.0,
      588.0,
      0.0,
      2.0,
      2.0,
      1.0,
      9.0,
      0.0,
      5.0,
      20.0
    ],
    [
      583.0,
      0.0,
      367.0,
      4.0,
      18.0,
      8.0,
      17.0,
      2.0,
      0.0,
      1.0
    ],
    [
      478.0,
      0.0,
      39.0,
      395.0,
      19.0,
      27.0,
      33.0,
      8.0,
      1.0,
      0.0
    ],
    [
      305.0,
      0.0,
      26.0,
      13.0,
      619.0,
      8.0,
      16.0,
      13.0,
      0.0,
      0.0
    ],
    [
      354.0,
      0.0,
      36.0,
      59.0,
      34.0,
      491.0,
      11.0,
      14.0,
      1.0,
      0.0
    ],
    [
      187.0,
      0.0,
      23.0,
      18.0,
      9.0,
      4.0,
      758.0,
      1.0,
      0.0,
      0.0
    ],
    [
      298.0,
      0.0,
      17.0,
      8.0,
      28.0,
      13.0,
      0.0,
      636.0,
      0.0,
      0.0
    ],
    [
      856.0,
      2.0,
      2.0,
      1.0,
      0.0,
      0.0,
      5.0,
      1.0,
      132.0,
      1.0
    ],
    [
      612.0,
      8.0,
      1.0,
      2.0,
      1.0,
      0.0,
      2.0,
      1.0,
      3.0,
      370.0
    ]
  ],
  "classRecall": [
    0.996999979019165,
    0.5879999995231628,
    0.367000013589859,
    0.39500001072883606,
    0.6190000176429749,
    0.4909999966621399,
    0.7580000162124634,
    0.6359999775886536,
    0.13199999928474426,
    0.3700000047683716
  ],
  "classPrecision": [
    0.19769978523254395,
    0.9832776188850403,
    0.718199610710144,
    0.7868525981903076,
    0.8479452133178711,
    0.8894927501678467,
    0.8896713852882385,
    0.9408283829689026,
    0.9166666865348816,
    0.9438775777816772
  ],
  "classes": [
    "plane",
    "car",
    "bird",
    "cat",
    "deer",
    "dog",
    "frog",
    "horse",
    "ship",
    "truck"
  ]
}