{
  "name": "model",
  "metrics": {
    "train_loss": [
      3.3312222720547155,
      2.774738851257346,
      3.650874249637127,
      3.820839946242896,
      2.967908539216627,
      4.731345331804319,
      2.7205867398191583,
      4.827642450278455,
      3.6599172082814304,
      4.012112792919982,
      5.509771162136034,
      3.2023309503089297
    ],
    "train_accuracy": [
      0.31346666666666667,
      0.3863111111111111,
      0.37551111111111113,
      0.4265777777777778,
      0.4603777777777778,
      0.3737111111111111,
      0.5506666666666666,
      0.43562222222222224,
      0.5178,
      0.4895777777777778,
      0.47644444444444445,
      0.6273777777777778
    ],
    "val_loss": [
      3.383806252479553,
      2.8780293703079223,
      3.891974592208862,
      4.06802528500557,
      3.2063399851322174,
      5.027102172374725,
      2.993667709827423,
      5.201476925611496,
      4.139252147078514,
      4.596333104372024,
      6.272163784503936,
      4.134054011106491
    ],
    "val_accuracy": [
      0.31,
      0.3744,
      0.3584,
      0.4024,
      0.4378,
      0.36,
      0.5234,
      0.4038,
      0.4772,
      0.4398,
      0.4398,
      0.5532
    ]
  },
  "accuracy": 0.5474,
  "confusion": [
    [
      999.0,
      0.0,
      0.0,
      1.0,
      0.0,
      0.0,
      0.0,
      0.0,
      0.0,
      0.0
    ],
    [
      456.0,
      516.0,
      0.0,
      1.0,
      2.0,
      2.0,
      3.0,
      0.0,
      8.0,
      12.0
    ],
    [
      577.0,
      0.0,
      316.0,
      14.0,
      27.0,
      33.0,
      25.0,
      7.0,
      1.0,
      0.0
    ],
    [
      347.0,
      1.0,
      19.0,
      469.0,
      34.0,
      70.0,
      46.0,
      10.0,
      4.0,
      0.0
    ],
    [
      308.0,
      0.0,
      18.0,
      13.0,
      613.0,
      11.0,
      18.0,
      16.0,
      3.0,
      0.0
    ],
    [
      241.0,
      0.0,
      17.0,
      86.0,
      22.0,
      608.0,
      12.0,
      14.0,
      0.0,
      0.0
    ],
    [
      132.0,
      0.0,
      18.0,
      17.0,
      17.0,
      10.0,
      804.0,
      1.0,
      1.0,
      0.0
    ],
    [
      345.0,
      0.0,
      6.0,
      8.0,
      37.0,
      19.0,
      1.0,
      584.0,
      0.0,
      0.0
    ],
    [
      806.0,
      0.0,
      2.0,
      2.0,
      0.0,
      0.0,
      0.0,
      0.0,
      189.0,
      1.0
    ],
    [
      601.0,
      12.0,
      1.0,
      2.0,
      0.0,
      2.0,
      2.0,
      1.0,
      3.0,
      376.0
    ]
  ],
  "classRecall": [
    0.9990000128746033,
    0.515999972820282,
    0.3160000145435333,
    0.4690000116825104,
    0.6129999756813049,
    0.6079999804496765,
    0.8040000200271606,
    0.5839999914169312,
    0.1889999955892563,
    0.37599998712539673
  ],
  "classPrecision": [
    0.2076059877872467,
    0.9754253029823303,
    0.7959697842597961,
    0.765089750289917,
    0.8151595592498779,
    0.8052980303764343,
    0.8825466632843018,
    0.9225908517837524,
    0.9043062329292297,
    0.9665809869766235
  ],
  "classes": [
    "plane",
    "car",
    "bird",
    "cat",
    "deer",
    "dog",
    "frog",
    "horse",
    "ship",
    "truck"
  ]
}