{
  "name": "model",
  "metrics": {
    "train_loss": [
      1.2985495737096144,
      2.8305196109541217,
      4.6383018471053425,
      5.76459202608226,
      7.508227720079828
    ],
    "train_accuracy": [
      0.5810185185185185,
      0.426,
      0.3506666666666667,
      0.35353703703703704,
      0.2845
    ],
    "val_loss": [
      1.2851164467791294,
      2.793331856423236,
      4.587989512910235,
      5.717524376321347,
      7.430274029995533
    ],
    "val_accuracy": [
      0.591,
      0.4295,
      0.3561666666666667,
      0.354,
      0.2833333333333333
    ]
  },
  "accuracy": 0.2843,
  "confusion": [
    [
      980.0,
      0.0,
      0.0,
      0.0,
      0.0,
      0.0,
      0.0,
      0.0,
      0.0,
      0.0
    ],
    [
      135.0,
      1000.0,
      0.0,
      0.0,
      0.0,
      0.0,
      0.0,
      0.0,
      0.0,
      0.0
    ],
    [
      1032.0,
      0.0,
      0.0,
      0.0,
      0.0,
      0.0,
      0.0,
      0.0,
      0.0,
      0.0
    ],
    [
      254.0,
      0.0,
      0.0,
      756.0,
      0.0,
      0.0,
      0.0,
      0.0,
      0.0,
      0.0
    ],
    [
      982.0,
      0.0,
      0.0,
      0.0,
      0.0,
      0.0,
      0.0,
      0.0,
      0.0,
      0.0
    ],
    [
      892.0,
      0.0,
      0.0,
      0.0,
      0.0,
      0.0,
      0.0,
      0.0,
      0.0,
      0.0
    ],
    [
      957.0,
      1.0,
      0.0,
      0.0,
      0.0,
      0.0,
      0.0,
      0.0,
      0.0,
      0.0
    ],
    [
      1028.0,
      0.0,
      0.0,
      0.0,
      0.0,
      0.0,
      0.0,
      0.0,
      0.0,
      0.0
    ],
    [
      974.0,
      0.0,
      0.0,
      0.0,
      0.0,
      0.0,
      0.0,
      0.0,
      0.0,
      0.0
    ],
    [
      900.0,
      2.0,
      0.0,
      0.0,
      0.0,
      0.0,
      0.0,
      0.0,
      0.0,
      107.0
    ]
  ],
  "classRecall": [
    1.0,
    0.8810572624206543,
    0.0,
    0.7485148310661316,
    0.0,
    0.0,
    0.0,
    0.0,
    0.0,
    0.10604558885097504
  ],
  "classPrecision": [
    0.1204819306731224,
    0.9970089793205261,
    NaN,
    1.0,
    NaN,
    NaN,
    NaN,
    NaN,
    NaN,
    1.0
  ],
  "classes": [
    0,
    1,
    2,
    3,
    4,
    5,
    6,
    7,
    8,
    9
  ]
}