{
  "name": "model",
  "metrics": {
    "train_loss": [
      5.207128340547735,
      4.946615262465044,
      5.4510511579838665,
      5.970073816451159,
      5.781180799007416,
      7.12318386814811,
      8.974526043642651,
      9.698219201781534,
      12.735056229613043,
      11.965132545341145,
      7.429782398722389,
      15.632925513115795
    ],
    "train_accuracy": [
      0.1535111111111111,
      0.19442222222222222,
      0.23702222222222222,
      0.26755555555555555,
      0.25146666666666667,
      0.24037777777777777,
      0.1588,
      0.19577777777777777,
      0.13542222222222222,
      0.17826666666666666,
      0.32513333333333333,
      0.1540888888888889
    ],
    "val_loss": [
      5.3289129614830015,
      5.1258147120475765,
      5.6287061214447025,
      6.281213533878327,
      6.010539126396179,
      7.489425945281982,
      9.378741550445557,
      10.178261816501617,
      13.375482773780822,
      12.82319769859314,
      8.316309523582458,
      16.67043035030365
    ],
    "val_accuracy": [
      0.1496,
      0.192,
      0.2312,
      0.255,
      0.2394,
      0.2306,
      0.1582,
      0.1878,
      0.1334,
      0.1706,
      0.2918,
      0.1462
    ]
  },
  "accuracy": 0.1521,
  "confusion": [
    [
      1000.0,
      0.0,
      0.0,
      0.0,
      0.0,
      0.0,
      0.0,
      0.0,
      0.0,
      0.0
    ],
    [
      964.0,
      36.0,
      0.0,
      0.0,
      0.0,
      0.0,
      0.0,
      0.0,
      0.0,
      0.0
    ],
    [
      987.0,
      0.0,
      10.0,
      0.0,
      1.0,
      0.0,
      2.0,
      0.0,
      0.0,
      0.0
    ],
    [
      956.0,
      0.0,
      0.0,
      40.0,
      0.0,
      1.0,
      1.0,
      2.0,
      0.0,
      0.0
    ],
    [
      972.0,
      0.0,
      0.0,
      0.0,
      26.0,
      1.0,
      0.0,
      1.0,
      0.0,
      0.0
    ],
    [
      979.0,
      0.0,
      0.0,
      2.0,
      1.0,
      17.0,
      0.0,
      1.0,
      0.0,
      0.0
    ],
    [
      731.0,
      0.0,
      0.0,
      1.0,
      1.0,
      0.0,
      267.0,
      0.0,
      0.0,
      0.0
    ],
    [
      879.0,
      0.0,
      0.0,
      0.0,
      1.0,
      0.0,
      0.0,
      120.0,
      0.0,
      0.0
    ],
    [
      1000.0,
      0.0,
      0.0,
      0.0,
      0.0,
      0.0,
      0.0,
      0.0,
      0.0,
      0.0
    ],
    [
      995.0,
      0.0,
      0.0,
      0.0,
      0.0,
      0.0,
      0.0,
      0.0,
      0.0,
      5.0
    ]
  ],
  "classRecall": [
    1.0,
    0.035999998450279236,
    0.009999999776482582,
    0.03999999910593033,
    0.026000000536441803,
    0.017000000923871994,
    0.2669999897480011,
    0.11999999731779099,
    0.0,
    0.004999999888241291
  ],
  "classPrecision": [
    0.10567473620176315,
    1.0,
    1.0,
    0.930232584476471,
    0.8666666746139526,
    0.8947368264198303,
    0.9888888597488403,
    0.9677419066429138,
    NaN,
    1.0
  ],
  "classes": [
    "plane",
    "car",
    "bird",
    "cat",
    "deer",
    "dog",
    "frog",
    "horse",
    "ship",
    "truck"
  ]
}