{
  "name": "model",
  "metrics": {
    "train_loss": [
      0.16252198538155918,
      0.10328766104646063,
      0.08741695344695265,
      0.07301314955939191,
      0.05927230693483769
    ],
    "train_accuracy": [
      0.9537777777777777,
      0.9696296296296296,
      0.9747777777777777,
      0.9789814814814815,
      0.982537037037037
    ],
    "val_loss": [
      0.18935785442590714,
      0.1333116835102122,
      0.12878087361125237,
      0.11305159564189454,
      0.10540828576430361
    ],
    "val_accuracy": [
      0.9468333333333333,
      0.9623333333333334,
      0.9613333333333334,
      0.9675,
      0.9715
    ]
  },
  "accuracy": 0.9755,
  "confusion": [
    [
      974.0,
      0.0,
      1.0,
      0.0,
      0.0,
      1.0,
      1.0,
      1.0,
      2.0,
      0.0
    ],
    [
      0.0,
      1123.0,
      3.0,
      0.0,
      0.0,
      1.0,
      5.0,
      1.0,
      2.0,
      0.0
    ],
    [
      5.0,
      1.0,
      1008.0,
      2.0,
      2.0,
      0.0,
      3.0,
      8.0,
      2.0,
      1.0
    ],
    [
      1.0,
      0.0,
      9.0,
      977.0,
      0.0,
      11.0,
      0.0,
      8.0,
      4.0,
      0.0
    ],
    [
      1.0,
      0.0,
      1.0,
      0.0,
      952.0,
      0.0,
      8.0,
      3.0,
      1.0,
      16.0
    ],
    [
      3.0,
      0.0,
      0.0,
      5.0,
      0.0,
      868.0,
      5.0,
      3.0,
      3.0,
      5.0
    ],
    [
      4.0,
      3.0,
      0.0,
      0.0,
      4.0,
      4.0,
      940.0,
      0.0,
      3.0,
      0.0
    ],
    [
      1.0,
      9.0,
      9.0,
      0.0,
      0.0,
      0.0,
      0.0,
      998.0,
      1.0,
      10.0
    ],
    [
      4.0,
      0.0,
      2.0,
      3.0,
      5.0,
      5.0,
      5.0,
      7.0,
      939.0,
      4.0
    ],
    [
      4.0,
      4.0,
      0.0,
      5.0,
      10.0,
      1.0,
      0.0,
      7.0,
      2.0,
      976.0
    ]
  ],
  "classRecall": [
    0.9938775300979614,
    0.9894273281097412,
    0.9767441749572754,
    0.9673267602920532,
    0.9694501161575317,
    0.9730941653251648,
    0.9812108278274536,
    0.9708171486854553,
    0.9640657305717468,
    0.9672943353652954
  ],
  "classPrecision": [
    0.9769307971000671,
    0.9850876927375793,
    0.9757986664772034,
    0.9848790168762207,
    0.9784172773361206,
    0.9741863012313843,
    0.9720786213874817,
    0.9633204340934753,
    0.9791449308395386,
    0.9644268751144409
  ],
  "classes": [
    0,
    1,
    2,
    3,
    4,
    5,
    6,
    7,
    8,
    9
  ]
}