{
  "name": "model",
  "metrics": {
    "train_loss": [
      0.47024045150144406,
      0.5438369554930954,
      0.5349082341550085,
      0.7920605231659107,
      0.8914785335696704
    ],
    "train_accuracy": [
      0.859574074074074,
      0.770425925925926,
      0.7962037037037037,
      0.7190185185185185,
      0.6999074074074074
    ],
    "val_loss": [
      0.489792785111894,
      0.5730074682134263,
      0.5571972956048682,
      0.8163759962041327,
      0.931627906383352
    ],
    "val_accuracy": [
      0.8556666666666667,
      0.769,
      0.7996666666666666,
      0.7203333333333334,
      0.6978333333333333
    ]
  },
  "accuracy": 0.7086,
  "confusion": [
    [
      980.0,
      0.0,
      0.0,
      0.0,
      0.0,
      0.0,
      0.0,
      0.0,
      0.0,
      0.0
    ],
    [
      4.0,
      1126.0,
      2.0,
      2.0,
      0.0,
      0.0,
      0.0,
      0.0,
      1.0,
      0.0
    ],
    [
      746.0,
      2.0,
      284.0,
      0.0,
      0.0,
      0.0,
      0.0,
      0.0,
      0.0,
      0.0
    ],
    [
      30.0,
      0.0,
      2.0,
      971.0,
      0.0,
      2.0,
      0.0,
      5.0,
      0.0,
      0.0
    ],
    [
      42.0,
      2.0,
      0.0,
      0.0,
      930.0,
      0.0,
      0.0,
      0.0,
      0.0,
      8.0
    ],
    [
      298.0,
      0.0,
      0.0,
      14.0,
      1.0,
      577.0,
      0.0,
      0.0,
      0.0,
      2.0
    ],
    [
      930.0,
      2.0,
      0.0,
      0.0,
      0.0,
      0.0,
      26.0,
      0.0,
      0.0,
      0.0
    ],
    [
      374.0,
      10.0,
      3.0,
      1.0,
      1.0,
      0.0,
      0.0,
      636.0,
      0.0,
      3.0
    ],
    [
      324.0,
      1.0,
      1.0,
      3.0,
      2.0,
      1.0,
      0.0,
      2.0,
      633.0,
      7.0
    ],
    [
      59.0,
      7.0,
      0.0,
      5.0,
      14.0,
      1.0,
      0.0,
      0.0,
      0.0,
      923.0
    ]
  ],
  "classRecall": [
    1.0,
    0.9920704960823059,
    0.27519381046295166,
    0.9613861441612244,
    0.9470468163490295,
    0.6468609571456909,
    0.027139874175190926,
    0.618677020072937,
    0.6498973369598389,
    0.9147670865058899
  ],
  "classPrecision": [
    0.25878003239631653,
    0.9791304469108582,
    0.9726027250289917,
    0.9748995900154114,
    0.9810126423835754,
    0.9931153059005737,
    1.0,
    0.9891135096549988,
    0.9984227418899536,
    0.9787911176681519
  ],
  "classes": [
    0,
    1,
    2,
    3,
    4,
    5,
    6,
    7,
    8,
    9
  ]
}