{
  "name": "model",
  "metrics": {
    "train_loss": [
      5.837792064655911,
      8.109764131632717,
      8.185699131001126,
      8.688468259843914,
      9.171872713349082,
      8.780362513932316,
      13.252486835826527,
      14.751978091218255,
      14.30300283702937,
      11.06089492819526,
      14.515996149995111,
      23.31280838359486
    ],
    "train_accuracy": [
      0.1356,
      0.1491111111111111,
      0.22006666666666666,
      0.1408222222222222,
      0.19493333333333332,
      0.22135555555555556,
      0.14682222222222222,
      0.1532888888888889,
      0.2214888888888889,
      0.25495555555555555,
      0.19055555555555556,
      0.11828888888888889
    ],
    "val_loss": [
      5.863213455677032,
      8.16893504858017,
      8.246426439285278,
      8.658602583408356,
      9.21243929862976,
      8.901255190372467,
      13.298324799537658,
      14.814618849754334,
      14.693996286392212,
      11.326578068733216,
      15.057717418670654,
      23.675803852081298
    ],
    "val_accuracy": [
      0.1368,
      0.1488,
      0.2142,
      0.1376,
      0.1938,
      0.214,
      0.145,
      0.1504,
      0.2072,
      0.2418,
      0.1808,
      0.1142
    ]
  },
  "accuracy": 0.1131,
  "confusion": [
    [
      1000.0,
      0.0,
      0.0,
      0.0,
      0.0,
      0.0,
      0.0,
      0.0,
      0.0,
      0.0
    ],
    [
      1000.0,
      0.0,
      0.0,
      0.0,
      0.0,
      0.0,
      0.0,
      0.0,
      0.0,
      0.0
    ],
    [
      998.0,
      0.0,
      1.0,
      0.0,
      1.0,
      0.0,
      0.0,
      0.0,
      0.0,
      0.0
    ],
    [
      997.0,
      0.0,
      0.0,
      3.0,
      0.0,
      0.0,
      0.0,
      0.0,
      0.0,
      0.0
    ],
    [
      972.0,
      0.0,
      0.0,
      0.0,
      26.0,
      0.0,
      0.0,
      2.0,
      0.0,
      0.0
    ],
    [
      991.0,
      0.0,
      0.0,
      0.0,
      0.0,
      8.0,
      0.0,
      1.0,
      0.0,
      0.0
    ],
    [
      943.0,
      0.0,
      0.0,
      0.0,
      0.0,
      0.0,
      57.0,
      0.0,
      0.0,
      0.0
    ],
    [
      967.0,
      0.0,
      0.0,
      0.0,
      1.0,
      1.0,
      0.0,
      31.0,
      0.0,
      0.0
    ],
    [
      1000.0,
      0.0,
      0.0,
      0.0,
      0.0,
      0.0,
      0.0,
      0.0,
      0.0,
      0.0
    ],
    [
      995.0,
      0.0,
      0.0,
      0.0,
      0.0,
      0.0,
      0.0,
      0.0,
      0.0,
      5.0
    ]
  ],
  "classRecall": [
    1.0,
    0.0,
    0.0010000000474974513,
    0.003000000026077032,
    0.026000000536441803,
    0.00800000037997961,
    0.05700000002980232,
    0.03099999949336052,
    0.0,
    0.004999999888241291
  ],
  "classPrecision": [
    0.10138902813196182,
    NaN,
    1.0,
    1.0,
    0.9285714030265808,
    0.8888888955116272,
    1.0,
    0.9117646813392639,
    NaN,
    1.0
  ],
  "classes": [
    "plane",
    "car",
    "bird",
    "cat",
    "deer",
    "dog",
    "frog",
    "horse",
    "ship",
    "truck"
  ]
}