{
  "name": "model",
  "metrics": {
    "train_loss": [
      1.2411339624798128,
      2.250239675643885,
      3.248246193497102,
      4.672624764849225,
      5.271237875612991
    ],
    "train_accuracy": [
      0.6451481481481481,
      0.4733888888888889,
      0.35838888888888887,
      0.2195,
      0.2951111111111111
    ],
    "val_loss": [
      1.2288937898392374,
      2.226989134829095,
      3.2239658325276475,
      4.630422470417429,
      5.2183452768528715
    ],
    "val_accuracy": [
      0.6495,
      0.4761666666666667,
      0.3611666666666667,
      0.2205,
      0.2986666666666667
    ]
  },
  "accuracy": 0.2938,
  "confusion": [
    [
      980.0,
      0.0,
      0.0,
      0.0,
      0.0,
      0.0,
      0.0,
      0.0,
      0.0,
      0.0
    ],
    [
      31.0,
      1104.0,
      0.0,
      0.0,
      0.0,
      0.0,
      0.0,
      0.0,
      0.0,
      0.0
    ],
    [
      1032.0,
      0.0,
      0.0,
      0.0,
      0.0,
      0.0,
      0.0,
      0.0,
      0.0,
      0.0
    ],
    [
      401.0,
      0.0,
      0.0,
      609.0,
      0.0,
      0.0,
      0.0,
      0.0,
      0.0,
      0.0
    ],
    [
      924.0,
      0.0,
      0.0,
      0.0,
      57.0,
      0.0,
      0.0,
      0.0,
      0.0,
      1.0
    ],
    [
      892.0,
      0.0,
      0.0,
      0.0,
      0.0,
      0.0,
      0.0,
      0.0,
      0.0,
      0.0
    ],
    [
      957.0,
      1.0,
      0.0,
      0.0,
      0.0,
      0.0,
      0.0,
      0.0,
      0.0,
      0.0
    ],
    [
      1025.0,
      3.0,
      0.0,
      0.0,
      0.0,
      0.0,
      0.0,
      0.0,
      0.0,
      0.0
    ],
    [
      974.0,
      0.0,
      0.0,
      0.0,
      0.0,
      0.0,
      0.0,
      0.0,
      0.0,
      0.0
    ],
    [
      816.0,
      4.0,
      0.0,
      1.0,
      0.0,
      0.0,
      0.0,
      0.0,
      0.0,
      188.0
    ]
  ],
  "classRecall": [
    1.0,
    0.9726872444152832,
    0.0,
    0.60297030210495,
    0.058044806122779846,
    0.0,
    0.0,
    0.0,
    0.0,
    0.18632309138774872
  ],
  "classPrecision": [
    0.1220119521021843,
    0.9928057789802551,
    NaN,
    0.9983606338500977,
    1.0,
    NaN,
    NaN,
    NaN,
    NaN,
    0.9947090148925781
  ],
  "classes": [
    0,
    1,
    2,
    3,
    4,
    5,
    6,
    7,
    8,
    9
  ]
}