{
  "name": "model",
  "metrics": {
    "train_loss": [
      7.697079233147881,
      5.395531097596342,
      6.903554942120206,
      11.183866701342843,
      13.305220590396361,
      13.554703758521514,
      16.167457816275682,
      12.101999169046229,
      14.309764967723327,
      17.145853625102475,
      15.526752022179691,
      15.301442414522171
    ],
    "train_accuracy": [
      0.1005111111111111,
      0.13991111111111112,
      0.15806666666666666,
      0.12148888888888888,
      0.11864444444444444,
      0.10528888888888889,
      0.12468888888888889,
      0.13333333333333333,
      0.11964444444444444,
      0.11273333333333334,
      0.14351111111111112,
      0.16724444444444445
    ],
    "val_loss": [
      7.682673668861389,
      5.374042522907257,
      6.861200612783432,
      11.283238816261292,
      13.47676932811737,
      13.928409314155578,
      16.466613435745238,
      12.568662691116334,
      14.743358397483826,
      17.943169116973877,
      16.344849491119383,
      16.22253363132477
    ],
    "val_accuracy": [
      0.1,
      0.141,
      0.153,
      0.1218,
      0.1178,
      0.1058,
      0.1208,
      0.129,
      0.1172,
      0.1092,
      0.139,
      0.155
    ]
  },
  "accuracy": 0.1619,
  "confusion": [
    [
      1000.0,
      0.0,
      0.0,
      0.0,
      0.0,
      0.0,
      0.0,
      0.0,
      0.0,
      0.0
    ],
    [
      995.0,
      5.0,
      0.0,
      0.0,
      0.0,
      0.0,
      0.0,
      0.0,
      0.0,
      0.0
    ],
    [
      989.0,
      0.0,
      7.0,
      0.0,
      2.0,
      1.0,
      1.0,
      0.0,
      0.0,
      0.0
    ],
    [
      949.0,
      0.0,
      0.0,
      44.0,
      0.0,
      2.0,
      5.0,
      0.0,
      0.0,
      0.0
    ],
    [
      830.0,
      0.0,
      0.0,
      2.0,
      160.0,
      0.0,
      6.0,
      2.0,
      0.0,
      0.0
    ],
    [
      966.0,
      0.0,
      1.0,
      7.0,
      3.0,
      20.0,
      0.0,
      3.0,
      0.0,
      0.0
    ],
    [
      744.0,
      0.0,
      2.0,
      1.0,
      1.0,
      1.0,
      251.0,
      0.0,
      0.0,
      0.0
    ],
    [
      884.0,
      0.0,
      0.0,
      0.0,
      1.0,
      1.0,
      0.0,
      114.0,
      0.0,
      0.0
    ],
    [
      1000.0,
      0.0,
      0.0,
      0.0,
      0.0,
      0.0,
      0.0,
      0.0,
      0.0,
      0.0
    ],
    [
      982.0,
      0.0,
      0.0,
      0.0,
      0.0,
      0.0,
      0.0,
      0.0,
      0.0,
      18.0
    ]
  ],
  "classRecall": [
    1.0,
    0.004999999888241291,
    0.007000000216066837,
    0.04399999976158142,
    0.1599999964237213,
    0.019999999552965164,
    0.25099998712539673,
    0.11400000005960464,
    0.0,
    0.017999999225139618
  ],
  "classPrecision": [
    0.10707784444093704,
    1.0,
    0.699999988079071,
    0.8148148059844971,
    0.9580838084220886,
    0.800000011920929,
    0.9543726444244385,
    0.9579831957817078,
    NaN,
    1.0
  ],
  "classes": [
    "plane",
    "car",
    "bird",
    "cat",
    "deer",
    "dog",
    "frog",
    "horse",
    "ship",
    "truck"
  ]
}