{
  "name": "model",
  "metrics": {
    "train_loss": [
      1.3844577226449142,
      0.9729240695861253,
      0.7850526750765063,
      0.6557771482250907,
      0.4927506645802747,
      0.43899530985138635,
      0.33597841105339205,
      0.32065821629525587,
      0.24046514703976837,
      0.20000150848434053,
      0.16591312236745248,
      0.15228977139023217
    ],
    "train_accuracy": [
      0.48688888888888887,
      0.6589333333333334,
      0.7255777777777778,
      0.7692444444444444,
      0.8346,
      0.8484222222222222,
      0.8901111111111111,
      0.8898,
      0.9200666666666667,
      0.9335111111111111,
      0.9444444444444444,
      0.9485111111111111
    ],
    "val_loss": [
      1.419072264432907,
      1.0326577231287957,
      0.8632093206048012,
      0.7582083031535148,
      0.6411071367561817,
      0.6415933527052402,
      0.5539554111659527,
      0.6075564503669739,
      0.5556344397366046,
      0.6257219538092613,
      0.6095449909567833,
      0.5912431621924042
    ],
    "val_accuracy": [
      0.4798,
      0.6338,
      0.697,
      0.7326,
      0.7832,
      0.788,
      0.8094,
      0.8024,
      0.8196,
      0.8154,
      0.8138,
      0.8228
    ]
  },
  "accuracy": 0.8177,
  "confusion": [
    [
      856.0,
      6.0,
      34.0,
      11.0,
      28.0,
      3.0,
      12.0,
      8.0,
      13.0,
      29.0
    ],
    [
      6.0,
      903.0,
      6.0,
      2.0,
      2.0,
      1.0,
      9.0,
      2.0,
      10.0,
      59.0
    ],
    [
      38.0,
      1.0,
      801.0,
      5.0,
      62.0,
      32.0,
      39.0,
      18.0,
      1.0,
      3.0
    ],
    [
      16.0,
      7.0,
      107.0,
      531.0,
      74.0,
      131.0,
      67.0,
      46.0,
      7.0,
      14.0
    ],
    [
      6.0,
      1.0,
      52.0,
      13.0,
      850.0,
      14.0,
      22.0,
      37.0,
      2.0,
      3.0
    ],
    [
      3.0,
      0.0,
      68.0,
      75.0,
      35.0,
      742.0,
      19.0,
      56.0,
      0.0,
      2.0
    ],
    [
      5.0,
      1.0,
      68.0,
      18.0,
      20.0,
      11.0,
      862.0,
      10.0,
      3.0,
      2.0
    ],
    [
      5.0,
      1.0,
      33.0,
      6.0,
      51.0,
      16.0,
      2.0,
      883.0,
      0.0,
      3.0
    ],
    [
      72.0,
      21.0,
      17.0,
      4.0,
      12.0,
      2.0,
      3.0,
      5.0,
      838.0,
      26.0
    ],
    [
      14.0,
      41.0,
      5.0,
      2.0,
      5.0,
      2.0,
      4.0,
      8.0,
      8.0,
      911.0
    ]
  ],
  "classRecall": [
    0.8560000061988831,
    0.902999997138977,
    0.8009999990463257,
    0.531000018119812,
    0.8500000238418579,
    0.7419999837875366,
    0.8619999885559082,
    0.8830000162124634,
    0.8379999995231628,
    0.9110000133514404
  ],
  "classPrecision": [
    0.8383937478065491,
    0.9195519089698792,
    0.6725440621376038,
    0.7961019277572632,
    0.746268630027771,
    0.7777777910232544,
    0.8296439051628113,
    0.82292640209198,
    0.9501133561134338,
    0.8659695982933044
  ],
  "classes": [
    "plane",
    "car",
    "bird",
    "cat",
    "deer",
    "dog",
    "frog",
    "horse",
    "ship",
    "truck"
  ]
}