{
  "name": "model",
  "metrics": {
    "train_loss": [
      0.33320517308339126,
      0.40618490290020315,
      0.42692951621461256,
      0.7251451050077005,
      0.779206427776418
    ],
    "train_accuracy": [
      0.8653333333333333,
      0.8113148148148148,
      0.8311111111111111,
      0.8039259259259259,
      0.8120555555555555
    ],
    "val_loss": [
      0.3584105223417282,
      0.43546276713939425,
      0.4614626879387714,
      0.7655831467598042,
      0.8271664748800561
    ],
    "val_accuracy": [
      0.8655,
      0.8126666666666666,
      0.8263333333333334,
      0.8,
      0.7988333333333333
    ]
  },
  "accuracy": 0.8115,
  "confusion": [
    [
      979.0,
      1.0,
      0.0,
      0.0,
      0.0,
      0.0,
      0.0,
      0.0,
      0.0,
      0.0
    ],
    [
      12.0,
      1118.0,
      3.0,
      0.0,
      0.0,
      0.0,
      0.0,
      1.0,
      1.0,
      0.0
    ],
    [
      104.0,
      0.0,
      922.0,
      0.0,
      0.0,
      0.0,
      0.0,
      6.0,
      0.0,
      0.0
    ],
    [
      34.0,
      0.0,
      3.0,
      954.0,
      0.0,
      9.0,
      0.0,
      8.0,
      2.0,
      0.0
    ],
    [
      37.0,
      1.0,
      1.0,
      0.0,
      935.0,
      0.0,
      0.0,
      2.0,
      0.0,
      6.0
    ],
    [
      294.0,
      0.0,
      0.0,
      1.0,
      1.0,
      596.0,
      0.0,
      0.0,
      0.0,
      0.0
    ],
    [
      955.0,
      2.0,
      0.0,
      0.0,
      1.0,
      0.0,
      0.0,
      0.0,
      0.0,
      0.0
    ],
    [
      31.0,
      3.0,
      7.0,
      0.0,
      1.0,
      0.0,
      0.0,
      984.0,
      0.0,
      2.0
    ],
    [
      273.0,
      0.0,
      1.0,
      0.0,
      3.0,
      0.0,
      0.0,
      3.0,
      692.0,
      2.0
    ],
    [
      41.0,
      5.0,
      0.0,
      2.0,
      19.0,
      0.0,
      0.0,
      7.0,
      0.0,
      935.0
    ]
  ],
  "classRecall": [
    0.9989795684814453,
    0.9850220084190369,
    0.893410861492157,
    0.9445544481277466,
    0.9521384835243225,
    0.6681614518165588,
    0.0,
    0.957198441028595,
    0.7104722857475281,
    0.9266600608825684
  ],
  "classPrecision": [
    0.3547101318836212,
    0.9893805384635925,
    0.9839914441108704,
    0.9968652129173279,
    0.9739583134651184,
    0.9851239919662476,
    NaN,
    0.9732937812805176,
    0.9956834316253662,
    0.9894179701805115
  ],
  "classes": [
    0,
    1,
    2,
    3,
    4,
    5,
    6,
    7,
    8,
    9
  ]
}