{
  "name": "model",
  "metrics": {
    "train_loss": [
      1.6080354703546136,
      2.7829670866518788,
      5.39065437746274,
      6.227120024333068,
      7.934111252780209
    ],
    "train_accuracy": [
      0.5626111111111111,
      0.43096296296296294,
      0.23405555555555554,
      0.30003703703703705,
      0.2134074074074074
    ],
    "val_loss": [
      1.5784809944477487,
      2.74006801463188,
      5.325875901161356,
      6.148707410122486,
      7.82729553669057
    ],
    "val_accuracy": [
      0.5718333333333333,
      0.434,
      0.2375,
      0.3,
      0.21316666666666667
    ]
  },
  "accuracy": 0.2131,
  "confusion": [
    [
      980.0,
      0.0,
      0.0,
      0.0,
      0.0,
      0.0,
      0.0,
      0.0,
      0.0,
      0.0
    ],
    [
      29.0,
      1106.0,
      0.0,
      0.0,
      0.0,
      0.0,
      0.0,
      0.0,
      0.0,
      0.0
    ],
    [
      1032.0,
      0.0,
      0.0,
      0.0,
      0.0,
      0.0,
      0.0,
      0.0,
      0.0,
      0.0
    ],
    [
      1010.0,
      0.0,
      0.0,
      0.0,
      0.0,
      0.0,
      0.0,
      0.0,
      0.0,
      0.0
    ],
    [
      937.0,
      0.0,
      0.0,
      0.0,
      45.0,
      0.0,
      0.0,
      0.0,
      0.0,
      0.0
    ],
    [
      892.0,
      0.0,
      0.0,
      0.0,
      0.0,
      0.0,
      0.0,
      0.0,
      0.0,
      0.0
    ],
    [
      958.0,
      0.0,
      0.0,
      0.0,
      0.0,
      0.0,
      0.0,
      0.0,
      0.0,
      0.0
    ],
    [
      1028.0,
      0.0,
      0.0,
      0.0,
      0.0,
      0.0,
      0.0,
      0.0,
      0.0,
      0.0
    ],
    [
      974.0,
      0.0,
      0.0,
      0.0,
      0.0,
      0.0,
      0.0,
      0.0,
      0.0,
      0.0
    ],
    [
      1005.0,
      4.0,
      0.0,
      0.0,
      0.0,
      0.0,
      0.0,
      0.0,
      0.0,
      0.0
    ]
  ],
  "classRecall": [
    1.0,
    0.9744493365287781,
    0.0,
    0.0,
    0.04582484811544418,
    0.0,
    0.0,
    0.0,
    0.0,
    0.0
  ],
  "classPrecision": [
    0.11079706251621246,
    0.9963964223861694,
    NaN,
    NaN,
    1.0,
    NaN,
    NaN,
    NaN,
    NaN,
    NaN
  ],
  "classes": [
    0,
    1,
    2,
    3,
    4,
    5,
    6,
    7,
    8,
    9
  ]
}