{
  "name": "model",
  "metrics": {
    "train_loss": [
      2.5206773389469492,
      2.5839146490801466,
      3.989235523072156,
      3.438454897566275,
      4.2959188615733925,
      3.4602953974496233,
      2.493034329604019,
      3.531724188815464,
      3.709504185752435,
      5.3429265787655655,
      3.265026853843169,
      6.243435877290639
    ],
    "train_accuracy": [
      0.32682222222222224,
      0.33511111111111114,
      0.30522222222222223,
      0.3422,
      0.3230222222222222,
      0.41475555555555554,
      0.5374222222222222,
      0.4784888888888889,
      0.4596222222222222,
      0.385,
      0.5615333333333333,
      0.4155333333333333
    ],
    "val_loss": [
      2.523230117559433,
      2.6210903108119963,
      4.033164000511169,
      3.531081074476242,
      4.5084574043750765,
      3.657092219591141,
      2.7710508316755296,
      3.897706872224808,
      4.235794788599014,
      5.857547795772552,
      4.170935797691345,
      7.14595947265625
    ],
    "val_accuracy": [
      0.3248,
      0.3272,
      0.2958,
      0.3264,
      0.3036,
      0.3776,
      0.4918,
      0.4368,
      0.4176,
      0.3504,
      0.4998,
      0.37
    ]
  },
  "accuracy": 0.3604,
  "confusion": [
    [
      999.0,
      0.0,
      0.0,
      0.0,
      1.0,
      0.0,
      0.0,
      0.0,
      0.0,
      0.0
    ],
    [
      727.0,
      262.0,
      0.0,
      1.0,
      0.0,
      1.0,
      4.0,
      0.0,
      0.0,
      5.0
    ],
    [
      902.0,
      0.0,
      46.0,
      12.0,
      6.0,
      14.0,
      19.0,
      1.0,
      0.0,
      0.0
    ],
    [
      585.0,
      0.0,
      3.0,
      329.0,
      6.0,
      44.0,
      25.0,
      8.0,
      0.0,
      0.0
    ],
    [
      633.0,
      1.0,
      2.0,
      24.0,
      303.0,
      13.0,
      11.0,
      13.0,
      0.0,
      0.0
    ],
    [
      498.0,
      0.0,
      2.0,
      34.0,
      8.0,
      443.0,
      3.0,
      11.0,
      0.0,
      1.0
    ],
    [
      296.0,
      1.0,
      0.0,
      15.0,
      2.0,
      6.0,
      677.0,
      1.0,
      1.0,
      1.0
    ],
    [
      638.0,
      0.0,
      0.0,
      4.0,
      7.0,
      9.0,
      1.0,
      341.0,
      0.0,
      0.0
    ],
    [
      957.0,
      0.0,
      0.0,
      1.0,
      0.0,
      0.0,
      0.0,
      1.0,
      39.0,
      2.0
    ],
    [
      829.0,
      2.0,
      0.0,
      1.0,
      0.0,
      0.0,
      1.0,
      2.0,
      0.0,
      165.0
    ]
  ],
  "classRecall": [
    0.9990000128746033,
    0.2619999945163727,
    0.04600000008940697,
    0.32899999618530273,
    0.30300000309944153,
    0.4429999887943268,
    0.6769999861717224,
    0.3409999907016754,
    0.039000000804662704,
    0.16500000655651093
  ],
  "classPrecision": [
    0.14142128825187683,
    0.9849624037742615,
    0.8679245114326477,
    0.7814726829528809,
    0.9099099040031433,
    0.8358490467071533,
    0.9136302471160889,
    0.9021164178848267,
    0.9750000238418579,
    0.9482758641242981
  ],
  "classes": [
    "plane",
    "car",
    "bird",
    "cat",
    "deer",
    "dog",
    "frog",
    "horse",
    "ship",
    "truck"
  ]
}