{
  "name": "model",
  "metrics": {
    "train_loss": [
      1.4264549331908876,
      0.9999980457465757,
      0.7925036783245477,
      0.6175428070127964,
      0.5183438078754328,
      0.5364994637837465,
      0.3654590532268313,
      0.3866149342026223,
      0.3490271322344514,
      0.2505497987678444,
      0.20175709058953958,
      0.38449839202009817
    ],
    "train_accuracy": [
      0.48288888888888887,
      0.6438444444444444,
      0.7289777777777777,
      0.7884666666666666,
      0.8246222222222223,
      0.8180222222222222,
      0.8771111111111111,
      0.8669111111111111,
      0.8842888888888889,
      0.9148888888888889,
      0.9332222222222222,
      0.8806
    ],
    "val_loss": [
      1.4445296704769135,
      1.023761224746704,
      0.8570643156766892,
      0.7207755714654922,
      0.6745843455195427,
      0.7403399720788002,
      0.5833141639828682,
      0.6706241123378277,
      0.6668616531416773,
      0.6073798947036266,
      0.6095275428146124,
      0.9111123755574226
    ],
    "val_accuracy": [
      0.477,
      0.633,
      0.7022,
      0.7486,
      0.7656,
      0.7574,
      0.7928,
      0.7832,
      0.7938,
      0.8066,
      0.8104,
      0.7594
    ]
  },
  "accuracy": 0.7631,
  "confusion": [
    [
      983.0,
      2.0,
      1.0,
      5.0,
      0.0,
      0.0,
      0.0,
      4.0,
      2.0,
      3.0
    ],
    [
      54.0,
      898.0,
      2.0,
      4.0,
      0.0,
      0.0,
      0.0,
      2.0,
      1.0,
      39.0
    ],
    [
      229.0,
      2.0,
      631.0,
      35.0,
      45.0,
      17.0,
      14.0,
      20.0,
      2.0,
      5.0
    ],
    [
      131.0,
      4.0,
      55.0,
      670.0,
      27.0,
      54.0,
      23.0,
      25.0,
      5.0,
      6.0
    ],
    [
      106.0,
      2.0,
      33.0,
      38.0,
      756.0,
      15.0,
      11.0,
      35.0,
      3.0,
      1.0
    ],
    [
      62.0,
      4.0,
      62.0,
      153.0,
      38.0,
      632.0,
      7.0,
      37.0,
      4.0,
      1.0
    ],
    [
      63.0,
      7.0,
      38.0,
      53.0,
      45.0,
      14.0,
      768.0,
      4.0,
      6.0,
      2.0
    ],
    [
      69.0,
      1.0,
      21.0,
      22.0,
      29.0,
      18.0,
      2.0,
      835.0,
      0.0,
      3.0
    ],
    [
      372.0,
      12.0,
      3.0,
      4.0,
      0.0,
      1.0,
      1.0,
      1.0,
      591.0,
      15.0
    ],
    [
      77.0,
      36.0,
      2.0,
      6.0,
      0.0,
      0.0,
      1.0,
      3.0,
      8.0,
      867.0
    ]
  ],
  "classRecall": [
    0.9829999804496765,
    0.8980000019073486,
    0.6309999823570251,
    0.6700000166893005,
    0.7559999823570251,
    0.6320000290870667,
    0.7680000066757202,
    0.8349999785423279,
    0.5910000205039978,
    0.8669999837875366
  ],
  "classPrecision": [
    0.4580615162849426,
    0.9276859760284424,
    0.7441037893295288,
    0.6767676472663879,
    0.8042553067207336,
    0.8415446281433105,
    0.9286577701568604,
    0.8643892407417297,
    0.950160801410675,
    0.9203821420669556
  ],
  "classes": [
    "plane",
    "car",
    "bird",
    "cat",
    "deer",
    "dog",
    "frog",
    "horse",
    "ship",
    "truck"
  ]
}