{
  "name": "model",
  "metrics": {
    "train_loss": [
      3.201911099255085,
      3.7491891106421296,
      2.533252537250519,
      2.98697755350308,
      2.1646354743702845,
      2.897928409278393,
      3.331139674918218,
      4.664016988467086,
      4.404166776348244,
      4.782330942424861,
      5.094914980910041,
      5.77059098536318
    ],
    "train_accuracy": [
      0.2820888888888889,
      0.33786666666666665,
      0.47124444444444447,
      0.4581777777777778,
      0.5484888888888889,
      0.4670888888888889,
      0.4653111111111111,
      0.45084444444444444,
      0.4650666666666667,
      0.5049555555555556,
      0.5267777777777778,
      0.49215555555555557
    ],
    "val_loss": [
      3.3118002474308015,
      3.8107591450214384,
      2.6564036339521406,
      3.1852973282337187,
      2.37452672123909,
      3.092667815089226,
      3.5624645054340363,
      5.205089628696442,
      4.934184169769287,
      5.420118951797486,
      5.919928801059723,
      6.554210841655731
    ],
    "val_accuracy": [
      0.2714,
      0.3288,
      0.456,
      0.4364,
      0.5246,
      0.4376,
      0.4372,
      0.422,
      0.4376,
      0.4508,
      0.4736,
      0.4428
    ]
  },
  "accuracy": 0.432,
  "confusion": [
    [
      1000.0,
      0.0,
      0.0,
      0.0,
      0.0,
      0.0,
      0.0,
      0.0,
      0.0,
      0.0
    ],
    [
      495.0,
      494.0,
      0.0,
      1.0,
      0.0,
      0.0,
      0.0,
      0.0,
      1.0,
      9.0
    ],
    [
      808.0,
      0.0,
      134.0,
      22.0,
      10.0,
      10.0,
      14.0,
      2.0,
      0.0,
      0.0
    ],
    [
      534.0,
      1.0,
      6.0,
      380.0,
      8.0,
      53.0,
      16.0,
      1.0,
      1.0,
      0.0
    ],
    [
      494.0,
      0.0,
      15.0,
      26.0,
      427.0,
      10.0,
      10.0,
      17.0,
      1.0,
      0.0
    ],
    [
      437.0,
      1.0,
      6.0,
      55.0,
      9.0,
      479.0,
      3.0,
      10.0,
      0.0,
      0.0
    ],
    [
      270.0,
      1.0,
      9.0,
      41.0,
      8.0,
      4.0,
      665.0,
      0.0,
      2.0,
      0.0
    ],
    [
      496.0,
      0.0,
      2.0,
      14.0,
      17.0,
      16.0,
      3.0,
      451.0,
      1.0,
      0.0
    ],
    [
      990.0,
      0.0,
      0.0,
      1.0,
      0.0,
      0.0,
      0.0,
      0.0,
      9.0,
      0.0
    ],
    [
      700.0,
      14.0,
      0.0,
      2.0,
      0.0,
      2.0,
      1.0,
      0.0,
      0.0,
      281.0
    ]
  ],
  "classRecall": [
    1.0,
    0.49399998784065247,
    0.1340000033378601,
    0.3799999952316284,
    0.4269999861717224,
    0.4790000021457672,
    0.6650000214576721,
    0.45100000500679016,
    0.008999999612569809,
    0.2809999883174896
  ],
  "classPrecision": [
    0.16066837310791016,
    0.9667319059371948,
    0.7790697813034058,
    0.7011070251464844,
    0.8914405107498169,
    0.8344947695732117,
    0.9339887499809265,
    0.9376299381256104,
    0.6000000238418579,
    0.9689655303955078
  ],
  "classes": [
    "plane",
    "car",
    "bird",
    "cat",
    "deer",
    "dog",
    "frog",
    "horse",
    "ship",
    "truck"
  ]
}