{
  "name": "model",
  "metrics": {
    "train_loss": [
      2.6853086982293153,
      3.4963972924444913,
      5.235301935277279,
      7.878940590185012,
      10.226756280067407
    ],
    "train_accuracy": [
      0.3571111111111111,
      0.29338888888888887,
      0.2595925925925926,
      0.27944444444444444,
      0.2185
    ],
    "val_loss": [
      2.6349417148752416,
      3.450025076561786,
      5.171105506572317,
      7.752089794645918,
      10.112309293544039
    ],
    "val_accuracy": [
      0.362,
      0.29733333333333334,
      0.26066666666666666,
      0.2848333333333333,
      0.22133333333333333
    ]
  },
  "accuracy": 0.2231,
  "confusion": [
    [
      980.0,
      0.0,
      0.0,
      0.0,
      0.0,
      0.0,
      0.0,
      0.0,
      0.0,
      0.0
    ],
    [
      31.0,
      1104.0,
      0.0,
      0.0,
      0.0,
      0.0,
      0.0,
      0.0,
      0.0,
      0.0
    ],
    [
      1032.0,
      0.0,
      0.0,
      0.0,
      0.0,
      0.0,
      0.0,
      0.0,
      0.0,
      0.0
    ],
    [
      1010.0,
      0.0,
      0.0,
      0.0,
      0.0,
      0.0,
      0.0,
      0.0,
      0.0,
      0.0
    ],
    [
      982.0,
      0.0,
      0.0,
      0.0,
      0.0,
      0.0,
      0.0,
      0.0,
      0.0,
      0.0
    ],
    [
      892.0,
      0.0,
      0.0,
      0.0,
      0.0,
      0.0,
      0.0,
      0.0,
      0.0,
      0.0
    ],
    [
      957.0,
      1.0,
      0.0,
      0.0,
      0.0,
      0.0,
      0.0,
      0.0,
      0.0,
      0.0
    ],
    [
      1027.0,
      1.0,
      0.0,
      0.0,
      0.0,
      0.0,
      0.0,
      0.0,
      0.0,
      0.0
    ],
    [
      973.0,
      1.0,
      0.0,
      0.0,
      0.0,
      0.0,
      0.0,
      0.0,
      0.0,
      0.0
    ],
    [
      858.0,
      4.0,
      0.0,
      0.0,
      0.0,
      0.0,
      0.0,
      0.0,
      0.0,
      147.0
    ]
  ],
  "classRecall": [
    1.0,
    0.9726872444152832,
    0.0,
    0.0,
    0.0,
    0.0,
    0.0,
    0.0,
    0.0,
    0.14568880200386047
  ],
  "classPrecision": [
    0.11210249364376068,
    0.9936993718147278,
    NaN,
    NaN,
    NaN,
    NaN,
    NaN,
    NaN,
    NaN,
    1.0
  ],
  "classes": [
    0,
    1,
    2,
    3,
    4,
    5,
    6,
    7,
    8,
    9
  ]
}