{
  "name": "model",
  "metrics": {
    "train_loss": [
      3.6039660119197587,
      3.7117843397639017,
      4.33149236372926,
      5.135505404662002,
      4.414020716466687,
      4.025692436505448,
      3.7979406998916105,
      5.768650950355963,
      5.89985579116778,
      6.723224596543745,
      7.5601643974130806,
      4.227402997965163
    ],
    "train_accuracy": [
      0.24544444444444444,
      0.2474222222222222,
      0.24308888888888888,
      0.28857777777777777,
      0.3138444444444444,
      0.4258222222222222,
      0.39311111111111113,
      0.34886666666666666,
      0.3248666666666667,
      0.35788888888888887,
      0.35733333333333334,
      0.5266666666666666
    ],
    "val_loss": [
      3.6123364508152007,
      3.6717657148838043,
      4.359851694107055,
      5.264932036399841,
      4.63877905011177,
      4.246153968572616,
      4.090162694454193,
      6.19196925163269,
      6.499582827091217,
      7.381933236122132,
      8.53855471611023,
      5.048396313190461
    ],
    "val_accuracy": [
      0.2444,
      0.249,
      0.2426,
      0.2796,
      0.2928,
      0.4022,
      0.364,
      0.3252,
      0.3006,
      0.3234,
      0.322,
      0.4682
    ]
  },
  "accuracy": 0.4677,
  "confusion": [
    [
      999.0,
      0.0,
      0.0,
      0.0,
      0.0,
      0.0,
      0.0,
      1.0,
      0.0,
      0.0
    ],
    [
      358.0,
      622.0,
      0.0,
      1.0,
      0.0,
      1.0,
      2.0,
      0.0,
      1.0,
      15.0
    ],
    [
      854.0,
      0.0,
      89.0,
      10.0,
      15.0,
      21.0,
      4.0,
      6.0,
      1.0,
      0.0
    ],
    [
      511.0,
      0.0,
      5.0,
      366.0,
      12.0,
      75.0,
      17.0,
      12.0,
      2.0,
      0.0
    ],
    [
      576.0,
      0.0,
      4.0,
      10.0,
      364.0,
      10.0,
      9.0,
      27.0,
      0.0,
      0.0
    ],
    [
      290.0,
      0.0,
      2.0,
      43.0,
      14.0,
      626.0,
      2.0,
      23.0,
      0.0,
      0.0
    ],
    [
      482.0,
      1.0,
      5.0,
      15.0,
      6.0,
      1.0,
      490.0,
      0.0,
      0.0,
      0.0
    ],
    [
      246.0,
      0.0,
      1.0,
      7.0,
      20.0,
      17.0,
      0.0,
      709.0,
      0.0,
      0.0
    ],
    [
      907.0,
      2.0,
      1.0,
      2.0,
      0.0,
      2.0,
      0.0,
      1.0,
      85.0,
      0.0
    ],
    [
      650.0,
      17.0,
      1.0,
      2.0,
      0.0,
      2.0,
      0.0,
      1.0,
      0.0,
      327.0
    ]
  ],
  "classRecall": [
    0.9990000128746033,
    0.621999979019165,
    0.08900000154972076,
    0.3659999966621399,
    0.36399999260902405,
    0.6259999871253967,
    0.49000000953674316,
    0.7089999914169312,
    0.08500000089406967,
    0.3269999921321869
  ],
  "classPrecision": [
    0.17010046541690826,
    0.9688473343849182,
    0.8240740895271301,
    0.8026315569877625,
    0.8445475697517395,
    0.8291390538215637,
    0.9351145029067993,
    0.9089743494987488,
    0.9550561904907227,
    0.9561403393745422
  ],
  "classes": [
    "plane",
    "car",
    "bird",
    "cat",
    "deer",
    "dog",
    "frog",
    "horse",
    "ship",
    "truck"
  ]
}