{
  "name": "model",
  "metrics": {
    "train_loss": [
      4.027771777727387,
      4.331122378734025,
      6.559787399389527,
      6.255680956623771,
      6.199595757506111,
      6.93401652303609,
      8.662281041795557,
      7.311207799748941,
      9.467173049395734,
      9.841715186834335,
      14.036981924013658,
      12.405409447171472
    ],
    "train_accuracy": [
      0.1816222222222222,
      0.18955555555555556,
      0.19484444444444443,
      0.1968888888888889,
      0.23713333333333333,
      0.24226666666666666,
      0.19266666666666668,
      0.28824444444444447,
      0.25804444444444447,
      0.21644444444444444,
      0.19766666666666666,
      0.23173333333333335
    ],
    "val_loss": [
      4.018867045640945,
      4.362103736400604,
      6.570315659046173,
      6.334246253967285,
      6.327882170677185,
      7.154736602306366,
      9.024876177310944,
      7.647979801893234,
      10.134315729141235,
      10.655697798728943,
      14.982491445541381,
      13.404759073257447
    ],
    "val_accuracy": [
      0.1782,
      0.1902,
      0.1892,
      0.1916,
      0.2274,
      0.2372,
      0.1858,
      0.2704,
      0.2424,
      0.2012,
      0.1882,
      0.209
    ]
  },
  "accuracy": 0.2104,
  "confusion": [
    [
      1000.0,
      0.0,
      0.0,
      0.0,
      0.0,
      0.0,
      0.0,
      0.0,
      0.0,
      0.0
    ],
    [
      917.0,
      82.0,
      0.0,
      0.0,
      0.0,
      0.0,
      1.0,
      0.0,
      0.0,
      0.0
    ],
    [
      965.0,
      0.0,
      25.0,
      1.0,
      5.0,
      1.0,
      3.0,
      0.0,
      0.0,
      0.0
    ],
    [
      763.0,
      0.0,
      5.0,
      198.0,
      9.0,
      10.0,
      14.0,
      1.0,
      0.0,
      0.0
    ],
    [
      826.0,
      0.0,
      1.0,
      5.0,
      164.0,
      1.0,
      1.0,
      2.0,
      0.0,
      0.0
    ],
    [
      888.0,
      0.0,
      0.0,
      10.0,
      7.0,
      90.0,
      1.0,
      4.0,
      0.0,
      0.0
    ],
    [
      638.0,
      0.0,
      0.0,
      7.0,
      5.0,
      1.0,
      349.0,
      0.0,
      0.0,
      0.0
    ],
    [
      802.0,
      1.0,
      0.0,
      2.0,
      2.0,
      0.0,
      0.0,
      193.0,
      0.0,
      0.0
    ],
    [
      998.0,
      1.0,
      0.0,
      1.0,
      0.0,
      0.0,
      0.0,
      0.0,
      0.0,
      0.0
    ],
    [
      997.0,
      0.0,
      0.0,
      0.0,
      0.0,
      0.0,
      0.0,
      0.0,
      0.0,
      3.0
    ]
  ],
  "classRecall": [
    1.0,
    0.0820000022649765,
    0.02500000037252903,
    0.1979999989271164,
    0.164000004529953,
    0.09000000357627869,
    0.3490000069141388,
    0.19300000369548798,
    0.0,
    0.003000000026077032
  ],
  "classPrecision": [
    0.11371389776468277,
    0.976190447807312,
    0.8064516186714172,
    0.8839285969734192,
    0.8541666865348816,
    0.8737863898277283,
    0.9457994699478149,
    0.9649999737739563,
    NaN,
    1.0
  ],
  "classes": [
    "plane",
    "car",
    "bird",
    "cat",
    "deer",
    "dog",
    "frog",
    "horse",
    "ship",
    "truck"
  ]
}