{
  "name": "model",
  "metrics": {
    "train_loss": [
      5.29393904317509,
      7.265163333578543,
      8.553878612139009,
      7.329577374187383,
      6.759204772385684,
      7.798727539452639,
      8.654886291785674,
      16.05980706756765,
      8.015966798771512,
      12.068321989341216,
      9.514791844920678,
      14.34717944535342
    ],
    "train_accuracy": [
      0.16844444444444445,
      0.12668888888888888,
      0.15582222222222222,
      0.1746888888888889,
      0.23404444444444444,
      0.2582,
      0.2832222222222222,
      0.15233333333333332,
      0.2860888888888889,
      0.2053111111111111,
      0.28804444444444444,
      0.26426666666666665
    ],
    "val_loss": [
      5.241914474964142,
      7.25675014257431,
      8.5195791721344,
      7.497367644309998,
      7.017688322067261,
      7.920880281925202,
      9.049404656887054,
      16.541545510292053,
      8.51198501586914,
      12.716392874717712,
      10.236032497882842,
      15.3870450258255
    ],
    "val_accuracy": [
      0.1664,
      0.1288,
      0.1564,
      0.1692,
      0.2242,
      0.25,
      0.2664,
      0.1494,
      0.2618,
      0.1926,
      0.2738,
      0.2506
    ]
  },
  "accuracy": 0.2483,
  "confusion": [
    [
      1000.0,
      0.0,
      0.0,
      0.0,
      0.0,
      0.0,
      0.0,
      0.0,
      0.0,
      0.0
    ],
    [
      817.0,
      182.0,
      0.0,
      0.0,
      0.0,
      0.0,
      0.0,
      0.0,
      1.0,
      0.0
    ],
    [
      919.0,
      0.0,
      67.0,
      1.0,
      7.0,
      1.0,
      5.0,
      0.0,
      0.0,
      0.0
    ],
    [
      838.0,
      0.0,
      4.0,
      131.0,
      5.0,
      7.0,
      15.0,
      0.0,
      0.0,
      0.0
    ],
    [
      662.0,
      0.0,
      6.0,
      2.0,
      325.0,
      0.0,
      5.0,
      0.0,
      0.0,
      0.0
    ],
    [
      889.0,
      0.0,
      0.0,
      10.0,
      6.0,
      90.0,
      2.0,
      3.0,
      0.0,
      0.0
    ],
    [
      458.0,
      0.0,
      7.0,
      6.0,
      6.0,
      0.0,
      522.0,
      1.0,
      0.0,
      0.0
    ],
    [
      833.0,
      0.0,
      0.0,
      0.0,
      5.0,
      1.0,
      0.0,
      161.0,
      0.0,
      0.0
    ],
    [
      996.0,
      0.0,
      0.0,
      0.0,
      0.0,
      0.0,
      0.0,
      0.0,
      4.0,
      0.0
    ],
    [
      999.0,
      0.0,
      0.0,
      0.0,
      0.0,
      0.0,
      0.0,
      0.0,
      0.0,
      1.0
    ]
  ],
  "classRecall": [
    1.0,
    0.18199999630451202,
    0.06700000166893005,
    0.13099999725818634,
    0.32499998807907104,
    0.09000000357627869,
    0.5220000147819519,
    0.16099999845027924,
    0.004000000189989805,
    0.0010000000474974513
  ],
  "classPrecision": [
    0.11889192461967468,
    1.0,
    0.7976190447807312,
    0.8733333349227905,
    0.9180790781974792,
    0.9090909361839294,
    0.9508196711540222,
    0.9757575988769531,
    0.800000011920929,
    1.0
  ],
  "classes": [
    "plane",
    "car",
    "bird",
    "cat",
    "deer",
    "dog",
    "frog",
    "horse",
    "ship",
    "truck"
  ]
}