{
  "name": "model",
  "metrics": {
    "train_loss": [
      3.0740287080407143,
      2.5651888745752247,
      2.755426375026053,
      3.325887592001395,
      3.0247095322067086,
      3.2285809950395064,
      4.018680632791736,
      3.3407258581031454,
      3.114215136590329,
      3.729313191365112,
      4.009844353253191,
      4.1688529740680345
    ],
    "train_accuracy": [
      0.30977777777777776,
      0.3910222222222222,
      0.407,
      0.4023555555555556,
      0.49537777777777775,
      0.4911333333333333,
      0.4351777777777778,
      0.5193333333333333,
      0.5537777777777778,
      0.5995555555555555,
      0.5372666666666667,
      0.5587555555555556
    ],
    "val_loss": [
      3.142360344529152,
      2.6333860218524934,
      2.8373022794723513,
      3.443826299905777,
      3.2470553636550905,
      3.464475840330124,
      4.174883222579956,
      3.8146579027175904,
      3.5614227175712587,
      4.430824023485184,
      4.607788634300232,
      5.026980012655258
    ],
    "val_accuracy": [
      0.3024,
      0.3806,
      0.3948,
      0.3932,
      0.4728,
      0.4618,
      0.4214,
      0.4832,
      0.5124,
      0.5384,
      0.4952,
      0.4994
    ]
  },
  "accuracy": 0.4953,
  "confusion": [
    [
      998.0,
      0.0,
      1.0,
      0.0,
      1.0,
      0.0,
      0.0,
      0.0,
      0.0,
      0.0
    ],
    [
      495.0,
      502.0,
      0.0,
      1.0,
      0.0,
      0.0,
      0.0,
      0.0,
      0.0,
      2.0
    ],
    [
      586.0,
      0.0,
      347.0,
      11.0,
      21.0,
      13.0,
      18.0,
      2.0,
      0.0,
      2.0
    ],
    [
      372.0,
      0.0,
      26.0,
      445.0,
      37.0,
      83.0,
      34.0,
      3.0,
      0.0,
      0.0
    ],
    [
      343.0,
      2.0,
      19.0,
      10.0,
      599.0,
      9.0,
      11.0,
      7.0,
      0.0,
      0.0
    ],
    [
      252.0,
      0.0,
      20.0,
      50.0,
      37.0,
      627.0,
      8.0,
      6.0,
      0.0,
      0.0
    ],
    [
      206.0,
      2.0,
      24.0,
      21.0,
      14.0,
      11.0,
      720.0,
      2.0,
      0.0,
      0.0
    ],
    [
      510.0,
      1.0,
      7.0,
      10.0,
      34.0,
      12.0,
      2.0,
      424.0,
      0.0,
      0.0
    ],
    [
      990.0,
      1.0,
      0.0,
      3.0,
      0.0,
      0.0,
      1.0,
      0.0,
      5.0,
      0.0
    ],
    [
      687.0,
      23.0,
      1.0,
      1.0,
      0.0,
      0.0,
      1.0,
      1.0,
      0.0,
      286.0
    ]
  ],
  "classRecall": [
    0.9980000257492065,
    0.5019999742507935,
    0.34700000286102295,
    0.4449999928474426,
    0.5989999771118164,
    0.6269999742507935,
    0.7200000286102295,
    0.42399999499320984,
    0.004999999888241291,
    0.28600001335144043
  ],
  "classPrecision": [
    0.1834896057844162,
    0.9453860521316528,
    0.7797752618789673,
    0.8061594367027283,
    0.8061911463737488,
    0.8304635882377625,
    0.9056603908538818,
    0.9528089761734009,
    1.0,
    0.9862068891525269
  ],
  "classes": [
    "plane",
    "car",
    "bird",
    "cat",
    "deer",
    "dog",
    "frog",
    "horse",
    "ship",
    "truck"
  ]
}