{
  "name": "model",
  "metrics": {
    "train_loss": [
      0.284967890512463,
      0.296994640575766,
      0.5186288413278299,
      0.8572000728399267,
      0.9375381307296843
    ],
    "train_accuracy": [
      0.918537037037037,
      0.9045555555555556,
      0.7967037037037037,
      0.7487407407407407,
      0.7139629629629629
    ],
    "val_loss": [
      0.3200539364776713,
      0.3315869341505335,
      0.5629769094446873,
      0.8900564908981323,
      0.9649056094758054
    ],
    "val_accuracy": [
      0.909,
      0.8981666666666667,
      0.79,
      0.7456666666666667,
      0.7133333333333334
    ]
  },
  "accuracy": 0.718,
  "confusion": [
    [
      979.0,
      1.0,
      0.0,
      0.0,
      0.0,
      0.0,
      0.0,
      0.0,
      0.0,
      0.0
    ],
    [
      7.0,
      1123.0,
      2.0,
      3.0,
      0.0,
      0.0,
      0.0,
      0.0,
      0.0,
      0.0
    ],
    [
      765.0,
      0.0,
      261.0,
      0.0,
      1.0,
      0.0,
      0.0,
      5.0,
      0.0,
      0.0
    ],
    [
      29.0,
      0.0,
      2.0,
      969.0,
      0.0,
      2.0,
      0.0,
      6.0,
      2.0,
      0.0
    ],
    [
      31.0,
      2.0,
      1.0,
      0.0,
      937.0,
      0.0,
      0.0,
      1.0,
      1.0,
      9.0
    ],
    [
      315.0,
      0.0,
      0.0,
      7.0,
      1.0,
      567.0,
      0.0,
      0.0,
      0.0,
      2.0
    ],
    [
      941.0,
      3.0,
      0.0,
      0.0,
      1.0,
      0.0,
      13.0,
      0.0,
      0.0,
      0.0
    ],
    [
      276.0,
      5.0,
      9.0,
      3.0,
      0.0,
      0.0,
      0.0,
      733.0,
      0.0,
      2.0
    ],
    [
      282.0,
      2.0,
      1.0,
      8.0,
      4.0,
      1.0,
      1.0,
      3.0,
      672.0,
      0.0
    ],
    [
      62.0,
      5.0,
      0.0,
      7.0,
      8.0,
      1.0,
      0.0,
      0.0,
      0.0,
      926.0
    ]
  ],
  "classRecall": [
    0.9989795684814453,
    0.9894273281097412,
    0.2529069781303406,
    0.9594059586524963,
    0.9541751742362976,
    0.6356502175331116,
    0.013569937087595463,
    0.7130350470542908,
    0.6899384260177612,
    0.9177403450012207
  ],
  "classPrecision": [
    0.26552751660346985,
    0.9842243790626526,
    0.945652186870575,
    0.9719157218933105,
    0.9842436909675598,
    0.9929947257041931,
    0.9285714030265808,
    0.9799465537071228,
    0.995555579662323,
    0.9861555099487305
  ],
  "classes": [
    0,
    1,
    2,
    3,
    4,
    5,
    6,
    7,
    8,
    9
  ]
}