{
  "name": "model",
  "metrics": {
    "train_loss": [
      1.1317309974494139,
      2.395496626600835,
      2.4181547503900753,
      4.1067710239175375,
      5.550753733558112
    ],
    "train_accuracy": [
      0.5232592592592593,
      0.44631481481481483,
      0.45961111111111114,
      0.29983333333333334,
      0.20066666666666666
    ],
    "val_loss": [
      1.1227230746695336,
      2.3917350261769394,
      2.409100240849434,
      4.079403978713016,
      5.523739114720771
    ],
    "val_accuracy": [
      0.5285,
      0.45466666666666666,
      0.4648333333333333,
      0.30683333333333335,
      0.20333333333333334
    ]
  },
  "accuracy": 0.2054,
  "confusion": [
    [
      980.0,
      0.0,
      0.0,
      0.0,
      0.0,
      0.0,
      0.0,
      0.0,
      0.0,
      0.0
    ],
    [
      643.0,
      492.0,
      0.0,
      0.0,
      0.0,
      0.0,
      0.0,
      0.0,
      0.0,
      0.0
    ],
    [
      1032.0,
      0.0,
      0.0,
      0.0,
      0.0,
      0.0,
      0.0,
      0.0,
      0.0,
      0.0
    ],
    [
      810.0,
      0.0,
      0.0,
      199.0,
      0.0,
      1.0,
      0.0,
      0.0,
      0.0,
      0.0
    ],
    [
      943.0,
      0.0,
      0.0,
      0.0,
      38.0,
      0.0,
      0.0,
      0.0,
      0.0,
      1.0
    ],
    [
      891.0,
      0.0,
      0.0,
      0.0,
      0.0,
      1.0,
      0.0,
      0.0,
      0.0,
      0.0
    ],
    [
      958.0,
      0.0,
      0.0,
      0.0,
      0.0,
      0.0,
      0.0,
      0.0,
      0.0,
      0.0
    ],
    [
      1028.0,
      0.0,
      0.0,
      0.0,
      0.0,
      0.0,
      0.0,
      0.0,
      0.0,
      0.0
    ],
    [
      974.0,
      0.0,
      0.0,
      0.0,
      0.0,
      0.0,
      0.0,
      0.0,
      0.0,
      0.0
    ],
    [
      664.0,
      1.0,
      0.0,
      0.0,
      0.0,
      0.0,
      0.0,
      0.0,
      0.0,
      344.0
    ]
  ],
  "classRecall": [
    1.0,
    0.4334801733493805,
    0.0,
    0.197029709815979,
    0.03869653865695,
    0.0011210762895643711,
    0.0,
    0.0,
    0.0,
    0.34093162417411804
  ],
  "classPrecision": [
    0.10982853174209595,
    0.9979715943336487,
    NaN,
    1.0,
    1.0,
    0.5,
    NaN,
    NaN,
    NaN,
    0.9971014261245728
  ],
  "classes": [
    0,
    1,
    2,
    3,
    4,
    5,
    6,
    7,
    8,
    9
  ]
}