{
  "name": "model",
  "metrics": {
    "train_loss": [
      0.23490892338314892,
      0.22539518406323347,
      0.5994094740864225,
      0.6965645257189376,
      0.46530860327007645
    ],
    "train_accuracy": [
      0.9332962962962963,
      0.9131296296296296,
      0.8316111111111111,
      0.8005740740740741,
      0.8315925925925925
    ],
    "val_loss": [
      0.25457779682697135,
      0.2520653190130883,
      0.631115048489672,
      0.7327312408609593,
      0.5302605990399706
    ],
    "val_accuracy": [
      0.9286666666666666,
      0.9075,
      0.8231666666666667,
      0.7955,
      0.8196666666666667
    ]
  },
  "accuracy": 0.8314,
  "confusion": [
    [
      980.0,
      0.0,
      0.0,
      0.0,
      0.0,
      0.0,
      0.0,
      0.0,
      0.0,
      0.0
    ],
    [
      2.0,
      1125.0,
      3.0,
      2.0,
      0.0,
      0.0,
      0.0,
      1.0,
      2.0,
      0.0
    ],
    [
      99.0,
      0.0,
      926.0,
      0.0,
      0.0,
      0.0,
      0.0,
      3.0,
      4.0,
      0.0
    ],
    [
      26.0,
      0.0,
      9.0,
      965.0,
      0.0,
      0.0,
      0.0,
      4.0,
      4.0,
      2.0
    ],
    [
      31.0,
      1.0,
      2.0,
      0.0,
      936.0,
      0.0,
      0.0,
      1.0,
      1.0,
      10.0
    ],
    [
      308.0,
      0.0,
      0.0,
      11.0,
      1.0,
      565.0,
      0.0,
      0.0,
      3.0,
      4.0
    ],
    [
      800.0,
      3.0,
      0.0,
      0.0,
      2.0,
      0.0,
      152.0,
      0.0,
      1.0,
      0.0
    ],
    [
      128.0,
      4.0,
      14.0,
      1.0,
      3.0,
      0.0,
      0.0,
      870.0,
      1.0,
      7.0
    ],
    [
      116.0,
      3.0,
      3.0,
      6.0,
      4.0,
      1.0,
      0.0,
      1.0,
      839.0,
      1.0
    ],
    [
      25.0,
      4.0,
      0.0,
      4.0,
      12.0,
      1.0,
      0.0,
      6.0,
      1.0,
      956.0
    ]
  ],
  "classRecall": [
    1.0,
    0.9911894202232361,
    0.8972868323326111,
    0.9554455280303955,
    0.9531568288803101,
    0.6334080696105957,
    0.15866388380527496,
    0.8463035225868225,
    0.861396312713623,
    0.9474727511405945
  ],
  "classPrecision": [
    0.3896620273590088,
    0.9868420958518982,
    0.9676070809364319,
    0.9757330417633057,
    0.9770354628562927,
    0.9964726567268372,
    1.0,
    0.981941282749176,
    0.980140209197998,
    0.9755101799964905
  ],
  "classes": [
    0,
    1,
    2,
    3,
    4,
    5,
    6,
    7,
    8,
    9
  ]
}