{
  "name": "model",
  "metrics": {
    "train_loss": [
      3.1981649845838547,
      4.2142764153805645,
      3.4398054216395724,
      3.3232867920940574,
      3.4833999418399553,
      3.4417351843281225,
      2.951128985732794,
      3.8860195245255125,
      4.703065796331926,
      4.548042690889402,
      4.651067938316952,
      6.125081285834312
    ],
    "train_accuracy": [
      0.3088444444444444,
      0.3522222222222222,
      0.33168888888888887,
      0.38066666666666665,
      0.39224444444444445,
      0.4205777777777778,
      0.5074444444444445,
      0.46995555555555557,
      0.4436,
      0.4215333333333333,
      0.4819777777777778,
      0.37504444444444446
    ],
    "val_loss": [
      3.1966634690761566,
      4.123022809624672,
      3.461044508218765,
      3.388197588920593,
      3.676216387748718,
      3.6979619741439818,
      3.264700120687485,
      4.362636488676071,
      5.459091675281525,
      5.132149159908295,
      5.568986868858337,
      7.020324027538299
    ],
    "val_accuracy": [
      0.3006,
      0.3478,
      0.3232,
      0.368,
      0.371,
      0.3976,
      0.4652,
      0.4262,
      0.4072,
      0.38,
      0.4302,
      0.3396
    ]
  },
  "accuracy": 0.3341,
  "confusion": [
    [
      1000.0,
      0.0,
      0.0,
      0.0,
      0.0,
      0.0,
      0.0,
      0.0,
      0.0,
      0.0
    ],
    [
      767.0,
      221.0,
      0.0,
      0.0,
      0.0,
      0.0,
      2.0,
      0.0,
      0.0,
      10.0
    ],
    [
      928.0,
      0.0,
      52.0,
      7.0,
      3.0,
      3.0,
      6.0,
      1.0,
      0.0,
      0.0
    ],
    [
      663.0,
      0.0,
      5.0,
      284.0,
      3.0,
      31.0,
      12.0,
      0.0,
      1.0,
      1.0
    ],
    [
      733.0,
      0.0,
      4.0,
      14.0,
      235.0,
      5.0,
      5.0,
      4.0,
      0.0,
      0.0
    ],
    [
      569.0,
      0.0,
      3.0,
      32.0,
      5.0,
      384.0,
      1.0,
      6.0,
      0.0,
      0.0
    ],
    [
      337.0,
      1.0,
      11.0,
      19.0,
      6.0,
      8.0,
      615.0,
      1.0,
      2.0,
      0.0
    ],
    [
      710.0,
      0.0,
      0.0,
      2.0,
      7.0,
      4.0,
      0.0,
      277.0,
      0.0,
      0.0
    ],
    [
      968.0,
      0.0,
      1.0,
      0.0,
      0.0,
      0.0,
      0.0,
      0.0,
      31.0,
      0.0
    ],
    [
      753.0,
      5.0,
      0.0,
      0.0,
      0.0,
      0.0,
      0.0,
      0.0,
      0.0,
      242.0
    ]
  ],
  "classRecall": [
    1.0,
    0.22100000083446503,
    0.052000001072883606,
    0.2840000092983246,
    0.23499999940395355,
    0.3840000033378601,
    0.6150000095367432,
    0.2770000100135803,
    0.03099999949336052,
    0.24199999868869781
  ],
  "classPrecision": [
    0.13462574779987335,
    0.9735682606697083,
    0.6842105388641357,
    0.7932960987091064,
    0.9073359370231628,
    0.882758617401123,
    0.9594383835792542,
    0.9584774971008301,
    0.9117646813392639,
    0.95652174949646
  ],
  "classes": [
    "plane",
    "car",
    "bird",
    "cat",
    "deer",
    "dog",
    "frog",
    "horse",
    "ship",
    "truck"
  ]
}