{
  "name": "model",
  "metrics": {
    "train_loss": [
      1.424114696004174,
      0.9342183336954225,
      0.7785941675644029,
      0.5821218536320057,
      0.514332575130869,
      0.44383276207372546,
      0.36204243413257325,
      0.36137997858564963,
      0.3516253006051887,
      0.3572740649211813,
      0.4481281150894409,
      0.27969827301884914
    ],
    "train_accuracy": [
      0.483,
      0.6732222222222223,
      0.7326,
      0.8054888888888889,
      0.8240888888888889,
      0.8470222222222222,
      0.8751777777777778,
      0.8778,
      0.8814444444444445,
      0.8795333333333333,
      0.8696,
      0.9162444444444444
    ],
    "val_loss": [
      1.4433786809444427,
      0.974438051879406,
      0.8297999292612076,
      0.6845539256930351,
      0.6465933464467526,
      0.6380568236112595,
      0.6223300613462925,
      0.6682752497494221,
      0.6749166011810303,
      0.7874304167926311,
      0.9257590051740407,
      0.8192487724125386
    ],
    "val_accuracy": [
      0.474,
      0.654,
      0.7124,
      0.7734,
      0.7732,
      0.7874,
      0.7966,
      0.7906,
      0.7918,
      0.7784,
      0.7594,
      0.7964
    ]
  },
  "accuracy": 0.7955,
  "confusion": [
    [
      958.0,
      7.0,
      1.0,
      5.0,
      4.0,
      1.0,
      2.0,
      7.0,
      4.0,
      11.0
    ],
    [
      14.0,
      913.0,
      1.0,
      2.0,
      1.0,
      1.0,
      2.0,
      1.0,
      3.0,
      62.0
    ],
    [
      216.0,
      2.0,
      575.0,
      36.0,
      34.0,
      71.0,
      36.0,
      25.0,
      1.0,
      4.0
    ],
    [
      74.0,
      10.0,
      30.0,
      628.0,
      29.0,
      130.0,
      54.0,
      26.0,
      4.0,
      15.0
    ],
    [
      58.0,
      2.0,
      20.0,
      42.0,
      749.0,
      40.0,
      35.0,
      46.0,
      2.0,
      6.0
    ],
    [
      27.0,
      5.0,
      13.0,
      81.0,
      26.0,
      805.0,
      15.0,
      25.0,
      0.0,
      3.0
    ],
    [
      28.0,
      4.0,
      16.0,
      43.0,
      21.0,
      16.0,
      852.0,
      7.0,
      4.0,
      9.0
    ],
    [
      31.0,
      3.0,
      8.0,
      20.0,
      23.0,
      41.0,
      1.0,
      865.0,
      1.0,
      7.0
    ],
    [
      232.0,
      40.0,
      1.0,
      5.0,
      0.0,
      2.0,
      5.0,
      3.0,
      687.0,
      25.0
    ],
    [
      26.0,
      36.0,
      3.0,
      2.0,
      0.0,
      3.0,
      1.0,
      1.0,
      5.0,
      923.0
    ]
  ],
  "classRecall": [
    0.9580000042915344,
    0.9129999876022339,
    0.574999988079071,
    0.628000020980835,
    0.7490000128746033,
    0.8050000071525574,
    0.8519999980926514,
    0.8650000095367432,
    0.6869999766349792,
    0.9229999780654907
  ],
  "classPrecision": [
    0.5757211446762085,
    0.89334636926651,
    0.8607784509658813,
    0.7268518805503845,
    0.8444194197654724,
    0.7252252101898193,
    0.8494516611099243,
    0.8598409295082092,
    0.9662446975708008,
    0.8666666746139526
  ],
  "classes": [
    "plane",
    "car",
    "bird",
    "cat",
    "deer",
    "dog",
    "frog",
    "horse",
    "ship",
    "truck"
  ]
}