{
  "name": "model",
  "metrics": {
    "train_loss": [
      0.1547130186340255,
      0.11277687056122515,
      0.08595543502172305,
      0.08381896167640437,
      0.06963188374874081
    ],
    "train_accuracy": [
      0.9538888888888889,
      0.9670740740740741,
      0.9756111111111111,
      0.9761666666666666,
      0.9793333333333333
    ],
    "val_loss": [
      0.18142468339585244,
      0.14904034367584168,
      0.12376018138007915,
      0.12259923920352409,
      0.11815987911788707
    ],
    "val_accuracy": [
      0.9476666666666667,
      0.9581666666666667,
      0.9655,
      0.9666666666666667,
      0.9671666666666666
    ]
  },
  "accuracy": 0.9694,
  "confusion": [
    [
      976.0,
      1.0,
      0.0,
      0.0,
      0.0,
      1.0,
      0.0,
      1.0,
      1.0,
      0.0
    ],
    [
      0.0,
      1120.0,
      3.0,
      3.0,
      0.0,
      2.0,
      1.0,
      2.0,
      4.0,
      0.0
    ],
    [
      8.0,
      1.0,
      1001.0,
      4.0,
      3.0,
      0.0,
      1.0,
      5.0,
      9.0,
      0.0
    ],
    [
      0.0,
      0.0,
      6.0,
      995.0,
      0.0,
      1.0,
      0.0,
      5.0,
      3.0,
      0.0
    ],
    [
      1.0,
      0.0,
      7.0,
      0.0,
      958.0,
      0.0,
      3.0,
      1.0,
      1.0,
      11.0
    ],
    [
      12.0,
      1.0,
      0.0,
      25.0,
      1.0,
      839.0,
      4.0,
      1.0,
      8.0,
      1.0
    ],
    [
      11.0,
      3.0,
      0.0,
      0.0,
      8.0,
      3.0,
      929.0,
      0.0,
      4.0,
      0.0
    ],
    [
      4.0,
      6.0,
      14.0,
      4.0,
      2.0,
      0.0,
      0.0,
      985.0,
      1.0,
      12.0
    ],
    [
      6.0,
      1.0,
      3.0,
      12.0,
      5.0,
      2.0,
      1.0,
      4.0,
      937.0,
      3.0
    ],
    [
      8.0,
      5.0,
      0.0,
      16.0,
      16.0,
      0.0,
      0.0,
      3.0,
      7.0,
      954.0
    ]
  ],
  "classRecall": [
    0.9959183931350708,
    0.9867841601371765,
    0.9699612259864807,
    0.9851484894752502,
    0.9755600690841675,
    0.9405829310417175,
    0.9697285890579224,
    0.9581711888313293,
    0.9620122909545898,
    0.9454905986785889
  ],
  "classPrecision": [
    0.9512670636177063,
    0.9841827750205994,
    0.9680851101875305,
    0.9395655989646912,
    0.964753270149231,
    0.989386796951294,
    0.9893503785133362,
    0.9781529307365417,
    0.9610256552696228,
    0.9724770784378052
  ],
  "classes": [
    0,
    1,
    2,
    3,
    4,
    5,
    6,
    7,
    8,
    9
  ]
}