{
  "name": "model",
  "metrics": {
    "train_loss": [
      5.387391529299996,
      5.713650875470855,
      4.448852216655558,
      5.226603679358959,
      7.0671146823601285,
      4.212166838347912,
      6.360090051185001,
      6.390986720269376,
      7.550790717655962,
      7.511226366866719,
      8.17786418172446,
      8.727258317849852
    ],
    "train_accuracy": [
      0.15846666666666667,
      0.18962222222222222,
      0.2728888888888889,
      0.2607333333333333,
      0.2137111111111111,
      0.3572,
      0.3236,
      0.27884444444444445,
      0.33393333333333336,
      0.3234666666666667,
      0.33897777777777777,
      0.3706888888888889
    ],
    "val_loss": [
      5.576613974571228,
      5.882313895225525,
      4.657818603515625,
      5.438559031486511,
      7.320934867858886,
      4.532242292165757,
      6.779156213998794,
      6.861526775360107,
      8.151667833328247,
      8.159375739097595,
      8.953001272678375,
      9.622886073589324
    ],
    "val_accuracy": [
      0.155,
      0.1832,
      0.2618,
      0.2426,
      0.2046,
      0.3284,
      0.294,
      0.2696,
      0.3102,
      0.2972,
      0.3,
      0.3412
    ]
  },
  "accuracy": 0.3387,
  "confusion": [
    [
      1000.0,
      0.0,
      0.0,
      0.0,
      0.0,
      0.0,
      0.0,
      0.0,
      0.0,
      0.0
    ],
    [
      403.0,
      593.0,
      1.0,
      0.0,
      0.0,
      0.0,
      1.0,
      0.0,
      0.0,
      2.0
    ],
    [
      908.0,
      1.0,
      66.0,
      3.0,
      0.0,
      10.0,
      11.0,
      1.0,
      0.0,
      0.0
    ],
    [
      729.0,
      0.0,
      7.0,
      188.0,
      6.0,
      56.0,
      13.0,
      0.0,
      0.0,
      1.0
    ],
    [
      868.0,
      0.0,
      2.0,
      4.0,
      118.0,
      3.0,
      5.0,
      0.0,
      0.0,
      0.0
    ],
    [
      560.0,
      0.0,
      5.0,
      19.0,
      3.0,
      403.0,
      6.0,
      4.0,
      0.0,
      0.0
    ],
    [
      434.0,
      1.0,
      2.0,
      2.0,
      1.0,
      3.0,
      557.0,
      0.0,
      0.0,
      0.0
    ],
    [
      599.0,
      0.0,
      7.0,
      3.0,
      2.0,
      15.0,
      1.0,
      373.0,
      0.0,
      0.0
    ],
    [
      994.0,
      1.0,
      0.0,
      0.0,
      0.0,
      0.0,
      0.0,
      0.0,
      5.0,
      0.0
    ],
    [
      907.0,
      9.0,
      0.0,
      0.0,
      0.0,
      0.0,
      0.0,
      0.0,
      0.0,
      84.0
    ]
  ],
  "classRecall": [
    1.0,
    0.5929999947547913,
    0.06599999964237213,
    0.18799999356269836,
    0.11800000071525574,
    0.40299999713897705,
    0.5569999814033508,
    0.37299999594688416,
    0.004999999888241291,
    0.08399999886751175
  ],
  "classPrecision": [
    0.1350986212491989,
    0.9801653027534485,
    0.7333333492279053,
    0.8584474921226501,
    0.9076923131942749,
    0.8224489688873291,
    0.9377104640007019,
    0.9867724776268005,
    1.0,
    0.9655172228813171
  ],
  "classes": [
    "plane",
    "car",
    "bird",
    "cat",
    "deer",
    "dog",
    "frog",
    "horse",
    "ship",
    "truck"
  ]
}