{
  "name": "model",
  "metrics": {
    "train_loss": [
      0.20479272484285008,
      0.5604772072691488,
      0.5084899184051284,
      0.8662132484511742,
      1.0878355292629858
    ],
    "train_accuracy": [
      0.9433703703703704,
      0.8351851851851851,
      0.8422037037037037,
      0.8323333333333334,
      0.7819814814814815
    ],
    "val_loss": [
      0.22881805658974547,
      0.584295057869972,
      0.5459996411140929,
      0.894275705865089,
      1.1154780020105077
    ],
    "val_accuracy": [
      0.9351666666666667,
      0.8283333333333334,
      0.8333333333333334,
      0.8263333333333334,
      0.7788333333333334
    ]
  },
  "accuracy": 0.787,
  "confusion": [
    [
      979.0,
      1.0,
      0.0,
      0.0,
      0.0,
      0.0,
      0.0,
      0.0,
      0.0,
      0.0
    ],
    [
      5.0,
      1120.0,
      2.0,
      2.0,
      0.0,
      0.0,
      0.0,
      0.0,
      6.0,
      0.0
    ],
    [
      238.0,
      1.0,
      787.0,
      0.0,
      0.0,
      0.0,
      0.0,
      3.0,
      3.0,
      0.0
    ],
    [
      17.0,
      0.0,
      3.0,
      979.0,
      0.0,
      4.0,
      0.0,
      4.0,
      3.0,
      0.0
    ],
    [
      71.0,
      0.0,
      1.0,
      0.0,
      903.0,
      0.0,
      0.0,
      0.0,
      0.0,
      7.0
    ],
    [
      252.0,
      0.0,
      0.0,
      4.0,
      1.0,
      632.0,
      0.0,
      0.0,
      2.0,
      1.0
    ],
    [
      956.0,
      2.0,
      0.0,
      0.0,
      0.0,
      0.0,
      0.0,
      0.0,
      0.0,
      0.0
    ],
    [
      357.0,
      8.0,
      9.0,
      2.0,
      1.0,
      0.0,
      0.0,
      649.0,
      0.0,
      2.0
    ],
    [
      74.0,
      1.0,
      1.0,
      1.0,
      4.0,
      0.0,
      0.0,
      1.0,
      891.0,
      1.0
    ],
    [
      44.0,
      4.0,
      0.0,
      9.0,
      16.0,
      2.0,
      0.0,
      0.0,
      4.0,
      930.0
    ]
  ],
  "classRecall": [
    0.9989795684814453,
    0.9867841601371765,
    0.7625969052314758,
    0.9693069458007812,
    0.9195519089698792,
    0.7085201740264893,
    0.0,
    0.631322979927063,
    0.9147843718528748,
    0.9217046499252319
  ],
  "classPrecision": [
    0.327096551656723,
    0.9850483536720276,
    0.9800747036933899,
    0.981945812702179,
    0.976216197013855,
    0.9905956387519836,
    NaN,
    0.9878234267234802,
    0.9801980257034302,
    0.9883103370666504
  ],
  "classes": [
    0,
    1,
    2,
    3,
    4,
    5,
    6,
    7,
    8,
    9
  ]
}