{
  "name": "model",
  "metrics": {
    "train_loss": [
      1.4942916845056144,
      1.3548197295855393,
      1.2639474680816585,
      1.113987030122768,
      1.4619587597183206,
      1.0539888712492855,
      1.4749111638150432,
      1.0381415537135168,
      1.2389868997376074,
      1.643805280327797,
      2.2955495955591854,
      2.4592114717445592
    ],
    "train_accuracy": [
      0.4456222222222222,
      0.5368666666666667,
      0.6303111111111112,
      0.6717777777777778,
      0.6561555555555556,
      0.7190444444444445,
      0.6927777777777778,
      0.7606666666666667,
      0.7383111111111111,
      0.6978666666666666,
      0.6903333333333334,
      0.6762666666666667
    ],
    "val_loss": [
      1.531770959496498,
      1.4188791394233704,
      1.3205330282449723,
      1.2183773428201676,
      1.6646129071712494,
      1.2505710944533348,
      1.7501619189977646,
      1.3377785190939904,
      1.6408322249772027,
      2.191070356965065,
      2.8958987444639206,
      3.338384264707565
    ],
    "val_accuracy": [
      0.4328,
      0.5282,
      0.6146,
      0.6458,
      0.6116,
      0.6696,
      0.6382,
      0.6868,
      0.674,
      0.619,
      0.6128,
      0.593
    ]
  },
  "accuracy": 0.5902,
  "confusion": [
    [
      997.0,
      0.0,
      0.0,
      0.0,
      1.0,
      1.0,
      1.0,
      0.0,
      0.0,
      0.0
    ],
    [
      338.0,
      643.0,
      0.0,
      1.0,
      0.0,
      1.0,
      0.0,
      1.0,
      1.0,
      15.0
    ],
    [
      437.0,
      1.0,
      357.0,
      26.0,
      44.0,
      80.0,
      43.0,
      12.0,
      0.0,
      0.0
    ],
    [
      247.0,
      3.0,
      8.0,
      480.0,
      38.0,
      163.0,
      36.0,
      23.0,
      0.0,
      2.0
    ],
    [
      275.0,
      1.0,
      10.0,
      17.0,
      597.0,
      45.0,
      19.0,
      36.0,
      0.0,
      0.0
    ],
    [
      132.0,
      0.0,
      4.0,
      52.0,
      17.0,
      768.0,
      13.0,
      14.0,
      0.0,
      0.0
    ],
    [
      99.0,
      0.0,
      7.0,
      24.0,
      33.0,
      19.0,
      814.0,
      4.0,
      0.0,
      0.0
    ],
    [
      166.0,
      2.0,
      1.0,
      16.0,
      13.0,
      49.0,
      1.0,
      749.0,
      0.0,
      3.0
    ],
    [
      909.0,
      0.0,
      0.0,
      1.0,
      1.0,
      2.0,
      0.0,
      5.0,
      81.0,
      1.0
    ],
    [
      557.0,
      16.0,
      1.0,
      1.0,
      0.0,
      3.0,
      2.0,
      4.0,
      0.0,
      416.0
    ]
  ],
  "classRecall": [
    0.996999979019165,
    0.6430000066757202,
    0.3569999933242798,
    0.47999998927116394,
    0.597000002861023,
    0.7680000066757202,
    0.8140000104904175,
    0.7490000128746033,
    0.08100000023841858,
    0.41600000858306885
  ],
  "classPrecision": [
    0.2398364245891571,
    0.9654654860496521,
    0.9201030731201172,
    0.7766990065574646,
    0.8024193644523621,
    0.6790450811386108,
    0.8762109875679016,
    0.8832547068595886,
    0.9878048896789551,
    0.9519450664520264
  ],
  "classes": [
    "plane",
    "car",
    "bird",
    "cat",
    "deer",
    "dog",
    "frog",
    "horse",
    "ship",
    "truck"
  ]
}