{
  "name": "model",
  "metrics": {
    "train_loss": [
      0.4760414268733201,
      0.7349746922887332,
      1.0802069910894638,
      2.3892264368974767,
      3.285751746729087
    ],
    "train_accuracy": [
      0.7993703703703704,
      0.7917962962962963,
      0.7058518518518518,
      0.5143703703703704,
      0.4425925925925926
    ],
    "val_loss": [
      0.48888051224515794,
      0.756272923439107,
      1.104891893711496,
      2.392477162340854,
      3.253658467150749
    ],
    "val_accuracy": [
      0.8056666666666666,
      0.791,
      0.7076666666666667,
      0.5156666666666667,
      0.44266666666666665
    ]
  },
  "accuracy": 0.4419,
  "confusion": [
    [
      980.0,
      0.0,
      0.0,
      0.0,
      0.0,
      0.0,
      0.0,
      0.0,
      0.0,
      0.0
    ],
    [
      21.0,
      1110.0,
      0.0,
      0.0,
      0.0,
      0.0,
      0.0,
      0.0,
      4.0,
      0.0
    ],
    [
      1014.0,
      0.0,
      18.0,
      0.0,
      0.0,
      0.0,
      0.0,
      0.0,
      0.0,
      0.0
    ],
    [
      85.0,
      0.0,
      0.0,
      922.0,
      0.0,
      0.0,
      0.0,
      0.0,
      3.0,
      0.0
    ],
    [
      899.0,
      0.0,
      0.0,
      0.0,
      67.0,
      0.0,
      0.0,
      0.0,
      1.0,
      15.0
    ],
    [
      887.0,
      0.0,
      0.0,
      2.0,
      0.0,
      1.0,
      0.0,
      0.0,
      1.0,
      1.0
    ],
    [
      957.0,
      1.0,
      0.0,
      0.0,
      0.0,
      0.0,
      0.0,
      0.0,
      0.0,
      0.0
    ],
    [
      1019.0,
      2.0,
      1.0,
      0.0,
      0.0,
      0.0,
      0.0,
      5.0,
      0.0,
      1.0
    ],
    [
      285.0,
      0.0,
      0.0,
      0.0,
      0.0,
      0.0,
      0.0,
      0.0,
      689.0,
      0.0
    ],
    [
      372.0,
      4.0,
      0.0,
      3.0,
      1.0,
      0.0,
      0.0,
      0.0,
      2.0,
      627.0
    ]
  ],
  "classRecall": [
    1.0,
    0.9779735803604126,
    0.01744186133146286,
    0.9128713011741638,
    0.0682281032204628,
    0.0011210762895643711,
    0.0,
    0.004863813053816557,
    0.7073922157287598,
    0.6214073300361633
  ],
  "classPrecision": [
    0.1503297984600067,
    0.9937332272529602,
    0.9473684430122375,
    0.9946062564849854,
    0.9852941036224365,
    1.0,
    NaN,
    1.0,
    0.9842857122421265,
    0.9736024737358093
  ],
  "classes": [
    0,
    1,
    2,
    3,
    4,
    5,
    6,
    7,
    8,
    9
  ]
}