{
  "name": "model",
  "metrics": {
    "train_loss": [
      3.400546133518219,
      3.846213079311631,
      3.7492706538601355,
      4.033476093953306,
      5.146499383178624,
      4.136792043393308,
      4.895577043294907,
      4.5521258203820745,
      5.1881782866337085,
      4.709335793148387,
      4.536666316064921,
      7.055429763414643
    ],
    "train_accuracy": [
      0.33724444444444446,
      0.3117333333333333,
      0.3622444444444444,
      0.3509777777777778,
      0.34386666666666665,
      0.4002888888888889,
      0.40555555555555556,
      0.4371555555555556,
      0.43422222222222223,
      0.494,
      0.5282444444444444,
      0.42446666666666666
    ],
    "val_loss": [
      3.4580865859985352,
      3.9650808334350587,
      3.842466938495636,
      4.130077922344208,
      5.3519606530666355,
      4.350485187768936,
      5.35795419216156,
      5.009224557876587,
      5.827892076969147,
      5.358044981956482,
      5.290841007232666,
      7.79749834984541
    ],
    "val_accuracy": [
      0.3278,
      0.3054,
      0.3524,
      0.3358,
      0.3244,
      0.3754,
      0.3772,
      0.4088,
      0.4004,
      0.4346,
      0.466,
      0.3696
    ]
  },
  "accuracy": 0.3708,
  "confusion": [
    [
      999.0,
      0.0,
      0.0,
      1.0,
      0.0,
      0.0,
      0.0,
      0.0,
      0.0,
      0.0
    ],
    [
      915.0,
      82.0,
      1.0,
      0.0,
      0.0,
      0.0,
      0.0,
      1.0,
      1.0,
      0.0
    ],
    [
      814.0,
      0.0,
      129.0,
      13.0,
      13.0,
      18.0,
      10.0,
      3.0,
      0.0,
      0.0
    ],
    [
      510.0,
      0.0,
      12.0,
      388.0,
      17.0,
      49.0,
      14.0,
      9.0,
      1.0,
      0.0
    ],
    [
      563.0,
      0.0,
      7.0,
      9.0,
      396.0,
      10.0,
      8.0,
      7.0,
      0.0,
      0.0
    ],
    [
      313.0,
      0.0,
      19.0,
      57.0,
      19.0,
      569.0,
      4.0,
      19.0,
      0.0,
      0.0
    ],
    [
      401.0,
      0.0,
      9.0,
      17.0,
      8.0,
      9.0,
      552.0,
      4.0,
      0.0,
      0.0
    ],
    [
      432.0,
      0.0,
      1.0,
      12.0,
      25.0,
      14.0,
      0.0,
      516.0,
      0.0,
      0.0
    ],
    [
      967.0,
      1.0,
      0.0,
      0.0,
      0.0,
      0.0,
      0.0,
      1.0,
      31.0,
      0.0
    ],
    [
      953.0,
      0.0,
      0.0,
      0.0,
      1.0,
      0.0,
      0.0,
      0.0,
      0.0,
      46.0
    ]
  ],
  "classRecall": [
    0.9990000128746033,
    0.0820000022649765,
    0.1289999932050705,
    0.3880000114440918,
    0.3959999978542328,
    0.5690000057220459,
    0.5519999861717224,
    0.515999972820282,
    0.03099999949336052,
    0.04600000008940697
  ],
  "classPrecision": [
    0.14547836780548096,
    0.9879518151283264,
    0.7247191071510315,
    0.7806841135025024,
    0.8267223238945007,
    0.8505231738090515,
    0.9387755393981934,
    0.9214285612106323,
    0.939393937587738,
    1.0
  ],
  "classes": [
    "plane",
    "car",
    "bird",
    "cat",
    "deer",
    "dog",
    "frog",
    "horse",
    "ship",
    "truck"
  ]
}