{
  "name": "model",
  "metrics": {
    "train_loss": [
      1.57723150773071,
      3.968479568924384,
      6.018062759914669,
      7.287604232534978,
      8.886191266407899
    ],
    "train_accuracy": [
      0.585925925925926,
      0.4013888888888889,
      0.2494259259259259,
      0.2371851851851852,
      0.23612962962962963
    ],
    "val_loss": [
      1.5456008682859705,
      3.8989925790340343,
      5.943538645480541,
      7.173380222726376,
      8.837167841322879
    ],
    "val_accuracy": [
      0.5876666666666667,
      0.4103333333333333,
      0.25,
      0.2375,
      0.2385
    ]
  },
  "accuracy": 0.2388,
  "confusion": [
    [
      980.0,
      0.0,
      0.0,
      0.0,
      0.0,
      0.0,
      0.0,
      0.0,
      0.0,
      0.0
    ],
    [
      41.0,
      1094.0,
      0.0,
      0.0,
      0.0,
      0.0,
      0.0,
      0.0,
      0.0,
      0.0
    ],
    [
      1032.0,
      0.0,
      0.0,
      0.0,
      0.0,
      0.0,
      0.0,
      0.0,
      0.0,
      0.0
    ],
    [
      701.0,
      0.0,
      0.0,
      309.0,
      0.0,
      0.0,
      0.0,
      0.0,
      0.0,
      0.0
    ],
    [
      981.0,
      0.0,
      0.0,
      0.0,
      0.0,
      0.0,
      0.0,
      1.0,
      0.0,
      0.0
    ],
    [
      892.0,
      0.0,
      0.0,
      0.0,
      0.0,
      0.0,
      0.0,
      0.0,
      0.0,
      0.0
    ],
    [
      957.0,
      1.0,
      0.0,
      0.0,
      0.0,
      0.0,
      0.0,
      0.0,
      0.0,
      0.0
    ],
    [
      1024.0,
      0.0,
      0.0,
      0.0,
      0.0,
      0.0,
      0.0,
      4.0,
      0.0,
      0.0
    ],
    [
      974.0,
      0.0,
      0.0,
      0.0,
      0.0,
      0.0,
      0.0,
      0.0,
      0.0,
      0.0
    ],
    [
      1005.0,
      3.0,
      0.0,
      0.0,
      0.0,
      0.0,
      0.0,
      0.0,
      0.0,
      1.0
    ]
  ],
  "classRecall": [
    1.0,
    0.9638766646385193,
    0.0,
    0.3059405982494354,
    0.0,
    0.0,
    0.0,
    0.0038910505827516317,
    0.0,
    0.0009910803055390716
  ],
  "classPrecision": [
    0.11412600427865982,
    0.9963570237159729,
    NaN,
    1.0,
    NaN,
    NaN,
    NaN,
    0.800000011920929,
    NaN,
    1.0
  ],
  "classes": [
    0,
    1,
    2,
    3,
    4,
    5,
    6,
    7,
    8,
    9
  ]
}