{
  "name": "model",
  "metrics": {
    "train_loss": [
      4.4922485771504315,
      3.031392204490575,
      4.014923903075132,
      4.783361585980112,
      4.040212045339021,
      5.393729647452181,
      3.240933947265148,
      4.180929299105298,
      3.710677817463875,
      3.179541026326743,
      5.969154918735677,
      2.7904516675255517
    ],
    "train_accuracy": [
      0.21657777777777779,
      0.3277111111111111,
      0.32815555555555553,
      0.3598222222222222,
      0.41957777777777777,
      0.35835555555555554,
      0.5051111111111111,
      0.4882444444444444,
      0.5374888888888889,
      0.5574888888888889,
      0.4477111111111111,
      0.6512444444444444
    ],
    "val_loss": [
      4.610261219739914,
      3.155899667739868,
      4.191795575618744,
      5.181478822231293,
      4.351570129394531,
      5.784626007080078,
      3.650759893655777,
      4.635308739542961,
      4.372916358709335,
      3.8660089135169984,
      6.767320907115936,
      3.663240057229996
    ],
    "val_accuracy": [
      0.2104,
      0.3226,
      0.3176,
      0.346,
      0.3982,
      0.3406,
      0.475,
      0.4498,
      0.4844,
      0.4992,
      0.4058,
      0.5654
    ]
  },
  "accuracy": 0.5664,
  "confusion": [
    [
      998.0,
      0.0,
      1.0,
      0.0,
      0.0,
      0.0,
      0.0,
      1.0,
      0.0,
      0.0
    ],
    [
      348.0,
      625.0,
      1.0,
      2.0,
      3.0,
      0.0,
      6.0,
      1.0,
      4.0,
      10.0
    ],
    [
      596.0,
      0.0,
      309.0,
      12.0,
      22.0,
      26.0,
      26.0,
      8.0,
      0.0,
      1.0
    ],
    [
      344.0,
      0.0,
      17.0,
      456.0,
      31.0,
      101.0,
      39.0,
      10.0,
      0.0,
      2.0
    ],
    [
      272.0,
      0.0,
      20.0,
      25.0,
      645.0,
      12.0,
      19.0,
      7.0,
      0.0,
      0.0
    ],
    [
      212.0,
      0.0,
      21.0,
      48.0,
      24.0,
      679.0,
      10.0,
      6.0,
      0.0,
      0.0
    ],
    [
      124.0,
      0.0,
      9.0,
      24.0,
      21.0,
      7.0,
      814.0,
      0.0,
      1.0,
      0.0
    ],
    [
      289.0,
      0.0,
      16.0,
      9.0,
      45.0,
      23.0,
      1.0,
      617.0,
      0.0,
      0.0
    ],
    [
      893.0,
      1.0,
      0.0,
      7.0,
      1.0,
      3.0,
      2.0,
      0.0,
      93.0,
      0.0
    ],
    [
      525.0,
      28.0,
      4.0,
      8.0,
      2.0,
      0.0,
      5.0,
      0.0,
      0.0,
      428.0
    ]
  ],
  "classRecall": [
    0.9980000257492065,
    0.625,
    0.3089999854564667,
    0.4560000002384186,
    0.6449999809265137,
    0.6790000200271606,
    0.8140000104904175,
    0.6169999837875366,
    0.09300000220537186,
    0.42800000309944153
  ],
  "classPrecision": [
    0.21690936386585236,
    0.9556574821472168,
    0.7763819098472595,
    0.7715736031532288,
    0.8123425841331482,
    0.7978848218917847,
    0.8828633427619934,
    0.9492307901382446,
    0.9489796161651611,
    0.9705215692520142
  ],
  "classes": [
    "plane",
    "car",
    "bird",
    "cat",
    "deer",
    "dog",
    "frog",
    "horse",
    "ship",
    "truck"
  ]
}