{
  "name": "model",
  "metrics": {
    "train_loss": [
      0.3030567782185089,
      0.7749988746021597,
      1.770485382226971,
      1.8599440147526456,
      2.815101288506205
    ],
    "train_accuracy": [
      0.9124814814814814,
      0.7360740740740741,
      0.5871296296296297,
      0.5660555555555555,
      0.49107407407407405
    ],
    "val_loss": [
      0.32599130114342306,
      0.7945326541332488,
      1.7613513342877651,
      1.8472412291993485,
      2.7752082500051944
    ],
    "val_accuracy": [
      0.9071666666666667,
      0.7395,
      0.5885,
      0.5745,
      0.49183333333333334
    ]
  },
  "accuracy": 0.4892,
  "confusion": [
    [
      980.0,
      0.0,
      0.0,
      0.0,
      0.0,
      0.0,
      0.0,
      0.0,
      0.0,
      0.0
    ],
    [
      16.0,
      1117.0,
      0.0,
      0.0,
      0.0,
      0.0,
      0.0,
      0.0,
      2.0,
      0.0
    ],
    [
      1031.0,
      0.0,
      0.0,
      0.0,
      0.0,
      0.0,
      0.0,
      0.0,
      1.0,
      0.0
    ],
    [
      107.0,
      0.0,
      0.0,
      901.0,
      0.0,
      1.0,
      0.0,
      0.0,
      1.0,
      0.0
    ],
    [
      88.0,
      0.0,
      0.0,
      0.0,
      887.0,
      0.0,
      0.0,
      0.0,
      0.0,
      7.0
    ],
    [
      707.0,
      0.0,
      0.0,
      12.0,
      0.0,
      172.0,
      0.0,
      0.0,
      1.0,
      0.0
    ],
    [
      955.0,
      2.0,
      0.0,
      0.0,
      1.0,
      0.0,
      0.0,
      0.0,
      0.0,
      0.0
    ],
    [
      997.0,
      3.0,
      0.0,
      0.0,
      0.0,
      0.0,
      0.0,
      28.0,
      0.0,
      0.0
    ],
    [
      527.0,
      1.0,
      0.0,
      1.0,
      2.0,
      0.0,
      0.0,
      0.0,
      443.0,
      0.0
    ],
    [
      633.0,
      4.0,
      0.0,
      3.0,
      4.0,
      0.0,
      0.0,
      0.0,
      1.0,
      364.0
    ]
  ],
  "classRecall": [
    1.0,
    0.9841409921646118,
    0.0,
    0.89207923412323,
    0.9032586812973022,
    0.1928251087665558,
    0.0,
    0.02723735384643078,
    0.4548254609107971,
    0.36075320839881897
  ],
  "classPrecision": [
    0.16222479939460754,
    0.9911268949508667,
    NaN,
    0.9825518131256104,
    0.9921700358390808,
    0.9942196607589722,
    NaN,
    1.0,
    0.9866369962692261,
    0.9811320900917053
  ],
  "classes": [
    0,
    1,
    2,
    3,
    4,
    5,
    6,
    7,
    8,
    9
  ]
}