{
  "name": "model",
  "metrics": {
    "train_loss": [
      0.5152425009633692,
      1.2222446502667468,
      1.085719197847267,
      1.4966171157868553,
      2.673355098019279
    ],
    "train_accuracy": [
      0.8030555555555555,
      0.5774259259259259,
      0.6602037037037037,
      0.6635740740740741,
      0.502537037037037
    ],
    "val_loss": [
      0.5300190987739157,
      1.2147171776345436,
      1.1015045604807265,
      1.5000601246001872,
      2.643427790479457
    ],
    "val_accuracy": [
      0.8028333333333333,
      0.5886666666666667,
      0.6686666666666666,
      0.6645,
      0.5065
    ]
  },
  "accuracy": 0.5052,
  "confusion": [
    [
      980.0,
      0.0,
      0.0,
      0.0,
      0.0,
      0.0,
      0.0,
      0.0,
      0.0,
      0.0
    ],
    [
      13.0,
      1122.0,
      0.0,
      0.0,
      0.0,
      0.0,
      0.0,
      0.0,
      0.0,
      0.0
    ],
    [
      1019.0,
      0.0,
      12.0,
      0.0,
      0.0,
      0.0,
      0.0,
      1.0,
      0.0,
      0.0
    ],
    [
      93.0,
      0.0,
      0.0,
      915.0,
      0.0,
      1.0,
      0.0,
      1.0,
      0.0,
      0.0
    ],
    [
      56.0,
      2.0,
      0.0,
      0.0,
      908.0,
      0.0,
      0.0,
      1.0,
      0.0,
      15.0
    ],
    [
      865.0,
      0.0,
      0.0,
      3.0,
      0.0,
      24.0,
      0.0,
      0.0,
      0.0,
      0.0
    ],
    [
      956.0,
      1.0,
      0.0,
      0.0,
      1.0,
      0.0,
      0.0,
      0.0,
      0.0,
      0.0
    ],
    [
      832.0,
      5.0,
      0.0,
      0.0,
      0.0,
      0.0,
      0.0,
      190.0,
      0.0,
      1.0
    ],
    [
      960.0,
      0.0,
      0.0,
      0.0,
      2.0,
      0.0,
      0.0,
      2.0,
      10.0,
      0.0
    ],
    [
      100.0,
      5.0,
      0.0,
      4.0,
      6.0,
      0.0,
      0.0,
      3.0,
      0.0,
      891.0
    ]
  ],
  "classRecall": [
    1.0,
    0.9885462522506714,
    0.011627906933426857,
    0.905940592288971,
    0.9246435761451721,
    0.026905829086899757,
    0.0,
    0.1848248988389969,
    0.010266940109431744,
    0.8830525279045105
  ],
  "classPrecision": [
    0.1668369024991989,
    0.9885462522506714,
    1.0,
    0.9924077987670898,
    0.9901853799819946,
    0.9599999785423279,
    NaN,
    0.9595959782600403,
    1.0,
    0.9823594093322754
  ],
  "classes": [
    0,
    1,
    2,
    3,
    4,
    5,
    6,
    7,
    8,
    9
  ]
}