{
  "name": "model",
  "metrics": {
    "train_loss": [
      4.539016350426457,
      3.0740693631497296,
      3.308058801022443,
      4.375018062239343,
      3.2500890574672003,
      3.215682552619414,
      4.74629088694399,
      3.8852548883719877,
      4.6465935056859795,
      4.3768788928335365,
      3.6302512166174976,
      5.187597677111626
    ],
    "train_accuracy": [
      0.23344444444444445,
      0.3210222222222222,
      0.3267777777777778,
      0.3127111111111111,
      0.41355555555555557,
      0.42213333333333336,
      0.37124444444444443,
      0.41764444444444443,
      0.41373333333333334,
      0.44993333333333335,
      0.5562222222222222,
      0.4992
    ],
    "val_loss": [
      4.475413429737091,
      3.0442321598529816,
      3.2853104174137115,
      4.4613472580909725,
      3.3357310354709626,
      3.390578842163086,
      5.072992342710495,
      4.21790682375431,
      4.998445916175842,
      4.911205607652664,
      4.184583532810211,
      6.140490245819092
    ],
    "val_accuracy": [
      0.2388,
      0.3196,
      0.3228,
      0.3028,
      0.391,
      0.3984,
      0.3452,
      0.3914,
      0.3862,
      0.41,
      0.5018,
      0.4464
    ]
  },
  "accuracy": 0.4388,
  "confusion": [
    [
      999.0,
      0.0,
      0.0,
      0.0,
      0.0,
      0.0,
      1.0,
      0.0,
      0.0,
      0.0
    ],
    [
      418.0,
      577.0,
      0.0,
      0.0,
      0.0,
      2.0,
      3.0,
      0.0,
      0.0,
      0.0
    ],
    [
      827.0,
      0.0,
      121.0,
      17.0,
      9.0,
      7.0,
      16.0,
      3.0,
      0.0,
      0.0
    ],
    [
      566.0,
      0.0,
      3.0,
      369.0,
      9.0,
      36.0,
      16.0,
      0.0,
      0.0,
      1.0
    ],
    [
      539.0,
      1.0,
      7.0,
      17.0,
      377.0,
      17.0,
      14.0,
      28.0,
      0.0,
      0.0
    ],
    [
      406.0,
      0.0,
      5.0,
      58.0,
      8.0,
      510.0,
      2.0,
      11.0,
      0.0,
      0.0
    ],
    [
      222.0,
      0.0,
      9.0,
      31.0,
      7.0,
      13.0,
      716.0,
      2.0,
      0.0,
      0.0
    ],
    [
      454.0,
      0.0,
      1.0,
      10.0,
      9.0,
      7.0,
      0.0,
      518.0,
      0.0,
      1.0
    ],
    [
      964.0,
      0.0,
      0.0,
      1.0,
      0.0,
      0.0,
      0.0,
      0.0,
      35.0,
      0.0
    ],
    [
      812.0,
      20.0,
      0.0,
      0.0,
      0.0,
      1.0,
      0.0,
      1.0,
      0.0,
      166.0
    ]
  ],
  "classRecall": [
    0.9990000128746033,
    0.5770000219345093,
    0.12099999934434891,
    0.36899998784065247,
    0.37700000405311584,
    0.5099999904632568,
    0.7160000205039978,
    0.5180000066757202,
    0.03500000014901161,
    0.16599999368190765
  ],
  "classPrecision": [
    0.16094732284545898,
    0.9648829698562622,
    0.8287671208381653,
    0.7335984110832214,
    0.8997613191604614,
    0.8600337505340576,
    0.9322916865348816,
    0.9200710654258728,
    1.0,
    0.988095223903656
  ],
  "classes": [
    "plane",
    "car",
    "bird",
    "cat",
    "deer",
    "dog",
    "frog",
    "horse",
    "ship",
    "truck"
  ]
}