{
  "name": "model",
  "metrics": {
    "train_loss": [
      0.1980859658005537,
      0.24017230520174968,
      0.19785139833298904,
      0.33639756523037406,
      0.5516516071925232
    ],
    "train_accuracy": [
      0.9440925925925926,
      0.9333518518518519,
      0.9412777777777778,
      0.8917407407407407,
      0.8330555555555555
    ],
    "val_loss": [
      0.22318589877575,
      0.2710671248905202,
      0.23710480221408478,
      0.3734101928929065,
      0.587252750675729
    ],
    "val_accuracy": [
      0.9341666666666667,
      0.9265,
      0.9318333333333333,
      0.8821666666666667,
      0.8278333333333333
    ]
  },
  "accuracy": 0.8359,
  "confusion": [
    [
      978.0,
      0.0,
      1.0,
      1.0,
      0.0,
      0.0,
      0.0,
      0.0,
      0.0,
      0.0
    ],
    [
      3.0,
      1125.0,
      2.0,
      1.0,
      0.0,
      2.0,
      0.0,
      0.0,
      2.0,
      0.0
    ],
    [
      39.0,
      1.0,
      989.0,
      0.0,
      0.0,
      0.0,
      0.0,
      1.0,
      2.0,
      0.0
    ],
    [
      12.0,
      0.0,
      9.0,
      975.0,
      0.0,
      8.0,
      0.0,
      3.0,
      3.0,
      0.0
    ],
    [
      32.0,
      0.0,
      3.0,
      0.0,
      932.0,
      0.0,
      0.0,
      1.0,
      3.0,
      11.0
    ],
    [
      81.0,
      0.0,
      0.0,
      3.0,
      1.0,
      803.0,
      0.0,
      0.0,
      1.0,
      3.0
    ],
    [
      948.0,
      2.0,
      0.0,
      0.0,
      1.0,
      1.0,
      5.0,
      0.0,
      1.0,
      0.0
    ],
    [
      281.0,
      5.0,
      19.0,
      1.0,
      2.0,
      0.0,
      0.0,
      716.0,
      1.0,
      3.0
    ],
    [
      46.0,
      0.0,
      4.0,
      6.0,
      2.0,
      2.0,
      0.0,
      1.0,
      913.0,
      0.0
    ],
    [
      49.0,
      6.0,
      0.0,
      11.0,
      10.0,
      5.0,
      0.0,
      1.0,
      4.0,
      923.0
    ]
  ],
  "classRecall": [
    0.9979591965675354,
    0.9911894202232361,
    0.9583333134651184,
    0.9653465151786804,
    0.9490835070610046,
    0.9002242088317871,
    0.005219206679612398,
    0.6964980363845825,
    0.9373716711997986,
    0.9147670865058899
  ],
  "classPrecision": [
    0.39611178636550903,
    0.9877085089683533,
    0.9629990458488464,
    0.97695392370224,
    0.9831223487854004,
    0.9780755043029785,
    1.0,
    0.9903181195259094,
    0.9817204475402832,
    0.9819148778915405
  ],
  "classes": [
    0,
    1,
    2,
    3,
    4,
    5,
    6,
    7,
    8,
    9
  ]
}