{
  "name": "model",
  "metrics": {
    "train_loss": [
      0.9897562944776074,
      2.972587957201411,
      6.209795606079825,
      8.015722171955199,
      9.796307080164905
    ],
    "train_accuracy": [
      0.6542407407407408,
      0.3972407407407407,
      0.1752037037037037,
      0.10864814814814815,
      0.1718148148148148
    ],
    "val_loss": [
      1.001300721726519,
      2.9468417319845646,
      6.126309029599454,
      7.904796316268596,
      9.66908465040491
    ],
    "val_accuracy": [
      0.656,
      0.4041666666666667,
      0.17833333333333334,
      0.10916666666666666,
      0.17316666666666666
    ]
  },
  "accuracy": 0.1758,
  "confusion": [
    [
      980.0,
      0.0,
      0.0,
      0.0,
      0.0,
      0.0,
      0.0,
      0.0,
      0.0,
      0.0
    ],
    [
      365.0,
      770.0,
      0.0,
      0.0,
      0.0,
      0.0,
      0.0,
      0.0,
      0.0,
      0.0
    ],
    [
      1032.0,
      0.0,
      0.0,
      0.0,
      0.0,
      0.0,
      0.0,
      0.0,
      0.0,
      0.0
    ],
    [
      1010.0,
      0.0,
      0.0,
      0.0,
      0.0,
      0.0,
      0.0,
      0.0,
      0.0,
      0.0
    ],
    [
      981.0,
      1.0,
      0.0,
      0.0,
      0.0,
      0.0,
      0.0,
      0.0,
      0.0,
      0.0
    ],
    [
      892.0,
      0.0,
      0.0,
      0.0,
      0.0,
      0.0,
      0.0,
      0.0,
      0.0,
      0.0
    ],
    [
      958.0,
      0.0,
      0.0,
      0.0,
      0.0,
      0.0,
      0.0,
      0.0,
      0.0,
      0.0
    ],
    [
      1028.0,
      0.0,
      0.0,
      0.0,
      0.0,
      0.0,
      0.0,
      0.0,
      0.0,
      0.0
    ],
    [
      974.0,
      0.0,
      0.0,
      0.0,
      0.0,
      0.0,
      0.0,
      0.0,
      0.0,
      0.0
    ],
    [
      1001.0,
      0.0,
      0.0,
      0.0,
      0.0,
      0.0,
      0.0,
      0.0,
      0.0,
      8.0
    ]
  ],
  "classRecall": [
    1.0,
    0.6784141063690186,
    0.0,
    0.0,
    0.0,
    0.0,
    0.0,
    0.0,
    0.0,
    0.007928642444312572
  ],
  "classPrecision": [
    0.10627914220094681,
    0.9987030029296875,
    NaN,
    NaN,
    NaN,
    NaN,
    NaN,
    NaN,
    NaN,
    1.0
  ],
  "classes": [
    0,
    1,
    2,
    3,
    4,
    5,
    6,
    7,
    8,
    9
  ]
}