{
  "name": "model",
  "metrics": {
    "train_loss": [
      5.656049714847044,
      7.5861306244676765,
      8.708396952260625,
      7.50386405126615,
      10.406594531102614,
      9.016919169913638,
      8.32437733357603,
      8.307962157509543,
      10.497083506800912,
      10.91877019405365,
      12.079330018975519,
      18.080772372809324
    ],
    "train_accuracy": [
      0.14224444444444445,
      0.1675111111111111,
      0.1998888888888889,
      0.1834888888888889,
      0.13202222222222224,
      0.1888,
      0.2836444444444444,
      0.2466,
      0.20933333333333334,
      0.25422222222222224,
      0.2406222222222222,
      0.16215555555555555
    ],
    "val_loss": [
      5.67694388628006,
      7.731146454811096,
      9.042898738384247,
      7.7234508991241455,
      10.729139041900634,
      9.301707220077514,
      8.793347787857055,
      8.85481549501419,
      11.222309160232545,
      11.686841988563538,
      13.022902011871338,
      19.255822134017944
    ],
    "val_accuracy": [
      0.1416,
      0.1646,
      0.1902,
      0.1796,
      0.1304,
      0.1816,
      0.2634,
      0.2338,
      0.1944,
      0.2322,
      0.2244,
      0.1504
    ]
  },
  "accuracy": 0.1572,
  "confusion": [
    [
      1000.0,
      0.0,
      0.0,
      0.0,
      0.0,
      0.0,
      0.0,
      0.0,
      0.0,
      0.0
    ],
    [
      978.0,
      22.0,
      0.0,
      0.0,
      0.0,
      0.0,
      0.0,
      0.0,
      0.0,
      0.0
    ],
    [
      974.0,
      0.0,
      22.0,
      2.0,
      2.0,
      0.0,
      0.0,
      0.0,
      0.0,
      0.0
    ],
    [
      949.0,
      0.0,
      1.0,
      46.0,
      0.0,
      2.0,
      2.0,
      0.0,
      0.0,
      0.0
    ],
    [
      915.0,
      0.0,
      1.0,
      2.0,
      78.0,
      0.0,
      4.0,
      0.0,
      0.0,
      0.0
    ],
    [
      920.0,
      0.0,
      0.0,
      3.0,
      2.0,
      74.0,
      0.0,
      1.0,
      0.0,
      0.0
    ],
    [
      832.0,
      0.0,
      0.0,
      0.0,
      0.0,
      0.0,
      168.0,
      0.0,
      0.0,
      0.0
    ],
    [
      839.0,
      0.0,
      0.0,
      1.0,
      0.0,
      3.0,
      0.0,
      157.0,
      0.0,
      0.0
    ],
    [
      1000.0,
      0.0,
      0.0,
      0.0,
      0.0,
      0.0,
      0.0,
      0.0,
      0.0,
      0.0
    ],
    [
      995.0,
      0.0,
      0.0,
      0.0,
      0.0,
      0.0,
      0.0,
      0.0,
      0.0,
      5.0
    ]
  ],
  "classRecall": [
    1.0,
    0.02199999988079071,
    0.02199999988079071,
    0.04600000008940697,
    0.07800000160932541,
    0.07400000095367432,
    0.1679999977350235,
    0.15700000524520874,
    0.0,
    0.004999999888241291
  ],
  "classPrecision": [
    0.10636034607887268,
    1.0,
    0.9166666865348816,
    0.8518518805503845,
    0.9512194991111755,
    0.9367088675498962,
    0.9655172228813171,
    0.9936708807945251,
    NaN,
    1.0
  ],
  "classes": [
    "plane",
    "car",
    "bird",
    "cat",
    "deer",
    "dog",
    "frog",
    "horse",
    "ship",
    "truck"
  ]
}