{
  "name": "model",
  "metrics": {
    "train_loss": [
      0.3239950833233047,
      0.8040478954100496,
      1.131358528306699,
      1.5094766108345647,
      3.118971996397769
    ],
    "train_accuracy": [
      0.8966111111111111,
      0.7332037037037037,
      0.7145555555555556,
      0.666425925925926,
      0.4461851851851852
    ],
    "val_loss": [
      0.3461986459950183,
      0.8256545891153052,
      1.1474992594820388,
      1.546363911730178,
      3.1012728214263916
    ],
    "val_accuracy": [
      0.893,
      0.7315,
      0.7095,
      0.6661666666666667,
      0.4505
    ]
  },
  "accuracy": 0.4546,
  "confusion": [
    [
      980.0,
      0.0,
      0.0,
      0.0,
      0.0,
      0.0,
      0.0,
      0.0,
      0.0,
      0.0
    ],
    [
      20.0,
      1111.0,
      0.0,
      1.0,
      0.0,
      0.0,
      0.0,
      0.0,
      3.0,
      0.0
    ],
    [
      1031.0,
      0.0,
      0.0,
      0.0,
      0.0,
      0.0,
      0.0,
      1.0,
      0.0,
      0.0
    ],
    [
      108.0,
      0.0,
      0.0,
      900.0,
      0.0,
      1.0,
      0.0,
      1.0,
      0.0,
      0.0
    ],
    [
      443.0,
      0.0,
      0.0,
      0.0,
      536.0,
      0.0,
      0.0,
      0.0,
      0.0,
      3.0
    ],
    [
      621.0,
      0.0,
      0.0,
      4.0,
      0.0,
      267.0,
      0.0,
      0.0,
      0.0,
      0.0
    ],
    [
      956.0,
      2.0,
      0.0,
      0.0,
      0.0,
      0.0,
      0.0,
      0.0,
      0.0,
      0.0
    ],
    [
      764.0,
      5.0,
      0.0,
      0.0,
      0.0,
      0.0,
      0.0,
      259.0,
      0.0,
      0.0
    ],
    [
      809.0,
      0.0,
      0.0,
      1.0,
      1.0,
      0.0,
      0.0,
      1.0,
      162.0,
      0.0
    ],
    [
      674.0,
      2.0,
      0.0,
      0.0,
      1.0,
      0.0,
      0.0,
      1.0,
      0.0,
      331.0
    ]
  ],
  "classRecall": [
    1.0,
    0.9788545966148376,
    0.0,
    0.8910890817642212,
    0.5458248257637024,
    0.2993273437023163,
    0.0,
    0.25194552540779114,
    0.1663244366645813,
    0.32804757356643677
  ],
  "classPrecision": [
    0.15298157930374146,
    0.9919642806053162,
    NaN,
    0.9933775067329407,
    0.9962825179100037,
    0.996268630027771,
    NaN,
    0.9847908616065979,
    0.9818181991577148,
    0.9910179376602173
  ],
  "classes": [
    0,
    1,
    2,
    3,
    4,
    5,
    6,
    7,
    8,
    9
  ]
}