{
  "name": "model",
  "metrics": {
    "train_loss": [
      0.3350405899269321,
      0.6719637555533676,
      0.8312614403347268,
      0.8600738173553729,
      1.2186449989323367
    ],
    "train_accuracy": [
      0.9019259259259259,
      0.7733703703703704,
      0.7809444444444444,
      0.752537037037037,
      0.6987037037037037
    ],
    "val_loss": [
      0.35716214205356356,
      0.7000493553090603,
      0.8633021953258109,
      0.8951097042002576,
      1.249176596073394
    ],
    "val_accuracy": [
      0.8946666666666667,
      0.7658333333333334,
      0.7778333333333334,
      0.7503333333333333,
      0.6975
    ]
  },
  "accuracy": 0.7027,
  "confusion": [
    [
      980.0,
      0.0,
      0.0,
      0.0,
      0.0,
      0.0,
      0.0,
      0.0,
      0.0,
      0.0
    ],
    [
      19.0,
      1115.0,
      1.0,
      0.0,
      0.0,
      0.0,
      0.0,
      0.0,
      0.0,
      0.0
    ],
    [
      495.0,
      1.0,
      533.0,
      0.0,
      1.0,
      0.0,
      0.0,
      2.0,
      0.0,
      0.0
    ],
    [
      69.0,
      0.0,
      2.0,
      928.0,
      0.0,
      5.0,
      0.0,
      6.0,
      0.0,
      0.0
    ],
    [
      61.0,
      0.0,
      0.0,
      0.0,
      902.0,
      0.0,
      0.0,
      0.0,
      2.0,
      17.0
    ],
    [
      440.0,
      0.0,
      0.0,
      0.0,
      0.0,
      451.0,
      0.0,
      0.0,
      0.0,
      1.0
    ],
    [
      955.0,
      2.0,
      0.0,
      0.0,
      1.0,
      0.0,
      0.0,
      0.0,
      0.0,
      0.0
    ],
    [
      290.0,
      9.0,
      8.0,
      0.0,
      0.0,
      0.0,
      0.0,
      717.0,
      0.0,
      4.0
    ],
    [
      482.0,
      0.0,
      1.0,
      0.0,
      1.0,
      0.0,
      0.0,
      3.0,
      485.0,
      2.0
    ],
    [
      75.0,
      4.0,
      0.0,
      5.0,
      9.0,
      0.0,
      0.0,
      0.0,
      0.0,
      916.0
    ]
  ],
  "classRecall": [
    1.0,
    0.9823788404464722,
    0.5164728760719299,
    0.9188118577003479,
    0.9185336232185364,
    0.5056053996086121,
    0.0,
    0.6974708437919617,
    0.4979466199874878,
    0.9078295230865479
  ],
  "classPrecision": [
    0.25349196791648865,
    0.9858532547950745,
    0.9779816269874573,
    0.9946409463882446,
    0.9868708848953247,
    0.9890350699424744,
    NaN,
    0.9848901033401489,
    0.9958932399749756,
    0.9744681119918823
  ],
  "classes": [
    0,
    1,
    2,
    3,
    4,
    5,
    6,
    7,
    8,
    9
  ]
}