{
  "name": "model",
  "metrics": {
    "train_loss": [
      0.32249568900649583,
      0.9917246971932633,
      1.004685076633336,
      1.6420990237127548,
      2.1855034410106065
    ],
    "train_accuracy": [
      0.9043148148148148,
      0.6826851851851852,
      0.6859259259259259,
      0.6008333333333333,
      0.5034814814814815
    ],
    "val_loss": [
      0.34585902982569755,
      1.0158063731294997,
      1.0391378986074569,
      1.674801968513651,
      2.2382274308103196
    ],
    "val_accuracy": [
      0.9011666666666667,
      0.6816666666666666,
      0.681,
      0.593,
      0.496
    ]
  },
  "accuracy": 0.5032,
  "confusion": [
    [
      980.0,
      0.0,
      0.0,
      0.0,
      0.0,
      0.0,
      0.0,
      0.0,
      0.0,
      0.0
    ],
    [
      15.0,
      1116.0,
      2.0,
      2.0,
      0.0,
      0.0,
      0.0,
      0.0,
      0.0,
      0.0
    ],
    [
      1022.0,
      0.0,
      6.0,
      0.0,
      0.0,
      0.0,
      0.0,
      4.0,
      0.0,
      0.0
    ],
    [
      47.0,
      0.0,
      1.0,
      952.0,
      0.0,
      4.0,
      0.0,
      5.0,
      1.0,
      0.0
    ],
    [
      980.0,
      0.0,
      0.0,
      0.0,
      0.0,
      0.0,
      0.0,
      0.0,
      1.0,
      1.0
    ],
    [
      273.0,
      0.0,
      0.0,
      2.0,
      0.0,
      617.0,
      0.0,
      0.0,
      0.0,
      0.0
    ],
    [
      956.0,
      2.0,
      0.0,
      0.0,
      0.0,
      0.0,
      0.0,
      0.0,
      0.0,
      0.0
    ],
    [
      520.0,
      1.0,
      2.0,
      0.0,
      0.0,
      0.0,
      0.0,
      504.0,
      0.0,
      1.0
    ],
    [
      810.0,
      0.0,
      0.0,
      0.0,
      0.0,
      0.0,
      0.0,
      1.0,
      163.0,
      0.0
    ],
    [
      304.0,
      2.0,
      0.0,
      3.0,
      0.0,
      5.0,
      0.0,
      1.0,
      0.0,
      694.0
    ]
  ],
  "classRecall": [
    1.0,
    0.983259916305542,
    0.0058139534667134285,
    0.9425742626190186,
    0.0,
    0.6917040348052979,
    0.0,
    0.4902723729610443,
    0.1673511266708374,
    0.6878097057342529
  ],
  "classPrecision": [
    0.16590486466884613,
    0.9955397248268127,
    0.5454545617103577,
    0.9927007555961609,
    NaN,
    0.9856230020523071,
    NaN,
    0.9786407947540283,
    0.9878787994384766,
    0.9971264600753784
  ],
  "classes": [
    0,
    1,
    2,
    3,
    4,
    5,
    6,
    7,
    8,
    9
  ]
}