{
  "name": "model",
  "metrics": {
    "train_loss": [
      1.3987795067104427,
      0.9579090787605806,
      0.760425632650202,
      0.5968409313566305,
      0.4559334915300662,
      0.4196942976929925,
      0.35038798776539887,
      0.291724091057073,
      0.20448884973302484,
      0.17328730642541565,
      0.18969354729845442,
      0.13044976630375127
    ],
    "train_accuracy": [
      0.4974222222222222,
      0.6608222222222222,
      0.7344666666666667,
      0.7982666666666667,
      0.8418666666666667,
      0.8548444444444444,
      0.8826666666666667,
      0.9026,
      0.9306,
      0.9445111111111111,
      0.9352222222222222,
      0.9586
    ],
    "val_loss": [
      1.4152366936206817,
      1.0162353366613388,
      0.8395384758710861,
      0.6904879450798035,
      0.6232414051890374,
      0.5979615390300751,
      0.5634944133460522,
      0.5388174541294575,
      0.5490713432431221,
      0.5335625976324081,
      0.6284812077879905,
      0.5768234975636005
    ],
    "val_accuracy": [
      0.4926,
      0.6384,
      0.7084,
      0.7598,
      0.7946,
      0.798,
      0.8128,
      0.8136,
      0.8246,
      0.8234,
      0.8164,
      0.824
    ]
  },
  "accuracy": 0.8181,
  "confusion": [
    [
      837.0,
      13.0,
      27.0,
      40.0,
      15.0,
      5.0,
      3.0,
      7.0,
      33.0,
      20.0
    ],
    [
      5.0,
      945.0,
      0.0,
      5.0,
      2.0,
      3.0,
      2.0,
      1.0,
      9.0,
      28.0
    ],
    [
      53.0,
      7.0,
      693.0,
      97.0,
      44.0,
      53.0,
      30.0,
      18.0,
      5.0,
      0.0
    ],
    [
      12.0,
      5.0,
      31.0,
      720.0,
      27.0,
      150.0,
      32.0,
      13.0,
      4.0,
      6.0
    ],
    [
      8.0,
      2.0,
      48.0,
      71.0,
      778.0,
      40.0,
      19.0,
      29.0,
      4.0,
      1.0
    ],
    [
      6.0,
      4.0,
      16.0,
      130.0,
      11.0,
      807.0,
      4.0,
      15.0,
      2.0,
      5.0
    ],
    [
      4.0,
      11.0,
      34.0,
      78.0,
      21.0,
      29.0,
      818.0,
      3.0,
      1.0,
      1.0
    ],
    [
      12.0,
      1.0,
      16.0,
      45.0,
      22.0,
      59.0,
      1.0,
      839.0,
      1.0,
      4.0
    ],
    [
      41.0,
      24.0,
      8.0,
      14.0,
      3.0,
      8.0,
      5.0,
      0.0,
      884.0,
      13.0
    ],
    [
      12.0,
      84.0,
      4.0,
      12.0,
      0.0,
      3.0,
      3.0,
      6.0,
      16.0,
      860.0
    ]
  ],
  "classRecall": [
    0.8370000123977661,
    0.9449999928474426,
    0.6930000185966492,
    0.7200000286102295,
    0.777999997138977,
    0.8069999814033508,
    0.8180000185966492,
    0.8389999866485596,
    0.8840000033378601,
    0.8600000143051147
  ],
  "classPrecision": [
    0.8454545736312866,
    0.8622262477874756,
    0.7901938557624817,
    0.594059407711029,
    0.8429035544395447,
    0.6974934935569763,
    0.8920392394065857,
    0.9011815190315247,
    0.921793520450592,
    0.916844367980957
  ],
  "classes": [
    "plane",
    "car",
    "bird",
    "cat",
    "deer",
    "dog",
    "frog",
    "horse",
    "ship",
    "truck"
  ]
}