{
  "name": "model",
  "metrics": {
    "train_loss": [
      3.3469149971550163,
      4.35226624188098,
      5.192352476445111,
      2.5813576643439857,
      1.9509549831802195,
      2.669515336440368,
      5.3430256193334404,
      4.083480648696423,
      3.7949948866258967,
      8.715678648515182,
      6.186125919222832,
      4.170702294192531
    ],
    "train_accuracy": [
      0.26826666666666665,
      0.34286666666666665,
      0.3220222222222222,
      0.48884444444444447,
      0.5779555555555556,
      0.5269555555555555,
      0.3903333333333333,
      0.48544444444444446,
      0.5388666666666667,
      0.32266666666666666,
      0.4620666666666667,
      0.5458222222222222
    ],
    "val_loss": [
      3.416643387079239,
      4.391052240133286,
      5.337372899055481,
      2.7550426572561264,
      2.074798282980919,
      2.8384620368480684,
      5.699322462081909,
      4.510009396076202,
      4.235080099105835,
      9.529644787311554,
      6.92365003824234,
      5.228307259082794
    ],
    "val_accuracy": [
      0.2632,
      0.3382,
      0.3142,
      0.473,
      0.546,
      0.5,
      0.372,
      0.4572,
      0.5006,
      0.2996,
      0.4226,
      0.49
    ]
  },
  "accuracy": 0.4845,
  "confusion": [
    [
      911.0,
      3.0,
      23.0,
      3.0,
      1.0,
      0.0,
      0.0,
      5.0,
      41.0,
      13.0
    ],
    [
      335.0,
      646.0,
      0.0,
      0.0,
      0.0,
      0.0,
      1.0,
      0.0,
      5.0,
      13.0
    ],
    [
      737.0,
      3.0,
      223.0,
      6.0,
      10.0,
      15.0,
      1.0,
      3.0,
      2.0,
      0.0
    ],
    [
      646.0,
      0.0,
      6.0,
      295.0,
      2.0,
      31.0,
      11.0,
      1.0,
      6.0,
      2.0
    ],
    [
      610.0,
      2.0,
      2.0,
      12.0,
      346.0,
      5.0,
      0.0,
      23.0,
      0.0,
      0.0
    ],
    [
      447.0,
      0.0,
      5.0,
      56.0,
      10.0,
      471.0,
      2.0,
      7.0,
      1.0,
      1.0
    ],
    [
      694.0,
      0.0,
      4.0,
      3.0,
      4.0,
      1.0,
      283.0,
      3.0,
      8.0,
      0.0
    ],
    [
      367.0,
      1.0,
      2.0,
      8.0,
      7.0,
      5.0,
      0.0,
      608.0,
      0.0,
      2.0
    ],
    [
      482.0,
      2.0,
      2.0,
      1.0,
      0.0,
      0.0,
      0.0,
      0.0,
      513.0,
      0.0
    ],
    [
      430.0,
      17.0,
      1.0,
      0.0,
      0.0,
      0.0,
      1.0,
      1.0,
      1.0,
      549.0
    ]
  ],
  "classRecall": [
    0.9110000133514404,
    0.6460000276565552,
    0.22300000488758087,
    0.29499998688697815,
    0.34599998593330383,
    0.47099998593330383,
    0.28299999237060547,
    0.6079999804496765,
    0.5130000114440918,
    0.5490000247955322
  ],
  "classPrecision": [
    0.16098250448703766,
    0.9584569931030273,
    0.8320895433425903,
    0.7682291865348816,
    0.9105263352394104,
    0.8920454382896423,
    0.9464883208274841,
    0.9339478015899658,
    0.8890814781188965,
    0.9465517401695251
  ],
  "classes": [
    "plane",
    "car",
    "bird",
    "cat",
    "deer",
    "dog",
    "frog",
    "horse",
    "ship",
    "truck"
  ]
}