{
  "name": "model",
  "metrics": {
    "train_loss": [
      5.0582326637073,
      6.996964972127568,
      6.598276979543946,
      9.207366981289603,
      8.994394471699541,
      8.454276011748748,
      11.267813544381749,
      11.985729011622341,
      10.226555352861231,
      16.62388935956088,
      10.638651211153377,
      18.736158048564736
    ],
    "train_accuracy": [
      0.12206666666666667,
      0.12535555555555555,
      0.1670888888888889,
      0.13735555555555556,
      0.19286666666666666,
      0.22813333333333333,
      0.18866666666666668,
      0.16117777777777778,
      0.2305111111111111,
      0.1313111111111111,
      0.24095555555555556,
      0.12844444444444444
    ],
    "val_loss": [
      5.095991384983063,
      6.988298571109771,
      6.69427490234375,
      9.429801511764527,
      9.316515445709229,
      8.711904013156891,
      11.755998063087464,
      12.450226187705994,
      10.79501407146454,
      17.01765763759613,
      11.371762752532959,
      19.57826590538025
    ],
    "val_accuracy": [
      0.1202,
      0.1218,
      0.16,
      0.1308,
      0.186,
      0.2204,
      0.1832,
      0.1548,
      0.2144,
      0.1256,
      0.2144,
      0.1218
    ]
  },
  "accuracy": 0.125,
  "confusion": [
    [
      1000.0,
      0.0,
      0.0,
      0.0,
      0.0,
      0.0,
      0.0,
      0.0,
      0.0,
      0.0
    ],
    [
      941.0,
      59.0,
      0.0,
      0.0,
      0.0,
      0.0,
      0.0,
      0.0,
      0.0,
      0.0
    ],
    [
      997.0,
      0.0,
      3.0,
      0.0,
      0.0,
      0.0,
      0.0,
      0.0,
      0.0,
      0.0
    ],
    [
      946.0,
      0.0,
      0.0,
      47.0,
      0.0,
      7.0,
      0.0,
      0.0,
      0.0,
      0.0
    ],
    [
      994.0,
      0.0,
      0.0,
      0.0,
      6.0,
      0.0,
      0.0,
      0.0,
      0.0,
      0.0
    ],
    [
      972.0,
      0.0,
      0.0,
      2.0,
      0.0,
      26.0,
      0.0,
      0.0,
      0.0,
      0.0
    ],
    [
      899.0,
      0.0,
      1.0,
      2.0,
      0.0,
      0.0,
      98.0,
      0.0,
      0.0,
      0.0
    ],
    [
      989.0,
      0.0,
      0.0,
      0.0,
      0.0,
      0.0,
      0.0,
      11.0,
      0.0,
      0.0
    ],
    [
      1000.0,
      0.0,
      0.0,
      0.0,
      0.0,
      0.0,
      0.0,
      0.0,
      0.0,
      0.0
    ],
    [
      1000.0,
      0.0,
      0.0,
      0.0,
      0.0,
      0.0,
      0.0,
      0.0,
      0.0,
      0.0
    ]
  ],
  "classRecall": [
    1.0,
    0.05900000035762787,
    0.003000000026077032,
    0.04699999839067459,
    0.006000000052154064,
    0.026000000536441803,
    0.09799999743700027,
    0.010999999940395355,
    0.0,
    0.0
  ],
  "classPrecision": [
    0.10269048810005188,
    1.0,
    0.75,
    0.9215686321258545,
    1.0,
    0.7878788113594055,
    1.0,
    1.0,
    NaN,
    NaN
  ],
  "classes": [
    "plane",
    "car",
    "bird",
    "cat",
    "deer",
    "dog",
    "frog",
    "horse",
    "ship",
    "truck"
  ]
}