{
  "name": "model",
  "metrics": {
    "train_loss": [
      0.9145891910763149,
      1.6789278549040663,
      4.009627104370515,
      5.419447011292263,
      7.469437292966798
    ],
    "train_accuracy": [
      0.7081111111111111,
      0.5048148148148148,
      0.36448148148148146,
      0.2579444444444444,
      0.1550740740740741
    ],
    "val_loss": [
      0.9341983237165086,
      1.6951871273365426,
      3.9728317311469543,
      5.388806799624828,
      7.391586364583766
    ],
    "val_accuracy": [
      0.7061666666666667,
      0.5021666666666667,
      0.36616666666666664,
      0.2653333333333333,
      0.16033333333333333
    ]
  },
  "accuracy": 0.151,
  "confusion": [
    [
      980.0,
      0.0,
      0.0,
      0.0,
      0.0,
      0.0,
      0.0,
      0.0,
      0.0,
      0.0
    ],
    [
      916.0,
      219.0,
      0.0,
      0.0,
      0.0,
      0.0,
      0.0,
      0.0,
      0.0,
      0.0
    ],
    [
      1032.0,
      0.0,
      0.0,
      0.0,
      0.0,
      0.0,
      0.0,
      0.0,
      0.0,
      0.0
    ],
    [
      772.0,
      0.0,
      0.0,
      238.0,
      0.0,
      0.0,
      0.0,
      0.0,
      0.0,
      0.0
    ],
    [
      982.0,
      0.0,
      0.0,
      0.0,
      0.0,
      0.0,
      0.0,
      0.0,
      0.0,
      0.0
    ],
    [
      892.0,
      0.0,
      0.0,
      0.0,
      0.0,
      0.0,
      0.0,
      0.0,
      0.0,
      0.0
    ],
    [
      958.0,
      0.0,
      0.0,
      0.0,
      0.0,
      0.0,
      0.0,
      0.0,
      0.0,
      0.0
    ],
    [
      1028.0,
      0.0,
      0.0,
      0.0,
      0.0,
      0.0,
      0.0,
      0.0,
      0.0,
      0.0
    ],
    [
      974.0,
      0.0,
      0.0,
      0.0,
      0.0,
      0.0,
      0.0,
      0.0,
      0.0,
      0.0
    ],
    [
      936.0,
      0.0,
      0.0,
      0.0,
      0.0,
      0.0,
      0.0,
      0.0,
      0.0,
      73.0
    ]
  ],
  "classRecall": [
    1.0,
    0.19295154511928558,
    0.0,
    0.23564356565475464,
    0.0,
    0.0,
    0.0,
    0.0,
    0.0,
    0.07234886288642883
  ],
  "classPrecision": [
    0.10348469018936157,
    1.0,
    NaN,
    1.0,
    NaN,
    NaN,
    NaN,
    NaN,
    NaN,
    1.0
  ],
  "classes": [
    0,
    1,
    2,
    3,
    4,
    5,
    6,
    7,
    8,
    9
  ]
}