{
  "name": "model",
  "metrics": {
    "train_loss": [
      4.550009220838547,
      6.276069792834195,
      8.764778540893035,
      6.781084674325856,
      7.3735671883279625,
      8.347726540132003,
      10.292018348520452,
      11.491423531012101,
      9.801583972844211,
      12.588362558321519,
      13.992409708825024,
      11.443104435097087
    ],
    "train_accuracy": [
      0.1128,
      0.16266666666666665,
      0.1307111111111111,
      0.21777777777777776,
      0.1826888888888889,
      0.1986,
      0.2068,
      0.19093333333333334,
      0.2653333333333333,
      0.23282222222222224,
      0.21186666666666668,
      0.26126666666666665
    ],
    "val_loss": [
      4.633801037073136,
      6.447731792926788,
      9.002059030532838,
      7.034124851226807,
      7.453711271286011,
      8.73258330821991,
      10.825021123886108,
      12.012200307846069,
      10.475741600990295,
      13.51237645149231,
      14.744251561164855,
      12.203715932369231
    ],
    "val_accuracy": [
      0.1072,
      0.1548,
      0.1292,
      0.213,
      0.1812,
      0.189,
      0.2014,
      0.1808,
      0.2466,
      0.2114,
      0.1988,
      0.2408
    ]
  },
  "accuracy": 0.2357,
  "confusion": [
    [
      1000.0,
      0.0,
      0.0,
      0.0,
      0.0,
      0.0,
      0.0,
      0.0,
      0.0,
      0.0
    ],
    [
      873.0,
      127.0,
      0.0,
      0.0,
      0.0,
      0.0,
      0.0,
      0.0,
      0.0,
      0.0
    ],
    [
      945.0,
      0.0,
      37.0,
      4.0,
      1.0,
      2.0,
      8.0,
      3.0,
      0.0,
      0.0
    ],
    [
      806.0,
      0.0,
      0.0,
      162.0,
      0.0,
      17.0,
      11.0,
      4.0,
      0.0,
      0.0
    ],
    [
      884.0,
      0.0,
      1.0,
      1.0,
      104.0,
      1.0,
      5.0,
      4.0,
      0.0,
      0.0
    ],
    [
      817.0,
      0.0,
      0.0,
      24.0,
      1.0,
      154.0,
      0.0,
      4.0,
      0.0,
      0.0
    ],
    [
      533.0,
      0.0,
      1.0,
      7.0,
      1.0,
      2.0,
      455.0,
      1.0,
      0.0,
      0.0
    ],
    [
      677.0,
      0.0,
      1.0,
      2.0,
      1.0,
      3.0,
      0.0,
      316.0,
      0.0,
      0.0
    ],
    [
      1000.0,
      0.0,
      0.0,
      0.0,
      0.0,
      0.0,
      0.0,
      0.0,
      0.0,
      0.0
    ],
    [
      996.0,
      2.0,
      0.0,
      0.0,
      0.0,
      0.0,
      0.0,
      0.0,
      0.0,
      2.0
    ]
  ],
  "classRecall": [
    1.0,
    0.12700000405311584,
    0.03700000047683716,
    0.16200000047683716,
    0.10400000214576721,
    0.15399999916553497,
    0.45500001311302185,
    0.3160000145435333,
    0.0,
    0.0020000000949949026
  ],
  "classPrecision": [
    0.11721955239772797,
    0.9844961166381836,
    0.925000011920929,
    0.8100000023841858,
    0.9629629850387573,
    0.8603351712226868,
    0.9498956203460693,
    0.9518072009086609,
    NaN,
    1.0
  ],
  "classes": [
    "plane",
    "car",
    "bird",
    "cat",
    "deer",
    "dog",
    "frog",
    "horse",
    "ship",
    "truck"
  ]
}