{
  "name": "model",
  "metrics": {
    "train_loss": [
      6.919564496387135,
      3.7514824575998564,
      6.4734745960343965,
      7.5892960131168365,
      8.928321801803328,
      11.201864047483964,
      10.520273512059992,
      11.682785096493634,
      18.025942702185024,
      19.976934032006696,
      13.250553719022058,
      14.474385464733297
    ],
    "train_accuracy": [
      0.10571111111111112,
      0.2826888888888889,
      0.21624444444444443,
      0.30795555555555554,
      0.2318888888888889,
      0.18293333333333334,
      0.21502222222222223,
      0.2128,
      0.13753333333333334,
      0.12404444444444444,
      0.212,
      0.28126666666666666
    ],
    "val_loss": [
      6.883134186267853,
      3.6998691320419312,
      6.400583076477051,
      7.508094954490661,
      9.053055036067963,
      11.541993808746337,
      10.828685474395751,
      11.928987908363343,
      18.25392620563507,
      20.52377586364746,
      13.939182376861572,
      15.562696027755738
    ],
    "val_accuracy": [
      0.105,
      0.2804,
      0.2126,
      0.3006,
      0.2224,
      0.1726,
      0.2036,
      0.2044,
      0.1336,
      0.123,
      0.1928,
      0.26
    ]
  },
  "accuracy": 0.2524,
  "confusion": [
    [
      1000.0,
      0.0,
      0.0,
      0.0,
      0.0,
      0.0,
      0.0,
      0.0,
      0.0,
      0.0
    ],
    [
      986.0,
      13.0,
      0.0,
      0.0,
      0.0,
      0.0,
      1.0,
      0.0,
      0.0,
      0.0
    ],
    [
      945.0,
      0.0,
      36.0,
      3.0,
      9.0,
      2.0,
      5.0,
      0.0,
      0.0,
      0.0
    ],
    [
      829.0,
      0.0,
      5.0,
      134.0,
      12.0,
      10.0,
      9.0,
      1.0,
      0.0,
      0.0
    ],
    [
      650.0,
      0.0,
      3.0,
      4.0,
      334.0,
      2.0,
      4.0,
      3.0,
      0.0,
      0.0
    ],
    [
      738.0,
      0.0,
      0.0,
      15.0,
      12.0,
      230.0,
      2.0,
      3.0,
      0.0,
      0.0
    ],
    [
      461.0,
      0.0,
      6.0,
      15.0,
      7.0,
      0.0,
      510.0,
      1.0,
      0.0,
      0.0
    ],
    [
      737.0,
      0.0,
      1.0,
      2.0,
      16.0,
      2.0,
      0.0,
      242.0,
      0.0,
      0.0
    ],
    [
      1000.0,
      0.0,
      0.0,
      0.0,
      0.0,
      0.0,
      0.0,
      0.0,
      0.0,
      0.0
    ],
    [
      975.0,
      0.0,
      0.0,
      0.0,
      0.0,
      0.0,
      0.0,
      0.0,
      0.0,
      25.0
    ]
  ],
  "classRecall": [
    1.0,
    0.013000000268220901,
    0.035999998450279236,
    0.1340000033378601,
    0.33399999141693115,
    0.23000000417232513,
    0.5099999904632568,
    0.24199999868869781,
    0.0,
    0.02500000037252903
  ],
  "classPrecision": [
    0.12017786502838135,
    1.0,
    0.7058823704719543,
    0.7745664715766907,
    0.8564102649688721,
    0.934959352016449,
    0.9604519605636597,
    0.9679999947547913,
    NaN,
    1.0
  ],
  "classes": [
    "plane",
    "car",
    "bird",
    "cat",
    "deer",
    "dog",
    "frog",
    "horse",
    "ship",
    "truck"
  ]
}