{
  "name": "model",
  "metrics": {
    "train_loss": [
      1.3735904636030847,
      0.9394113456999714,
      0.7867023223503069,
      0.6661824455315416,
      0.48623596715994855,
      0.39986452337523753,
      0.3492498846555298,
      0.3077424014918506,
      0.23175436232916333,
      0.23500558456659995,
      0.17670213369737295,
      0.1429279287536205
    ],
    "train_accuracy": [
      0.4951777777777778,
      0.6684,
      0.7272444444444445,
      0.7612666666666666,
      0.8336,
      0.8646666666666667,
      0.8822444444444445,
      0.8903333333333333,
      0.9182222222222223,
      0.9183777777777777,
      0.9380444444444445,
      0.9517111111111111
    ],
    "val_loss": [
      1.4043404266238213,
      0.9864218965172767,
      0.8642757907509804,
      0.7765454277396202,
      0.6496607817709446,
      0.5952627398073673,
      0.5809788398444653,
      0.585350563377142,
      0.5809170201420784,
      0.6418070994317532,
      0.6124734783545136,
      0.6692241080105304
    ],
    "val_accuracy": [
      0.4826,
      0.6486,
      0.7118,
      0.7202,
      0.7764,
      0.796,
      0.7978,
      0.8066,
      0.8136,
      0.8052,
      0.8106,
      0.8198
    ]
  },
  "accuracy": 0.8206,
  "confusion": [
    [
      930.0,
      9.0,
      10.0,
      2.0,
      6.0,
      4.0,
      4.0,
      1.0,
      24.0,
      10.0
    ],
    [
      23.0,
      898.0,
      1.0,
      1.0,
      2.0,
      1.0,
      1.0,
      0.0,
      8.0,
      65.0
    ],
    [
      96.0,
      4.0,
      749.0,
      24.0,
      52.0,
      35.0,
      28.0,
      7.0,
      3.0,
      2.0
    ],
    [
      44.0,
      3.0,
      67.0,
      616.0,
      48.0,
      133.0,
      65.0,
      7.0,
      7.0,
      10.0
    ],
    [
      33.0,
      2.0,
      56.0,
      29.0,
      811.0,
      26.0,
      20.0,
      21.0,
      2.0,
      0.0
    ],
    [
      19.0,
      1.0,
      43.0,
      92.0,
      37.0,
      776.0,
      19.0,
      9.0,
      2.0,
      2.0
    ],
    [
      17.0,
      2.0,
      39.0,
      27.0,
      19.0,
      9.0,
      882.0,
      3.0,
      1.0,
      1.0
    ],
    [
      27.0,
      3.0,
      30.0,
      19.0,
      64.0,
      53.0,
      7.0,
      790.0,
      3.0,
      4.0
    ],
    [
      91.0,
      19.0,
      7.0,
      7.0,
      3.0,
      0.0,
      5.0,
      1.0,
      850.0,
      17.0
    ],
    [
      43.0,
      26.0,
      6.0,
      3.0,
      0.0,
      3.0,
      3.0,
      2.0,
      10.0,
      904.0
    ]
  ],
  "classRecall": [
    0.9300000071525574,
    0.8980000019073486,
    0.7490000128746033,
    0.6159999966621399,
    0.8109999895095825,
    0.7760000228881836,
    0.8820000290870667,
    0.7900000214576721,
    0.8500000238418579,
    0.9039999842643738
  ],
  "classPrecision": [
    0.7029478549957275,
    0.9286453127861023,
    0.7430555820465088,
    0.7512195110321045,
    0.7783109545707703,
    0.7461538314819336,
    0.8529980778694153,
    0.9393579363822937,
    0.9340659379959106,
    0.890640377998352
  ],
  "classes": [
    "plane",
    "car",
    "bird",
    "cat",
    "deer",
    "dog",
    "frog",
    "horse",
    "ship",
    "truck"
  ]
}