{
  "name": "model",
  "metrics": {
    "train_loss": [
      2.7180514979091557,
      2.0737165073779495,
      3.801643618805842,
      3.0914021114056762,
      4.196161398156122,
      1.5111102719198575,
      6.244719587943771,
      4.3303755792704495,
      4.883481022986499,
      6.512910762971098,
      6.871947680007327,
      8.612971217794852
    ],
    "train_accuracy": [
      0.28435555555555553,
      0.4360222222222222,
      0.36493333333333333,
      0.4467111111111111,
      0.37662222222222225,
      0.6590222222222222,
      0.38155555555555554,
      0.48564444444444443,
      0.4285111111111111,
      0.446,
      0.46024444444444446,
      0.3970222222222222
    ],
    "val_loss": [
      2.7380394279956817,
      2.0846762537956236,
      3.765296596288681,
      3.09117883592844,
      4.266510826349259,
      1.7208083271980286,
      6.448290252685547,
      4.5565058290958405,
      5.303015911579132,
      7.034761154651642,
      7.613760054111481,
      9.49527441263199
    ],
    "val_accuracy": [
      0.2854,
      0.432,
      0.3584,
      0.4298,
      0.3642,
      0.6268,
      0.3626,
      0.4532,
      0.3884,
      0.3974,
      0.4176,
      0.357
    ]
  },
  "accuracy": 0.3531,
  "confusion": [
    [
      989.0,
      1.0,
      2.0,
      1.0,
      3.0,
      0.0,
      0.0,
      0.0,
      4.0,
      0.0
    ],
    [
      644.0,
      354.0,
      0.0,
      0.0,
      0.0,
      0.0,
      0.0,
      0.0,
      1.0,
      1.0
    ],
    [
      867.0,
      0.0,
      108.0,
      3.0,
      6.0,
      1.0,
      12.0,
      3.0,
      0.0,
      0.0
    ],
    [
      738.0,
      0.0,
      7.0,
      228.0,
      3.0,
      7.0,
      16.0,
      1.0,
      0.0,
      0.0
    ],
    [
      624.0,
      0.0,
      11.0,
      14.0,
      326.0,
      2.0,
      14.0,
      9.0,
      0.0,
      0.0
    ],
    [
      727.0,
      0.0,
      3.0,
      23.0,
      5.0,
      234.0,
      1.0,
      7.0,
      0.0,
      0.0
    ],
    [
      367.0,
      0.0,
      9.0,
      19.0,
      3.0,
      1.0,
      600.0,
      1.0,
      0.0,
      0.0
    ],
    [
      549.0,
      0.0,
      3.0,
      3.0,
      9.0,
      0.0,
      0.0,
      436.0,
      0.0,
      0.0
    ],
    [
      903.0,
      0.0,
      3.0,
      0.0,
      0.0,
      0.0,
      1.0,
      0.0,
      93.0,
      0.0
    ],
    [
      818.0,
      15.0,
      0.0,
      1.0,
      0.0,
      0.0,
      2.0,
      1.0,
      0.0,
      163.0
    ]
  ],
  "classRecall": [
    0.9890000224113464,
    0.3540000021457672,
    0.1080000028014183,
    0.2280000001192093,
    0.32600000500679016,
    0.23399999737739563,
    0.6000000238418579,
    0.4359999895095825,
    0.09300000220537186,
    0.16300000250339508
  ],
  "classPrecision": [
    0.13686686754226685,
    0.9567567706108093,
    0.7397260069847107,
    0.7808219194412231,
    0.9183098673820496,
    0.9551020264625549,
    0.9287925958633423,
    0.9519650936126709,
    0.9489796161651611,
    0.9939024448394775
  ],
  "classes": [
    "plane",
    "car",
    "bird",
    "cat",
    "deer",
    "dog",
    "frog",
    "horse",
    "ship",
    "truck"
  ]
}