{
  "name": "model",
  "metrics": {
    "train_loss": [
      5.917408918792551,
      7.142740427093073,
      7.851373634555123,
      6.787098159844225,
      7.198358589952642,
      9.22359330139377,
      10.431036873297257,
      11.688938791101629,
      10.54460844668475,
      14.012647333470257,
      10.436775101856751,
      13.962814152240753
    ],
    "train_accuracy": [
      0.1252888888888889,
      0.1345111111111111,
      0.1804,
      0.25408888888888886,
      0.22491111111111112,
      0.24644444444444444,
      0.24886666666666668,
      0.16615555555555556,
      0.25122222222222224,
      0.20275555555555555,
      0.3492,
      0.25922222222222224
    ],
    "val_loss": [
      6.001280903816223,
      7.296699750423431,
      8.1141876578331,
      7.031698322296142,
      7.628013455867768,
      9.759113240242005,
      10.945062470436095,
      12.502478170394898,
      11.25673313140869,
      14.749932193756104,
      11.399703621864319,
      15.124888467788697
    ],
    "val_accuracy": [
      0.1286,
      0.1336,
      0.1716,
      0.2424,
      0.2224,
      0.233,
      0.234,
      0.1566,
      0.2338,
      0.1888,
      0.3098,
      0.24
    ]
  },
  "accuracy": 0.2332,
  "confusion": [
    [
      1000.0,
      0.0,
      0.0,
      0.0,
      0.0,
      0.0,
      0.0,
      0.0,
      0.0,
      0.0
    ],
    [
      973.0,
      27.0,
      0.0,
      0.0,
      0.0,
      0.0,
      0.0,
      0.0,
      0.0,
      0.0
    ],
    [
      947.0,
      0.0,
      34.0,
      4.0,
      1.0,
      13.0,
      0.0,
      1.0,
      0.0,
      0.0
    ],
    [
      716.0,
      0.0,
      2.0,
      244.0,
      3.0,
      33.0,
      1.0,
      1.0,
      0.0,
      0.0
    ],
    [
      773.0,
      0.0,
      0.0,
      11.0,
      200.0,
      7.0,
      0.0,
      9.0,
      0.0,
      0.0
    ],
    [
      538.0,
      0.0,
      2.0,
      18.0,
      3.0,
      436.0,
      0.0,
      3.0,
      0.0,
      0.0
    ],
    [
      828.0,
      0.0,
      0.0,
      9.0,
      2.0,
      3.0,
      158.0,
      0.0,
      0.0,
      0.0
    ],
    [
      758.0,
      0.0,
      0.0,
      1.0,
      4.0,
      10.0,
      0.0,
      227.0,
      0.0,
      0.0
    ],
    [
      1000.0,
      0.0,
      0.0,
      0.0,
      0.0,
      0.0,
      0.0,
      0.0,
      0.0,
      0.0
    ],
    [
      994.0,
      0.0,
      0.0,
      0.0,
      0.0,
      0.0,
      0.0,
      0.0,
      0.0,
      6.0
    ]
  ],
  "classRecall": [
    1.0,
    0.027000000700354576,
    0.03400000184774399,
    0.24400000274181366,
    0.20000000298023224,
    0.4359999895095825,
    0.15800000727176666,
    0.22699999809265137,
    0.0,
    0.006000000052154064
  ],
  "classPrecision": [
    0.11727453768253326,
    1.0,
    0.8947368264198303,
    0.8501741886138916,
    0.9389671087265015,
    0.8685259222984314,
    0.9937106966972351,
    0.9419087171554565,
    NaN,
    1.0
  ],
  "classes": [
    "plane",
    "car",
    "bird",
    "cat",
    "deer",
    "dog",
    "frog",
    "horse",
    "ship",
    "truck"
  ]
}