{
  "name": "model",
  "metrics": {
    "train_loss": [
      0.39180747317194375,
      1.1031816271244068,
      1.33918027911706,
      1.6884789746519513,
      1.3927503865194546
    ],
    "train_accuracy": [
      0.8736296296296296,
      0.6230740740740741,
      0.654962962962963,
      0.6247037037037036,
      0.6855185185185185
    ],
    "val_loss": [
      0.42131646453066074,
      1.112358424257725,
      1.3307390796377303,
      1.68644532497893,
      1.3980228292181136
    ],
    "val_accuracy": [
      0.8668333333333333,
      0.629,
      0.6671666666666667,
      0.6341666666666667,
      0.685
    ]
  },
  "accuracy": 0.6839,
  "confusion": [
    [
      979.0,
      1.0,
      0.0,
      0.0,
      0.0,
      0.0,
      0.0,
      0.0,
      0.0,
      0.0
    ],
    [
      7.0,
      1124.0,
      3.0,
      1.0,
      0.0,
      0.0,
      0.0,
      0.0,
      0.0,
      0.0
    ],
    [
      288.0,
      1.0,
      741.0,
      0.0,
      2.0,
      0.0,
      0.0,
      0.0,
      0.0,
      0.0
    ],
    [
      44.0,
      0.0,
      2.0,
      959.0,
      0.0,
      1.0,
      0.0,
      0.0,
      4.0,
      0.0
    ],
    [
      49.0,
      1.0,
      0.0,
      0.0,
      926.0,
      0.0,
      0.0,
      0.0,
      1.0,
      5.0
    ],
    [
      145.0,
      1.0,
      0.0,
      16.0,
      0.0,
      729.0,
      0.0,
      0.0,
      0.0,
      1.0
    ],
    [
      954.0,
      3.0,
      0.0,
      0.0,
      1.0,
      0.0,
      0.0,
      0.0,
      0.0,
      0.0
    ],
    [
      1012.0,
      10.0,
      4.0,
      0.0,
      0.0,
      0.0,
      0.0,
      1.0,
      0.0,
      1.0
    ],
    [
      409.0,
      1.0,
      1.0,
      1.0,
      2.0,
      0.0,
      0.0,
      0.0,
      560.0,
      0.0
    ],
    [
      156.0,
      7.0,
      0.0,
      7.0,
      17.0,
      2.0,
      0.0,
      0.0,
      0.0,
      820.0
    ]
  ],
  "classRecall": [
    0.9989795684814453,
    0.9903083443641663,
    0.7180232405662537,
    0.9495049715042114,
    0.9429734945297241,
    0.8172645568847656,
    0.0,
    0.0009727626456879079,
    0.5749486684799194,
    0.8126858472824097
  ],
  "classPrecision": [
    0.24214692413806915,
    0.9782419204711914,
    0.9866844415664673,
    0.9745935201644897,
    0.9767932295799255,
    0.9959016442298889,
    NaN,
    1.0,
    0.991150438785553,
    0.9915356636047363
  ],
  "classes": [
    0,
    1,
    2,
    3,
    4,
    5,
    6,
    7,
    8,
    9
  ]
}