{
  "name": "model",
  "metrics": {
    "train_loss": [
      0.4815209942971361,
      0.5100374088326901,
      1.2837932152205733,
      1.4358193485940238,
      1.4841902989064348
    ],
    "train_accuracy": [
      0.8137037037037037,
      0.7848518518518518,
      0.6723703703703704,
      0.6490925925925926,
      0.6712407407407407
    ],
    "val_loss": [
      0.4948073092927324,
      0.5325536353791014,
      1.2843770689152656,
      1.4510900416272752,
      1.5316076101140772
    ],
    "val_accuracy": [
      0.8083333333333333,
      0.7808333333333334,
      0.6748333333333333,
      0.6543333333333333,
      0.6711666666666667
    ]
  },
  "accuracy": 0.6769,
  "confusion": [
    [
      980.0,
      0.0,
      0.0,
      0.0,
      0.0,
      0.0,
      0.0,
      0.0,
      0.0,
      0.0
    ],
    [
      17.0,
      1115.0,
      0.0,
      1.0,
      0.0,
      0.0,
      0.0,
      2.0,
      0.0,
      0.0
    ],
    [
      929.0,
      0.0,
      99.0,
      0.0,
      0.0,
      0.0,
      0.0,
      3.0,
      1.0,
      0.0
    ],
    [
      32.0,
      0.0,
      2.0,
      955.0,
      0.0,
      6.0,
      0.0,
      8.0,
      4.0,
      3.0
    ],
    [
      110.0,
      0.0,
      0.0,
      0.0,
      854.0,
      0.0,
      0.0,
      0.0,
      1.0,
      17.0
    ],
    [
      368.0,
      0.0,
      0.0,
      3.0,
      0.0,
      518.0,
      0.0,
      0.0,
      2.0,
      1.0
    ],
    [
      955.0,
      2.0,
      0.0,
      0.0,
      1.0,
      0.0,
      0.0,
      0.0,
      0.0,
      0.0
    ],
    [
      468.0,
      3.0,
      5.0,
      1.0,
      0.0,
      0.0,
      0.0,
      550.0,
      0.0,
      1.0
    ],
    [
      198.0,
      0.0,
      0.0,
      4.0,
      3.0,
      2.0,
      0.0,
      3.0,
      758.0,
      6.0
    ],
    [
      59.0,
      3.0,
      0.0,
      3.0,
      4.0,
      0.0,
      0.0,
      0.0,
      0.0,
      940.0
    ]
  ],
  "classRecall": [
    1.0,
    0.9823788404464722,
    0.09593023359775543,
    0.9455445408821106,
    0.8696537613868713,
    0.5807175040245056,
    0.0,
    0.5350194573402405,
    0.77823406457901,
    0.9316154718399048
  ],
  "classPrecision": [
    0.2380952388048172,
    0.9928762316703796,
    0.9339622855186462,
    0.987590491771698,
    0.9907192587852478,
    0.9847908616065979,
    NaN,
    0.971731424331665,
    0.9895561337471008,
    0.9710744023323059
  ],
  "classes": [
    0,
    1,
    2,
    3,
    4,
    5,
    6,
    7,
    8,
    9
  ]
}