{
  "name": "model",
  "metrics": {
    "train_loss": [
      0.36586451438648443,
      0.907420550689313,
      1.3040553352561608,
      1.7937054809235848,
      1.998111251406195
    ],
    "train_accuracy": [
      0.8879814814814815,
      0.7381111111111112,
      0.6904074074074074,
      0.5939814814814814,
      0.614037037037037
    ],
    "val_loss": [
      0.39125817475166724,
      0.9416878857511155,
      1.3198800467430276,
      1.811741608254453,
      1.9934970089729795
    ],
    "val_accuracy": [
      0.881,
      0.7338333333333333,
      0.6901666666666667,
      0.5918333333333333,
      0.6225
    ]
  },
  "accuracy": 0.6149,
  "confusion": [
    [
      980.0,
      0.0,
      0.0,
      0.0,
      0.0,
      0.0,
      0.0,
      0.0,
      0.0,
      0.0
    ],
    [
      11.0,
      1119.0,
      0.0,
      1.0,
      0.0,
      0.0,
      0.0,
      1.0,
      3.0,
      0.0
    ],
    [
      966.0,
      0.0,
      64.0,
      0.0,
      0.0,
      0.0,
      0.0,
      2.0,
      0.0,
      0.0
    ],
    [
      45.0,
      0.0,
      1.0,
      954.0,
      0.0,
      0.0,
      0.0,
      3.0,
      5.0,
      2.0
    ],
    [
      78.0,
      0.0,
      0.0,
      0.0,
      883.0,
      0.0,
      0.0,
      1.0,
      1.0,
      19.0
    ],
    [
      407.0,
      0.0,
      0.0,
      15.0,
      0.0,
      467.0,
      0.0,
      0.0,
      0.0,
      3.0
    ],
    [
      955.0,
      2.0,
      0.0,
      0.0,
      1.0,
      0.0,
      0.0,
      0.0,
      0.0,
      0.0
    ],
    [
      716.0,
      2.0,
      3.0,
      1.0,
      0.0,
      0.0,
      0.0,
      304.0,
      0.0,
      2.0
    ],
    [
      498.0,
      0.0,
      0.0,
      0.0,
      3.0,
      0.0,
      0.0,
      2.0,
      471.0,
      0.0
    ],
    [
      89.0,
      3.0,
      0.0,
      5.0,
      5.0,
      0.0,
      0.0,
      0.0,
      0.0,
      907.0
    ]
  ],
  "classRecall": [
    1.0,
    0.9859030842781067,
    0.06201550364494324,
    0.9445544481277466,
    0.8991853594779968,
    0.523542582988739,
    0.0,
    0.29571983218193054,
    0.48357290029525757,
    0.8989098072052002
  ],
  "classPrecision": [
    0.20653319358825684,
    0.9937832951545715,
    0.9411764740943909,
    0.9774590134620667,
    0.9899103045463562,
    1.0,
    NaN,
    0.9712460041046143,
    0.981249988079071,
    0.9721329212188721
  ],
  "classes": [
    0,
    1,
    2,
    3,
    4,
    5,
    6,
    7,
    8,
    9
  ]
}