{
  "name": "model",
  "metrics": {
    "train_loss": [
      2.915036192671819,
      3.8477547920563,
      3.7572280811992558,
      3.6332949826663192,
      4.6683105670593,
      3.962449570271102,
      3.358228124678135,
      3.909766945649277,
      3.4347395741126756,
      5.028250306844711,
      4.800993429666216,
      4.966263042254881
    ],
    "train_accuracy": [
      0.27795555555555557,
      0.2567333333333333,
      0.32913333333333333,
      0.3557777777777778,
      0.2991333333333333,
      0.32522222222222225,
      0.4056,
      0.4274,
      0.4854888888888889,
      0.39568888888888887,
      0.4159777777777778,
      0.41304444444444444
    ],
    "val_loss": [
      3.022739040851593,
      4.0575422704219815,
      3.874996316432953,
      3.7795223951339723,
      4.998258805274963,
      4.217474931478501,
      3.7803502917289733,
      4.379411953687668,
      3.9165172398090364,
      5.761980426311493,
      5.610151320695877,
      5.916297268867493
    ],
    "val_accuracy": [
      0.271,
      0.2526,
      0.325,
      0.3484,
      0.291,
      0.3076,
      0.3824,
      0.3892,
      0.4304,
      0.3646,
      0.3742,
      0.3734
    ]
  },
  "accuracy": 0.3659,
  "confusion": [
    [
      999.0,
      0.0,
      0.0,
      1.0,
      0.0,
      0.0,
      0.0,
      0.0,
      0.0,
      0.0
    ],
    [
      682.0,
      311.0,
      0.0,
      0.0,
      0.0,
      1.0,
      2.0,
      1.0,
      2.0,
      1.0
    ],
    [
      908.0,
      0.0,
      56.0,
      6.0,
      10.0,
      5.0,
      14.0,
      0.0,
      1.0,
      0.0
    ],
    [
      561.0,
      1.0,
      2.0,
      318.0,
      5.0,
      83.0,
      29.0,
      1.0,
      0.0,
      0.0
    ],
    [
      773.0,
      0.0,
      1.0,
      8.0,
      210.0,
      4.0,
      3.0,
      1.0,
      0.0,
      0.0
    ],
    [
      433.0,
      0.0,
      5.0,
      22.0,
      11.0,
      513.0,
      7.0,
      9.0,
      0.0,
      0.0
    ],
    [
      356.0,
      0.0,
      1.0,
      8.0,
      1.0,
      5.0,
      629.0,
      0.0,
      0.0,
      0.0
    ],
    [
      699.0,
      0.0,
      0.0,
      1.0,
      11.0,
      13.0,
      3.0,
      273.0,
      0.0,
      0.0
    ],
    [
      802.0,
      0.0,
      0.0,
      0.0,
      0.0,
      0.0,
      1.0,
      0.0,
      197.0,
      0.0
    ],
    [
      842.0,
      3.0,
      0.0,
      1.0,
      0.0,
      0.0,
      1.0,
      0.0,
      0.0,
      153.0
    ]
  ],
  "classRecall": [
    0.9990000128746033,
    0.3109999895095825,
    0.0560000017285347,
    0.3179999887943268,
    0.20999999344348907,
    0.5130000114440918,
    0.6290000081062317,
    0.27300000190734863,
    0.19699999690055847,
    0.15299999713897705
  ],
  "classPrecision": [
    0.14160169661045074,
    0.9873015880584717,
    0.8615384697914124,
    0.8712328672409058,
    0.8467742204666138,
    0.8221153616905212,
    0.9129172563552856,
    0.9578947424888611,
    0.9850000143051147,
    0.9935064911842346
  ],
  "classes": [
    "plane",
    "car",
    "bird",
    "cat",
    "deer",
    "dog",
    "frog",
    "horse",
    "ship",
    "truck"
  ]
}