{
  "name": "model",
  "metrics": {
    "train_loss": [
      0.6831511399615997,
      1.6618684281670086,
      1.7114196439489935,
      3.5206967439696686,
      5.5582380712879775
    ],
    "train_accuracy": [
      0.7523888888888889,
      0.49462962962962964,
      0.49027777777777776,
      0.22585185185185186,
      0.20875925925925926
    ],
    "val_loss": [
      0.6872197877853474,
      1.6619229392802461,
      1.7132711080794638,
      3.5226892866986863,
      5.533744345320032
    ],
    "val_accuracy": [
      0.7571666666666667,
      0.49616666666666664,
      0.49583333333333335,
      0.224,
      0.21016666666666667
    ]
  },
  "accuracy": 0.2093,
  "confusion": [
    [
      980.0,
      0.0,
      0.0,
      0.0,
      0.0,
      0.0,
      0.0,
      0.0,
      0.0,
      0.0
    ],
    [
      23.0,
      1112.0,
      0.0,
      0.0,
      0.0,
      0.0,
      0.0,
      0.0,
      0.0,
      0.0
    ],
    [
      1032.0,
      0.0,
      0.0,
      0.0,
      0.0,
      0.0,
      0.0,
      0.0,
      0.0,
      0.0
    ],
    [
      1010.0,
      0.0,
      0.0,
      0.0,
      0.0,
      0.0,
      0.0,
      0.0,
      0.0,
      0.0
    ],
    [
      981.0,
      0.0,
      0.0,
      0.0,
      1.0,
      0.0,
      0.0,
      0.0,
      0.0,
      0.0
    ],
    [
      892.0,
      0.0,
      0.0,
      0.0,
      0.0,
      0.0,
      0.0,
      0.0,
      0.0,
      0.0
    ],
    [
      956.0,
      2.0,
      0.0,
      0.0,
      0.0,
      0.0,
      0.0,
      0.0,
      0.0,
      0.0
    ],
    [
      1023.0,
      5.0,
      0.0,
      0.0,
      0.0,
      0.0,
      0.0,
      0.0,
      0.0,
      0.0
    ],
    [
      974.0,
      0.0,
      0.0,
      0.0,
      0.0,
      0.0,
      0.0,
      0.0,
      0.0,
      0.0
    ],
    [
      1005.0,
      4.0,
      0.0,
      0.0,
      0.0,
      0.0,
      0.0,
      0.0,
      0.0,
      0.0
    ]
  ],
  "classRecall": [
    1.0,
    0.9797356724739075,
    0.0,
    0.0,
    0.0010183299891650677,
    0.0,
    0.0,
    0.0,
    0.0,
    0.0
  ],
  "classPrecision": [
    0.11041009426116943,
    0.9902048110961914,
    NaN,
    NaN,
    1.0,
    NaN,
    NaN,
    NaN,
    NaN,
    NaN
  ],
  "classes": [
    0,
    1,
    2,
    3,
    4,
    5,
    6,
    7,
    8,
    9
  ]
}