{
  "name": "model",
  "metrics": {
    "train_loss": [
      2.833969257771969,
      2.929697698490186,
      2.751403487202796,
      2.8629658838564698,
      2.99644219909202,
      4.2506108277223325,
      3.537207495759834,
      2.3951298130506817,
      2.898960634388707,
      4.411194634708491,
      3.646551789207892,
      2.5746904723346233
    ],
    "train_accuracy": [
      0.37555555555555553,
      0.42462222222222223,
      0.47444444444444445,
      0.46395555555555557,
      0.5062666666666666,
      0.43906666666666666,
      0.49017777777777777,
      0.6122,
      0.5830444444444445,
      0.5263333333333333,
      0.5846444444444444,
      0.6628888888888889
    ],
    "val_loss": [
      3.010005456209183,
      3.1532434940338137,
      2.974600625038147,
      3.0586652994155883,
      3.268464332818985,
      4.664228755235672,
      3.9762898981571198,
      2.863289177417755,
      3.550044584274292,
      5.159785962104797,
      4.3874077796936035,
      3.400959426164627
    ],
    "val_accuracy": [
      0.3684,
      0.4156,
      0.4566,
      0.4336,
      0.4642,
      0.4022,
      0.4426,
      0.5568,
      0.514,
      0.459,
      0.5034,
      0.5682
    ]
  },
  "accuracy": 0.5765,
  "confusion": [
    [
      998.0,
      0.0,
      0.0,
      1.0,
      1.0,
      0.0,
      0.0,
      0.0,
      0.0,
      0.0
    ],
    [
      511.0,
      459.0,
      0.0,
      3.0,
      0.0,
      1.0,
      4.0,
      0.0,
      5.0,
      17.0
    ],
    [
      570.0,
      0.0,
      288.0,
      45.0,
      27.0,
      27.0,
      37.0,
      5.0,
      0.0,
      1.0
    ],
    [
      281.0,
      0.0,
      11.0,
      579.0,
      20.0,
      67.0,
      32.0,
      9.0,
      1.0,
      0.0
    ],
    [
      302.0,
      0.0,
      9.0,
      66.0,
      584.0,
      11.0,
      16.0,
      11.0,
      0.0,
      1.0
    ],
    [
      170.0,
      0.0,
      12.0,
      113.0,
      20.0,
      659.0,
      12.0,
      13.0,
      1.0,
      0.0
    ],
    [
      109.0,
      1.0,
      15.0,
      53.0,
      11.0,
      7.0,
      798.0,
      5.0,
      1.0,
      0.0
    ],
    [
      361.0,
      0.0,
      4.0,
      20.0,
      35.0,
      28.0,
      4.0,
      547.0,
      1.0,
      0.0
    ],
    [
      671.0,
      0.0,
      0.0,
      6.0,
      0.0,
      0.0,
      1.0,
      1.0,
      320.0,
      1.0
    ],
    [
      439.0,
      11.0,
      1.0,
      7.0,
      0.0,
      1.0,
      2.0,
      1.0,
      5.0,
      533.0
    ]
  ],
  "classRecall": [
    0.9980000257492065,
    0.45899999141693115,
    0.2879999876022339,
    0.5789999961853027,
    0.5839999914169312,
    0.6589999794960022,
    0.7979999780654907,
    0.546999990940094,
    0.3199999928474426,
    0.5329999923706055
  ],
  "classPrecision": [
    0.22620126605033875,
    0.9745222926139832,
    0.8470588326454163,
    0.6483762860298157,
    0.8366762399673462,
    0.8227216005325317,
    0.8807947039604187,
    0.9239864945411682,
    0.9580838084220886,
    0.9638336300849915
  ],
  "classes": [
    "plane",
    "car",
    "bird",
    "cat",
    "deer",
    "dog",
    "frog",
    "horse",
    "ship",
    "truck"
  ]
}