{
  "name": "model",
  "metrics": {
    "train_loss": [
      0.35989351457611646,
      0.2636000664807609,
      0.9404676794582069,
      1.1212525859263271,
      1.694983020212978
    ],
    "train_accuracy": [
      0.8822037037037037,
      0.906537037037037,
      0.7417407407407407,
      0.7626851851851851,
      0.7152777777777778
    ],
    "val_loss": [
      0.3776215200728558,
      0.2871165155096257,
      0.958526574550791,
      1.1278169040984296,
      1.7001826610971005
    ],
    "val_accuracy": [
      0.8788333333333334,
      0.9005,
      0.7416666666666667,
      0.7606666666666667,
      0.7131666666666666
    ]
  },
  "accuracy": 0.7143,
  "confusion": [
    [
      980.0,
      0.0,
      0.0,
      0.0,
      0.0,
      0.0,
      0.0,
      0.0,
      0.0,
      0.0
    ],
    [
      8.0,
      1123.0,
      0.0,
      0.0,
      0.0,
      1.0,
      0.0,
      1.0,
      2.0,
      0.0
    ],
    [
      1025.0,
      0.0,
      0.0,
      0.0,
      0.0,
      0.0,
      0.0,
      6.0,
      1.0,
      0.0
    ],
    [
      42.0,
      0.0,
      0.0,
      950.0,
      0.0,
      8.0,
      0.0,
      6.0,
      2.0,
      2.0
    ],
    [
      115.0,
      1.0,
      0.0,
      0.0,
      845.0,
      0.0,
      0.0,
      0.0,
      2.0,
      19.0
    ],
    [
      197.0,
      0.0,
      0.0,
      4.0,
      0.0,
      687.0,
      0.0,
      0.0,
      2.0,
      2.0
    ],
    [
      954.0,
      3.0,
      0.0,
      0.0,
      0.0,
      0.0,
      0.0,
      0.0,
      1.0,
      0.0
    ],
    [
      138.0,
      3.0,
      0.0,
      0.0,
      0.0,
      0.0,
      0.0,
      886.0,
      0.0,
      1.0
    ],
    [
      177.0,
      0.0,
      0.0,
      3.0,
      2.0,
      0.0,
      0.0,
      4.0,
      786.0,
      2.0
    ],
    [
      94.0,
      6.0,
      0.0,
      9.0,
      6.0,
      2.0,
      0.0,
      6.0,
      0.0,
      886.0
    ]
  ],
  "classRecall": [
    1.0,
    0.9894273281097412,
    0.0,
    0.9405940771102905,
    0.860488772392273,
    0.7701793909072876,
    0.0,
    0.8618677258491516,
    0.8069815039634705,
    0.8780971169471741
  ],
  "classPrecision": [
    0.262734591960907,
    0.9885563254356384,
    NaN,
    0.9834368824958801,
    0.9906213283538818,
    0.984240710735321,
    NaN,
    0.974697470664978,
    0.9874371886253357,
    0.9714912176132202
  ],
  "classes": [
    0,
    1,
    2,
    3,
    4,
    5,
    6,
    7,
    8,
    9
  ]
}