{
  "name": "model",
  "metrics": {
    "train_loss": [
      2.943348553370346,
      2.4980926997959614,
      2.6867489127272908,
      1.8276950486681678,
      2.190245284952901,
      2.4368444715033877,
      4.20887226882306,
      2.439045625315471,
      4.088205472312191,
      3.030080845748836,
      3.1098806742917406,
      2.422501514242454
    ],
    "train_accuracy": [
      0.3364666666666667,
      0.4292888888888889,
      0.4721111111111111,
      0.5673777777777778,
      0.5482666666666667,
      0.5712444444444444,
      0.4365111111111111,
      0.6355111111111111,
      0.5108888888888888,
      0.616,
      0.6280666666666667,
      0.6865777777777777
    ],
    "val_loss": [
      3.0293409705162047,
      2.5533182248473167,
      2.825781351327896,
      2.0203771889209747,
      2.381561133265495,
      2.7120638728141784,
      4.492379915714264,
      2.94370893239975,
      4.565162509679794,
      3.7174015283584594,
      3.8356120109558107,
      3.177801813930273
    ],
    "val_accuracy": [
      0.3306,
      0.4074,
      0.4558,
      0.5446,
      0.51,
      0.5286,
      0.4002,
      0.5764,
      0.4622,
      0.5446,
      0.5574,
      0.5996
    ]
  },
  "accuracy": 0.5919,
  "confusion": [
    [
      995.0,
      1.0,
      0.0,
      0.0,
      0.0,
      0.0,
      0.0,
      1.0,
      3.0,
      0.0
    ],
    [
      502.0,
      477.0,
      0.0,
      3.0,
      1.0,
      3.0,
      3.0,
      0.0,
      3.0,
      8.0
    ],
    [
      538.0,
      2.0,
      314.0,
      27.0,
      39.0,
      39.0,
      33.0,
      7.0,
      1.0,
      0.0
    ],
    [
      179.0,
      2.0,
      22.0,
      564.0,
      34.0,
      144.0,
      36.0,
      18.0,
      1.0,
      0.0
    ],
    [
      186.0,
      0.0,
      10.0,
      27.0,
      673.0,
      26.0,
      22.0,
      56.0,
      0.0,
      0.0
    ],
    [
      111.0,
      1.0,
      7.0,
      66.0,
      17.0,
      757.0,
      13.0,
      28.0,
      0.0,
      0.0
    ],
    [
      70.0,
      0.0,
      10.0,
      49.0,
      18.0,
      14.0,
      834.0,
      4.0,
      1.0,
      0.0
    ],
    [
      305.0,
      1.0,
      4.0,
      9.0,
      14.0,
      20.0,
      2.0,
      643.0,
      0.0,
      2.0
    ],
    [
      649.0,
      3.0,
      1.0,
      5.0,
      1.0,
      1.0,
      1.0,
      0.0,
      337.0,
      2.0
    ],
    [
      654.0,
      14.0,
      0.0,
      3.0,
      1.0,
      2.0,
      0.0,
      1.0,
      0.0,
      325.0
    ]
  ],
  "classRecall": [
    0.9950000047683716,
    0.47699999809265137,
    0.3140000104904175,
    0.5640000104904175,
    0.6729999780654907,
    0.7570000290870667,
    0.8339999914169312,
    0.6430000066757202,
    0.3370000123977661,
    0.32499998807907104
  ],
  "classPrecision": [
    0.23752684891223907,
    0.9520958065986633,
    0.85326087474823,
    0.7490040063858032,
    0.8433583974838257,
    0.7524850964546204,
    0.883474588394165,
    0.8482849597930908,
    0.97398841381073,
    0.9643917083740234
  ],
  "classes": [
    "plane",
    "car",
    "bird",
    "cat",
    "deer",
    "dog",
    "frog",
    "horse",
    "ship",
    "truck"
  ]
}