{
  "name": "model",
  "metrics": {
    "train_loss": [
      0.14698039212427433,
      0.10448937408926222,
      0.08259177554434086,
      0.07052432988015538,
      0.06308814470095657
    ],
    "train_accuracy": [
      0.9568148148148148,
      0.9698333333333333,
      0.9767407407407407,
      0.9793333333333333,
      0.9813518518518518
    ],
    "val_loss": [
      0.17133337766566176,
      0.13759276683026173,
      0.11734883594227598,
      0.11301308006365249,
      0.10416509167469562
    ],
    "val_accuracy": [
      0.9518333333333333,
      0.9583333333333334,
      0.9671666666666666,
      0.9673333333333334,
      0.9705
    ]
  },
  "accuracy": 0.9756,
  "confusion": [
    [
      972.0,
      0.0,
      2.0,
      0.0,
      0.0,
      2.0,
      1.0,
      1.0,
      2.0,
      0.0
    ],
    [
      0.0,
      1123.0,
      3.0,
      3.0,
      0.0,
      1.0,
      2.0,
      0.0,
      3.0,
      0.0
    ],
    [
      5.0,
      0.0,
      1007.0,
      2.0,
      3.0,
      0.0,
      0.0,
      8.0,
      7.0,
      0.0
    ],
    [
      0.0,
      0.0,
      4.0,
      982.0,
      0.0,
      8.0,
      0.0,
      7.0,
      4.0,
      5.0
    ],
    [
      0.0,
      0.0,
      3.0,
      0.0,
      963.0,
      0.0,
      5.0,
      2.0,
      2.0,
      7.0
    ],
    [
      2.0,
      1.0,
      0.0,
      10.0,
      2.0,
      870.0,
      2.0,
      1.0,
      2.0,
      2.0
    ],
    [
      5.0,
      3.0,
      0.0,
      0.0,
      4.0,
      11.0,
      930.0,
      0.0,
      5.0,
      0.0
    ],
    [
      1.0,
      3.0,
      8.0,
      1.0,
      3.0,
      0.0,
      0.0,
      1008.0,
      0.0,
      4.0
    ],
    [
      3.0,
      1.0,
      1.0,
      2.0,
      5.0,
      6.0,
      2.0,
      5.0,
      947.0,
      2.0
    ],
    [
      3.0,
      6.0,
      0.0,
      6.0,
      22.0,
      5.0,
      1.0,
      10.0,
      2.0,
      954.0
    ]
  ],
  "classRecall": [
    0.9918367266654968,
    0.9894273281097412,
    0.9757751822471619,
    0.9722772240638733,
    0.9806517362594604,
    0.9753363132476807,
    0.9707724452018738,
    0.9805447459220886,
    0.9722792506217957,
    0.9454905986785889
  ],
  "classPrecision": [
    0.9808274507522583,
    0.9876868724822998,
    0.9795719981193542,
    0.9761431217193604,
    0.961077868938446,
    0.9634551405906677,
    0.9862142205238342,
    0.9673704504966736,
    0.9722792506217957,
    0.9794661402702332
  ],
  "classes": [
    0,
    1,
    2,
    3,
    4,
    5,
    6,
    7,
    8,
    9
  ]
}