{
  "name": "model",
  "metrics": {
    "train_loss": [
      7.336313990029422,
      5.92519471320239,
      4.489557766101577,
      8.778526451100003,
      10.182579972527243,
      11.073435496200215,
      12.797430501742797,
      13.173870560797779,
      16.276767102154817,
      24.509108798070386,
      17.00713807615367,
      23.202498842369426
    ],
    "train_accuracy": [
      0.12953333333333333,
      0.149,
      0.23473333333333332,
      0.1156,
      0.11595555555555556,
      0.12384444444444444,
      0.11175555555555555,
      0.1690222222222222,
      0.11546666666666666,
      0.10308888888888888,
      0.13333333333333333,
      0.12042222222222222
    ],
    "val_loss": [
      7.386300778388977,
      5.909023368358612,
      4.632645136117935,
      8.86670800447464,
      10.404451251029968,
      11.279927229881286,
      12.898993849754333,
      13.251397693157196,
      16.664514112472535,
      25.28717393875122,
      17.71844952106476,
      24.02504539489746
    ],
    "val_accuracy": [
      0.1312,
      0.1462,
      0.231,
      0.1154,
      0.116,
      0.1194,
      0.11,
      0.1624,
      0.1144,
      0.1024,
      0.1292,
      0.1206
    ]
  },
  "accuracy": 0.1177,
  "confusion": [
    [
      1000.0,
      0.0,
      0.0,
      0.0,
      0.0,
      0.0,
      0.0,
      0.0,
      0.0,
      0.0
    ],
    [
      874.0,
      125.0,
      0.0,
      0.0,
      0.0,
      0.0,
      0.0,
      0.0,
      0.0,
      1.0
    ],
    [
      1000.0,
      0.0,
      0.0,
      0.0,
      0.0,
      0.0,
      0.0,
      0.0,
      0.0,
      0.0
    ],
    [
      995.0,
      0.0,
      0.0,
      5.0,
      0.0,
      0.0,
      0.0,
      0.0,
      0.0,
      0.0
    ],
    [
      1000.0,
      0.0,
      0.0,
      0.0,
      0.0,
      0.0,
      0.0,
      0.0,
      0.0,
      0.0
    ],
    [
      999.0,
      0.0,
      0.0,
      0.0,
      0.0,
      1.0,
      0.0,
      0.0,
      0.0,
      0.0
    ],
    [
      999.0,
      0.0,
      0.0,
      0.0,
      0.0,
      0.0,
      1.0,
      0.0,
      0.0,
      0.0
    ],
    [
      955.0,
      0.0,
      0.0,
      0.0,
      0.0,
      0.0,
      0.0,
      45.0,
      0.0,
      0.0
    ],
    [
      1000.0,
      0.0,
      0.0,
      0.0,
      0.0,
      0.0,
      0.0,
      0.0,
      0.0,
      0.0
    ],
    [
      1000.0,
      0.0,
      0.0,
      0.0,
      0.0,
      0.0,
      0.0,
      0.0,
      0.0,
      0.0
    ]
  ],
  "classRecall": [
    1.0,
    0.125,
    0.0,
    0.004999999888241291,
    0.0,
    0.0010000000474974513,
    0.0010000000474974513,
    0.04500000178813934,
    0.0,
    0.0
  ],
  "classPrecision": [
    0.10181225836277008,
    1.0,
    NaN,
    1.0,
    NaN,
    1.0,
    1.0,
    1.0,
    NaN,
    0.0
  ],
  "classes": [
    "plane",
    "car",
    "bird",
    "cat",
    "deer",
    "dog",
    "frog",
    "horse",
    "ship",
    "truck"
  ]
}