{
  "name": "model",
  "metrics": {
    "train_loss": [
      0.1495353326166128,
      0.1157392750613356,
      0.07953829114365069,
      0.06885721999710488,
      0.0604675628655365
    ],
    "train_accuracy": [
      0.9563888888888888,
      0.9655370370370371,
      0.9767407407407407,
      0.9796296296296296,
      0.9818148148148148
    ],
    "val_loss": [
      0.18153542510055481,
      0.14677473474690256,
      0.1157535582463792,
      0.11184588264911732,
      0.10695123105765657
    ],
    "val_accuracy": [
      0.9465,
      0.9563333333333334,
      0.9661666666666666,
      0.969,
      0.9701666666666666
    ]
  },
  "accuracy": 0.9753,
  "confusion": [
    [
      972.0,
      0.0,
      0.0,
      0.0,
      0.0,
      2.0,
      2.0,
      1.0,
      2.0,
      1.0
    ],
    [
      0.0,
      1125.0,
      4.0,
      0.0,
      0.0,
      1.0,
      3.0,
      0.0,
      2.0,
      0.0
    ],
    [
      8.0,
      1.0,
      1007.0,
      1.0,
      2.0,
      0.0,
      3.0,
      10.0,
      0.0,
      0.0
    ],
    [
      1.0,
      0.0,
      7.0,
      981.0,
      0.0,
      6.0,
      0.0,
      9.0,
      4.0,
      2.0
    ],
    [
      1.0,
      0.0,
      2.0,
      0.0,
      955.0,
      0.0,
      7.0,
      4.0,
      0.0,
      13.0
    ],
    [
      6.0,
      0.0,
      0.0,
      5.0,
      1.0,
      866.0,
      5.0,
      1.0,
      4.0,
      4.0
    ],
    [
      8.0,
      3.0,
      0.0,
      0.0,
      3.0,
      6.0,
      935.0,
      0.0,
      3.0,
      0.0
    ],
    [
      1.0,
      3.0,
      7.0,
      1.0,
      1.0,
      0.0,
      0.0,
      1009.0,
      0.0,
      6.0
    ],
    [
      6.0,
      0.0,
      3.0,
      6.0,
      4.0,
      4.0,
      5.0,
      7.0,
      936.0,
      3.0
    ],
    [
      3.0,
      4.0,
      0.0,
      7.0,
      14.0,
      3.0,
      1.0,
      7.0,
      3.0,
      967.0
    ]
  ],
  "classRecall": [
    0.9918367266654968,
    0.9911894202232361,
    0.9757751822471619,
    0.9712871313095093,
    0.9725050926208496,
    0.9708520174026489,
    0.9759916663169861,
    0.981517493724823,
    0.9609856009483337,
    0.9583746194839478
  ],
  "classPrecision": [
    0.9662027955055237,
    0.9903169274330139,
    0.977669894695282,
    0.9800199866294861,
    0.9744898080825806,
    0.9752252101898193,
    0.9729448556900024,
    0.9627862572669983,
    0.9811320900917053,
    0.9708835482597351
  ],
  "classes": [
    0,
    1,
    2,
    3,
    4,
    5,
    6,
    7,
    8,
    9
  ]
}