{
  "name": "model",
  "metrics": {
    "train_loss": [
      3.160186518999663,
      3.8009147224101154,
      5.118078720840541,
      3.6969978924502027,
      3.297530666671016,
      5.79625039209019,
      4.356196602637118,
      5.527728503400629,
      4.767892504957589,
      6.787064946510575,
      4.94887865673412,
      5.865190646865151
    ],
    "train_accuracy": [
      0.2902,
      0.2888222222222222,
      0.2945111111111111,
      0.3859111111111111,
      0.4361111111111111,
      0.3012444444444444,
      0.3622,
      0.3718222222222222,
      0.4214,
      0.3466222222222222,
      0.4384888888888889,
      0.45193333333333335
    ],
    "val_loss": [
      3.288165533542633,
      3.928286451101303,
      5.2903272867202755,
      3.8621505081653593,
      3.540965896844864,
      6.310420083999634,
      4.741832989454269,
      6.085372132062912,
      5.370327997207641,
      7.741738712787628,
      6.057693314552307,
      6.982097017765045
    ],
    "val_accuracy": [
      0.288,
      0.275,
      0.2904,
      0.3684,
      0.4162,
      0.2804,
      0.3408,
      0.345,
      0.3762,
      0.3098,
      0.3932,
      0.3972
    ]
  },
  "accuracy": 0.3959,
  "confusion": [
    [
      1000.0,
      0.0,
      0.0,
      0.0,
      0.0,
      0.0,
      0.0,
      0.0,
      0.0,
      0.0
    ],
    [
      868.0,
      127.0,
      0.0,
      0.0,
      1.0,
      0.0,
      3.0,
      0.0,
      0.0,
      1.0
    ],
    [
      801.0,
      0.0,
      144.0,
      9.0,
      16.0,
      11.0,
      18.0,
      1.0,
      0.0,
      0.0
    ],
    [
      553.0,
      0.0,
      6.0,
      342.0,
      22.0,
      51.0,
      24.0,
      1.0,
      0.0,
      1.0
    ],
    [
      489.0,
      0.0,
      4.0,
      11.0,
      458.0,
      10.0,
      13.0,
      15.0,
      0.0,
      0.0
    ],
    [
      422.0,
      0.0,
      4.0,
      42.0,
      16.0,
      503.0,
      6.0,
      7.0,
      0.0,
      0.0
    ],
    [
      295.0,
      0.0,
      2.0,
      23.0,
      14.0,
      5.0,
      660.0,
      1.0,
      0.0,
      0.0
    ],
    [
      410.0,
      0.0,
      5.0,
      9.0,
      16.0,
      14.0,
      2.0,
      544.0,
      0.0,
      0.0
    ],
    [
      953.0,
      0.0,
      0.0,
      1.0,
      1.0,
      2.0,
      0.0,
      0.0,
      43.0,
      0.0
    ],
    [
      859.0,
      2.0,
      0.0,
      1.0,
      0.0,
      0.0,
      0.0,
      0.0,
      0.0,
      138.0
    ]
  ],
  "classRecall": [
    1.0,
    0.12700000405311584,
    0.14399999380111694,
    0.34200000762939453,
    0.4580000042915344,
    0.503000020980835,
    0.6600000262260437,
    0.5440000295639038,
    0.0430000014603138,
    0.1379999965429306
  ],
  "classPrecision": [
    0.15037593245506287,
    0.9844961166381836,
    0.8727272748947144,
    0.7808219194412231,
    0.841911792755127,
    0.8439597487449646,
    0.9090909361839294,
    0.9560632705688477,
    1.0,
    0.9857142567634583
  ],
  "classes": [
    "plane",
    "car",
    "bird",
    "cat",
    "deer",
    "dog",
    "frog",
    "horse",
    "ship",
    "truck"
  ]
}