{
  "name": "model",
  "metrics": {
    "train_loss": [
      1.4186637990854003,
      1.234091644090685,
      1.2166244375773452,
      1.080717325549234,
      0.9433484995229677,
      1.0973320369693367,
      1.0375972869382664,
      1.083311104131016,
      1.0630488524382764,
      0.8118547007272189,
      0.8423757218671116,
      0.735580787062645
    ],
    "train_accuracy": [
      0.4740666666666667,
      0.5668222222222222,
      0.6253777777777778,
      0.6632888888888889,
      0.7046222222222223,
      0.7081111111111111,
      0.7349555555555556,
      0.7339555555555556,
      0.7427777777777778,
      0.8080444444444445,
      0.8011555555555555,
      0.8420888888888889
    ],
    "val_loss": [
      1.4388178706169128,
      1.3069026947021485,
      1.3185078620910644,
      1.1455049231648444,
      1.1352797418832778,
      1.2768588423728944,
      1.2881226375699044,
      1.4860708460211753,
      1.4545785531401634,
      1.2621773198246955,
      1.4286030665040017,
      1.4244186192750932
    ],
    "val_accuracy": [
      0.4626,
      0.5442,
      0.6054,
      0.6388,
      0.6574,
      0.6638,
      0.6824,
      0.6634,
      0.6602,
      0.7056,
      0.6946,
      0.7252
    ]
  },
  "accuracy": 0.7286,
  "confusion": [
    [
      987.0,
      1.0,
      1.0,
      0.0,
      2.0,
      0.0,
      2.0,
      5.0,
      1.0,
      1.0
    ],
    [
      173.0,
      763.0,
      0.0,
      2.0,
      1.0,
      1.0,
      3.0,
      0.0,
      5.0,
      52.0
    ],
    [
      307.0,
      0.0,
      558.0,
      29.0,
      37.0,
      33.0,
      18.0,
      15.0,
      1.0,
      2.0
    ],
    [
      137.0,
      0.0,
      48.0,
      576.0,
      33.0,
      141.0,
      27.0,
      30.0,
      4.0,
      4.0
    ],
    [
      114.0,
      1.0,
      54.0,
      30.0,
      726.0,
      30.0,
      9.0,
      35.0,
      1.0,
      0.0
    ],
    [
      48.0,
      1.0,
      25.0,
      70.0,
      23.0,
      791.0,
      3.0,
      37.0,
      0.0,
      2.0
    ],
    [
      36.0,
      1.0,
      46.0,
      39.0,
      39.0,
      15.0,
      813.0,
      6.0,
      5.0,
      0.0
    ],
    [
      80.0,
      1.0,
      13.0,
      15.0,
      22.0,
      42.0,
      0.0,
      823.0,
      2.0,
      2.0
    ],
    [
      524.0,
      3.0,
      6.0,
      2.0,
      0.0,
      2.0,
      0.0,
      4.0,
      454.0,
      5.0
    ],
    [
      164.0,
      20.0,
      3.0,
      2.0,
      0.0,
      1.0,
      3.0,
      6.0,
      6.0,
      795.0
    ]
  ],
  "classRecall": [
    0.9869999885559082,
    0.7630000114440918,
    0.5580000281333923,
    0.5759999752044678,
    0.7260000109672546,
    0.7910000085830688,
    0.8130000233650208,
    0.8230000138282776,
    0.45399999618530273,
    0.7950000166893005
  ],
  "classPrecision": [
    0.3840467035770416,
    0.9646017551422119,
    0.7400530576705933,
    0.7529411911964417,
    0.8221970796585083,
    0.7490530014038086,
    0.9259681105613708,
    0.8563995957374573,
    0.9478079080581665,
    0.9212051033973694
  ],
  "classes": [
    "plane",
    "car",
    "bird",
    "cat",
    "deer",
    "dog",
    "frog",
    "horse",
    "ship",
    "truck"
  ]
}