{
  "name": "model",
  "metrics": {
    "train_loss": [
      3.5091281939636576,
      4.013091632588343,
      3.2351291701197624,
      3.39211236753247,
      4.749599296938289,
      3.1903238398107616,
      3.6228751811114224,
      5.184279951182279,
      6.531754618341273,
      6.216882850636136,
      5.225265882231972,
      5.33560349656777
    ],
    "train_accuracy": [
      0.22935555555555556,
      0.3686888888888889,
      0.4422888888888889,
      0.4401777777777778,
      0.3947555555555556,
      0.49577777777777776,
      0.5295555555555556,
      0.4159555555555556,
      0.3828,
      0.41875555555555555,
      0.4538888888888889,
      0.5222666666666667
    ],
    "val_loss": [
      3.48562975525856,
      3.958563733100891,
      3.2231749892234802,
      3.490216648578644,
      4.829711443185806,
      3.356259900331497,
      3.8729896664619448,
      5.696115565299988,
      6.914507007598877,
      6.8011617183685305,
      5.959285938739777,
      6.14637154340744
    ],
    "val_accuracy": [
      0.2252,
      0.362,
      0.437,
      0.4274,
      0.3766,
      0.4654,
      0.4936,
      0.3786,
      0.352,
      0.3836,
      0.407,
      0.464
    ]
  },
  "accuracy": 0.4538,
  "confusion": [
    [
      998.0,
      0.0,
      0.0,
      1.0,
      0.0,
      1.0,
      0.0,
      0.0,
      0.0,
      0.0
    ],
    [
      531.0,
      460.0,
      0.0,
      2.0,
      0.0,
      0.0,
      0.0,
      0.0,
      0.0,
      7.0
    ],
    [
      757.0,
      0.0,
      144.0,
      19.0,
      36.0,
      20.0,
      21.0,
      2.0,
      0.0,
      1.0
    ],
    [
      442.0,
      0.0,
      1.0,
      399.0,
      21.0,
      116.0,
      18.0,
      2.0,
      1.0,
      0.0
    ],
    [
      388.0,
      0.0,
      8.0,
      23.0,
      535.0,
      29.0,
      9.0,
      8.0,
      0.0,
      0.0
    ],
    [
      375.0,
      0.0,
      0.0,
      48.0,
      12.0,
      559.0,
      1.0,
      5.0,
      0.0,
      0.0
    ],
    [
      220.0,
      1.0,
      4.0,
      41.0,
      20.0,
      19.0,
      691.0,
      3.0,
      1.0,
      0.0
    ],
    [
      445.0,
      0.0,
      0.0,
      9.0,
      16.0,
      39.0,
      0.0,
      491.0,
      0.0,
      0.0
    ],
    [
      983.0,
      0.0,
      0.0,
      2.0,
      0.0,
      2.0,
      0.0,
      0.0,
      12.0,
      1.0
    ],
    [
      730.0,
      16.0,
      0.0,
      1.0,
      1.0,
      2.0,
      1.0,
      0.0,
      0.0,
      249.0
    ]
  ],
  "classRecall": [
    0.9980000257492065,
    0.46000000834465027,
    0.14399999380111694,
    0.39899998903274536,
    0.5350000262260437,
    0.5590000152587891,
    0.6909999847412109,
    0.4909999966621399,
    0.012000000104308128,
    0.24899999797344208
  ],
  "classPrecision": [
    0.17004600167274475,
    0.9643605947494507,
    0.9171974658966064,
    0.7321100831031799,
    0.8346334099769592,
    0.7102922201156616,
    0.9325236082077026,
    0.9608610272407532,
    0.8571428656578064,
    0.9651162624359131
  ],
  "classes": [
    "plane",
    "car",
    "bird",
    "cat",
    "deer",
    "dog",
    "frog",
    "horse",
    "ship",
    "truck"
  ]
}