{
  "name": "model",
  "metrics": {
    "train_loss": [
      0.1614252972765274,
      0.1200370565851294,
      0.08843868693681124,
      0.06711396337508872,
      0.06295291849707751
    ],
    "train_accuracy": [
      0.9516296296296296,
      0.9661111111111111,
      0.9741296296296297,
      0.9811111111111112,
      0.9816111111111111
    ],
    "val_loss": [
      0.1900997596218231,
      0.15482404621991705,
      0.125103197833325,
      0.10306997303950026,
      0.10498619927687848
    ],
    "val_accuracy": [
      0.9456666666666667,
      0.956,
      0.9646666666666667,
      0.9701666666666666,
      0.9705
    ]
  },
  "accuracy": 0.973,
  "confusion": [
    [
      973.0,
      0.0,
      0.0,
      0.0,
      0.0,
      0.0,
      2.0,
      1.0,
      4.0,
      0.0
    ],
    [
      0.0,
      1125.0,
      2.0,
      1.0,
      0.0,
      1.0,
      2.0,
      1.0,
      3.0,
      0.0
    ],
    [
      9.0,
      1.0,
      989.0,
      5.0,
      4.0,
      0.0,
      2.0,
      12.0,
      9.0,
      1.0
    ],
    [
      2.0,
      0.0,
      1.0,
      990.0,
      0.0,
      7.0,
      0.0,
      7.0,
      2.0,
      1.0
    ],
    [
      2.0,
      0.0,
      2.0,
      0.0,
      946.0,
      0.0,
      8.0,
      2.0,
      0.0,
      22.0
    ],
    [
      2.0,
      0.0,
      0.0,
      5.0,
      1.0,
      871.0,
      5.0,
      1.0,
      4.0,
      3.0
    ],
    [
      7.0,
      3.0,
      0.0,
      0.0,
      4.0,
      6.0,
      936.0,
      0.0,
      2.0,
      0.0
    ],
    [
      1.0,
      6.0,
      7.0,
      3.0,
      0.0,
      0.0,
      0.0,
      1007.0,
      0.0,
      4.0
    ],
    [
      6.0,
      1.0,
      1.0,
      11.0,
      4.0,
      10.0,
      4.0,
      5.0,
      928.0,
      4.0
    ],
    [
      4.0,
      3.0,
      0.0,
      9.0,
      8.0,
      6.0,
      0.0,
      9.0,
      5.0,
      965.0
    ]
  ],
  "classRecall": [
    0.9928571581840515,
    0.9911894202232361,
    0.9583333134651184,
    0.9801980257034302,
    0.9633401036262512,
    0.976457417011261,
    0.9770354628562927,
    0.9795719981193542,
    0.9527720808982849,
    0.9563924670219421
  ],
  "classPrecision": [
    0.9671968221664429,
    0.9877085089683533,
    0.9870259761810303,
    0.966796875,
    0.9782833456993103,
    0.9667036533355713,
    0.9760167002677917,
    0.9636363387107849,
    0.9696969985961914,
    0.9649999737739563
  ],
  "classes": [
    0,
    1,
    2,
    3,
    4,
    5,
    6,
    7,
    8,
    9
  ]
}