{
  "name": "model",
  "metrics": {
    "train_loss": [
      1.3557332794774661,
      0.9206613725559278,
      0.7465422107753429,
      0.5857655959711834,
      0.5053052886981856,
      0.3831019111146981,
      0.34044722687791695,
      0.2912013979036022,
      0.2186527265743776,
      0.20513076123527504,
      0.18162053692239252,
      0.12812864311589775
    ],
    "train_accuracy": [
      0.5062,
      0.6686,
      0.7374888888888889,
      0.7991111111111111,
      0.8244444444444444,
      0.8662888888888889,
      0.8937111111111111,
      0.9004888888888889,
      0.9306444444444445,
      0.9338666666666666,
      0.9414,
      0.9575333333333333
    ],
    "val_loss": [
      1.3736954301595687,
      0.9687108054757119,
      0.8185655623674393,
      0.6767846759408712,
      0.6502482116222381,
      0.5708063941448926,
      0.5373774997889995,
      0.5779898576438427,
      0.5525109224021435,
      0.5710965640842914,
      0.5891543030738831,
      0.621239586174488
    ],
    "val_accuracy": [
      0.4956,
      0.6496,
      0.712,
      0.7618,
      0.781,
      0.7982,
      0.8124,
      0.8126,
      0.8254,
      0.8126,
      0.8146,
      0.8254
    ]
  },
  "accuracy": 0.8212,
  "confusion": [
    [
      875.0,
      10.0,
      25.0,
      2.0,
      11.0,
      0.0,
      3.0,
      7.0,
      56.0,
      11.0
    ],
    [
      10.0,
      937.0,
      0.0,
      1.0,
      2.0,
      1.0,
      2.0,
      0.0,
      21.0,
      26.0
    ],
    [
      68.0,
      6.0,
      759.0,
      32.0,
      42.0,
      39.0,
      20.0,
      18.0,
      12.0,
      4.0
    ],
    [
      32.0,
      6.0,
      70.0,
      613.0,
      48.0,
      152.0,
      35.0,
      26.0,
      12.0,
      6.0
    ],
    [
      14.0,
      2.0,
      50.0,
      40.0,
      810.0,
      24.0,
      22.0,
      25.0,
      12.0,
      1.0
    ],
    [
      14.0,
      3.0,
      43.0,
      92.0,
      33.0,
      770.0,
      8.0,
      28.0,
      7.0,
      2.0
    ],
    [
      15.0,
      3.0,
      47.0,
      29.0,
      27.0,
      17.0,
      844.0,
      4.0,
      10.0,
      4.0
    ],
    [
      16.0,
      0.0,
      26.0,
      21.0,
      64.0,
      32.0,
      2.0,
      827.0,
      8.0,
      4.0
    ],
    [
      38.0,
      9.0,
      8.0,
      5.0,
      0.0,
      1.0,
      2.0,
      0.0,
      931.0,
      6.0
    ],
    [
      21.0,
      78.0,
      4.0,
      4.0,
      1.0,
      3.0,
      1.0,
      8.0,
      34.0,
      846.0
    ]
  ],
  "classRecall": [
    0.875,
    0.9369999766349792,
    0.7590000033378601,
    0.6129999756813049,
    0.8100000023841858,
    0.7699999809265137,
    0.843999981880188,
    0.8270000219345093,
    0.9309999942779541,
    0.8460000157356262
  ],
  "classPrecision": [
    0.7932910323143005,
    0.8889943361282349,
    0.7354651093482971,
    0.7306317090988159,
    0.7803468108177185,
    0.7410972118377686,
    0.8988285660743713,
    0.8769883513450623,
    0.8440616726875305,
    0.9296703338623047
  ],
  "classes": [
    "plane",
    "car",
    "bird",
    "cat",
    "deer",
    "dog",
    "frog",
    "horse",
    "ship",
    "truck"
  ]
}