{
  "name": "model",
  "metrics": {
    "train_loss": [
      0.22269201923108778,
      0.2811925012565337,
      0.6018806818113508,
      0.5225677073566835,
      1.1437129160804207
    ],
    "train_accuracy": [
      0.9369444444444445,
      0.9127037037037037,
      0.761425925925926,
      0.7849814814814815,
      0.7098703703703704
    ],
    "val_loss": [
      0.25555752249474223,
      0.31857607085654077,
      0.6389135394958739,
      0.5587746577059969,
      1.174506480389453
    ],
    "val_accuracy": [
      0.9288333333333333,
      0.9065,
      0.7603333333333333,
      0.7823333333333333,
      0.711
    ]
  },
  "accuracy": 0.7093,
  "confusion": [
    [
      980.0,
      0.0,
      0.0,
      0.0,
      0.0,
      0.0,
      0.0,
      0.0,
      0.0,
      0.0
    ],
    [
      12.0,
      1122.0,
      1.0,
      0.0,
      0.0,
      0.0,
      0.0,
      0.0,
      0.0,
      0.0
    ],
    [
      1026.0,
      0.0,
      3.0,
      0.0,
      1.0,
      0.0,
      0.0,
      1.0,
      1.0,
      0.0
    ],
    [
      59.0,
      0.0,
      1.0,
      935.0,
      0.0,
      6.0,
      0.0,
      5.0,
      3.0,
      1.0
    ],
    [
      16.0,
      0.0,
      0.0,
      0.0,
      957.0,
      0.0,
      0.0,
      0.0,
      1.0,
      8.0
    ],
    [
      185.0,
      0.0,
      0.0,
      5.0,
      1.0,
      697.0,
      0.0,
      0.0,
      1.0,
      3.0
    ],
    [
      953.0,
      1.0,
      0.0,
      0.0,
      4.0,
      0.0,
      0.0,
      0.0,
      0.0,
      0.0
    ],
    [
      307.0,
      4.0,
      1.0,
      0.0,
      3.0,
      0.0,
      0.0,
      707.0,
      0.0,
      6.0
    ],
    [
      223.0,
      0.0,
      0.0,
      0.0,
      5.0,
      0.0,
      0.0,
      1.0,
      741.0,
      4.0
    ],
    [
      31.0,
      5.0,
      0.0,
      5.0,
      14.0,
      3.0,
      0.0,
      0.0,
      0.0,
      951.0
    ]
  ],
  "classRecall": [
    1.0,
    0.9885462522506714,
    0.0029069767333567142,
    0.9257425665855408,
    0.9745417237281799,
    0.7813901305198669,
    0.0,
    0.6877431869506836,
    0.7607802748680115,
    0.9425173401832581
  ],
  "classPrecision": [
    0.2584388256072998,
    0.9911660552024841,
    0.5,
    0.9894179701805115,
    0.9715735912322998,
    0.9872521162033081,
    NaN,
    0.9901960492134094,
    0.9919678568840027,
    0.9773895144462585
  ],
  "classes": [
    0,
    1,
    2,
    3,
    4,
    5,
    6,
    7,
    8,
    9
  ]
}