{
  "name": "model",
  "metrics": {
    "train_loss": [
      0.15466475657130022,
      0.10825995624206643,
      0.09116237507294422,
      0.08855866227669738,
      0.07243628000235847
    ],
    "train_accuracy": [
      0.9537407407407408,
      0.967925925925926,
      0.9737592592592592,
      0.9745925925925926,
      0.978925925925926
    ],
    "val_loss": [
      0.18268146619517753,
      0.1398697757023446,
      0.1282613791049795,
      0.12714113841982597,
      0.1168379525237895
    ],
    "val_accuracy": [
      0.9456666666666667,
      0.9606666666666667,
      0.9633333333333334,
      0.9645,
      0.9696666666666667
    ]
  },
  "accuracy": 0.971,
  "confusion": [
    [
      977.0,
      0.0,
      0.0,
      1.0,
      0.0,
      1.0,
      0.0,
      1.0,
      0.0,
      0.0
    ],
    [
      0.0,
      1124.0,
      3.0,
      1.0,
      0.0,
      1.0,
      1.0,
      0.0,
      5.0,
      0.0
    ],
    [
      9.0,
      1.0,
      1001.0,
      3.0,
      4.0,
      0.0,
      2.0,
      6.0,
      6.0,
      0.0
    ],
    [
      1.0,
      0.0,
      4.0,
      980.0,
      0.0,
      10.0,
      0.0,
      7.0,
      8.0,
      0.0
    ],
    [
      5.0,
      1.0,
      2.0,
      0.0,
      949.0,
      0.0,
      2.0,
      3.0,
      2.0,
      18.0
    ],
    [
      12.0,
      0.0,
      0.0,
      4.0,
      0.0,
      869.0,
      3.0,
      0.0,
      2.0,
      2.0
    ],
    [
      38.0,
      2.0,
      0.0,
      1.0,
      3.0,
      6.0,
      905.0,
      0.0,
      3.0,
      0.0
    ],
    [
      6.0,
      8.0,
      11.0,
      1.0,
      0.0,
      0.0,
      0.0,
      998.0,
      1.0,
      3.0
    ],
    [
      7.0,
      1.0,
      3.0,
      3.0,
      4.0,
      5.0,
      2.0,
      4.0,
      943.0,
      2.0
    ],
    [
      9.0,
      6.0,
      0.0,
      6.0,
      10.0,
      4.0,
      0.0,
      6.0,
      4.0,
      964.0
    ]
  ],
  "classRecall": [
    0.9969387650489807,
    0.9903083443641663,
    0.9699612259864807,
    0.9702970385551453,
    0.9663951396942139,
    0.9742152690887451,
    0.944676399230957,
    0.9708171486854553,
    0.9681724905967712,
    0.9554013609886169
  ],
  "classPrecision": [
    0.9182330965995789,
    0.9833770990371704,
    0.9775390625,
    0.9800000190734863,
    0.9783505201339722,
    0.9698660969734192,
    0.9890710115432739,
    0.973658561706543,
    0.9681724905967712,
    0.9747219681739807
  ],
  "classes": [
    0,
    1,
    2,
    3,
    4,
    5,
    6,
    7,
    8,
    9
  ]
}