{
  "name": "model",
  "metrics": {
    "train_loss": [
      2.830996644767848,
      2.5528306202455,
      3.6140712052583694,
      3.28089668195356,
      3.6180364164439114,
      2.8242148140614685,
      3.4236976246942175,
      1.859580967236649,
      4.9285968711430375,
      3.8446981209245594,
      3.9999570182778617,
      4.018662486564029
    ],
    "train_accuracy": [
      0.3646,
      0.42777777777777776,
      0.3474,
      0.4239777777777778,
      0.46484444444444445,
      0.4699333333333333,
      0.4842444444444444,
      0.6472222222222223,
      0.40773333333333334,
      0.5505555555555556,
      0.5280444444444444,
      0.5688
    ],
    "val_loss": [
      2.818780481815338,
      2.5100378304719926,
      3.666757380962372,
      3.3738157868385317,
      3.8172238647937773,
      3.0521131068468095,
      3.8236566960811613,
      2.244700548052788,
      5.439380788803101,
      4.497656387090683,
      4.806114292144775,
      4.9831142127513885
    ],
    "val_accuracy": [
      0.3612,
      0.4218,
      0.3334,
      0.4018,
      0.4422,
      0.4362,
      0.4462,
      0.5916,
      0.371,
      0.4928,
      0.4786,
      0.5072
    ]
  },
  "accuracy": 0.4961,
  "confusion": [
    [
      998.0,
      1.0,
      0.0,
      0.0,
      0.0,
      0.0,
      1.0,
      0.0,
      0.0,
      0.0
    ],
    [
      553.0,
      432.0,
      0.0,
      1.0,
      1.0,
      1.0,
      1.0,
      0.0,
      1.0,
      10.0
    ],
    [
      706.0,
      0.0,
      239.0,
      14.0,
      11.0,
      15.0,
      13.0,
      2.0,
      0.0,
      0.0
    ],
    [
      490.0,
      2.0,
      13.0,
      384.0,
      17.0,
      66.0,
      19.0,
      7.0,
      1.0,
      1.0
    ],
    [
      391.0,
      0.0,
      23.0,
      26.0,
      524.0,
      13.0,
      12.0,
      11.0,
      0.0,
      0.0
    ],
    [
      296.0,
      1.0,
      10.0,
      64.0,
      12.0,
      604.0,
      2.0,
      10.0,
      0.0,
      1.0
    ],
    [
      259.0,
      1.0,
      12.0,
      28.0,
      9.0,
      3.0,
      686.0,
      0.0,
      1.0,
      1.0
    ],
    [
      326.0,
      2.0,
      9.0,
      16.0,
      21.0,
      16.0,
      1.0,
      609.0,
      0.0,
      0.0
    ],
    [
      929.0,
      2.0,
      1.0,
      3.0,
      0.0,
      0.0,
      0.0,
      0.0,
      64.0,
      1.0
    ],
    [
      566.0,
      9.0,
      1.0,
      0.0,
      1.0,
      0.0,
      0.0,
      1.0,
      1.0,
      421.0
    ]
  ],
  "classRecall": [
    0.9980000257492065,
    0.4320000112056732,
    0.23899999260902405,
    0.3840000033378601,
    0.5239999890327454,
    0.6039999723434448,
    0.6859999895095825,
    0.609000027179718,
    0.06400000303983688,
    0.42100000381469727
  ],
  "classPrecision": [
    0.18099384009838104,
    0.9599999785423279,
    0.7759740352630615,
    0.7164179086685181,
    0.8791946172714233,
    0.8412256240844727,
    0.9333333373069763,
    0.9515625238418579,
    0.9411764740943909,
    0.9678161144256592
  ],
  "classes": [
    "plane",
    "car",
    "bird",
    "cat",
    "deer",
    "dog",
    "frog",
    "horse",
    "ship",
    "truck"
  ]
}