{
  "name": "model",
  "metrics": {
    "train_loss": [
      5.386988696726886,
      8.104402486573566,
      9.720769616690548,
      9.752981865947897,
      7.942981320348653,
      8.8101097101515,
      10.11529871008613,
      9.133419733155858,
      16.21086766503074,
      20.312007584355094,
      20.143850256096233,
      17.745326941663567
    ],
    "train_accuracy": [
      0.13297777777777778,
      0.10708888888888889,
      0.13848888888888888,
      0.1424888888888889,
      0.18768888888888888,
      0.24637777777777778,
      0.1476,
      0.2214888888888889,
      0.1518,
      0.13362222222222223,
      0.11982222222222222,
      0.1542
    ],
    "val_loss": [
      5.37742006778717,
      8.09485820531845,
      9.714758193492889,
      9.73061237335205,
      7.961954569816589,
      8.785694193840026,
      10.31432032585144,
      9.503702294826507,
      16.637784481048584,
      20.892890310287477,
      20.940301656723022,
      18.446553182601928
    ],
    "val_accuracy": [
      0.127,
      0.105,
      0.1366,
      0.1446,
      0.1888,
      0.2494,
      0.149,
      0.2152,
      0.1484,
      0.1336,
      0.1182,
      0.1516
    ]
  },
  "accuracy": 0.1472,
  "confusion": [
    [
      1000.0,
      0.0,
      0.0,
      0.0,
      0.0,
      0.0,
      0.0,
      0.0,
      0.0,
      0.0
    ],
    [
      987.0,
      13.0,
      0.0,
      0.0,
      0.0,
      0.0,
      0.0,
      0.0,
      0.0,
      0.0
    ],
    [
      980.0,
      0.0,
      16.0,
      2.0,
      0.0,
      1.0,
      1.0,
      0.0,
      0.0,
      0.0
    ],
    [
      926.0,
      0.0,
      1.0,
      62.0,
      0.0,
      4.0,
      7.0,
      0.0,
      0.0,
      0.0
    ],
    [
      955.0,
      0.0,
      0.0,
      4.0,
      33.0,
      2.0,
      5.0,
      1.0,
      0.0,
      0.0
    ],
    [
      932.0,
      0.0,
      0.0,
      4.0,
      0.0,
      61.0,
      1.0,
      2.0,
      0.0,
      0.0
    ],
    [
      820.0,
      0.0,
      0.0,
      3.0,
      0.0,
      0.0,
      177.0,
      0.0,
      0.0,
      0.0
    ],
    [
      888.0,
      0.0,
      0.0,
      0.0,
      2.0,
      0.0,
      0.0,
      110.0,
      0.0,
      0.0
    ],
    [
      1000.0,
      0.0,
      0.0,
      0.0,
      0.0,
      0.0,
      0.0,
      0.0,
      0.0,
      0.0
    ],
    [
      999.0,
      1.0,
      0.0,
      0.0,
      0.0,
      0.0,
      0.0,
      0.0,
      0.0,
      0.0
    ]
  ],
  "classRecall": [
    1.0,
    0.013000000268220901,
    0.01600000075995922,
    0.06199999898672104,
    0.032999999821186066,
    0.061000000685453415,
    0.1770000010728836,
    0.10999999940395355,
    0.0,
    0.0
  ],
  "classPrecision": [
    0.10540740191936493,
    0.9285714030265808,
    0.9411764740943909,
    0.8266666531562805,
    0.9428571462631226,
    0.8970588445663452,
    0.926701545715332,
    0.9734513163566589,
    NaN,
    NaN
  ],
  "classes": [
    "plane",
    "car",
    "bird",
    "cat",
    "deer",
    "dog",
    "frog",
    "horse",
    "ship",
    "truck"
  ]
}