{
  "name": "model",
  "metrics": {
    "train_loss": [
      0.20508015927333403,
      0.29710890700537446,
      0.4393411289671021,
      0.7975380405148059,
      1.1123237568902744
    ],
    "train_accuracy": [
      0.9414814814814815,
      0.8888888888888888,
      0.8318148148148148,
      0.7517037037037037,
      0.7352407407407408
    ],
    "val_loss": [
      0.23317465994586337,
      0.3210098166415032,
      0.4673741060368558,
      0.8283052894663303,
      1.1473256730018777
    ],
    "val_accuracy": [
      0.9331666666666667,
      0.8845,
      0.8293333333333334,
      0.7476666666666667,
      0.7318333333333333
    ]
  },
  "accuracy": 0.7311,
  "confusion": [
    [
      979.0,
      1.0,
      0.0,
      0.0,
      0.0,
      0.0,
      0.0,
      0.0,
      0.0,
      0.0
    ],
    [
      9.0,
      1126.0,
      0.0,
      0.0,
      0.0,
      0.0,
      0.0,
      0.0,
      0.0,
      0.0
    ],
    [
      980.0,
      3.0,
      44.0,
      1.0,
      0.0,
      0.0,
      0.0,
      3.0,
      1.0,
      0.0
    ],
    [
      30.0,
      0.0,
      0.0,
      960.0,
      0.0,
      11.0,
      0.0,
      4.0,
      3.0,
      2.0
    ],
    [
      31.0,
      0.0,
      0.0,
      0.0,
      937.0,
      0.0,
      0.0,
      1.0,
      0.0,
      13.0
    ],
    [
      61.0,
      0.0,
      0.0,
      3.0,
      1.0,
      826.0,
      0.0,
      0.0,
      0.0,
      1.0
    ],
    [
      953.0,
      2.0,
      0.0,
      0.0,
      1.0,
      2.0,
      0.0,
      0.0,
      0.0,
      0.0
    ],
    [
      263.0,
      10.0,
      3.0,
      0.0,
      0.0,
      1.0,
      0.0,
      743.0,
      0.0,
      8.0
    ],
    [
      206.0,
      5.0,
      0.0,
      3.0,
      3.0,
      5.0,
      0.0,
      3.0,
      744.0,
      5.0
    ],
    [
      30.0,
      8.0,
      0.0,
      4.0,
      6.0,
      8.0,
      0.0,
      1.0,
      0.0,
      952.0
    ]
  ],
  "classRecall": [
    0.9989795684814453,
    0.9920704960823059,
    0.042635660618543625,
    0.9504950642585754,
    0.9541751742362976,
    0.926008939743042,
    0.0,
    0.7227626442909241,
    0.7638603448867798,
    0.9435084462165833
  ],
  "classPrecision": [
    0.2763975262641907,
    0.9748917818069458,
    0.936170220375061,
    0.9886714816093445,
    0.9883966445922852,
    0.9683470129966736,
    NaN,
    0.9841059446334839,
    0.9946523904800415,
    0.9704383015632629
  ],
  "classes": [
    0,
    1,
    2,
    3,
    4,
    5,
    6,
    7,
    8,
    9
  ]
}