{
  "name": "model",
  "metrics": {
    "train_loss": [
      3.6926740489222785,
      5.293147427114573,
      6.306882776997306,
      8.269494125788862,
      8.474413642829115,
      7.972221312197772,
      8.486718603155829,
      9.834563699635593,
      13.768124891953034,
      11.41822775927457,
      13.29859299551357,
      8.406753332777457
    ],
    "train_accuracy": [
      0.17873333333333333,
      0.17384444444444444,
      0.20355555555555555,
      0.17782222222222221,
      0.17233333333333334,
      0.21237777777777778,
      0.18811111111111112,
      0.19795555555555555,
      0.13571111111111112,
      0.19544444444444445,
      0.18702222222222223,
      0.34826666666666667
    ],
    "val_loss": [
      3.734412890672684,
      5.47961858510971,
      6.593427979946137,
      8.475027978420258,
      8.836867499351502,
      8.222237586975098,
      8.851165533065796,
      10.410121893882751,
      14.349674105644226,
      12.241376042366028,
      14.254194021224976,
      9.400744307041169
    ],
    "val_accuracy": [
      0.1764,
      0.1692,
      0.1956,
      0.1712,
      0.1644,
      0.2042,
      0.1806,
      0.1864,
      0.1352,
      0.1834,
      0.1734,
      0.3158
    ]
  },
  "accuracy": 0.3108,
  "confusion": [
    [
      999.0,
      0.0,
      0.0,
      0.0,
      0.0,
      0.0,
      0.0,
      0.0,
      0.0,
      1.0
    ],
    [
      834.0,
      165.0,
      0.0,
      0.0,
      0.0,
      0.0,
      1.0,
      0.0,
      0.0,
      0.0
    ],
    [
      800.0,
      0.0,
      142.0,
      6.0,
      20.0,
      2.0,
      30.0,
      0.0,
      0.0,
      0.0
    ],
    [
      662.0,
      0.0,
      7.0,
      272.0,
      11.0,
      8.0,
      38.0,
      1.0,
      0.0,
      1.0
    ],
    [
      622.0,
      0.0,
      2.0,
      11.0,
      348.0,
      0.0,
      14.0,
      3.0,
      0.0,
      0.0
    ],
    [
      806.0,
      1.0,
      1.0,
      26.0,
      5.0,
      145.0,
      13.0,
      3.0,
      0.0,
      0.0
    ],
    [
      257.0,
      0.0,
      4.0,
      9.0,
      3.0,
      0.0,
      727.0,
      0.0,
      0.0,
      0.0
    ],
    [
      744.0,
      0.0,
      0.0,
      3.0,
      12.0,
      2.0,
      2.0,
      237.0,
      0.0,
      0.0
    ],
    [
      965.0,
      0.0,
      0.0,
      1.0,
      0.0,
      0.0,
      0.0,
      0.0,
      33.0,
      1.0
    ],
    [
      958.0,
      2.0,
      0.0,
      0.0,
      0.0,
      0.0,
      0.0,
      0.0,
      0.0,
      40.0
    ]
  ],
  "classRecall": [
    0.9990000128746033,
    0.16500000655651093,
    0.1420000046491623,
    0.2720000147819519,
    0.3479999899864197,
    0.14499999582767487,
    0.7269999980926514,
    0.2370000034570694,
    0.032999999821186066,
    0.03999999910593033
  ],
  "classPrecision": [
    0.1306394636631012,
    0.9821428656578064,
    0.9102563858032227,
    0.8292682766914368,
    0.8721804618835449,
    0.9235668778419495,
    0.8812121152877808,
    0.9713114500045776,
    1.0,
    0.930232584476471
  ],
  "classes": [
    "plane",
    "car",
    "bird",
    "cat",
    "deer",
    "dog",
    "frog",
    "horse",
    "ship",
    "truck"
  ]
}