{
  "name": "model",
  "metrics": {
    "train_loss": [
      0.35660821164106304,
      0.8755951055559502,
      1.2282701986378404,
      1.5608692996874804,
      2.063588459627323
    ],
    "train_accuracy": [
      0.8780925925925926,
      0.7159814814814814,
      0.6524444444444445,
      0.6119074074074075,
      0.6127777777777778
    ],
    "val_loss": [
      0.37745676744491496,
      0.8942378835475191,
      1.2269880505318338,
      1.549011045313896,
      2.062572509684461
    ],
    "val_accuracy": [
      0.8715,
      0.7218333333333333,
      0.6618333333333334,
      0.6193333333333333,
      0.6143333333333333
    ]
  },
  "accuracy": 0.6107,
  "confusion": [
    [
      980.0,
      0.0,
      0.0,
      0.0,
      0.0,
      0.0,
      0.0,
      0.0,
      0.0,
      0.0
    ],
    [
      11.0,
      1121.0,
      0.0,
      3.0,
      0.0,
      0.0,
      0.0,
      0.0,
      0.0,
      0.0
    ],
    [
      1018.0,
      0.0,
      12.0,
      1.0,
      0.0,
      0.0,
      0.0,
      0.0,
      1.0,
      0.0
    ],
    [
      36.0,
      0.0,
      0.0,
      963.0,
      0.0,
      6.0,
      0.0,
      1.0,
      4.0,
      0.0
    ],
    [
      56.0,
      0.0,
      0.0,
      0.0,
      921.0,
      0.0,
      0.0,
      0.0,
      1.0,
      4.0
    ],
    [
      522.0,
      0.0,
      0.0,
      6.0,
      1.0,
      361.0,
      0.0,
      0.0,
      0.0,
      2.0
    ],
    [
      955.0,
      2.0,
      0.0,
      0.0,
      1.0,
      0.0,
      0.0,
      0.0,
      0.0,
      0.0
    ],
    [
      884.0,
      4.0,
      0.0,
      1.0,
      0.0,
      0.0,
      0.0,
      137.0,
      0.0,
      2.0
    ],
    [
      232.0,
      0.0,
      0.0,
      3.0,
      5.0,
      0.0,
      0.0,
      2.0,
      730.0,
      2.0
    ],
    [
      92.0,
      4.0,
      0.0,
      9.0,
      21.0,
      0.0,
      0.0,
      1.0,
      0.0,
      882.0
    ]
  ],
  "classRecall": [
    1.0,
    0.9876651763916016,
    0.011627906933426857,
    0.9534653425216675,
    0.9378818869590759,
    0.40470853447914124,
    0.0,
    0.13326847553253174,
    0.7494866251945496,
    0.8741328120231628
  ],
  "classPrecision": [
    0.20476388931274414,
    0.9911582469940186,
    1.0,
    0.976673424243927,
    0.9704952836036682,
    0.9836512207984924,
    NaN,
    0.9716312289237976,
    0.991847813129425,
    0.9887892603874207
  ],
  "classes": [
    0,
    1,
    2,
    3,
    4,
    5,
    6,
    7,
    8,
    9
  ]
}