{
  "name": "model",
  "metrics": {
    "train_loss": [
      0.5008516567295761,
      0.8125627205411404,
      0.9303867438393182,
      1.7614258731145995,
      1.4570632599541362
    ],
    "train_accuracy": [
      0.8014074074074075,
      0.7234444444444444,
      0.7230925925925926,
      0.5791851851851851,
      0.647074074074074
    ],
    "val_loss": [
      0.5221030553604694,
      0.844872236251831,
      0.9676121752312843,
      1.7844152475925201,
      1.4956144830013842
    ],
    "val_accuracy": [
      0.802,
      0.7178333333333333,
      0.7153333333333334,
      0.576,
      0.6421666666666667
    ]
  },
  "accuracy": 0.6476,
  "confusion": [
    [
      980.0,
      0.0,
      0.0,
      0.0,
      0.0,
      0.0,
      0.0,
      0.0,
      0.0,
      0.0
    ],
    [
      10.0,
      1122.0,
      0.0,
      2.0,
      0.0,
      0.0,
      0.0,
      1.0,
      0.0,
      0.0
    ],
    [
      687.0,
      4.0,
      339.0,
      0.0,
      1.0,
      0.0,
      0.0,
      1.0,
      0.0,
      0.0
    ],
    [
      34.0,
      0.0,
      0.0,
      970.0,
      0.0,
      2.0,
      0.0,
      4.0,
      0.0,
      0.0
    ],
    [
      42.0,
      0.0,
      0.0,
      0.0,
      935.0,
      0.0,
      0.0,
      0.0,
      0.0,
      5.0
    ],
    [
      358.0,
      0.0,
      0.0,
      15.0,
      0.0,
      518.0,
      0.0,
      0.0,
      0.0,
      1.0
    ],
    [
      953.0,
      3.0,
      0.0,
      0.0,
      2.0,
      0.0,
      0.0,
      0.0,
      0.0,
      0.0
    ],
    [
      207.0,
      4.0,
      3.0,
      1.0,
      0.0,
      0.0,
      0.0,
      811.0,
      0.0,
      2.0
    ],
    [
      967.0,
      1.0,
      0.0,
      1.0,
      1.0,
      0.0,
      0.0,
      4.0,
      0.0,
      0.0
    ],
    [
      175.0,
      3.0,
      0.0,
      10.0,
      17.0,
      0.0,
      0.0,
      3.0,
      0.0,
      801.0
    ]
  ],
  "classRecall": [
    1.0,
    0.9885462522506714,
    0.32848837971687317,
    0.9603960514068604,
    0.9521384835243225,
    0.5807175040245056,
    0.0,
    0.7889105081558228,
    0.0,
    0.7938553094863892
  ],
  "classPrecision": [
    0.22207115590572357,
    0.9868074059486389,
    0.9912280440330505,
    0.9709709882736206,
    0.9780334830284119,
    0.9961538314819336,
    NaN,
    0.9842233061790466,
    NaN,
    0.990111231803894
  ],
  "classes": [
    0,
    1,
    2,
    3,
    4,
    5,
    6,
    7,
    8,
    9
  ]
}