{
  "name": "model",
  "metrics": {
    "train_loss": [
      6.1632799641652545,
      8.504386498169465,
      7.577703177928925,
      6.447928877039389,
      9.269152982668443,
      7.359780913049525,
      8.54347514835271,
      8.89257591556419,
      13.7386203056032,
      10.894745791500265,
      14.514838283712214,
      14.326084971427917
    ],
    "train_accuracy": [
      0.14093333333333333,
      0.13124444444444444,
      0.15946666666666667,
      0.19862222222222223,
      0.15035555555555555,
      0.21608888888888889,
      0.2392,
      0.20586666666666667,
      0.15213333333333334,
      0.20377777777777778,
      0.19302222222222223,
      0.21233333333333335
    ],
    "val_loss": [
      6.309735429286957,
      8.617803275585175,
      7.7910191178321835,
      6.694734454154968,
      9.511390328407288,
      7.772176444530487,
      9.042909145355225,
      9.58208429813385,
      14.445068192481994,
      11.71058440208435,
      15.588594985008239,
      15.566897320747376
    ],
    "val_accuracy": [
      0.1382,
      0.1292,
      0.156,
      0.1946,
      0.1446,
      0.2156,
      0.22,
      0.1938,
      0.1456,
      0.1916,
      0.1786,
      0.1974
    ]
  },
  "accuracy": 0.1952,
  "confusion": [
    [
      1000.0,
      0.0,
      0.0,
      0.0,
      0.0,
      0.0,
      0.0,
      0.0,
      0.0,
      0.0
    ],
    [
      980.0,
      19.0,
      0.0,
      0.0,
      0.0,
      0.0,
      1.0,
      0.0,
      0.0,
      0.0
    ],
    [
      968.0,
      0.0,
      18.0,
      4.0,
      3.0,
      0.0,
      6.0,
      1.0,
      0.0,
      0.0
    ],
    [
      847.0,
      0.0,
      3.0,
      129.0,
      1.0,
      8.0,
      11.0,
      1.0,
      0.0,
      0.0
    ],
    [
      886.0,
      0.0,
      1.0,
      1.0,
      108.0,
      0.0,
      2.0,
      2.0,
      0.0,
      0.0
    ],
    [
      863.0,
      0.0,
      0.0,
      15.0,
      2.0,
      113.0,
      4.0,
      3.0,
      0.0,
      0.0
    ],
    [
      660.0,
      0.0,
      0.0,
      1.0,
      1.0,
      0.0,
      338.0,
      0.0,
      0.0,
      0.0
    ],
    [
      783.0,
      0.0,
      1.0,
      2.0,
      6.0,
      2.0,
      0.0,
      206.0,
      0.0,
      0.0
    ],
    [
      1000.0,
      0.0,
      0.0,
      0.0,
      0.0,
      0.0,
      0.0,
      0.0,
      0.0,
      0.0
    ],
    [
      979.0,
      0.0,
      0.0,
      0.0,
      0.0,
      0.0,
      0.0,
      0.0,
      0.0,
      21.0
    ]
  ],
  "classRecall": [
    1.0,
    0.01899999938905239,
    0.017999999225139618,
    0.1289999932050705,
    0.1080000028014183,
    0.11299999803304672,
    0.33799999952316284,
    0.20600000023841858,
    0.0,
    0.020999999716877937
  ],
  "classPrecision": [
    0.11153245717287064,
    1.0,
    0.782608687877655,
    0.8486841917037964,
    0.8925619721412659,
    0.9186992049217224,
    0.9337016344070435,
    0.9671361446380615,
    NaN,
    1.0
  ],
  "classes": [
    "plane",
    "car",
    "bird",
    "cat",
    "deer",
    "dog",
    "frog",
    "horse",
    "ship",
    "truck"
  ]
}