{
  "name": "model",
  "metrics": {
    "train_loss": [
      5.9526214599609375,
      7.7239975861527705,
      6.486703590913252,
      7.264807136221365,
      13.182561500505967,
      10.333210148594596,
      10.589675404808737,
      11.950036932121623,
      12.422656192020936,
      12.747871466658331,
      14.080088423057036,
      14.733899661085822
    ],
    "train_accuracy": [
      0.11011111111111112,
      0.13317777777777778,
      0.17888888888888888,
      0.26193333333333335,
      0.18744444444444444,
      0.1588,
      0.16504444444444444,
      0.18322222222222223,
      0.1712,
      0.1827111111111111,
      0.22191111111111111,
      0.23973333333333333
    ],
    "val_loss": [
      5.92331303358078,
      7.749799227714538,
      6.470385277271271,
      7.33611044883728,
      13.438798785209656,
      10.650132513046264,
      10.9905189037323,
      12.504489064216614,
      12.968006896972657,
      13.51724441051483,
      15.051976561546326,
      15.718514108657837
    ],
    "val_accuracy": [
      0.1114,
      0.1296,
      0.171,
      0.2556,
      0.184,
      0.1534,
      0.1524,
      0.1746,
      0.1588,
      0.1706,
      0.2026,
      0.2232
    ]
  },
  "accuracy": 0.2264,
  "confusion": [
    [
      1000.0,
      0.0,
      0.0,
      0.0,
      0.0,
      0.0,
      0.0,
      0.0,
      0.0,
      0.0
    ],
    [
      994.0,
      6.0,
      0.0,
      0.0,
      0.0,
      0.0,
      0.0,
      0.0,
      0.0,
      0.0
    ],
    [
      963.0,
      0.0,
      24.0,
      6.0,
      0.0,
      1.0,
      6.0,
      0.0,
      0.0,
      0.0
    ],
    [
      775.0,
      0.0,
      1.0,
      189.0,
      1.0,
      24.0,
      9.0,
      1.0,
      0.0,
      0.0
    ],
    [
      898.0,
      0.0,
      3.0,
      1.0,
      90.0,
      3.0,
      2.0,
      3.0,
      0.0,
      0.0
    ],
    [
      727.0,
      0.0,
      0.0,
      15.0,
      2.0,
      253.0,
      0.0,
      3.0,
      0.0,
      0.0
    ],
    [
      526.0,
      0.0,
      0.0,
      5.0,
      2.0,
      3.0,
      462.0,
      2.0,
      0.0,
      0.0
    ],
    [
      759.0,
      0.0,
      1.0,
      1.0,
      1.0,
      2.0,
      0.0,
      236.0,
      0.0,
      0.0
    ],
    [
      1000.0,
      0.0,
      0.0,
      0.0,
      0.0,
      0.0,
      0.0,
      0.0,
      0.0,
      0.0
    ],
    [
      996.0,
      0.0,
      0.0,
      0.0,
      0.0,
      0.0,
      0.0,
      0.0,
      0.0,
      4.0
    ]
  ],
  "classRecall": [
    1.0,
    0.006000000052154064,
    0.024000000208616257,
    0.1889999955892563,
    0.09000000357627869,
    0.2529999911785126,
    0.4620000123977661,
    0.23600000143051147,
    0.0,
    0.004000000189989805
  ],
  "classPrecision": [
    0.11576753854751587,
    1.0,
    0.8275862336158752,
    0.8709677457809448,
    0.9375,
    0.8846153616905212,
    0.9645093679428101,
    0.9632652997970581,
    NaN,
    1.0
  ],
  "classes": [
    "plane",
    "car",
    "bird",
    "cat",
    "deer",
    "dog",
    "frog",
    "horse",
    "ship",
    "truck"
  ]
}