{
  "name": "model",
  "metrics": {
    "train_loss": [
      4.511628775434061,
      4.6216816001317715,
      3.5377581668171016,
      4.870871264826167,
      3.2800343842668966,
      5.475969640368765,
      3.6499581045725127,
      3.16036068783565,
      4.293632758611983,
      3.2524874968962236,
      4.9241453754630955,
      4.4484642574732955
    ],
    "train_accuracy": [
      0.25724444444444444,
      0.3095333333333333,
      0.3396888888888889,
      0.31424444444444444,
      0.4179555555555556,
      0.35335555555555553,
      0.4917111111111111,
      0.5487777777777778,
      0.47424444444444447,
      0.5736444444444444,
      0.5028,
      0.5948222222222223
    ],
    "val_loss": [
      4.7089978635311125,
      4.78751522898674,
      3.6739270210266115,
      5.106845283508301,
      3.5965520620346068,
      5.753355598449707,
      4.182201927900314,
      3.684648686647415,
      4.870775198936462,
      3.9466361582279204,
      5.78745311498642,
      5.3029825091362
    ],
    "val_accuracy": [
      0.2558,
      0.3032,
      0.331,
      0.2996,
      0.396,
      0.332,
      0.455,
      0.4976,
      0.4204,
      0.5006,
      0.4362,
      0.5176
    ]
  },
  "accuracy": 0.5144,
  "confusion": [
    [
      994.0,
      0.0,
      0.0,
      4.0,
      2.0,
      0.0,
      0.0,
      0.0,
      0.0,
      0.0
    ],
    [
      717.0,
      265.0,
      0.0,
      3.0,
      1.0,
      1.0,
      6.0,
      0.0,
      2.0,
      5.0
    ],
    [
      552.0,
      0.0,
      297.0,
      54.0,
      24.0,
      37.0,
      26.0,
      9.0,
      1.0,
      0.0
    ],
    [
      269.0,
      0.0,
      6.0,
      583.0,
      19.0,
      91.0,
      18.0,
      13.0,
      0.0,
      1.0
    ],
    [
      271.0,
      1.0,
      15.0,
      37.0,
      625.0,
      10.0,
      20.0,
      21.0,
      0.0,
      0.0
    ],
    [
      135.0,
      0.0,
      6.0,
      113.0,
      21.0,
      705.0,
      4.0,
      16.0,
      0.0,
      0.0
    ],
    [
      175.0,
      0.0,
      8.0,
      56.0,
      4.0,
      7.0,
      747.0,
      3.0,
      0.0,
      0.0
    ],
    [
      187.0,
      0.0,
      1.0,
      31.0,
      20.0,
      24.0,
      1.0,
      736.0,
      0.0,
      0.0
    ],
    [
      973.0,
      0.0,
      0.0,
      3.0,
      0.0,
      2.0,
      0.0,
      0.0,
      21.0,
      1.0
    ],
    [
      822.0,
      1.0,
      0.0,
      4.0,
      0.0,
      1.0,
      0.0,
      1.0,
      0.0,
      171.0
    ]
  ],
  "classRecall": [
    0.9940000176429749,
    0.26499998569488525,
    0.296999990940094,
    0.5830000042915344,
    0.625,
    0.7049999833106995,
    0.746999979019165,
    0.7360000014305115,
    0.020999999716877937,
    0.17100000381469727
  ],
  "classPrecision": [
    0.19509322941303253,
    0.9925093650817871,
    0.8918918967247009,
    0.6565315127372742,
    0.8729050159454346,
    0.8029612898826599,
    0.9087591171264648,
    0.9211514592170715,
    0.875,
    0.9606741666793823
  ],
  "classes": [
    "plane",
    "car",
    "bird",
    "cat",
    "deer",
    "dog",
    "frog",
    "horse",
    "ship",
    "truck"
  ]
}