{
  "name": "model",
  "metrics": {
    "train_loss": [
      0.2728401726526672,
      0.5123398409211805,
      0.5482011625975794,
      0.5833272438902426,
      1.4653889346179239
    ],
    "train_accuracy": [
      0.9132037037037037,
      0.7953148148148148,
      0.7882592592592592,
      0.7868703703703703,
      0.675037037037037
    ],
    "val_loss": [
      0.29553823712024285,
      0.5322484247227932,
      0.5832407931064038,
      0.6196963470032875,
      1.4947091201518445
    ],
    "val_accuracy": [
      0.908,
      0.7941666666666667,
      0.786,
      0.7865,
      0.6723333333333333
    ]
  },
  "accuracy": 0.6755,
  "confusion": [
    [
      980.0,
      0.0,
      0.0,
      0.0,
      0.0,
      0.0,
      0.0,
      0.0,
      0.0,
      0.0
    ],
    [
      16.0,
      1116.0,
      1.0,
      0.0,
      0.0,
      0.0,
      0.0,
      1.0,
      1.0,
      0.0
    ],
    [
      787.0,
      0.0,
      238.0,
      0.0,
      0.0,
      0.0,
      0.0,
      6.0,
      1.0,
      0.0
    ],
    [
      50.0,
      0.0,
      1.0,
      950.0,
      0.0,
      0.0,
      0.0,
      7.0,
      2.0,
      0.0
    ],
    [
      166.0,
      1.0,
      0.0,
      0.0,
      802.0,
      0.0,
      0.0,
      0.0,
      1.0,
      12.0
    ],
    [
      832.0,
      0.0,
      0.0,
      12.0,
      0.0,
      43.0,
      0.0,
      0.0,
      3.0,
      2.0
    ],
    [
      956.0,
      2.0,
      0.0,
      0.0,
      0.0,
      0.0,
      0.0,
      0.0,
      0.0,
      0.0
    ],
    [
      117.0,
      3.0,
      2.0,
      0.0,
      0.0,
      0.0,
      0.0,
      905.0,
      0.0,
      1.0
    ],
    [
      142.0,
      0.0,
      0.0,
      2.0,
      3.0,
      0.0,
      0.0,
      3.0,
      821.0,
      3.0
    ],
    [
      96.0,
      5.0,
      0.0,
      4.0,
      2.0,
      0.0,
      0.0,
      2.0,
      0.0,
      900.0
    ]
  ],
  "classRecall": [
    1.0,
    0.983259916305542,
    0.23062016069889069,
    0.9405940771102905,
    0.8167006373405457,
    0.04820627719163895,
    0.0,
    0.8803501725196838,
    0.8429158329963684,
    0.8919722437858582
  ],
  "classPrecision": [
    0.23660068213939667,
    0.9902395606040955,
    0.9834710955619812,
    0.9814049601554871,
    0.9938042163848877,
    1.0,
    NaN,
    0.9794372320175171,
    0.9903498291969299,
    0.9803921580314636
  ],
  "classes": [
    0,
    1,
    2,
    3,
    4,
    5,
    6,
    7,
    8,
    9
  ]
}