{
  "name": "model",
  "metrics": {
    "train_loss": [
      6.12086298790845,
      8.343216852708297,
      7.8335374241525475,
      8.87659522078254,
      6.592015884139321,
      7.470849458466876,
      9.795604842630299,
      10.540359264070338,
      9.83143830976703,
      10.922736322337931,
      10.264172677289356,
      13.858183137395166
    ],
    "train_accuracy": [
      0.14328888888888888,
      0.13075555555555557,
      0.17304444444444445,
      0.21113333333333334,
      0.20602222222222222,
      0.22822222222222222,
      0.1972,
      0.19384444444444446,
      0.2376888888888889,
      0.20693333333333333,
      0.21722222222222223,
      0.22237777777777779
    ],
    "val_loss": [
      6.18989464044571,
      8.39581788778305,
      8.007930195331573,
      9.12716748714447,
      6.805354738235474,
      7.796265554428101,
      10.161388659477234,
      11.321803259849549,
      10.476274728775024,
      11.576474583148956,
      11.176465463638305,
      14.744192981719971
    ],
    "val_accuracy": [
      0.139,
      0.1296,
      0.1748,
      0.197,
      0.1988,
      0.2266,
      0.1884,
      0.1858,
      0.2296,
      0.1998,
      0.2092,
      0.2108
    ]
  },
  "accuracy": 0.2092,
  "confusion": [
    [
      1000.0,
      0.0,
      0.0,
      0.0,
      0.0,
      0.0,
      0.0,
      0.0,
      0.0,
      0.0
    ],
    [
      862.0,
      138.0,
      0.0,
      0.0,
      0.0,
      0.0,
      0.0,
      0.0,
      0.0,
      0.0
    ],
    [
      960.0,
      0.0,
      34.0,
      0.0,
      0.0,
      2.0,
      3.0,
      1.0,
      0.0,
      0.0
    ],
    [
      881.0,
      0.0,
      0.0,
      106.0,
      4.0,
      6.0,
      1.0,
      2.0,
      0.0,
      0.0
    ],
    [
      893.0,
      0.0,
      0.0,
      0.0,
      94.0,
      2.0,
      0.0,
      11.0,
      0.0,
      0.0
    ],
    [
      872.0,
      0.0,
      3.0,
      4.0,
      3.0,
      107.0,
      0.0,
      11.0,
      0.0,
      0.0
    ],
    [
      656.0,
      0.0,
      2.0,
      2.0,
      5.0,
      1.0,
      333.0,
      1.0,
      0.0,
      0.0
    ],
    [
      723.0,
      0.0,
      0.0,
      1.0,
      0.0,
      0.0,
      0.0,
      276.0,
      0.0,
      0.0
    ],
    [
      1000.0,
      0.0,
      0.0,
      0.0,
      0.0,
      0.0,
      0.0,
      0.0,
      0.0,
      0.0
    ],
    [
      996.0,
      0.0,
      0.0,
      0.0,
      0.0,
      0.0,
      0.0,
      0.0,
      0.0,
      4.0
    ]
  ],
  "classRecall": [
    1.0,
    0.1379999965429306,
    0.03400000184774399,
    0.10599999874830246,
    0.09399999678134918,
    0.10700000077486038,
    0.3330000042915344,
    0.2759999930858612,
    0.0,
    0.004000000189989805
  ],
  "classPrecision": [
    0.11308379471302032,
    1.0,
    0.8717948794364929,
    0.9380530714988708,
    0.8867924809455872,
    0.9067796468734741,
    0.9881305694580078,
    0.9139072895050049,
    NaN,
    1.0
  ],
  "classes": [
    "plane",
    "car",
    "bird",
    "cat",
    "deer",
    "dog",
    "frog",
    "horse",
    "ship",
    "truck"
  ]
}