{
  "name": "model",
  "metrics": {
    "train_loss": [
      0.6589440850991208,
      1.3096776066515683,
      1.5259409433857525,
      2.580618095341452,
      3.6392798305122773
    ],
    "train_accuracy": [
      0.739462962962963,
      0.5283703703703704,
      0.5304629629629629,
      0.4581296296296296,
      0.36298148148148146
    ],
    "val_loss": [
      0.6642871277129396,
      1.327052778386055,
      1.5313755730365186,
      2.5797415870301266,
      3.586898296437365
    ],
    "val_accuracy": [
      0.7325,
      0.5376666666666666,
      0.5321666666666667,
      0.46166666666666667,
      0.3675
    ]
  },
  "accuracy": 0.3649,
  "confusion": [
    [
      980.0,
      0.0,
      0.0,
      0.0,
      0.0,
      0.0,
      0.0,
      0.0,
      0.0,
      0.0
    ],
    [
      194.0,
      940.0,
      0.0,
      1.0,
      0.0,
      0.0,
      0.0,
      0.0,
      0.0,
      0.0
    ],
    [
      1032.0,
      0.0,
      0.0,
      0.0,
      0.0,
      0.0,
      0.0,
      0.0,
      0.0,
      0.0
    ],
    [
      67.0,
      0.0,
      0.0,
      943.0,
      0.0,
      0.0,
      0.0,
      0.0,
      0.0,
      0.0
    ],
    [
      919.0,
      1.0,
      0.0,
      0.0,
      42.0,
      0.0,
      0.0,
      0.0,
      2.0,
      18.0
    ],
    [
      858.0,
      0.0,
      0.0,
      7.0,
      0.0,
      27.0,
      0.0,
      0.0,
      0.0,
      0.0
    ],
    [
      958.0,
      0.0,
      0.0,
      0.0,
      0.0,
      0.0,
      0.0,
      0.0,
      0.0,
      0.0
    ],
    [
      1021.0,
      1.0,
      0.0,
      1.0,
      0.0,
      0.0,
      0.0,
      4.0,
      0.0,
      1.0
    ],
    [
      951.0,
      0.0,
      0.0,
      1.0,
      0.0,
      0.0,
      0.0,
      0.0,
      22.0,
      0.0
    ],
    [
      309.0,
      2.0,
      0.0,
      6.0,
      0.0,
      0.0,
      0.0,
      0.0,
      1.0,
      691.0
    ]
  ],
  "classRecall": [
    1.0,
    0.8281938433647156,
    0.0,
    0.9336633682250977,
    0.04276985675096512,
    0.030269058421254158,
    0.0,
    0.0038910505827516317,
    0.02258726954460144,
    0.6848364472389221
  ],
  "classPrecision": [
    0.13444916903972626,
    0.9957627058029175,
    NaN,
    0.9833159446716309,
    1.0,
    1.0,
    NaN,
    1.0,
    0.8799999952316284,
    0.9732394218444824
  ],
  "classes": [
    0,
    1,
    2,
    3,
    4,
    5,
    6,
    7,
    8,
    9
  ]
}