{
  "name": "model",
  "metrics": {
    "train_loss": [
      0.1490325836632489,
      0.10144086247001073,
      0.0790904338661387,
      0.08650963713516485,
      0.05856874561647916
    ],
    "train_accuracy": [
      0.9577962962962963,
      0.9701481481481481,
      0.9774814814814815,
      0.9740185185185185,
      0.9827592592592592
    ],
    "val_loss": [
      0.174434077232442,
      0.13849272983188324,
      0.12275976243805378,
      0.1287397862748897,
      0.1037814645691121
    ],
    "val_accuracy": [
      0.9486666666666667,
      0.959,
      0.9646666666666667,
      0.9605,
      0.9713333333333334
    ]
  },
  "accuracy": 0.9762,
  "confusion": [
    [
      970.0,
      1.0,
      1.0,
      1.0,
      0.0,
      1.0,
      4.0,
      1.0,
      1.0,
      0.0
    ],
    [
      0.0,
      1125.0,
      2.0,
      2.0,
      0.0,
      1.0,
      2.0,
      1.0,
      2.0,
      0.0
    ],
    [
      4.0,
      1.0,
      1007.0,
      5.0,
      0.0,
      0.0,
      2.0,
      9.0,
      4.0,
      0.0
    ],
    [
      0.0,
      0.0,
      4.0,
      987.0,
      0.0,
      9.0,
      0.0,
      6.0,
      3.0,
      1.0
    ],
    [
      0.0,
      2.0,
      4.0,
      0.0,
      946.0,
      0.0,
      6.0,
      3.0,
      1.0,
      20.0
    ],
    [
      2.0,
      0.0,
      0.0,
      4.0,
      1.0,
      875.0,
      3.0,
      1.0,
      5.0,
      1.0
    ],
    [
      5.0,
      2.0,
      0.0,
      0.0,
      2.0,
      7.0,
      937.0,
      0.0,
      5.0,
      0.0
    ],
    [
      0.0,
      6.0,
      9.0,
      3.0,
      0.0,
      1.0,
      0.0,
      1003.0,
      2.0,
      4.0
    ],
    [
      2.0,
      1.0,
      2.0,
      7.0,
      4.0,
      4.0,
      4.0,
      4.0,
      943.0,
      3.0
    ],
    [
      1.0,
      4.0,
      0.0,
      7.0,
      8.0,
      8.0,
      1.0,
      6.0,
      5.0,
      969.0
    ]
  ],
  "classRecall": [
    0.9897959232330322,
    0.9911894202232361,
    0.9757751822471619,
    0.9772277474403381,
    0.9633401036262512,
    0.9809417128562927,
    0.9780793190002441,
    0.975680947303772,
    0.9681724905967712,
    0.9603567719459534
  ],
  "classPrecision": [
    0.9857723712921143,
    0.9851138591766357,
    0.9786199927330017,
    0.9714567065238953,
    0.9843912720680237,
    0.9657836556434631,
    0.9770594239234924,
    0.9700193405151367,
    0.9711637496948242,
    0.9709419012069702
  ],
  "classes": [
    0,
    1,
    2,
    3,
    4,
    5,
    6,
    7,
    8,
    9
  ]
}