{
  "name": "model",
  "metrics": {
    "train_loss": [
      3.760897774587978,
      4.929074510931969,
      5.410898890684951,
      3.9398988397283987,
      4.547396332025528,
      5.002968196164478,
      4.870911651714281,
      5.8126756968823345,
      6.722254627130249,
      8.362701485102827,
      7.766551229086789,
      6.180821227756414
    ],
    "train_accuracy": [
      0.25682222222222223,
      0.23373333333333332,
      0.291,
      0.3214666666666667,
      0.29457777777777777,
      0.35186666666666666,
      0.3273333333333333,
      0.28975555555555554,
      0.3598222222222222,
      0.3638222222222222,
      0.3118222222222222,
      0.46755555555555556
    ],
    "val_loss": [
      3.887975198030472,
      5.089475882053375,
      5.602723288536072,
      4.177551126480102,
      4.809878385066986,
      5.316236156225204,
      5.26672614812851,
      6.255318814516068,
      7.459650945663452,
      9.276283395290374,
      8.691284823417664,
      7.2188212156295775
    ],
    "val_accuracy": [
      0.2506,
      0.2284,
      0.2758,
      0.3122,
      0.2792,
      0.3238,
      0.299,
      0.2692,
      0.331,
      0.322,
      0.278,
      0.402
    ]
  },
  "accuracy": 0.4022,
  "confusion": [
    [
      998.0,
      0.0,
      0.0,
      0.0,
      1.0,
      0.0,
      0.0,
      1.0,
      0.0,
      0.0
    ],
    [
      623.0,
      368.0,
      0.0,
      3.0,
      2.0,
      0.0,
      2.0,
      0.0,
      1.0,
      1.0
    ],
    [
      738.0,
      0.0,
      184.0,
      29.0,
      16.0,
      13.0,
      17.0,
      3.0,
      0.0,
      0.0
    ],
    [
      413.0,
      1.0,
      7.0,
      485.0,
      19.0,
      39.0,
      22.0,
      13.0,
      0.0,
      1.0
    ],
    [
      505.0,
      0.0,
      9.0,
      36.0,
      403.0,
      10.0,
      15.0,
      22.0,
      0.0,
      0.0
    ],
    [
      406.0,
      0.0,
      6.0,
      86.0,
      9.0,
      478.0,
      6.0,
      9.0,
      0.0,
      0.0
    ],
    [
      252.0,
      0.0,
      4.0,
      57.0,
      5.0,
      5.0,
      673.0,
      4.0,
      0.0,
      0.0
    ],
    [
      557.0,
      0.0,
      3.0,
      18.0,
      17.0,
      11.0,
      2.0,
      392.0,
      0.0,
      0.0
    ],
    [
      977.0,
      1.0,
      0.0,
      3.0,
      0.0,
      0.0,
      1.0,
      0.0,
      18.0,
      0.0
    ],
    [
      969.0,
      5.0,
      0.0,
      2.0,
      0.0,
      0.0,
      1.0,
      0.0,
      0.0,
      23.0
    ]
  ],
  "classRecall": [
    0.9980000257492065,
    0.36800000071525574,
    0.18400000035762787,
    0.48500001430511475,
    0.40299999713897705,
    0.4779999852180481,
    0.6729999780654907,
    0.3919999897480011,
    0.017999999225139618,
    0.023000000044703484
  ],
  "classPrecision": [
    0.15501709282398224,
    0.981333315372467,
    0.8638497591018677,
    0.6745479702949524,
    0.8538135886192322,
    0.8597122430801392,
    0.9106901288032532,
    0.8828828930854797,
    0.9473684430122375,
    0.9200000166893005
  ],
  "classes": [
    "plane",
    "car",
    "bird",
    "cat",
    "deer",
    "dog",
    "frog",
    "horse",
    "ship",
    "truck"
  ]
}