{
  "name": "model",
  "metrics": {
    "train_loss": [
      0.48416536668606847,
      0.8213008139370742,
      0.8015643458513287,
      1.1768394493943708,
      2.3315075353423564
    ],
    "train_accuracy": [
      0.806,
      0.6963333333333334,
      0.7637592592592592,
      0.6215555555555555,
      0.5090555555555556
    ],
    "val_loss": [
      0.5036579903135908,
      0.8438341363947442,
      0.8364375030740778,
      1.2129427194595337,
      2.3242443039062177
    ],
    "val_accuracy": [
      0.804,
      0.704,
      0.7586666666666667,
      0.6223333333333333,
      0.5163333333333333
    ]
  },
  "accuracy": 0.5141,
  "confusion": [
    [
      980.0,
      0.0,
      0.0,
      0.0,
      0.0,
      0.0,
      0.0,
      0.0,
      0.0,
      0.0
    ],
    [
      17.0,
      1118.0,
      0.0,
      0.0,
      0.0,
      0.0,
      0.0,
      0.0,
      0.0,
      0.0
    ],
    [
      1014.0,
      0.0,
      17.0,
      0.0,
      0.0,
      0.0,
      0.0,
      1.0,
      0.0,
      0.0
    ],
    [
      123.0,
      0.0,
      0.0,
      883.0,
      0.0,
      0.0,
      0.0,
      4.0,
      0.0,
      0.0
    ],
    [
      84.0,
      0.0,
      0.0,
      0.0,
      881.0,
      0.0,
      0.0,
      1.0,
      0.0,
      16.0
    ],
    [
      684.0,
      0.0,
      0.0,
      0.0,
      0.0,
      207.0,
      0.0,
      0.0,
      0.0,
      1.0
    ],
    [
      956.0,
      1.0,
      0.0,
      0.0,
      1.0,
      0.0,
      0.0,
      0.0,
      0.0,
      0.0
    ],
    [
      932.0,
      2.0,
      0.0,
      0.0,
      0.0,
      0.0,
      0.0,
      93.0,
      0.0,
      1.0
    ],
    [
      896.0,
      1.0,
      0.0,
      0.0,
      3.0,
      0.0,
      0.0,
      0.0,
      73.0,
      1.0
    ],
    [
      108.0,
      4.0,
      0.0,
      1.0,
      6.0,
      0.0,
      0.0,
      1.0,
      0.0,
      889.0
    ]
  ],
  "classRecall": [
    1.0,
    0.9850220084190369,
    0.016472868621349335,
    0.8742574453353882,
    0.8971486687660217,
    0.23206278681755066,
    0.0,
    0.0904669240117073,
    0.07494866847991943,
    0.8810703754425049
  ],
  "classPrecision": [
    0.16914048790931702,
    0.9928951859474182,
    1.0,
    0.9988687634468079,
    0.988776683807373,
    1.0,
    NaN,
    0.9300000071525574,
    1.0,
    0.9790748953819275
  ],
  "classes": [
    0,
    1,
    2,
    3,
    4,
    5,
    6,
    7,
    8,
    9
  ]
}