{
  "name": "model",
  "metrics": {
    "train_loss": [
      7.412068566138094,
      9.712798874486577,
      8.623109966516495,
      9.027800010009246,
      13.902943299575286,
      11.813497803427957,
      10.943887726827102,
      13.168576622551138,
      15.705605558373712,
      15.548722318627618,
      21.520882443948224,
      13.412509444085034
    ],
    "train_accuracy": [
      0.11306666666666666,
      0.1044888888888889,
      0.10677777777777778,
      0.14128888888888888,
      0.10682222222222222,
      0.1408222222222222,
      0.14486666666666667,
      0.14524444444444445,
      0.14253333333333335,
      0.14626666666666666,
      0.1114,
      0.201
    ],
    "val_loss": [
      7.412347292900085,
      9.660748147964478,
      8.662041926383973,
      9.016982007026673,
      14.029208421707153,
      11.881793069839478,
      11.298839712142945,
      13.420483446121215,
      15.97889859676361,
      15.9002916097641,
      21.822595500946044,
      13.806084036827087
    ],
    "val_accuracy": [
      0.1108,
      0.1016,
      0.1038,
      0.1382,
      0.1032,
      0.1328,
      0.144,
      0.1402,
      0.1366,
      0.1434,
      0.1072,
      0.185
    ]
  },
  "accuracy": 0.1807,
  "confusion": [
    [
      1000.0,
      0.0,
      0.0,
      0.0,
      0.0,
      0.0,
      0.0,
      0.0,
      0.0,
      0.0
    ],
    [
      896.0,
      104.0,
      0.0,
      0.0,
      0.0,
      0.0,
      0.0,
      0.0,
      0.0,
      0.0
    ],
    [
      976.0,
      0.0,
      21.0,
      2.0,
      0.0,
      1.0,
      0.0,
      0.0,
      0.0,
      0.0
    ],
    [
      817.0,
      0.0,
      2.0,
      164.0,
      2.0,
      14.0,
      0.0,
      1.0,
      0.0,
      0.0
    ],
    [
      926.0,
      0.0,
      2.0,
      3.0,
      62.0,
      1.0,
      1.0,
      5.0,
      0.0,
      0.0
    ],
    [
      852.0,
      0.0,
      4.0,
      20.0,
      3.0,
      117.0,
      0.0,
      4.0,
      0.0,
      0.0
    ],
    [
      969.0,
      0.0,
      0.0,
      3.0,
      1.0,
      0.0,
      27.0,
      0.0,
      0.0,
      0.0
    ],
    [
      685.0,
      0.0,
      3.0,
      1.0,
      3.0,
      1.0,
      0.0,
      307.0,
      0.0,
      0.0
    ],
    [
      999.0,
      0.0,
      0.0,
      0.0,
      1.0,
      0.0,
      0.0,
      0.0,
      0.0,
      0.0
    ],
    [
      995.0,
      0.0,
      0.0,
      0.0,
      0.0,
      0.0,
      0.0,
      0.0,
      0.0,
      5.0
    ]
  ],
  "classRecall": [
    1.0,
    0.10400000214576721,
    0.020999999716877937,
    0.164000004529953,
    0.06199999898672104,
    0.11699999868869781,
    0.027000000700354576,
    0.3070000112056732,
    0.0,
    0.004999999888241291
  ],
  "classPrecision": [
    0.10970927029848099,
    1.0,
    0.65625,
    0.8497409224510193,
    0.8611111044883728,
    0.8731343150138855,
    0.9642857313156128,
    0.9684542417526245,
    NaN,
    1.0
  ],
  "classes": [
    "plane",
    "car",
    "bird",
    "cat",
    "deer",
    "dog",
    "frog",
    "horse",
    "ship",
    "truck"
  ]
}