{
  "name": "model",
  "metrics": {
    "train_loss": [
      0.3508388857705898,
      0.3286392183806659,
      0.8569483319165018,
      1.1335577942183797,
      1.7160059435390183
    ],
    "train_accuracy": [
      0.8852592592592593,
      0.8905925925925926,
      0.7500740740740741,
      0.7463148148148148,
      0.6682407407407407
    ],
    "val_loss": [
      0.36910052375590546,
      0.3577201984664227,
      0.880326286275336,
      1.13652422199858,
      1.7110149327744828
    ],
    "val_accuracy": [
      0.8795,
      0.884,
      0.7513333333333333,
      0.7433333333333333,
      0.67
    ]
  },
  "accuracy": 0.6643,
  "confusion": [
    [
      980.0,
      0.0,
      0.0,
      0.0,
      0.0,
      0.0,
      0.0,
      0.0,
      0.0,
      0.0
    ],
    [
      7.0,
      1122.0,
      0.0,
      3.0,
      0.0,
      0.0,
      0.0,
      0.0,
      3.0,
      0.0
    ],
    [
      1028.0,
      1.0,
      0.0,
      0.0,
      0.0,
      0.0,
      0.0,
      3.0,
      0.0,
      0.0
    ],
    [
      38.0,
      0.0,
      0.0,
      966.0,
      0.0,
      1.0,
      0.0,
      4.0,
      0.0,
      1.0
    ],
    [
      124.0,
      1.0,
      0.0,
      0.0,
      831.0,
      0.0,
      0.0,
      0.0,
      0.0,
      26.0
    ],
    [
      216.0,
      1.0,
      0.0,
      6.0,
      1.0,
      666.0,
      0.0,
      0.0,
      0.0,
      2.0
    ],
    [
      956.0,
      2.0,
      0.0,
      0.0,
      0.0,
      0.0,
      0.0,
      0.0,
      0.0,
      0.0
    ],
    [
      587.0,
      9.0,
      0.0,
      1.0,
      0.0,
      0.0,
      0.0,
      429.0,
      0.0,
      2.0
    ],
    [
      243.0,
      1.0,
      0.0,
      4.0,
      3.0,
      1.0,
      0.0,
      3.0,
      716.0,
      3.0
    ],
    [
      59.0,
      5.0,
      0.0,
      7.0,
      3.0,
      1.0,
      0.0,
      0.0,
      1.0,
      933.0
    ]
  ],
  "classRecall": [
    1.0,
    0.9885462522506714,
    0.0,
    0.9564356207847595,
    0.8462321758270264,
    0.7466367483139038,
    0.0,
    0.41731518507003784,
    0.7351129651069641,
    0.9246779084205627
  ],
  "classPrecision": [
    0.2312411516904831,
    0.9824868440628052,
    NaN,
    0.978723406791687,
    0.9916467666625977,
    0.9955157041549683,
    NaN,
    0.9772209525108337,
    0.9944444298744202,
    0.9648396968841553
  ],
  "classes": [
    0,
    1,
    2,
    3,
    4,
    5,
    6,
    7,
    8,
    9
  ]
}