{
  "name": "model",
  "metrics": {
    "train_loss": [
      1.751427811993794,
      2.5957878001711587,
      2.0415195429866966,
      2.5887695019218055,
      2.0175677819008175,
      2.3482332541183992,
      2.92464091764255,
      3.1066486825319855,
      2.520358621058139,
      1.8558481183241715,
      2.014148123223673,
      2.236830497329885
    ],
    "train_accuracy": [
      0.4281111111111111,
      0.4198,
      0.5069555555555556,
      0.5273555555555556,
      0.5674,
      0.5681111111111111,
      0.5269555555555555,
      0.5611555555555555,
      0.5972,
      0.7036444444444444,
      0.7038888888888889,
      0.6649777777777778
    ],
    "val_loss": [
      1.7969466984272002,
      2.7110072135925294,
      2.1499347925186156,
      2.8588390350341797,
      2.253900423645973,
      2.7021969139575956,
      3.2837328255176543,
      3.634667181968689,
      3.042610692977905,
      2.608455145359039,
      2.756279134750366,
      2.985970103740692
    ],
    "val_accuracy": [
      0.4176,
      0.4096,
      0.486,
      0.5042,
      0.532,
      0.5306,
      0.4858,
      0.517,
      0.5352,
      0.6246,
      0.6158,
      0.5756
    ]
  },
  "accuracy": 0.5723,
  "confusion": [
    [
      999.0,
      0.0,
      1.0,
      0.0,
      0.0,
      0.0,
      0.0,
      0.0,
      0.0,
      0.0
    ],
    [
      372.0,
      590.0,
      0.0,
      3.0,
      1.0,
      1.0,
      6.0,
      1.0,
      2.0,
      24.0
    ],
    [
      502.0,
      0.0,
      378.0,
      27.0,
      34.0,
      23.0,
      28.0,
      7.0,
      0.0,
      1.0
    ],
    [
      314.0,
      0.0,
      22.0,
      524.0,
      27.0,
      62.0,
      39.0,
      11.0,
      0.0,
      1.0
    ],
    [
      207.0,
      1.0,
      11.0,
      28.0,
      692.0,
      11.0,
      17.0,
      33.0,
      0.0,
      0.0
    ],
    [
      210.0,
      0.0,
      15.0,
      98.0,
      22.0,
      612.0,
      8.0,
      34.0,
      0.0,
      1.0
    ],
    [
      189.0,
      1.0,
      12.0,
      24.0,
      11.0,
      7.0,
      753.0,
      3.0,
      0.0,
      0.0
    ],
    [
      239.0,
      0.0,
      9.0,
      17.0,
      24.0,
      19.0,
      2.0,
      690.0,
      0.0,
      0.0
    ],
    [
      902.0,
      2.0,
      0.0,
      2.0,
      1.0,
      0.0,
      1.0,
      0.0,
      91.0,
      1.0
    ],
    [
      591.0,
      11.0,
      1.0,
      1.0,
      0.0,
      0.0,
      1.0,
      0.0,
      1.0,
      394.0
    ]
  ],
  "classRecall": [
    0.9990000128746033,
    0.5899999737739563,
    0.3779999911785126,
    0.5239999890327454,
    0.6919999718666077,
    0.6119999885559082,
    0.753000020980835,
    0.6899999976158142,
    0.09099999815225601,
    0.39399999380111694
  ],
  "classPrecision": [
    0.22077347338199615,
    0.9752066135406494,
    0.8418708443641663,
    0.7237569093704224,
    0.8522167205810547,
    0.8326530456542969,
    0.8807017803192139,
    0.885750949382782,
    0.9680851101875305,
    0.9336493015289307
  ],
  "classes": [
    "plane",
    "car",
    "bird",
    "cat",
    "deer",
    "dog",
    "frog",
    "horse",
    "ship",
    "truck"
  ]
}