{
  "name": "model",
  "metrics": {
    "train_loss": [
      0.1494753307252416,
      0.1181284982525695,
      0.09003143082262498,
      0.08736176848173212,
      0.07940190292727115
    ],
    "train_accuracy": [
      0.9558703703703704,
      0.9653518518518519,
      0.9728518518518519,
      0.9747407407407407,
      0.978
    ],
    "val_loss": [
      0.17438482302934566,
      0.14496234392232082,
      0.13139385119714636,
      0.13629006102998206,
      0.1289135229159543
    ],
    "val_accuracy": [
      0.9488333333333333,
      0.9565,
      0.9626666666666667,
      0.9638333333333333,
      0.966
    ]
  },
  "accuracy": 0.9684,
  "confusion": [
    [
      977.0,
      0.0,
      0.0,
      0.0,
      0.0,
      1.0,
      0.0,
      1.0,
      1.0,
      0.0
    ],
    [
      1.0,
      1130.0,
      0.0,
      1.0,
      0.0,
      1.0,
      2.0,
      0.0,
      0.0,
      0.0
    ],
    [
      22.0,
      5.0,
      985.0,
      2.0,
      6.0,
      0.0,
      2.0,
      7.0,
      3.0,
      0.0
    ],
    [
      4.0,
      1.0,
      4.0,
      983.0,
      0.0,
      8.0,
      0.0,
      7.0,
      3.0,
      0.0
    ],
    [
      2.0,
      1.0,
      0.0,
      0.0,
      952.0,
      0.0,
      6.0,
      3.0,
      2.0,
      16.0
    ],
    [
      12.0,
      0.0,
      0.0,
      4.0,
      1.0,
      863.0,
      6.0,
      0.0,
      5.0,
      1.0
    ],
    [
      29.0,
      3.0,
      0.0,
      0.0,
      1.0,
      3.0,
      922.0,
      0.0,
      0.0,
      0.0
    ],
    [
      3.0,
      10.0,
      8.0,
      3.0,
      0.0,
      0.0,
      0.0,
      999.0,
      0.0,
      5.0
    ],
    [
      23.0,
      3.0,
      4.0,
      10.0,
      4.0,
      6.0,
      3.0,
      4.0,
      914.0,
      3.0
    ],
    [
      8.0,
      7.0,
      0.0,
      7.0,
      14.0,
      0.0,
      0.0,
      9.0,
      5.0,
      959.0
    ]
  ],
  "classRecall": [
    0.9969387650489807,
    0.9955947399139404,
    0.9544573426246643,
    0.9732673168182373,
    0.9694501161575317,
    0.9674887657165527,
    0.962421715259552,
    0.9717898964881897,
    0.9383983612060547,
    0.9504460096359253
  ],
  "classPrecision": [
    0.9037927985191345,
    0.9741379022598267,
    0.9840160012245178,
    0.9732673168182373,
    0.9734151363372803,
    0.978458046913147,
    0.9798086881637573,
    0.9699029326438904,
    0.9796355962753296,
    0.9745935201644897
  ],
  "classes": [
    0,
    1,
    2,
    3,
    4,
    5,
    6,
    7,
    8,
    9
  ]
}