{
  "name": "model",
  "metrics": {
    "train_loss": [
      0.6109151444728905,
      0.9631759788470245,
      1.8707672911232682,
      2.0400035855894405,
      2.375287604275473
    ],
    "train_accuracy": [
      0.7795740740740741,
      0.759,
      0.6422222222222222,
      0.546037037037037,
      0.6101296296296296
    ],
    "val_loss": [
      0.623851181344783,
      0.9731230951370077,
      1.8756914899704304,
      2.02518792608951,
      2.3528060963813293
    ],
    "val_accuracy": [
      0.7793333333333333,
      0.7583333333333333,
      0.6413333333333333,
      0.5498333333333333,
      0.607
    ]
  },
  "accuracy": 0.6069,
  "confusion": [
    [
      979.0,
      1.0,
      0.0,
      0.0,
      0.0,
      0.0,
      0.0,
      0.0,
      0.0,
      0.0
    ],
    [
      14.0,
      1114.0,
      0.0,
      3.0,
      0.0,
      0.0,
      0.0,
      1.0,
      3.0,
      0.0
    ],
    [
      1027.0,
      0.0,
      3.0,
      0.0,
      0.0,
      0.0,
      0.0,
      1.0,
      1.0,
      0.0
    ],
    [
      56.0,
      0.0,
      0.0,
      941.0,
      0.0,
      6.0,
      0.0,
      3.0,
      4.0,
      0.0
    ],
    [
      66.0,
      0.0,
      0.0,
      0.0,
      914.0,
      0.0,
      0.0,
      0.0,
      0.0,
      2.0
    ],
    [
      282.0,
      0.0,
      0.0,
      1.0,
      0.0,
      608.0,
      0.0,
      0.0,
      1.0,
      0.0
    ],
    [
      956.0,
      2.0,
      0.0,
      0.0,
      0.0,
      0.0,
      0.0,
      0.0,
      0.0,
      0.0
    ],
    [
      564.0,
      5.0,
      0.0,
      0.0,
      0.0,
      0.0,
      0.0,
      458.0,
      0.0,
      1.0
    ],
    [
      496.0,
      1.0,
      0.0,
      0.0,
      3.0,
      0.0,
      0.0,
      1.0,
      473.0,
      0.0
    ],
    [
      396.0,
      3.0,
      0.0,
      7.0,
      24.0,
      0.0,
      0.0,
      0.0,
      0.0,
      579.0
    ]
  ],
  "classRecall": [
    0.9989795684814453,
    0.9814978241920471,
    0.0029069767333567142,
    0.9316831827163696,
    0.9307535886764526,
    0.681614339351654,
    0.0,
    0.44552528858184814,
    0.4856262803077698,
    0.5738354921340942
  ],
  "classPrecision": [
    0.2024400383234024,
    0.9893428087234497,
    1.0,
    0.9884454011917114,
    0.971307098865509,
    0.990227997303009,
    NaN,
    0.9870689511299133,
    0.9813277721405029,
    0.9948453903198242
  ],
  "classes": [
    0,
    1,
    2,
    3,
    4,
    5,
    6,
    7,
    8,
    9
  ]
}