{
  "name": "model",
  "metrics": {
    "train_loss": [
      1.3816525241868063,
      1.0286919457668608,
      0.8140182319012556,
      0.6073116749017076,
      0.46824567434801295,
      0.4521091933446852,
      0.367379949724471,
      0.28885113837366755,
      0.22758208761330356,
      0.1917924108618701,
      0.13430177567484367,
      0.12648743218530648
    ],
    "train_accuracy": [
      0.4918222222222222,
      0.6404222222222222,
      0.7098,
      0.7920222222222222,
      0.8428888888888889,
      0.8475555555555555,
      0.8723333333333333,
      0.9049777777777778,
      0.9255777777777778,
      0.9352666666666667,
      0.9570666666666666,
      0.9576222222222223
    ],
    "val_loss": [
      1.3916230618953704,
      1.0635016128420829,
      0.8530437707901001,
      0.7067385002970695,
      0.6014604941010475,
      0.6123881839215756,
      0.5691283032298088,
      0.540834692120552,
      0.5380233772099018,
      0.6282129138708115,
      0.5596426881849765,
      0.5897494405508041
    ],
    "val_accuracy": [
      0.4804,
      0.6332,
      0.6974,
      0.7542,
      0.7892,
      0.7864,
      0.8006,
      0.8162,
      0.8168,
      0.8104,
      0.825,
      0.8284
    ]
  },
  "accuracy": 0.8251,
  "confusion": [
    [
      855.0,
      9.0,
      26.0,
      12.0,
      9.0,
      3.0,
      4.0,
      14.0,
      39.0,
      29.0
    ],
    [
      7.0,
      917.0,
      3.0,
      1.0,
      3.0,
      0.0,
      4.0,
      0.0,
      9.0,
      56.0
    ],
    [
      59.0,
      3.0,
      712.0,
      33.0,
      51.0,
      36.0,
      63.0,
      27.0,
      9.0,
      7.0
    ],
    [
      18.0,
      7.0,
      51.0,
      649.0,
      52.0,
      110.0,
      60.0,
      38.0,
      8.0,
      7.0
    ],
    [
      12.0,
      1.0,
      31.0,
      28.0,
      830.0,
      10.0,
      36.0,
      47.0,
      5.0,
      0.0
    ],
    [
      12.0,
      3.0,
      31.0,
      132.0,
      44.0,
      701.0,
      17.0,
      58.0,
      0.0,
      2.0
    ],
    [
      7.0,
      5.0,
      16.0,
      40.0,
      14.0,
      6.0,
      897.0,
      7.0,
      4.0,
      4.0
    ],
    [
      12.0,
      5.0,
      8.0,
      18.0,
      29.0,
      12.0,
      6.0,
      901.0,
      1.0,
      8.0
    ],
    [
      44.0,
      20.0,
      2.0,
      9.0,
      4.0,
      2.0,
      6.0,
      8.0,
      885.0,
      20.0
    ],
    [
      14.0,
      50.0,
      2.0,
      6.0,
      1.0,
      0.0,
      3.0,
      9.0,
      11.0,
      904.0
    ]
  ],
  "classRecall": [
    0.8550000190734863,
    0.9169999957084656,
    0.7120000123977661,
    0.6489999890327454,
    0.8299999833106995,
    0.7009999752044678,
    0.8970000147819519,
    0.9010000228881836,
    0.8849999904632568,
    0.9039999842643738
  ],
  "classPrecision": [
    0.8221153616905212,
    0.8990195989608765,
    0.8072562217712402,
    0.6993534564971924,
    0.8003857135772705,
    0.7965909242630005,
    0.8184306621551514,
    0.8124436140060425,
    0.9114314913749695,
    0.8717454075813293
  ],
  "classes": [
    "plane",
    "car",
    "bird",
    "cat",
    "deer",
    "dog",
    "frog",
    "horse",
    "ship",
    "truck"
  ]
}