{
  "name": "model",
  "metrics": {
    "train_loss": [
      1.6156031435699825,
      2.2202942656679743,
      3.148650571633289,
      4.893964621128064,
      6.425749531289412
    ],
    "train_accuracy": [
      0.500462962962963,
      0.3952407407407407,
      0.3286851851851852,
      0.23953703703703705,
      0.22007407407407406
    ],
    "val_loss": [
      1.6042462384447138,
      2.224852024240697,
      3.141205792731427,
      4.844043812853225,
      6.35356645381197
    ],
    "val_accuracy": [
      0.4995,
      0.3968333333333333,
      0.332,
      0.24366666666666667,
      0.22366666666666668
    ]
  },
  "accuracy": 0.2197,
  "confusion": [
    [
      980.0,
      0.0,
      0.0,
      0.0,
      0.0,
      0.0,
      0.0,
      0.0,
      0.0,
      0.0
    ],
    [
      13.0,
      1122.0,
      0.0,
      0.0,
      0.0,
      0.0,
      0.0,
      0.0,
      0.0,
      0.0
    ],
    [
      1032.0,
      0.0,
      0.0,
      0.0,
      0.0,
      0.0,
      0.0,
      0.0,
      0.0,
      0.0
    ],
    [
      915.0,
      0.0,
      0.0,
      95.0,
      0.0,
      0.0,
      0.0,
      0.0,
      0.0,
      0.0
    ],
    [
      982.0,
      0.0,
      0.0,
      0.0,
      0.0,
      0.0,
      0.0,
      0.0,
      0.0,
      0.0
    ],
    [
      892.0,
      0.0,
      0.0,
      0.0,
      0.0,
      0.0,
      0.0,
      0.0,
      0.0,
      0.0
    ],
    [
      956.0,
      2.0,
      0.0,
      0.0,
      0.0,
      0.0,
      0.0,
      0.0,
      0.0,
      0.0
    ],
    [
      1021.0,
      7.0,
      0.0,
      0.0,
      0.0,
      0.0,
      0.0,
      0.0,
      0.0,
      0.0
    ],
    [
      974.0,
      0.0,
      0.0,
      0.0,
      0.0,
      0.0,
      0.0,
      0.0,
      0.0,
      0.0
    ],
    [
      1004.0,
      5.0,
      0.0,
      0.0,
      0.0,
      0.0,
      0.0,
      0.0,
      0.0,
      0.0
    ]
  ],
  "classRecall": [
    1.0,
    0.9885462522506714,
    0.0,
    0.09405940771102905,
    0.0,
    0.0,
    0.0,
    0.0,
    0.0,
    0.0
  ],
  "classPrecision": [
    0.11175733059644699,
    0.9876760840415955,
    NaN,
    1.0,
    NaN,
    NaN,
    NaN,
    NaN,
    NaN,
    NaN
  ],
  "classes": [
    0,
    1,
    2,
    3,
    4,
    5,
    6,
    7,
    8,
    9
  ]
}