{
  "name": "model",
  "metrics": {
    "train_loss": [
      0.23489158881289698,
      0.3373673357493222,
      0.5270414939282629,
      0.8896327491902627,
      1.1990043139570696
    ],
    "train_accuracy": [
      0.9329444444444445,
      0.8622407407407408,
      0.8311481481481482,
      0.6816666666666666,
      0.6529444444444444
    ],
    "val_loss": [
      0.25421716589876947,
      0.3577019508848799,
      0.5470655852175773,
      0.9022640776126942,
      1.2158251036988927
    ],
    "val_accuracy": [
      0.9293333333333333,
      0.8595,
      0.8321666666666667,
      0.6856666666666666,
      0.649
    ]
  },
  "accuracy": 0.6532,
  "confusion": [
    [
      979.0,
      0.0,
      0.0,
      0.0,
      0.0,
      0.0,
      0.0,
      0.0,
      1.0,
      0.0
    ],
    [
      12.0,
      1116.0,
      0.0,
      2.0,
      0.0,
      0.0,
      0.0,
      2.0,
      3.0,
      0.0
    ],
    [
      860.0,
      0.0,
      171.0,
      0.0,
      0.0,
      0.0,
      0.0,
      0.0,
      1.0,
      0.0
    ],
    [
      79.0,
      0.0,
      0.0,
      920.0,
      0.0,
      5.0,
      0.0,
      0.0,
      6.0,
      0.0
    ],
    [
      292.0,
      0.0,
      0.0,
      0.0,
      665.0,
      0.0,
      0.0,
      0.0,
      1.0,
      24.0
    ],
    [
      290.0,
      0.0,
      0.0,
      4.0,
      0.0,
      592.0,
      0.0,
      0.0,
      3.0,
      3.0
    ],
    [
      956.0,
      2.0,
      0.0,
      0.0,
      0.0,
      0.0,
      0.0,
      0.0,
      0.0,
      0.0
    ],
    [
      710.0,
      2.0,
      3.0,
      0.0,
      0.0,
      0.0,
      0.0,
      304.0,
      0.0,
      9.0
    ],
    [
      120.0,
      1.0,
      1.0,
      1.0,
      1.0,
      1.0,
      0.0,
      1.0,
      848.0,
      0.0
    ],
    [
      66.0,
      2.0,
      0.0,
      1.0,
      1.0,
      1.0,
      0.0,
      0.0,
      1.0,
      937.0
    ]
  ],
  "classRecall": [
    0.9989795684814453,
    0.983259916305542,
    0.16569767892360687,
    0.9108911156654358,
    0.6771894097328186,
    0.6636771559715271,
    0.0,
    0.29571983218193054,
    0.870636522769928,
    0.928642213344574
  ],
  "classPrecision": [
    0.2243354767560959,
    0.993766725063324,
    0.977142870426178,
    0.9913793206214905,
    0.9970015287399292,
    0.9883138537406921,
    NaN,
    0.990227997303009,
    0.9814814925193787,
    0.963001012802124
  ],
  "classes": [
    0,
    1,
    2,
    3,
    4,
    5,
    6,
    7,
    8,
    9
  ]
}