{
  "name": "model",
  "metrics": {
    "train_loss": [
      0.9052632479306081,
      2.1129568707886466,
      3.0989342521152223,
      4.08171085045801,
      5.703072283505263
    ],
    "train_accuracy": [
      0.7255185185185186,
      0.5217222222222222,
      0.48812962962962964,
      0.3546666666666667,
      0.4111111111111111
    ],
    "val_loss": [
      0.9140881502881963,
      2.0923625027879758,
      3.038010987829655,
      4.018648294692344,
      5.589332539984521
    ],
    "val_accuracy": [
      0.7288333333333333,
      0.5301666666666667,
      0.49966666666666665,
      0.35833333333333334,
      0.41733333333333333
    ]
  },
  "accuracy": 0.418,
  "confusion": [
    [
      980.0,
      0.0,
      0.0,
      0.0,
      0.0,
      0.0,
      0.0,
      0.0,
      0.0,
      0.0
    ],
    [
      92.0,
      1043.0,
      0.0,
      0.0,
      0.0,
      0.0,
      0.0,
      0.0,
      0.0,
      0.0
    ],
    [
      1031.0,
      0.0,
      0.0,
      0.0,
      0.0,
      0.0,
      0.0,
      0.0,
      1.0,
      0.0
    ],
    [
      997.0,
      0.0,
      0.0,
      13.0,
      0.0,
      0.0,
      0.0,
      0.0,
      0.0,
      0.0
    ],
    [
      340.0,
      0.0,
      0.0,
      0.0,
      636.0,
      0.0,
      0.0,
      0.0,
      0.0,
      6.0
    ],
    [
      891.0,
      0.0,
      0.0,
      0.0,
      0.0,
      0.0,
      0.0,
      0.0,
      0.0,
      1.0
    ],
    [
      958.0,
      0.0,
      0.0,
      0.0,
      0.0,
      0.0,
      0.0,
      0.0,
      0.0,
      0.0
    ],
    [
      1028.0,
      0.0,
      0.0,
      0.0,
      0.0,
      0.0,
      0.0,
      0.0,
      0.0,
      0.0
    ],
    [
      358.0,
      0.0,
      0.0,
      0.0,
      0.0,
      0.0,
      0.0,
      0.0,
      616.0,
      0.0
    ],
    [
      109.0,
      2.0,
      0.0,
      0.0,
      6.0,
      0.0,
      0.0,
      0.0,
      0.0,
      892.0
    ]
  ],
  "classRecall": [
    1.0,
    0.9189427495002747,
    0.0,
    0.01287128683179617,
    0.6476578116416931,
    0.0,
    0.0,
    0.0,
    0.6324435472488403,
    0.8840436339378357
  ],
  "classPrecision": [
    0.14445754885673523,
    0.9980860948562622,
    NaN,
    1.0,
    0.9906542301177979,
    NaN,
    NaN,
    NaN,
    0.9983792304992676,
    0.9922135472297668
  ],
  "classes": [
    0,
    1,
    2,
    3,
    4,
    5,
    6,
    7,
    8,
    9
  ]
}