{
  "name": "model",
  "metrics": {
    "train_loss": [
      2.9209690771319647,
      1.8601569411429493,
      1.920405007221482,
      2.1449237953532827,
      4.011307440698147,
      5.044263566082174,
      4.0809930027885875,
      3.614447870715098,
      5.868125170469284,
      5.919321955604986,
      5.843513861298561,
      5.56945381381295
    ],
    "train_accuracy": [
      0.24517777777777777,
      0.4127777777777778,
      0.5557111111111112,
      0.5341777777777778,
      0.42804444444444445,
      0.39953333333333335,
      0.4687777777777778,
      0.5323333333333333,
      0.4667777777777778,
      0.43115555555555557,
      0.5089111111111111,
      0.5633555555555556
    ],
    "val_loss": [
      2.9743583261966706,
      1.9335973411798477,
      2.0555933475494386,
      2.2830734729766844,
      4.2771771371364595,
      5.396628725528717,
      4.380048418045044,
      4.023532712459565,
      6.348248738050461,
      6.335014224052429,
      6.61683179140091,
      6.370902287960052
    ],
    "val_accuracy": [
      0.247,
      0.3958,
      0.534,
      0.515,
      0.4072,
      0.3776,
      0.4384,
      0.4874,
      0.4306,
      0.391,
      0.4452,
      0.4942
    ]
  },
  "accuracy": 0.4956,
  "confusion": [
    [
      980.0,
      0.0,
      2.0,
      2.0,
      4.0,
      0.0,
      2.0,
      1.0,
      4.0,
      5.0
    ],
    [
      518.0,
      463.0,
      1.0,
      0.0,
      0.0,
      0.0,
      2.0,
      0.0,
      0.0,
      16.0
    ],
    [
      629.0,
      0.0,
      315.0,
      10.0,
      14.0,
      15.0,
      15.0,
      2.0,
      0.0,
      0.0
    ],
    [
      496.0,
      0.0,
      26.0,
      376.0,
      18.0,
      48.0,
      29.0,
      5.0,
      1.0,
      1.0
    ],
    [
      394.0,
      1.0,
      20.0,
      12.0,
      549.0,
      3.0,
      18.0,
      3.0,
      0.0,
      0.0
    ],
    [
      375.0,
      0.0,
      20.0,
      51.0,
      26.0,
      512.0,
      1.0,
      15.0,
      0.0,
      0.0
    ],
    [
      288.0,
      0.0,
      17.0,
      17.0,
      7.0,
      1.0,
      668.0,
      1.0,
      1.0,
      0.0
    ],
    [
      405.0,
      0.0,
      6.0,
      8.0,
      19.0,
      18.0,
      0.0,
      543.0,
      1.0,
      0.0
    ],
    [
      858.0,
      0.0,
      0.0,
      1.0,
      0.0,
      0.0,
      0.0,
      0.0,
      138.0,
      3.0
    ],
    [
      570.0,
      12.0,
      0.0,
      3.0,
      0.0,
      1.0,
      1.0,
      0.0,
      1.0,
      412.0
    ]
  ],
  "classRecall": [
    0.9800000190734863,
    0.46299999952316284,
    0.3149999976158142,
    0.37599998712539673,
    0.5490000247955322,
    0.5120000243186951,
    0.6679999828338623,
    0.5429999828338623,
    0.1379999965429306,
    0.41200000047683716
  ],
  "classPrecision": [
    0.17776165902614594,
    0.9726890921592712,
    0.773955762386322,
    0.7833333611488342,
    0.8618524074554443,
    0.8561872839927673,
    0.907608687877655,
    0.9526315927505493,
    0.9452054500579834,
    0.942791759967804
  ],
  "classes": [
    "plane",
    "car",
    "bird",
    "cat",
    "deer",
    "dog",
    "frog",
    "horse",
    "ship",
    "truck"
  ]
}