{
  "name": "model",
  "metrics": {
    "train_loss": [
      1.0505953515875397,
      1.7961532617632248,
      2.567141029507063,
      3.5506616164157743,
      3.741853949017999
    ],
    "train_accuracy": [
      0.6107962962962963,
      0.45125925925925925,
      0.4345185185185185,
      0.3687037037037037,
      0.34983333333333333
    ],
    "val_loss": [
      1.0643221038453123,
      1.805709126147818,
      2.5820151237731284,
      3.5578219890594482,
      3.737014851671584
    ],
    "val_accuracy": [
      0.6125,
      0.4568333333333333,
      0.4335,
      0.374,
      0.3516666666666667
    ]
  },
  "accuracy": 0.3519,
  "confusion": [
    [
      980.0,
      0.0,
      0.0,
      0.0,
      0.0,
      0.0,
      0.0,
      0.0,
      0.0,
      0.0
    ],
    [
      27.0,
      1108.0,
      0.0,
      0.0,
      0.0,
      0.0,
      0.0,
      0.0,
      0.0,
      0.0
    ],
    [
      1032.0,
      0.0,
      0.0,
      0.0,
      0.0,
      0.0,
      0.0,
      0.0,
      0.0,
      0.0
    ],
    [
      265.0,
      0.0,
      0.0,
      742.0,
      0.0,
      0.0,
      0.0,
      3.0,
      0.0,
      0.0
    ],
    [
      937.0,
      2.0,
      0.0,
      0.0,
      38.0,
      0.0,
      0.0,
      0.0,
      0.0,
      5.0
    ],
    [
      892.0,
      0.0,
      0.0,
      0.0,
      0.0,
      0.0,
      0.0,
      0.0,
      0.0,
      0.0
    ],
    [
      957.0,
      1.0,
      0.0,
      0.0,
      0.0,
      0.0,
      0.0,
      0.0,
      0.0,
      0.0
    ],
    [
      688.0,
      2.0,
      0.0,
      0.0,
      0.0,
      0.0,
      0.0,
      338.0,
      0.0,
      0.0
    ],
    [
      973.0,
      0.0,
      0.0,
      0.0,
      0.0,
      0.0,
      0.0,
      1.0,
      0.0,
      0.0
    ],
    [
      690.0,
      4.0,
      0.0,
      1.0,
      1.0,
      0.0,
      0.0,
      0.0,
      0.0,
      313.0
    ]
  ],
  "classRecall": [
    1.0,
    0.976211428642273,
    0.0,
    0.7346534729003906,
    0.03869653865695,
    0.0,
    0.0,
    0.3287937641143799,
    0.0,
    0.31020811200141907
  ],
  "classPrecision": [
    0.131702721118927,
    0.9919427037239075,
    NaN,
    0.9986541271209717,
    0.9743589758872986,
    NaN,
    NaN,
    0.988304078578949,
    NaN,
    0.9842767119407654
  ],
  "classes": [
    0,
    1,
    2,
    3,
    4,
    5,
    6,
    7,
    8,
    9
  ]
}