{
  "name": "model",
  "metrics": {
    "train_loss": [
      5.062054445797747,
      5.750052807005969,
      7.303705531087789,
      6.785034021193331,
      8.506593469869006,
      5.732315411621874,
      9.074036632071842,
      12.498234404758973,
      6.643941751935265,
      10.519863662394611,
      10.389836137945002,
      14.675233285535466
    ],
    "train_accuracy": [
      0.11377777777777778,
      0.1742,
      0.13235555555555556,
      0.15213333333333334,
      0.1486222222222222,
      0.3112888888888889,
      0.17973333333333333,
      0.1342,
      0.3207777777777778,
      0.20455555555555555,
      0.2767777777777778,
      0.18862222222222222
    ],
    "val_loss": [
      5.099433493614197,
      5.869112122058868,
      7.392960071563721,
      7.0223910212516785,
      8.834880244731902,
      6.056626069545746,
      9.356348359584809,
      12.995368814468383,
      7.004958963394165,
      10.9639306306839,
      11.231289672851563,
      15.581268358230592
    ],
    "val_accuracy": [
      0.1094,
      0.1724,
      0.128,
      0.1468,
      0.1424,
      0.294,
      0.1718,
      0.1288,
      0.307,
      0.1902,
      0.2502,
      0.1778
    ]
  },
  "accuracy": 0.1779,
  "confusion": [
    [
      1000.0,
      0.0,
      0.0,
      0.0,
      0.0,
      0.0,
      0.0,
      0.0,
      0.0,
      0.0
    ],
    [
      893.0,
      107.0,
      0.0,
      0.0,
      0.0,
      0.0,
      0.0,
      0.0,
      0.0,
      0.0
    ],
    [
      949.0,
      0.0,
      45.0,
      0.0,
      3.0,
      0.0,
      3.0,
      0.0,
      0.0,
      0.0
    ],
    [
      938.0,
      0.0,
      3.0,
      51.0,
      2.0,
      3.0,
      3.0,
      0.0,
      0.0,
      0.0
    ],
    [
      873.0,
      0.0,
      1.0,
      1.0,
      119.0,
      0.0,
      0.0,
      6.0,
      0.0,
      0.0
    ],
    [
      922.0,
      0.0,
      3.0,
      4.0,
      3.0,
      61.0,
      1.0,
      6.0,
      0.0,
      0.0
    ],
    [
      797.0,
      0.0,
      1.0,
      1.0,
      3.0,
      0.0,
      198.0,
      0.0,
      0.0,
      0.0
    ],
    [
      799.0,
      0.0,
      0.0,
      0.0,
      3.0,
      0.0,
      1.0,
      197.0,
      0.0,
      0.0
    ],
    [
      1000.0,
      0.0,
      0.0,
      0.0,
      0.0,
      0.0,
      0.0,
      0.0,
      0.0,
      0.0
    ],
    [
      999.0,
      0.0,
      0.0,
      0.0,
      0.0,
      0.0,
      0.0,
      0.0,
      0.0,
      1.0
    ]
  ],
  "classRecall": [
    1.0,
    0.10700000077486038,
    0.04500000178813934,
    0.050999999046325684,
    0.11900000274181366,
    0.061000000685453415,
    0.1979999989271164,
    0.19699999690055847,
    0.0,
    0.0010000000474974513
  ],
  "classPrecision": [
    0.10905125737190247,
    1.0,
    0.849056601524353,
    0.8947368264198303,
    0.8947368264198303,
    0.953125,
    0.9611650705337524,
    0.9425837397575378,
    NaN,
    1.0
  ],
  "classes": [
    "plane",
    "car",
    "bird",
    "cat",
    "deer",
    "dog",
    "frog",
    "horse",
    "ship",
    "truck"
  ]
}