{
  "name": "model",
  "metrics": {
    "train_loss": [
      0.15285567079463278,
      0.15914891134965195,
      0.13844236200101567,
      0.3033479648108166,
      0.2607598328583331
    ],
    "train_accuracy": [
      0.9555555555555556,
      0.9559444444444445,
      0.9598518518518518,
      0.8750925925925926,
      0.8977962962962963
    ],
    "val_loss": [
      0.18359433162085553,
      0.19046297288955527,
      0.18257190152368646,
      0.3437721653187529,
      0.30905869000769676
    ],
    "val_accuracy": [
      0.947,
      0.9505,
      0.95,
      0.8671666666666666,
      0.889
    ]
  },
  "accuracy": 0.8908,
  "confusion": [
    [
      978.0,
      0.0,
      0.0,
      0.0,
      0.0,
      1.0,
      0.0,
      0.0,
      1.0,
      0.0
    ],
    [
      4.0,
      1123.0,
      2.0,
      1.0,
      0.0,
      0.0,
      0.0,
      0.0,
      5.0,
      0.0
    ],
    [
      197.0,
      2.0,
      815.0,
      5.0,
      2.0,
      0.0,
      0.0,
      8.0,
      3.0,
      0.0
    ],
    [
      5.0,
      0.0,
      1.0,
      991.0,
      0.0,
      2.0,
      0.0,
      5.0,
      3.0,
      3.0
    ],
    [
      32.0,
      1.0,
      0.0,
      0.0,
      934.0,
      0.0,
      0.0,
      1.0,
      2.0,
      12.0
    ],
    [
      36.0,
      0.0,
      0.0,
      10.0,
      1.0,
      836.0,
      0.0,
      0.0,
      6.0,
      3.0
    ],
    [
      586.0,
      3.0,
      0.0,
      0.0,
      2.0,
      2.0,
      362.0,
      0.0,
      3.0,
      0.0
    ],
    [
      33.0,
      4.0,
      4.0,
      6.0,
      0.0,
      0.0,
      0.0,
      977.0,
      0.0,
      4.0
    ],
    [
      25.0,
      1.0,
      1.0,
      10.0,
      2.0,
      2.0,
      0.0,
      4.0,
      924.0,
      5.0
    ],
    [
      17.0,
      4.0,
      0.0,
      5.0,
      9.0,
      1.0,
      0.0,
      4.0,
      1.0,
      968.0
    ]
  ],
  "classRecall": [
    0.9979591965675354,
    0.9894273281097412,
    0.7897287011146545,
    0.9811881184577942,
    0.951120138168335,
    0.9372197389602661,
    0.3778705596923828,
    0.9503890872001648,
    0.9486653208732605,
    0.959365725517273
  ],
  "classPrecision": [
    0.5112388730049133,
    0.9868189692497253,
    0.9902794361114502,
    0.9640077948570251,
    0.9831578731536865,
    0.9905213117599487,
    1.0,
    0.977977991104126,
    0.9746835231781006,
    0.9728643298149109
  ],
  "classes": [
    0,
    1,
    2,
    3,
    4,
    5,
    6,
    7,
    8,
    9
  ]
}