{
  "name": "model",
  "metrics": {
    "train_loss": [
      0.6894504171553382,
      0.9348438424521713,
      1.5905223299541744,
      2.6955227464861213,
      4.09672512375348
    ],
    "train_accuracy": [
      0.7605740740740741,
      0.7338148148148148,
      0.6242962962962963,
      0.487,
      0.3805925925925926
    ],
    "val_loss": [
      0.6953608044918548,
      0.9460867858947591,
      1.5857791494815907,
      2.6950993715448583,
      4.08307091225969
    ],
    "val_accuracy": [
      0.7621666666666667,
      0.7371666666666666,
      0.6286666666666667,
      0.49016666666666664,
      0.384
    ]
  },
  "accuracy": 0.3805,
  "confusion": [
    [
      980.0,
      0.0,
      0.0,
      0.0,
      0.0,
      0.0,
      0.0,
      0.0,
      0.0,
      0.0
    ],
    [
      31.0,
      1104.0,
      0.0,
      0.0,
      0.0,
      0.0,
      0.0,
      0.0,
      0.0,
      0.0
    ],
    [
      1032.0,
      0.0,
      0.0,
      0.0,
      0.0,
      0.0,
      0.0,
      0.0,
      0.0,
      0.0
    ],
    [
      88.0,
      0.0,
      0.0,
      922.0,
      0.0,
      0.0,
      0.0,
      0.0,
      0.0,
      0.0
    ],
    [
      851.0,
      0.0,
      0.0,
      0.0,
      122.0,
      0.0,
      0.0,
      0.0,
      0.0,
      9.0
    ],
    [
      881.0,
      0.0,
      0.0,
      5.0,
      0.0,
      5.0,
      0.0,
      0.0,
      0.0,
      1.0
    ],
    [
      957.0,
      1.0,
      0.0,
      0.0,
      0.0,
      0.0,
      0.0,
      0.0,
      0.0,
      0.0
    ],
    [
      1010.0,
      2.0,
      0.0,
      0.0,
      0.0,
      0.0,
      0.0,
      16.0,
      0.0,
      0.0
    ],
    [
      972.0,
      0.0,
      0.0,
      0.0,
      0.0,
      0.0,
      0.0,
      0.0,
      2.0,
      0.0
    ],
    [
      347.0,
      3.0,
      0.0,
      4.0,
      1.0,
      0.0,
      0.0,
      0.0,
      0.0,
      654.0
    ]
  ],
  "classRecall": [
    1.0,
    0.9726872444152832,
    0.0,
    0.9128713011741638,
    0.12423625588417053,
    0.005605380982160568,
    0.0,
    0.015564202331006527,
    0.002053388161584735,
    0.6481664776802063
  ],
  "classPrecision": [
    0.13708211481571198,
    0.9945945739746094,
    NaN,
    0.9903329610824585,
    0.9918699264526367,
    1.0,
    NaN,
    1.0,
    1.0,
    0.9849397540092468
  ],
  "classes": [
    0,
    1,
    2,
    3,
    4,
    5,
    6,
    7,
    8,
    9
  ]
}