{
  "name": "model",
  "metrics": {
    "train_loss": [
      6.684398743239316,
      6.233843111179092,
      5.912828517231074,
      10.040170339020817,
      8.622972770170731,
      10.403559879823165,
      10.296987265348434,
      8.866374110633677,
      16.652773916721344,
      12.94339353388006,
      20.437274618582293,
      22.112903567877684
    ],
    "train_accuracy": [
      0.15262222222222221,
      0.18086666666666668,
      0.19844444444444445,
      0.13202222222222224,
      0.1794,
      0.1514,
      0.1761111111111111,
      0.18095555555555556,
      0.12482222222222222,
      0.1936,
      0.1255111111111111,
      0.1194
    ],
    "val_loss": [
      6.916114342212677,
      6.412718152999878,
      6.008577275276184,
      10.30106954574585,
      8.788643062114716,
      10.787562537193299,
      10.82994441986084,
      9.305876970291138,
      17.207718300819398,
      13.59479010105133,
      21.301136922836303,
      23.16227240562439
    ],
    "val_accuracy": [
      0.1498,
      0.1774,
      0.1914,
      0.124,
      0.171,
      0.1394,
      0.163,
      0.1698,
      0.1168,
      0.1816,
      0.116,
      0.1124
    ]
  },
  "accuracy": 0.1156,
  "confusion": [
    [
      1000.0,
      0.0,
      0.0,
      0.0,
      0.0,
      0.0,
      0.0,
      0.0,
      0.0,
      0.0
    ],
    [
      1000.0,
      0.0,
      0.0,
      0.0,
      0.0,
      0.0,
      0.0,
      0.0,
      0.0,
      0.0
    ],
    [
      998.0,
      0.0,
      2.0,
      0.0,
      0.0,
      0.0,
      0.0,
      0.0,
      0.0,
      0.0
    ],
    [
      965.0,
      0.0,
      0.0,
      34.0,
      0.0,
      0.0,
      1.0,
      0.0,
      0.0,
      0.0
    ],
    [
      983.0,
      0.0,
      0.0,
      0.0,
      17.0,
      0.0,
      0.0,
      0.0,
      0.0,
      0.0
    ],
    [
      946.0,
      0.0,
      0.0,
      7.0,
      0.0,
      46.0,
      1.0,
      0.0,
      0.0,
      0.0
    ],
    [
      960.0,
      0.0,
      0.0,
      0.0,
      0.0,
      0.0,
      40.0,
      0.0,
      0.0,
      0.0
    ],
    [
      983.0,
      0.0,
      0.0,
      0.0,
      0.0,
      1.0,
      0.0,
      16.0,
      0.0,
      0.0
    ],
    [
      1000.0,
      0.0,
      0.0,
      0.0,
      0.0,
      0.0,
      0.0,
      0.0,
      0.0,
      0.0
    ],
    [
      999.0,
      0.0,
      0.0,
      0.0,
      0.0,
      0.0,
      0.0,
      0.0,
      0.0,
      1.0
    ]
  ],
  "classRecall": [
    1.0,
    0.0,
    0.0020000000949949026,
    0.03400000184774399,
    0.017000000923871994,
    0.04600000008940697,
    0.03999999910593033,
    0.01600000075995922,
    0.0,
    0.0010000000474974513
  ],
  "classPrecision": [
    0.10168801993131638,
    NaN,
    1.0,
    0.8292682766914368,
    1.0,
    0.978723406791687,
    0.9523809552192688,
    1.0,
    NaN,
    1.0
  ],
  "classes": [
    "plane",
    "car",
    "bird",
    "cat",
    "deer",
    "dog",
    "frog",
    "horse",
    "ship",
    "truck"
  ]
}