{
  "name": "model",
  "metrics": {
    "train_loss": [
      0.3769008572350181,
      0.39239130049096466,
      0.6825136180031356,
      1.0495386619420979,
      1.6646309801470047
    ],
    "train_accuracy": [
      0.8853518518518518,
      0.8646666666666667,
      0.7566851851851852,
      0.6972222222222222,
      0.6121851851851852
    ],
    "val_loss": [
      0.3841689733114648,
      0.43002436452723564,
      0.7115625422051612,
      1.0616437995687444,
      1.6997194112615381
    ],
    "val_accuracy": [
      0.8806666666666667,
      0.858,
      0.7645,
      0.7025,
      0.61
    ]
  },
  "accuracy": 0.606,
  "confusion": [
    [
      980.0,
      0.0,
      0.0,
      0.0,
      0.0,
      0.0,
      0.0,
      0.0,
      0.0,
      0.0
    ],
    [
      9.0,
      1123.0,
      1.0,
      2.0,
      0.0,
      0.0,
      0.0,
      0.0,
      0.0,
      0.0
    ],
    [
      926.0,
      1.0,
      102.0,
      0.0,
      0.0,
      0.0,
      0.0,
      3.0,
      0.0,
      0.0
    ],
    [
      18.0,
      0.0,
      4.0,
      972.0,
      0.0,
      4.0,
      0.0,
      6.0,
      2.0,
      4.0
    ],
    [
      459.0,
      0.0,
      0.0,
      0.0,
      520.0,
      0.0,
      0.0,
      0.0,
      0.0,
      3.0
    ],
    [
      267.0,
      0.0,
      0.0,
      17.0,
      0.0,
      605.0,
      0.0,
      0.0,
      1.0,
      2.0
    ],
    [
      956.0,
      2.0,
      0.0,
      0.0,
      0.0,
      0.0,
      0.0,
      0.0,
      0.0,
      0.0
    ],
    [
      349.0,
      5.0,
      7.0,
      1.0,
      0.0,
      0.0,
      0.0,
      665.0,
      0.0,
      1.0
    ],
    [
      440.0,
      2.0,
      1.0,
      9.0,
      0.0,
      2.0,
      0.0,
      3.0,
      515.0,
      2.0
    ],
    [
      418.0,
      3.0,
      0.0,
      8.0,
      1.0,
      1.0,
      0.0,
      0.0,
      0.0,
      578.0
    ]
  ],
  "classRecall": [
    1.0,
    0.9894273281097412,
    0.09883721172809601,
    0.9623762369155884,
    0.5295315384864807,
    0.6782511472702026,
    0.0,
    0.6468871831893921,
    0.5287474393844604,
    0.572844386100769
  ],
  "classPrecision": [
    0.2032351791858673,
    0.9885563254356384,
    0.886956512928009,
    0.9633300304412842,
    0.9980806112289429,
    0.9885621070861816,
    NaN,
    0.9822747707366943,
    0.9942085146903992,
    0.9796609878540039
  ],
  "classes": [
    0,
    1,
    2,
    3,
    4,
    5,
    6,
    7,
    8,
    9
  ]
}