{
  "name": "model",
  "metrics": {
    "train_loss": [
      0.9556163494338357,
      2.1075617360277765,
      4.252769354395392,
      5.494952280939473,
      6.768091888789317
    ],
    "train_accuracy": [
      0.6417592592592593,
      0.385037037037037,
      0.28464814814814815,
      0.21968518518518518,
      0.23244444444444445
    ],
    "val_loss": [
      0.9473241757839284,
      2.090936173783972,
      4.1975391976376795,
      5.455437893563128,
      6.682129393232629
    ],
    "val_accuracy": [
      0.653,
      0.3898333333333333,
      0.29033333333333333,
      0.22116666666666668,
      0.23233333333333334
    ]
  },
  "accuracy": 0.2364,
  "confusion": [
    [
      980.0,
      0.0,
      0.0,
      0.0,
      0.0,
      0.0,
      0.0,
      0.0,
      0.0,
      0.0
    ],
    [
      38.0,
      1097.0,
      0.0,
      0.0,
      0.0,
      0.0,
      0.0,
      0.0,
      0.0,
      0.0
    ],
    [
      1032.0,
      0.0,
      0.0,
      0.0,
      0.0,
      0.0,
      0.0,
      0.0,
      0.0,
      0.0
    ],
    [
      1010.0,
      0.0,
      0.0,
      0.0,
      0.0,
      0.0,
      0.0,
      0.0,
      0.0,
      0.0
    ],
    [
      697.0,
      0.0,
      0.0,
      0.0,
      285.0,
      0.0,
      0.0,
      0.0,
      0.0,
      0.0
    ],
    [
      892.0,
      0.0,
      0.0,
      0.0,
      0.0,
      0.0,
      0.0,
      0.0,
      0.0,
      0.0
    ],
    [
      958.0,
      0.0,
      0.0,
      0.0,
      0.0,
      0.0,
      0.0,
      0.0,
      0.0,
      0.0
    ],
    [
      1021.0,
      7.0,
      0.0,
      0.0,
      0.0,
      0.0,
      0.0,
      0.0,
      0.0,
      0.0
    ],
    [
      971.0,
      1.0,
      0.0,
      0.0,
      0.0,
      0.0,
      0.0,
      0.0,
      2.0,
      0.0
    ],
    [
      1007.0,
      2.0,
      0.0,
      0.0,
      0.0,
      0.0,
      0.0,
      0.0,
      0.0,
      0.0
    ]
  ],
  "classRecall": [
    1.0,
    0.966519832611084,
    0.0,
    0.0,
    0.2902240455150604,
    0.0,
    0.0,
    0.0,
    0.002053388161584735,
    0.0
  ],
  "classPrecision": [
    0.11387404054403305,
    0.9909665584564209,
    NaN,
    NaN,
    1.0,
    NaN,
    NaN,
    NaN,
    1.0,
    NaN
  ],
  "classes": [
    0,
    1,
    2,
    3,
    4,
    5,
    6,
    7,
    8,
    9
  ]
}