{
  "name": "model",
  "metrics": {
    "train_loss": [
      2.1128867791162285,
      3.9103360995297183,
      5.262973404608632,
      7.381787326098618,
      8.520907013337194
    ],
    "train_accuracy": [
      0.39281481481481484,
      0.30875925925925923,
      0.28933333333333333,
      0.23546296296296296,
      0.12627777777777777
    ],
    "val_loss": [
      2.077470913846442,
      3.8418040021936943,
      5.149381906428236,
      7.25638813668109,
      8.420941758663096
    ],
    "val_accuracy": [
      0.403,
      0.313,
      0.2925,
      0.23516666666666666,
      0.12766666666666668
    ]
  },
  "accuracy": 0.1256,
  "confusion": [
    [
      980.0,
      0.0,
      0.0,
      0.0,
      0.0,
      0.0,
      0.0,
      0.0,
      0.0,
      0.0
    ],
    [
      1062.0,
      73.0,
      0.0,
      0.0,
      0.0,
      0.0,
      0.0,
      0.0,
      0.0,
      0.0
    ],
    [
      1032.0,
      0.0,
      0.0,
      0.0,
      0.0,
      0.0,
      0.0,
      0.0,
      0.0,
      0.0
    ],
    [
      1010.0,
      0.0,
      0.0,
      0.0,
      0.0,
      0.0,
      0.0,
      0.0,
      0.0,
      0.0
    ],
    [
      779.0,
      0.0,
      0.0,
      0.0,
      203.0,
      0.0,
      0.0,
      0.0,
      0.0,
      0.0
    ],
    [
      892.0,
      0.0,
      0.0,
      0.0,
      0.0,
      0.0,
      0.0,
      0.0,
      0.0,
      0.0
    ],
    [
      958.0,
      0.0,
      0.0,
      0.0,
      0.0,
      0.0,
      0.0,
      0.0,
      0.0,
      0.0
    ],
    [
      1028.0,
      0.0,
      0.0,
      0.0,
      0.0,
      0.0,
      0.0,
      0.0,
      0.0,
      0.0
    ],
    [
      974.0,
      0.0,
      0.0,
      0.0,
      0.0,
      0.0,
      0.0,
      0.0,
      0.0,
      0.0
    ],
    [
      1009.0,
      0.0,
      0.0,
      0.0,
      0.0,
      0.0,
      0.0,
      0.0,
      0.0,
      0.0
    ]
  ],
  "classRecall": [
    1.0,
    0.06431718170642853,
    0.0,
    0.0,
    0.2067209780216217,
    0.0,
    0.0,
    0.0,
    0.0,
    0.0
  ],
  "classPrecision": [
    0.10078157484531403,
    1.0,
    NaN,
    NaN,
    1.0,
    NaN,
    NaN,
    NaN,
    NaN,
    NaN
  ],
  "classes": [
    0,
    1,
    2,
    3,
    4,
    5,
    6,
    7,
    8,
    9
  ]
}