{
  "name": "model",
  "metrics": {
    "train_loss": [
      4.4932695004073056,
      7.292116869579662,
      9.14868567477573,
      12.160847953774713,
      11.824583562937649,
      13.648006737232208,
      15.615969882770019,
      11.719676638191396,
      13.323833162134344,
      15.16459933194247,
      18.21450912952423,
      16.817824352871288
    ],
    "train_accuracy": [
      0.12635555555555555,
      0.11077777777777778,
      0.11637777777777777,
      0.10473333333333333,
      0.12317777777777777,
      0.11553333333333334,
      0.11053333333333333,
      0.16157777777777776,
      0.14546666666666666,
      0.1414888888888889,
      0.13311111111111112,
      0.16457777777777777
    ],
    "val_loss": [
      4.477339679002762,
      7.306546223163605,
      9.082868576049805,
      12.214524722099304,
      12.048122072219849,
      13.861031365394592,
      15.939495420455932,
      12.187784671783447,
      14.037014150619507,
      15.696007132530212,
      18.957568836212157,
      17.944054269790648
    ],
    "val_accuracy": [
      0.127,
      0.109,
      0.1172,
      0.1042,
      0.1204,
      0.113,
      0.1106,
      0.158,
      0.1386,
      0.1406,
      0.1326,
      0.161
    ]
  },
  "accuracy": 0.1596,
  "confusion": [
    [
      1000.0,
      0.0,
      0.0,
      0.0,
      0.0,
      0.0,
      0.0,
      0.0,
      0.0,
      0.0
    ],
    [
      961.0,
      39.0,
      0.0,
      0.0,
      0.0,
      0.0,
      0.0,
      0.0,
      0.0,
      0.0
    ],
    [
      996.0,
      0.0,
      2.0,
      0.0,
      0.0,
      2.0,
      0.0,
      0.0,
      0.0,
      0.0
    ],
    [
      895.0,
      0.0,
      0.0,
      90.0,
      0.0,
      12.0,
      2.0,
      1.0,
      0.0,
      0.0
    ],
    [
      977.0,
      0.0,
      0.0,
      1.0,
      19.0,
      1.0,
      0.0,
      2.0,
      0.0,
      0.0
    ],
    [
      838.0,
      0.0,
      0.0,
      5.0,
      0.0,
      154.0,
      1.0,
      2.0,
      0.0,
      0.0
    ],
    [
      873.0,
      0.0,
      0.0,
      0.0,
      0.0,
      0.0,
      127.0,
      0.0,
      0.0,
      0.0
    ],
    [
      835.0,
      0.0,
      0.0,
      0.0,
      0.0,
      1.0,
      0.0,
      164.0,
      0.0,
      0.0
    ],
    [
      1000.0,
      0.0,
      0.0,
      0.0,
      0.0,
      0.0,
      0.0,
      0.0,
      0.0,
      0.0
    ],
    [
      998.0,
      0.0,
      0.0,
      0.0,
      0.0,
      1.0,
      0.0,
      0.0,
      0.0,
      1.0
    ]
  ],
  "classRecall": [
    1.0,
    0.039000000804662704,
    0.0020000000949949026,
    0.09000000357627869,
    0.01899999938905239,
    0.15399999916553497,
    0.12700000405311584,
    0.164000004529953,
    0.0,
    0.0010000000474974513
  ],
  "classPrecision": [
    0.10668943077325821,
    1.0,
    1.0,
    0.9375,
    1.0,
    0.9005848169326782,
    0.9769230484962463,
    0.9704142212867737,
    NaN,
    1.0
  ],
  "classes": [
    "plane",
    "car",
    "bird",
    "cat",
    "deer",
    "dog",
    "frog",
    "horse",
    "ship",
    "truck"
  ]
}