{
  "name": "model",
  "metrics": {
    "train_loss": [
      4.081362168219957,
      4.045926118438894,
      4.4289246892387215,
      3.865491686219519,
      4.034100204706192,
      4.797050316902724,
      6.049498299306089,
      7.811442283066836,
      7.426513513380831,
      9.038406011733143,
      6.181662254712799,
      6.603306218981743
    ],
    "train_accuracy": [
      0.25826666666666664,
      0.2760888888888889,
      0.3040888888888889,
      0.37764444444444445,
      0.3446888888888889,
      0.4115333333333333,
      0.38868888888888886,
      0.3645555555555556,
      0.3021111111111111,
      0.3363555555555556,
      0.44524444444444444,
      0.4054
    ],
    "val_loss": [
      4.203531044721603,
      4.096868544816971,
      4.68965744972229,
      4.106933003664016,
      4.271518105268479,
      5.237623900175095,
      6.537822163105011,
      8.189186191558838,
      7.844107472896576,
      9.855954051017761,
      6.979654049873352,
      7.4131181001663204
    ],
    "val_accuracy": [
      0.2568,
      0.2614,
      0.2966,
      0.3646,
      0.3402,
      0.3912,
      0.3674,
      0.343,
      0.279,
      0.3116,
      0.4062,
      0.3628
    ]
  },
  "accuracy": 0.3639,
  "confusion": [
    [
      999.0,
      0.0,
      0.0,
      0.0,
      0.0,
      0.0,
      1.0,
      0.0,
      0.0,
      0.0
    ],
    [
      710.0,
      282.0,
      0.0,
      1.0,
      0.0,
      0.0,
      2.0,
      2.0,
      0.0,
      3.0
    ],
    [
      918.0,
      0.0,
      45.0,
      8.0,
      11.0,
      7.0,
      5.0,
      6.0,
      0.0,
      0.0
    ],
    [
      584.0,
      0.0,
      7.0,
      362.0,
      3.0,
      29.0,
      7.0,
      5.0,
      0.0,
      3.0
    ],
    [
      565.0,
      1.0,
      3.0,
      28.0,
      346.0,
      9.0,
      4.0,
      44.0,
      0.0,
      0.0
    ],
    [
      586.0,
      1.0,
      0.0,
      29.0,
      5.0,
      364.0,
      0.0,
      15.0,
      0.0,
      0.0
    ],
    [
      403.0,
      1.0,
      3.0,
      35.0,
      6.0,
      8.0,
      542.0,
      2.0,
      0.0,
      0.0
    ],
    [
      411.0,
      0.0,
      1.0,
      7.0,
      3.0,
      12.0,
      1.0,
      565.0,
      0.0,
      0.0
    ],
    [
      997.0,
      0.0,
      0.0,
      1.0,
      0.0,
      0.0,
      0.0,
      0.0,
      2.0,
      0.0
    ],
    [
      866.0,
      1.0,
      0.0,
      1.0,
      0.0,
      0.0,
      0.0,
      0.0,
      0.0,
      132.0
    ]
  ],
  "classRecall": [
    0.9990000128746033,
    0.28200000524520874,
    0.04500000178813934,
    0.3619999885559082,
    0.34599998593330383,
    0.36399999260902405,
    0.5419999957084656,
    0.5649999976158142,
    0.0020000000949949026,
    0.13199999928474426
  ],
  "classPrecision": [
    0.14192356169223785,
    0.9860140085220337,
    0.7627118825912476,
    0.7669491767883301,
    0.9251337051391602,
    0.8484848737716675,
    0.9644128084182739,
    0.8841940760612488,
    1.0,
    0.95652174949646
  ],
  "classes": [
    "plane",
    "car",
    "bird",
    "cat",
    "deer",
    "dog",
    "frog",
    "horse",
    "ship",
    "truck"
  ]
}