{
  "name": "model",
  "metrics": {
    "train_loss": [
      3.005530458959666,
      2.8805870427326723,
      3.690057575025342,
      3.701310218057849,
      2.236965602094477,
      2.914803962138566,
      3.3908790302547542,
      2.343686780807647,
      3.2036095437678425,
      2.5378127060830593,
      4.453600305047902,
      3.4426740753379734
    ],
    "train_accuracy": [
      0.28931111111111113,
      0.31877777777777777,
      0.37104444444444445,
      0.365,
      0.5445111111111111,
      0.5149555555555556,
      0.4578888888888889,
      0.6165555555555555,
      0.5416,
      0.6572888888888889,
      0.4864,
      0.5983333333333334
    ],
    "val_loss": [
      3.070010033249855,
      3.0029226005077363,
      3.9021337628364563,
      3.960483491420746,
      2.5490512043237685,
      3.338751310110092,
      3.857077157497406,
      2.8416228353977204,
      3.823231798410416,
      3.184629763662815,
      5.306338047981262,
      4.399831721186638
    ],
    "val_accuracy": [
      0.2806,
      0.3086,
      0.3584,
      0.3474,
      0.5128,
      0.4758,
      0.421,
      0.5536,
      0.4836,
      0.5774,
      0.4224,
      0.5124
    ]
  },
  "accuracy": 0.5219,
  "confusion": [
    [
      999.0,
      0.0,
      0.0,
      1.0,
      0.0,
      0.0,
      0.0,
      0.0,
      0.0,
      0.0
    ],
    [
      580.0,
      405.0,
      0.0,
      0.0,
      1.0,
      0.0,
      1.0,
      1.0,
      0.0,
      12.0
    ],
    [
      591.0,
      1.0,
      304.0,
      19.0,
      25.0,
      22.0,
      31.0,
      6.0,
      1.0,
      0.0
    ],
    [
      401.0,
      0.0,
      18.0,
      426.0,
      18.0,
      65.0,
      53.0,
      16.0,
      2.0,
      1.0
    ],
    [
      398.0,
      0.0,
      11.0,
      17.0,
      488.0,
      11.0,
      36.0,
      39.0,
      0.0,
      0.0
    ],
    [
      265.0,
      0.0,
      9.0,
      57.0,
      12.0,
      600.0,
      22.0,
      33.0,
      0.0,
      2.0
    ],
    [
      124.0,
      1.0,
      17.0,
      19.0,
      5.0,
      8.0,
      821.0,
      2.0,
      2.0,
      1.0
    ],
    [
      274.0,
      0.0,
      4.0,
      6.0,
      11.0,
      16.0,
      2.0,
      687.0,
      0.0,
      0.0
    ],
    [
      921.0,
      1.0,
      1.0,
      0.0,
      0.0,
      1.0,
      1.0,
      0.0,
      73.0,
      2.0
    ],
    [
      572.0,
      5.0,
      2.0,
      1.0,
      0.0,
      0.0,
      2.0,
      1.0,
      1.0,
      416.0
    ]
  ],
  "classRecall": [
    0.9990000128746033,
    0.4050000011920929,
    0.30399999022483826,
    0.4259999990463257,
    0.4880000054836273,
    0.6000000238418579,
    0.8209999799728394,
    0.6869999766349792,
    0.0729999989271164,
    0.41600000858306885
  ],
  "classPrecision": [
    0.19492682814598083,
    0.980629563331604,
    0.8306010961532593,
    0.7802197933197021,
    0.8714285492897034,
    0.8298755288124084,
    0.8472652435302734,
    0.8751592636108398,
    0.9240506291389465,
    0.9585253596305847
  ],
  "classes": [
    "plane",
    "car",
    "bird",
    "cat",
    "deer",
    "dog",
    "frog",
    "horse",
    "ship",
    "truck"
  ]
}