{
  "name": "model",
  "metrics": {
    "train_loss": [
      4.783381409943104,
      4.3987984230572525,
      5.263800108297304,
      4.305519815873016,
      4.987162148410624,
      5.708581157706001,
      5.70286301387982,
      4.447095873680982,
      6.725729244676503,
      5.015156239271164,
      5.757014693184332,
      8.08976773917675
    ],
    "train_accuracy": [
      0.21095555555555556,
      0.26295555555555555,
      0.27895555555555557,
      0.2938,
      0.35202222222222224,
      0.34171111111111113,
      0.3937777777777778,
      0.4134888888888889,
      0.3624888888888889,
      0.42013333333333336,
      0.4076444444444444,
      0.34495555555555557
    ],
    "val_loss": [
      4.7518819093704225,
      4.327359366416931,
      5.261895251274109,
      4.500967526435852,
      5.0899189710617065,
      6.058511674404144,
      6.125880289077759,
      4.703827467560768,
      7.4196879982948305,
      5.702606093883515,
      6.5933590769767765,
      9.076505947113038
    ],
    "val_accuracy": [
      0.216,
      0.2534,
      0.2686,
      0.2798,
      0.327,
      0.3206,
      0.3642,
      0.374,
      0.3238,
      0.381,
      0.3594,
      0.3034
    ]
  },
  "accuracy": 0.304,
  "confusion": [
    [
      1000.0,
      0.0,
      0.0,
      0.0,
      0.0,
      0.0,
      0.0,
      0.0,
      0.0,
      0.0
    ],
    [
      761.0,
      231.0,
      0.0,
      2.0,
      0.0,
      0.0,
      2.0,
      1.0,
      2.0,
      1.0
    ],
    [
      924.0,
      0.0,
      59.0,
      0.0,
      5.0,
      3.0,
      9.0,
      0.0,
      0.0,
      0.0
    ],
    [
      751.0,
      0.0,
      10.0,
      206.0,
      6.0,
      16.0,
      9.0,
      2.0,
      0.0,
      0.0
    ],
    [
      619.0,
      0.0,
      7.0,
      16.0,
      333.0,
      8.0,
      11.0,
      6.0,
      0.0,
      0.0
    ],
    [
      695.0,
      0.0,
      2.0,
      34.0,
      7.0,
      256.0,
      4.0,
      2.0,
      0.0,
      0.0
    ],
    [
      459.0,
      0.0,
      5.0,
      11.0,
      1.0,
      1.0,
      523.0,
      0.0,
      0.0,
      0.0
    ],
    [
      656.0,
      0.0,
      1.0,
      6.0,
      10.0,
      10.0,
      0.0,
      317.0,
      0.0,
      0.0
    ],
    [
      949.0,
      0.0,
      0.0,
      0.0,
      0.0,
      0.0,
      0.0,
      0.0,
      51.0,
      0.0
    ],
    [
      930.0,
      4.0,
      1.0,
      0.0,
      0.0,
      1.0,
      0.0,
      0.0,
      0.0,
      64.0
    ]
  ],
  "classRecall": [
    1.0,
    0.23100000619888306,
    0.05900000035762787,
    0.20600000023841858,
    0.3330000042915344,
    0.25600001215934753,
    0.5230000019073486,
    0.31700000166893005,
    0.050999999046325684,
    0.06400000303983688
  ],
  "classPrecision": [
    0.1291322261095047,
    0.9829787015914917,
    0.6941176652908325,
    0.7490909099578857,
    0.919889509677887,
    0.8677965998649597,
    0.9372760057449341,
    0.9664633870124817,
    0.9622641801834106,
    0.9846153855323792
  ],
  "classes": [
    "plane",
    "car",
    "bird",
    "cat",
    "deer",
    "dog",
    "frog",
    "horse",
    "ship",
    "truck"
  ]
}