{
  "name": "model",
  "metrics": {
    "train_loss": [
      1.481158622963862,
      1.1628650328652426,
      1.2188629032197325,
      0.9600334876978939,
      1.6069605079564182,
      1.1888360475951976,
      0.9269559869373386,
      1.1045771141282537,
      0.9727155244485899,
      1.3436370720578865,
      0.7609359844672409,
      0.8009151723235846
    ],
    "train_accuracy": [
      0.4652222222222222,
      0.5788,
      0.6123333333333333,
      0.6943111111111111,
      0.6007111111111111,
      0.6586,
      0.7448222222222223,
      0.7098444444444444,
      0.7657111111111111,
      0.7285111111111111,
      0.8322444444444445,
      0.8301333333333333
    ],
    "val_loss": [
      1.4693323254585267,
      1.1750406488776206,
      1.2814928084611892,
      1.0672522470355035,
      1.7248325809836387,
      1.3629646390676498,
      1.210603941977024,
      1.4729829788208009,
      1.4237041160464288,
      1.8383809372782707,
      1.3333118543028832,
      1.5324568822979927
    ],
    "val_accuracy": [
      0.4636,
      0.57,
      0.5978,
      0.6636,
      0.5606,
      0.613,
      0.6818,
      0.6412,
      0.6734,
      0.6426,
      0.7224,
      0.722
    ]
  },
  "accuracy": 0.7197,
  "confusion": [
    [
      983.0,
      0.0,
      0.0,
      7.0,
      2.0,
      0.0,
      1.0,
      0.0,
      6.0,
      1.0
    ],
    [
      277.0,
      647.0,
      0.0,
      4.0,
      1.0,
      6.0,
      5.0,
      0.0,
      20.0,
      40.0
    ],
    [
      405.0,
      0.0,
      401.0,
      53.0,
      45.0,
      52.0,
      32.0,
      10.0,
      2.0,
      0.0
    ],
    [
      109.0,
      0.0,
      8.0,
      692.0,
      38.0,
      100.0,
      34.0,
      11.0,
      5.0,
      3.0
    ],
    [
      117.0,
      1.0,
      19.0,
      59.0,
      737.0,
      26.0,
      22.0,
      18.0,
      1.0,
      0.0
    ],
    [
      46.0,
      0.0,
      7.0,
      136.0,
      27.0,
      763.0,
      5.0,
      15.0,
      1.0,
      0.0
    ],
    [
      64.0,
      0.0,
      21.0,
      53.0,
      20.0,
      14.0,
      822.0,
      1.0,
      5.0,
      0.0
    ],
    [
      112.0,
      0.0,
      4.0,
      37.0,
      50.0,
      49.0,
      1.0,
      747.0,
      0.0,
      0.0
    ],
    [
      293.0,
      1.0,
      0.0,
      9.0,
      1.0,
      4.0,
      2.0,
      4.0,
      680.0,
      6.0
    ],
    [
      216.0,
      16.0,
      2.0,
      20.0,
      2.0,
      3.0,
      4.0,
      2.0,
      10.0,
      725.0
    ]
  ],
  "classRecall": [
    0.9829999804496765,
    0.6470000147819519,
    0.4009999930858612,
    0.6919999718666077,
    0.7369999885559082,
    0.7630000114440918,
    0.8220000267028809,
    0.746999979019165,
    0.6800000071525574,
    0.7250000238418579
  ],
  "classPrecision": [
    0.37490466237068176,
    0.9729323387145996,
    0.8679653406143188,
    0.6467289924621582,
    0.7984831929206848,
    0.7502458095550537,
    0.8857758641242981,
    0.9245049357414246,
    0.931506872177124,
    0.9354838728904724
  ],
  "classes": [
    "plane",
    "car",
    "bird",
    "cat",
    "deer",
    "dog",
    "frog",
    "horse",
    "ship",
    "truck"
  ]
}