{
  "name": "model",
  "metrics": {
    "train_loss": [
      3.940718496387655,
      4.332424624399706,
      5.694676378911192,
      5.5556287562305275,
      6.917579611594027,
      5.608023682778532,
      5.848297875035893,
      6.975382937626406,
      8.416986801407553,
      7.3601274801926175,
      5.627861455760219,
      6.044644779779694
    ],
    "train_accuracy": [
      0.14113333333333333,
      0.3138222222222222,
      0.2751111111111111,
      0.24662222222222221,
      0.19773333333333334,
      0.3538222222222222,
      0.3095333333333333,
      0.3693777777777778,
      0.25537777777777776,
      0.3942,
      0.4340222222222222,
      0.4528888888888889
    ],
    "val_loss": [
      4.002546590566635,
      4.457744574546814,
      5.911482584476471,
      5.65660707950592,
      7.17303581237793,
      6.102253723144531,
      6.210857510566711,
      7.41984190940857,
      8.892760157585144,
      7.941706812381744,
      6.325313484668731,
      6.84313395023346
    ],
    "val_accuracy": [
      0.1392,
      0.3086,
      0.272,
      0.2358,
      0.1986,
      0.3404,
      0.297,
      0.3442,
      0.2438,
      0.3638,
      0.3982,
      0.403
    ]
  },
  "accuracy": 0.3953,
  "confusion": [
    [
      1000.0,
      0.0,
      0.0,
      0.0,
      0.0,
      0.0,
      0.0,
      0.0,
      0.0,
      0.0
    ],
    [
      645.0,
      341.0,
      0.0,
      0.0,
      0.0,
      0.0,
      6.0,
      1.0,
      1.0,
      6.0
    ],
    [
      662.0,
      0.0,
      284.0,
      9.0,
      7.0,
      11.0,
      23.0,
      3.0,
      0.0,
      1.0
    ],
    [
      520.0,
      0.0,
      23.0,
      334.0,
      8.0,
      75.0,
      39.0,
      0.0,
      0.0,
      1.0
    ],
    [
      582.0,
      0.0,
      28.0,
      11.0,
      322.0,
      14.0,
      35.0,
      8.0,
      0.0,
      0.0
    ],
    [
      553.0,
      0.0,
      13.0,
      21.0,
      4.0,
      396.0,
      6.0,
      7.0,
      0.0,
      0.0
    ],
    [
      205.0,
      0.0,
      15.0,
      15.0,
      2.0,
      2.0,
      761.0,
      0.0,
      0.0,
      0.0
    ],
    [
      653.0,
      0.0,
      8.0,
      7.0,
      6.0,
      14.0,
      2.0,
      309.0,
      0.0,
      1.0
    ],
    [
      985.0,
      0.0,
      1.0,
      3.0,
      0.0,
      0.0,
      0.0,
      0.0,
      11.0,
      0.0
    ],
    [
      797.0,
      1.0,
      0.0,
      0.0,
      0.0,
      1.0,
      5.0,
      0.0,
      1.0,
      195.0
    ]
  ],
  "classRecall": [
    1.0,
    0.3409999907016754,
    0.2840000092983246,
    0.33399999141693115,
    0.32199999690055847,
    0.3959999978542328,
    0.7609999775886536,
    0.3089999854564667,
    0.010999999940395355,
    0.19499999284744263
  ],
  "classPrecision": [
    0.15146924555301666,
    0.9970760345458984,
    0.7634408473968506,
    0.8349999785423279,
    0.922636091709137,
    0.7719298005104065,
    0.8677309155464172,
    0.9420731663703918,
    0.8461538553237915,
    0.9558823704719543
  ],
  "classes": [
    "plane",
    "car",
    "bird",
    "cat",
    "deer",
    "dog",
    "frog",
    "horse",
    "ship",
    "truck"
  ]
}