{
  "name": "model",
  "metrics": {
    "train_loss": [
      1.6810681297315806,
      3.501439308103227,
      4.841258855792583,
      7.019697326054505,
      8.298645576594565
    ],
    "train_accuracy": [
      0.5160740740740741,
      0.2910740740740741,
      0.3111481481481482,
      0.28974074074074074,
      0.2828333333333333
    ],
    "val_loss": [
      1.6509919800656907,
      3.479929690665387,
      4.788328743995504,
      6.948990314564806,
      8.244962134259813
    ],
    "val_accuracy": [
      0.5255,
      0.29233333333333333,
      0.31116666666666665,
      0.2905,
      0.2828333333333333
    ]
  },
  "accuracy": 0.2839,
  "confusion": [
    [
      980.0,
      0.0,
      0.0,
      0.0,
      0.0,
      0.0,
      0.0,
      0.0,
      0.0,
      0.0
    ],
    [
      21.0,
      1114.0,
      0.0,
      0.0,
      0.0,
      0.0,
      0.0,
      0.0,
      0.0,
      0.0
    ],
    [
      1032.0,
      0.0,
      0.0,
      0.0,
      0.0,
      0.0,
      0.0,
      0.0,
      0.0,
      0.0
    ],
    [
      265.0,
      0.0,
      0.0,
      745.0,
      0.0,
      0.0,
      0.0,
      0.0,
      0.0,
      0.0
    ],
    [
      982.0,
      0.0,
      0.0,
      0.0,
      0.0,
      0.0,
      0.0,
      0.0,
      0.0,
      0.0
    ],
    [
      892.0,
      0.0,
      0.0,
      0.0,
      0.0,
      0.0,
      0.0,
      0.0,
      0.0,
      0.0
    ],
    [
      956.0,
      2.0,
      0.0,
      0.0,
      0.0,
      0.0,
      0.0,
      0.0,
      0.0,
      0.0
    ],
    [
      1028.0,
      0.0,
      0.0,
      0.0,
      0.0,
      0.0,
      0.0,
      0.0,
      0.0,
      0.0
    ],
    [
      973.0,
      1.0,
      0.0,
      0.0,
      0.0,
      0.0,
      0.0,
      0.0,
      0.0,
      0.0
    ],
    [
      1007.0,
      2.0,
      0.0,
      0.0,
      0.0,
      0.0,
      0.0,
      0.0,
      0.0,
      0.0
    ]
  ],
  "classRecall": [
    1.0,
    0.9814978241920471,
    0.0,
    0.7376237511634827,
    0.0,
    0.0,
    0.0,
    0.0,
    0.0,
    0.0
  ],
  "classPrecision": [
    0.12045230716466904,
    0.9955317378044128,
    NaN,
    1.0,
    NaN,
    NaN,
    NaN,
    NaN,
    NaN,
    NaN
  ],
  "classes": [
    0,
    1,
    2,
    3,
    4,
    5,
    6,
    7,
    8,
    9
  ]
}