{
  "name": "model",
  "metrics": {
    "train_loss": [
      6.019391878084703,
      4.080220757560297,
      4.299444019794464,
      6.359544657848098,
      4.7804795557802375,
      5.929186527024616,
      5.435331356796351,
      6.863531722263857,
      6.447820712219585,
      6.096865406090563,
      6.054520635442301,
      6.694508148865267
    ],
    "train_accuracy": [
      0.10855555555555556,
      0.23524444444444445,
      0.2992666666666667,
      0.24497777777777777,
      0.3096888888888889,
      0.3108444444444444,
      0.39268888888888887,
      0.3258,
      0.3586666666666667,
      0.3834666666666667,
      0.4177111111111111,
      0.38653333333333334
    ],
    "val_loss": [
      6.033911466598511,
      4.1113465487957,
      4.278638011217117,
      6.483263921737671,
      4.870237791538239,
      6.021153828501701,
      5.638855463266372,
      7.162012732028961,
      6.986266303062439,
      6.745504438877106,
      6.682651853561401,
      7.43834947347641
    ],
    "val_accuracy": [
      0.1078,
      0.2456,
      0.3004,
      0.2382,
      0.3006,
      0.2956,
      0.3742,
      0.3098,
      0.3344,
      0.3594,
      0.3852,
      0.3502
    ]
  },
  "accuracy": 0.3393,
  "confusion": [
    [
      999.0,
      0.0,
      0.0,
      0.0,
      1.0,
      0.0,
      0.0,
      0.0,
      0.0,
      0.0
    ],
    [
      689.0,
      290.0,
      0.0,
      1.0,
      1.0,
      0.0,
      6.0,
      0.0,
      3.0,
      10.0
    ],
    [
      921.0,
      0.0,
      56.0,
      4.0,
      9.0,
      1.0,
      9.0,
      0.0,
      0.0,
      0.0
    ],
    [
      652.0,
      0.0,
      1.0,
      289.0,
      13.0,
      9.0,
      31.0,
      3.0,
      1.0,
      1.0
    ],
    [
      568.0,
      0.0,
      3.0,
      8.0,
      403.0,
      1.0,
      15.0,
      2.0,
      0.0,
      0.0
    ],
    [
      822.0,
      0.0,
      1.0,
      29.0,
      14.0,
      125.0,
      6.0,
      3.0,
      0.0,
      0.0
    ],
    [
      404.0,
      0.0,
      2.0,
      4.0,
      8.0,
      0.0,
      582.0,
      0.0,
      0.0,
      0.0
    ],
    [
      527.0,
      0.0,
      1.0,
      4.0,
      34.0,
      7.0,
      0.0,
      427.0,
      0.0,
      0.0
    ],
    [
      967.0,
      0.0,
      0.0,
      0.0,
      0.0,
      0.0,
      1.0,
      1.0,
      31.0,
      0.0
    ],
    [
      801.0,
      6.0,
      0.0,
      0.0,
      1.0,
      0.0,
      1.0,
      0.0,
      0.0,
      191.0
    ]
  ],
  "classRecall": [
    0.9990000128746033,
    0.28999999165534973,
    0.0560000017285347,
    0.289000004529953,
    0.40299999713897705,
    0.125,
    0.5820000171661377,
    0.4269999861717224,
    0.03099999949336052,
    0.19099999964237213
  ],
  "classPrecision": [
    0.13591836392879486,
    0.9797297120094299,
    0.875,
    0.8525073528289795,
    0.8326446413993835,
    0.8741258978843689,
    0.8940092325210571,
    0.9793577790260315,
    0.8857142925262451,
    0.9455445408821106
  ],
  "classes": [
    "plane",
    "car",
    "bird",
    "cat",
    "deer",
    "dog",
    "frog",
    "horse",
    "ship",
    "truck"
  ]
}