{
  "name": "model",
  "metrics": {
    "train_loss": [
      8.50756479257887,
      7.394435869021849,
      11.439786111766642,
      10.711470034989444,
      13.12492397698489,
      13.759313336827539,
      14.890738928859884,
      14.260289999571713,
      14.38576729460196,
      22.735930242321707,
      21.769730725071646,
      13.520359930667011
    ],
    "train_accuracy": [
      0.12355555555555556,
      0.15902222222222223,
      0.10868888888888889,
      0.10297777777777778,
      0.10537777777777778,
      0.10751111111111111,
      0.10517777777777777,
      0.12553333333333333,
      0.1293111111111111,
      0.10388888888888889,
      0.12531111111111112,
      0.19697777777777778
    ],
    "val_loss": [
      8.650907754898071,
      7.459784710407257,
      11.746919989585876,
      10.85924072265625,
      13.413121318817138,
      14.117572712898255,
      15.378118419647217,
      14.958125615119934,
      14.860386729240417,
      23.3948543548584,
      22.846391677856445,
      14.533068656921387
    ],
    "val_accuracy": [
      0.1168,
      0.1546,
      0.105,
      0.0966,
      0.0976,
      0.0998,
      0.0976,
      0.1202,
      0.123,
      0.0988,
      0.119,
      0.1794
    ]
  },
  "accuracy": 0.1795,
  "confusion": [
    [
      1000.0,
      0.0,
      0.0,
      0.0,
      0.0,
      0.0,
      0.0,
      0.0,
      0.0,
      0.0
    ],
    [
      1000.0,
      0.0,
      0.0,
      0.0,
      0.0,
      0.0,
      0.0,
      0.0,
      0.0,
      0.0
    ],
    [
      991.0,
      0.0,
      6.0,
      1.0,
      1.0,
      1.0,
      0.0,
      0.0,
      0.0,
      0.0
    ],
    [
      882.0,
      0.0,
      1.0,
      102.0,
      0.0,
      11.0,
      3.0,
      1.0,
      0.0,
      0.0
    ],
    [
      961.0,
      0.0,
      0.0,
      2.0,
      34.0,
      1.0,
      0.0,
      2.0,
      0.0,
      0.0
    ],
    [
      717.0,
      0.0,
      1.0,
      12.0,
      0.0,
      266.0,
      0.0,
      4.0,
      0.0,
      0.0
    ],
    [
      843.0,
      0.0,
      0.0,
      4.0,
      0.0,
      0.0,
      153.0,
      0.0,
      0.0,
      0.0
    ],
    [
      769.0,
      0.0,
      1.0,
      2.0,
      3.0,
      3.0,
      0.0,
      222.0,
      0.0,
      0.0
    ],
    [
      999.0,
      0.0,
      0.0,
      0.0,
      0.0,
      0.0,
      0.0,
      0.0,
      1.0,
      0.0
    ],
    [
      989.0,
      0.0,
      0.0,
      0.0,
      0.0,
      0.0,
      0.0,
      0.0,
      0.0,
      11.0
    ]
  ],
  "classRecall": [
    1.0,
    0.0,
    0.006000000052154064,
    0.10199999809265137,
    0.03400000184774399,
    0.26600000262260437,
    0.15299999713897705,
    0.22200000286102295,
    0.0010000000474974513,
    0.010999999940395355
  ],
  "classPrecision": [
    0.10927767306566238,
    NaN,
    0.6666666865348816,
    0.8292682766914368,
    0.8947368264198303,
    0.9432623982429504,
    0.9807692170143127,
    0.9694322943687439,
    1.0,
    1.0
  ],
  "classes": [
    "plane",
    "car",
    "bird",
    "cat",
    "deer",
    "dog",
    "frog",
    "horse",
    "ship",
    "truck"
  ]
}