{
  "name": "model",
  "metrics": {
    "train_loss": [
      5.453065297820351,
      6.446871456774798,
      6.855547548695044,
      7.991687838326801,
      11.844498363408176,
      11.887563545595516,
      9.56934291259809,
      11.126839014616879,
      9.804494662718339,
      13.042765048417179,
      15.095538570122285,
      19.268707725134764
    ],
    "train_accuracy": [
      0.13991111111111112,
      0.1532,
      0.18444444444444444,
      0.14915555555555557,
      0.15566666666666668,
      0.12606666666666666,
      0.2018,
      0.18175555555555556,
      0.23091111111111112,
      0.20624444444444445,
      0.19268888888888888,
      0.15095555555555557
    ],
    "val_loss": [
      5.500621402263642,
      6.554262888431549,
      7.079988741874695,
      8.150777959823609,
      12.260006308555603,
      12.286319518089295,
      9.881155180931092,
      11.552079057693481,
      10.605189442634583,
      13.71393530368805,
      16.088741874694826,
      20.098927855491638
    ],
    "val_accuracy": [
      0.1334,
      0.1424,
      0.1792,
      0.144,
      0.1508,
      0.1192,
      0.1906,
      0.1682,
      0.2156,
      0.1824,
      0.178,
      0.1402
    ]
  },
  "accuracy": 0.1471,
  "confusion": [
    [
      1000.0,
      0.0,
      0.0,
      0.0,
      0.0,
      0.0,
      0.0,
      0.0,
      0.0,
      0.0
    ],
    [
      992.0,
      8.0,
      0.0,
      0.0,
      0.0,
      0.0,
      0.0,
      0.0,
      0.0,
      0.0
    ],
    [
      988.0,
      0.0,
      9.0,
      0.0,
      0.0,
      1.0,
      2.0,
      0.0,
      0.0,
      0.0
    ],
    [
      951.0,
      0.0,
      0.0,
      48.0,
      0.0,
      0.0,
      1.0,
      0.0,
      0.0,
      0.0
    ],
    [
      993.0,
      0.0,
      0.0,
      1.0,
      6.0,
      0.0,
      0.0,
      0.0,
      0.0,
      0.0
    ],
    [
      849.0,
      0.0,
      2.0,
      5.0,
      1.0,
      141.0,
      0.0,
      2.0,
      0.0,
      0.0
    ],
    [
      757.0,
      0.0,
      1.0,
      1.0,
      0.0,
      0.0,
      241.0,
      0.0,
      0.0,
      0.0
    ],
    [
      982.0,
      0.0,
      0.0,
      0.0,
      0.0,
      0.0,
      0.0,
      18.0,
      0.0,
      0.0
    ],
    [
      1000.0,
      0.0,
      0.0,
      0.0,
      0.0,
      0.0,
      0.0,
      0.0,
      0.0,
      0.0
    ],
    [
      1000.0,
      0.0,
      0.0,
      0.0,
      0.0,
      0.0,
      0.0,
      0.0,
      0.0,
      0.0
    ]
  ],
  "classRecall": [
    1.0,
    0.00800000037997961,
    0.008999999612569809,
    0.04800000041723251,
    0.006000000052154064,
    0.14100000262260437,
    0.2409999966621399,
    0.017999999225139618,
    0.0,
    0.0
  ],
  "classPrecision": [
    0.10513035953044891,
    1.0,
    0.75,
    0.8727272748947144,
    0.8571428656578064,
    0.9929577708244324,
    0.9877049326896667,
    0.8999999761581421,
    NaN,
    NaN
  ],
  "classes": [
    "plane",
    "car",
    "bird",
    "cat",
    "deer",
    "dog",
    "frog",
    "horse",
    "ship",
    "truck"
  ]
}