{
  "name": "model",
  "metrics": {
    "train_loss": [
      0.44984944115317826,
      0.9475026055817356,
      1.4383759392663766,
      1.4312335564909389,
      2.6184595427806907
    ],
    "train_accuracy": [
      0.8250740740740741,
      0.6713333333333333,
      0.6436296296296297,
      0.7065185185185185,
      0.48966666666666664
    ],
    "val_loss": [
      0.4590798362772516,
      0.9545498401560681,
      1.437200609673845,
      1.4437509039615064,
      2.6363131898514767
    ],
    "val_accuracy": [
      0.8238333333333333,
      0.6788333333333333,
      0.6516666666666666,
      0.7101666666666666,
      0.4945
    ]
  },
  "accuracy": 0.4854,
  "confusion": [
    [
      980.0,
      0.0,
      0.0,
      0.0,
      0.0,
      0.0,
      0.0,
      0.0,
      0.0,
      0.0
    ],
    [
      17.0,
      1116.0,
      0.0,
      1.0,
      0.0,
      1.0,
      0.0,
      0.0,
      0.0,
      0.0
    ],
    [
      1032.0,
      0.0,
      0.0,
      0.0,
      0.0,
      0.0,
      0.0,
      0.0,
      0.0,
      0.0
    ],
    [
      114.0,
      0.0,
      0.0,
      882.0,
      0.0,
      14.0,
      0.0,
      0.0,
      0.0,
      0.0
    ],
    [
      832.0,
      0.0,
      0.0,
      0.0,
      145.0,
      0.0,
      0.0,
      0.0,
      0.0,
      5.0
    ],
    [
      659.0,
      0.0,
      0.0,
      1.0,
      0.0,
      232.0,
      0.0,
      0.0,
      0.0,
      0.0
    ],
    [
      956.0,
      2.0,
      0.0,
      0.0,
      0.0,
      0.0,
      0.0,
      0.0,
      0.0,
      0.0
    ],
    [
      830.0,
      7.0,
      0.0,
      0.0,
      0.0,
      0.0,
      0.0,
      190.0,
      0.0,
      1.0
    ],
    [
      263.0,
      0.0,
      0.0,
      0.0,
      0.0,
      0.0,
      0.0,
      1.0,
      710.0,
      0.0
    ],
    [
      404.0,
      3.0,
      0.0,
      1.0,
      2.0,
      0.0,
      0.0,
      0.0,
      0.0,
      599.0
    ]
  ],
  "classRecall": [
    1.0,
    0.983259916305542,
    0.0,
    0.8732673525810242,
    0.1476578414440155,
    0.2600896954536438,
    0.0,
    0.1848248988389969,
    0.7289527654647827,
    0.5936570763587952
  ],
  "classPrecision": [
    0.1609988510608673,
    0.9893617033958435,
    NaN,
    0.996610164642334,
    0.9863945841789246,
    0.9392712712287903,
    NaN,
    0.9947643876075745,
    1.0,
    0.9900826215744019
  ],
  "classes": [
    0,
    1,
    2,
    3,
    4,
    5,
    6,
    7,
    8,
    9
  ]
}