{
  "name": "model",
  "metrics": {
    "train_loss": [
      4.642881392755291,
      4.667238859290427,
      4.409720141779292,
      4.999653867699883,
      3.274688144299117,
      4.2381176074797455,
      4.868408005345952,
      5.569708150896159,
      5.446619331159375,
      7.108190670609474,
      3.9470030787316235,
      3.9217230169610544
    ],
    "train_accuracy": [
      0.2243777777777778,
      0.2626888888888889,
      0.29213333333333336,
      0.2796222222222222,
      0.4362,
      0.3587111111111111,
      0.36046666666666666,
      0.30804444444444445,
      0.407,
      0.3626666666666667,
      0.523,
      0.5696666666666667
    ],
    "val_loss": [
      4.768452531099319,
      4.844005584716797,
      4.584955221414566,
      5.274097883701325,
      3.514840120077133,
      4.612402486801147,
      5.150808674097061,
      6.014333486557007,
      6.0954229772090915,
      7.77133691906929,
      4.72950730919838,
      4.8116524577140805
    ],
    "val_accuracy": [
      0.2182,
      0.2544,
      0.2748,
      0.2696,
      0.4048,
      0.3368,
      0.3408,
      0.2804,
      0.3656,
      0.3322,
      0.4588,
      0.4838
    ]
  },
  "accuracy": 0.4924,
  "confusion": [
    [
      997.0,
      0.0,
      0.0,
      3.0,
      0.0,
      0.0,
      0.0,
      0.0,
      0.0,
      0.0
    ],
    [
      733.0,
      257.0,
      0.0,
      2.0,
      0.0,
      1.0,
      2.0,
      0.0,
      1.0,
      4.0
    ],
    [
      606.0,
      0.0,
      282.0,
      33.0,
      22.0,
      32.0,
      22.0,
      2.0,
      1.0,
      0.0
    ],
    [
      310.0,
      0.0,
      7.0,
      545.0,
      27.0,
      82.0,
      23.0,
      4.0,
      1.0,
      1.0
    ],
    [
      289.0,
      0.0,
      7.0,
      27.0,
      644.0,
      17.0,
      11.0,
      5.0,
      0.0,
      0.0
    ],
    [
      217.0,
      0.0,
      14.0,
      97.0,
      26.0,
      627.0,
      7.0,
      10.0,
      1.0,
      1.0
    ],
    [
      200.0,
      1.0,
      8.0,
      33.0,
      13.0,
      14.0,
      727.0,
      1.0,
      2.0,
      1.0
    ],
    [
      269.0,
      0.0,
      2.0,
      12.0,
      34.0,
      52.0,
      0.0,
      631.0,
      0.0,
      0.0
    ],
    [
      932.0,
      2.0,
      0.0,
      4.0,
      0.0,
      1.0,
      1.0,
      1.0,
      57.0,
      2.0
    ],
    [
      837.0,
      2.0,
      0.0,
      2.0,
      0.0,
      0.0,
      2.0,
      0.0,
      0.0,
      157.0
    ]
  ],
  "classRecall": [
    0.996999979019165,
    0.25699999928474426,
    0.28200000524520874,
    0.5450000166893005,
    0.6439999938011169,
    0.6269999742507935,
    0.7269999980926514,
    0.6309999823570251,
    0.05700000002980232,
    0.15700000524520874
  ],
  "classPrecision": [
    0.18497216701507568,
    0.9809160232543945,
    0.8812500238418579,
    0.7189973592758179,
    0.8407310843467712,
    0.7590798735618591,
    0.9144654273986816,
    0.9648318290710449,
    0.9047619104385376,
    0.9457831382751465
  ],
  "classes": [
    "plane",
    "car",
    "bird",
    "cat",
    "deer",
    "dog",
    "frog",
    "horse",
    "ship",
    "truck"
  ]
}