{
  "name": "model",
  "metrics": {
    "train_loss": [
      3.908796111291105,
      3.551828569309278,
      3.388791445304047,
      3.6292209191755815,
      4.378701176833022,
      5.458820765668696,
      4.394030715931546,
      3.6832067140124063,
      5.735817034136165,
      5.27503372525627,
      5.854230968789621,
      5.623058399693533
    ],
    "train_accuracy": [
      0.19913333333333333,
      0.22188888888888889,
      0.3254444444444444,
      0.2972222222222222,
      0.29602222222222224,
      0.3158,
      0.3362888888888889,
      0.41846666666666665,
      0.3564222222222222,
      0.41344444444444445,
      0.4070666666666667,
      0.43495555555555554
    ],
    "val_loss": [
      3.879678863286972,
      3.5059929847717286,
      3.381151908636093,
      3.7176593542099,
      4.550991702079773,
      5.65864200592041,
      4.683278346061707,
      4.039298152923584,
      6.277266168594361,
      5.902571225166321,
      6.823031401634216,
      6.509378015995026
    ],
    "val_accuracy": [
      0.2002,
      0.2262,
      0.3308,
      0.2896,
      0.2834,
      0.297,
      0.318,
      0.3822,
      0.3312,
      0.3732,
      0.3636,
      0.3794
    ]
  },
  "accuracy": 0.3844,
  "confusion": [
    [
      999.0,
      0.0,
      0.0,
      1.0,
      0.0,
      0.0,
      0.0,
      0.0,
      0.0,
      0.0
    ],
    [
      636.0,
      361.0,
      0.0,
      3.0,
      0.0,
      0.0,
      0.0,
      0.0,
      0.0,
      0.0
    ],
    [
      773.0,
      2.0,
      161.0,
      10.0,
      19.0,
      9.0,
      26.0,
      0.0,
      0.0,
      0.0
    ],
    [
      563.0,
      1.0,
      9.0,
      359.0,
      17.0,
      32.0,
      17.0,
      2.0,
      0.0,
      0.0
    ],
    [
      517.0,
      0.0,
      5.0,
      24.0,
      429.0,
      4.0,
      15.0,
      6.0,
      0.0,
      0.0
    ],
    [
      523.0,
      0.0,
      5.0,
      53.0,
      15.0,
      391.0,
      5.0,
      8.0,
      0.0,
      0.0
    ],
    [
      370.0,
      0.0,
      1.0,
      22.0,
      5.0,
      6.0,
      596.0,
      0.0,
      0.0,
      0.0
    ],
    [
      639.0,
      0.0,
      2.0,
      3.0,
      9.0,
      4.0,
      0.0,
      343.0,
      0.0,
      0.0
    ],
    [
      866.0,
      0.0,
      1.0,
      6.0,
      0.0,
      0.0,
      4.0,
      1.0,
      121.0,
      1.0
    ],
    [
      900.0,
      14.0,
      0.0,
      1.0,
      0.0,
      0.0,
      1.0,
      0.0,
      0.0,
      84.0
    ]
  ],
  "classRecall": [
    0.9990000128746033,
    0.3610000014305115,
    0.16099999845027924,
    0.35899999737739563,
    0.42899999022483826,
    0.39100000262260437,
    0.5960000157356262,
    0.34299999475479126,
    0.12099999934434891,
    0.08399999886751175
  ],
  "classPrecision": [
    0.1472148597240448,
    0.9550264477729797,
    0.875,
    0.7448132634162903,
    0.8684210777282715,
    0.8766816258430481,
    0.8975903391838074,
    0.9527778029441833,
    1.0,
    0.9882352948188782
  ],
  "classes": [
    "plane",
    "car",
    "bird",
    "cat",
    "deer",
    "dog",
    "frog",
    "horse",
    "ship",
    "truck"
  ]
}