{
  "name": "model",
  "metrics": {
    "train_loss": [
      4.468777201392434,
      5.100135016170415,
      6.417445413090966,
      5.974804015322165,
      6.049532749436119,
      6.976711798797954,
      7.392557427287102,
      10.486517017537897,
      8.37548584423282,
      11.086729101159357,
      6.731142837892879,
      16.708439832383934
    ],
    "train_accuracy": [
      0.16048888888888888,
      0.1834888888888889,
      0.19913333333333333,
      0.2683333333333333,
      0.30077777777777776,
      0.22924444444444445,
      0.24735555555555555,
      0.2014,
      0.3084222222222222,
      0.2452,
      0.3941777777777778,
      0.17366666666666666
    ],
    "val_loss": [
      4.571801495552063,
      5.253012192249298,
      6.560101866722107,
      6.225604152679443,
      6.479509353637695,
      7.428932654857635,
      7.828025019168853,
      11.036967968940735,
      8.954894387722016,
      11.874438738822937,
      7.596280491352081,
      17.712173199653627
    ],
    "val_accuracy": [
      0.1568,
      0.1806,
      0.2012,
      0.2592,
      0.2888,
      0.2146,
      0.2386,
      0.1966,
      0.2892,
      0.2372,
      0.3546,
      0.1648
    ]
  },
  "accuracy": 0.1673,
  "confusion": [
    [
      1000.0,
      0.0,
      0.0,
      0.0,
      0.0,
      0.0,
      0.0,
      0.0,
      0.0,
      0.0
    ],
    [
      939.0,
      60.0,
      0.0,
      0.0,
      0.0,
      0.0,
      1.0,
      0.0,
      0.0,
      0.0
    ],
    [
      976.0,
      0.0,
      18.0,
      0.0,
      1.0,
      0.0,
      5.0,
      0.0,
      0.0,
      0.0
    ],
    [
      984.0,
      0.0,
      0.0,
      11.0,
      1.0,
      0.0,
      3.0,
      1.0,
      0.0,
      0.0
    ],
    [
      913.0,
      0.0,
      0.0,
      0.0,
      81.0,
      1.0,
      5.0,
      0.0,
      0.0,
      0.0
    ],
    [
      958.0,
      0.0,
      0.0,
      2.0,
      1.0,
      36.0,
      1.0,
      2.0,
      0.0,
      0.0
    ],
    [
      640.0,
      0.0,
      0.0,
      0.0,
      0.0,
      0.0,
      360.0,
      0.0,
      0.0,
      0.0
    ],
    [
      897.0,
      0.0,
      0.0,
      0.0,
      1.0,
      0.0,
      1.0,
      101.0,
      0.0,
      0.0
    ],
    [
      1000.0,
      0.0,
      0.0,
      0.0,
      0.0,
      0.0,
      0.0,
      0.0,
      0.0,
      0.0
    ],
    [
      993.0,
      1.0,
      0.0,
      0.0,
      0.0,
      0.0,
      0.0,
      0.0,
      0.0,
      6.0
    ]
  ],
  "classRecall": [
    1.0,
    0.05999999865889549,
    0.017999999225139618,
    0.010999999940395355,
    0.08100000023841858,
    0.035999998450279236,
    0.36000001430511475,
    0.10100000351667404,
    0.0,
    0.006000000052154064
  ],
  "classPrecision": [
    0.10752688348293304,
    0.9836065769195557,
    1.0,
    0.8461538553237915,
    0.9529411792755127,
    0.9729729890823364,
    0.957446813583374,
    0.9711538553237915,
    NaN,
    1.0
  ],
  "classes": [
    "plane",
    "car",
    "bird",
    "cat",
    "deer",
    "dog",
    "frog",
    "horse",
    "ship",
    "truck"
  ]
}