{
  "name": "model",
  "metrics": {
    "train_loss": [
      1.0361152758813017,
      1.9067408021592416,
      2.941173002618184,
      3.734337399356173,
      4.304536627932182
    ],
    "train_accuracy": [
      0.6878888888888889,
      0.4766111111111111,
      0.3371111111111111,
      0.2970740740740741,
      0.2824814814814815
    ],
    "val_loss": [
      1.0255664498247998,
      1.8861022553545364,
      2.9243352311722774,
      3.697498458497068,
      4.2744657333861005
    ],
    "val_accuracy": [
      0.691,
      0.4805,
      0.3401666666666667,
      0.3,
      0.2838333333333333
    ]
  },
  "accuracy": 0.2827,
  "confusion": [
    [
      980.0,
      0.0,
      0.0,
      0.0,
      0.0,
      0.0,
      0.0,
      0.0,
      0.0,
      0.0
    ],
    [
      14.0,
      1120.0,
      0.0,
      0.0,
      0.0,
      0.0,
      0.0,
      0.0,
      1.0,
      0.0
    ],
    [
      1031.0,
      1.0,
      0.0,
      0.0,
      0.0,
      0.0,
      0.0,
      0.0,
      0.0,
      0.0
    ],
    [
      337.0,
      0.0,
      0.0,
      673.0,
      0.0,
      0.0,
      0.0,
      0.0,
      0.0,
      0.0
    ],
    [
      951.0,
      0.0,
      0.0,
      0.0,
      31.0,
      0.0,
      0.0,
      0.0,
      0.0,
      0.0
    ],
    [
      890.0,
      0.0,
      0.0,
      0.0,
      0.0,
      2.0,
      0.0,
      0.0,
      0.0,
      0.0
    ],
    [
      956.0,
      2.0,
      0.0,
      0.0,
      0.0,
      0.0,
      0.0,
      0.0,
      0.0,
      0.0
    ],
    [
      1021.0,
      4.0,
      0.0,
      0.0,
      0.0,
      0.0,
      0.0,
      3.0,
      0.0,
      0.0
    ],
    [
      959.0,
      0.0,
      0.0,
      0.0,
      0.0,
      0.0,
      0.0,
      0.0,
      15.0,
      0.0
    ],
    [
      1002.0,
      4.0,
      0.0,
      0.0,
      0.0,
      0.0,
      0.0,
      0.0,
      0.0,
      3.0
    ]
  ],
  "classRecall": [
    1.0,
    0.9867841601371765,
    0.0,
    0.6663366556167603,
    0.03156822919845581,
    0.0022421525791287422,
    0.0,
    0.002918287878856063,
    0.015400410629808903,
    0.002973240800201893
  ],
  "classPrecision": [
    0.12037833034992218,
    0.9902740716934204,
    NaN,
    1.0,
    1.0,
    1.0,
    NaN,
    1.0,
    0.9375,
    1.0
  ],
  "classes": [
    0,
    1,
    2,
    3,
    4,
    5,
    6,
    7,
    8,
    9
  ]
}