{
  "name": "model",
  "metrics": {
    "train_loss": [
      0.26990669365460274,
      0.3877426282771956,
      0.6432146729098112,
      0.929175882119138,
      1.2898123642844612
    ],
    "train_accuracy": [
      0.9154444444444444,
      0.8463703703703703,
      0.8311666666666667,
      0.7487222222222222,
      0.7149444444444445
    ],
    "val_loss": [
      0.2881094157061678,
      0.41971595997506,
      0.6685861311060317,
      0.9526562094688416,
      1.306870919592837
    ],
    "val_accuracy": [
      0.9085,
      0.8438333333333333,
      0.8258333333333333,
      0.7496666666666667,
      0.7183333333333334
    ]
  },
  "accuracy": 0.7089,
  "confusion": [
    [
      980.0,
      0.0,
      0.0,
      0.0,
      0.0,
      0.0,
      0.0,
      0.0,
      0.0,
      0.0
    ],
    [
      11.0,
      1121.0,
      0.0,
      1.0,
      0.0,
      0.0,
      0.0,
      0.0,
      2.0,
      0.0
    ],
    [
      709.0,
      0.0,
      321.0,
      0.0,
      0.0,
      0.0,
      0.0,
      0.0,
      1.0,
      1.0
    ],
    [
      38.0,
      0.0,
      0.0,
      960.0,
      0.0,
      5.0,
      0.0,
      0.0,
      5.0,
      2.0
    ],
    [
      59.0,
      1.0,
      0.0,
      0.0,
      907.0,
      0.0,
      0.0,
      0.0,
      0.0,
      15.0
    ],
    [
      197.0,
      0.0,
      0.0,
      14.0,
      1.0,
      678.0,
      0.0,
      0.0,
      0.0,
      2.0
    ],
    [
      955.0,
      2.0,
      0.0,
      0.0,
      1.0,
      0.0,
      0.0,
      0.0,
      0.0,
      0.0
    ],
    [
      561.0,
      12.0,
      4.0,
      1.0,
      0.0,
      0.0,
      0.0,
      439.0,
      1.0,
      10.0
    ],
    [
      241.0,
      2.0,
      0.0,
      0.0,
      3.0,
      0.0,
      0.0,
      1.0,
      725.0,
      2.0
    ],
    [
      26.0,
      6.0,
      0.0,
      6.0,
      9.0,
      3.0,
      0.0,
      0.0,
      1.0,
      958.0
    ]
  ],
  "classRecall": [
    1.0,
    0.9876651763916016,
    0.3110465109348297,
    0.9504950642585754,
    0.9236252307891846,
    0.7600896954536438,
    0.0,
    0.42704281210899353,
    0.744353175163269,
    0.9494549036026001
  ],
  "classPrecision": [
    0.25946518778800964,
    0.9798951148986816,
    0.9876922965049744,
    0.9775967597961426,
    0.9847991466522217,
    0.9883381724357605,
    NaN,
    0.9977272748947144,
    0.9863945841789246,
    0.9676767587661743
  ],
  "classes": [
    0,
    1,
    2,
    3,
    4,
    5,
    6,
    7,
    8,
    9
  ]
}