{
  "name": "model",
  "metrics": {
    "train_loss": [
      1.0928319720860342,
      2.1989507968956827,
      3.739478963246278,
      4.792155737560507,
      6.59420314671304
    ],
    "train_accuracy": [
      0.5794259259259259,
      0.44635185185185183,
      0.3410185185185185,
      0.35083333333333333,
      0.27314814814814814
    ],
    "val_loss": [
      1.0978124192420473,
      2.15438223899679,
      3.6535033976778073,
      4.700430454091823,
      6.427843560563757
    ],
    "val_accuracy": [
      0.5828333333333333,
      0.45316666666666666,
      0.3465,
      0.3495,
      0.274
    ]
  },
  "accuracy": 0.283,
  "confusion": [
    [
      980.0,
      0.0,
      0.0,
      0.0,
      0.0,
      0.0,
      0.0,
      0.0,
      0.0,
      0.0
    ],
    [
      512.0,
      623.0,
      0.0,
      0.0,
      0.0,
      0.0,
      0.0,
      0.0,
      0.0,
      0.0
    ],
    [
      1032.0,
      0.0,
      0.0,
      0.0,
      0.0,
      0.0,
      0.0,
      0.0,
      0.0,
      0.0
    ],
    [
      403.0,
      0.0,
      0.0,
      607.0,
      0.0,
      0.0,
      0.0,
      0.0,
      0.0,
      0.0
    ],
    [
      553.0,
      0.0,
      0.0,
      0.0,
      426.0,
      0.0,
      0.0,
      0.0,
      0.0,
      3.0
    ],
    [
      892.0,
      0.0,
      0.0,
      0.0,
      0.0,
      0.0,
      0.0,
      0.0,
      0.0,
      0.0
    ],
    [
      957.0,
      1.0,
      0.0,
      0.0,
      0.0,
      0.0,
      0.0,
      0.0,
      0.0,
      0.0
    ],
    [
      1028.0,
      0.0,
      0.0,
      0.0,
      0.0,
      0.0,
      0.0,
      0.0,
      0.0,
      0.0
    ],
    [
      974.0,
      0.0,
      0.0,
      0.0,
      0.0,
      0.0,
      0.0,
      0.0,
      0.0,
      0.0
    ],
    [
      810.0,
      1.0,
      0.0,
      0.0,
      4.0,
      0.0,
      0.0,
      0.0,
      0.0,
      194.0
    ]
  ],
  "classRecall": [
    1.0,
    0.5488986968994141,
    0.0,
    0.6009901165962219,
    0.4338085651397705,
    0.0,
    0.0,
    0.0,
    0.0,
    0.19226957857608795
  ],
  "classPrecision": [
    0.12037833034992218,
    0.9968000054359436,
    NaN,
    1.0,
    0.9906976819038391,
    NaN,
    NaN,
    NaN,
    NaN,
    0.9847715497016907
  ],
  "classes": [
    0,
    1,
    2,
    3,
    4,
    5,
    6,
    7,
    8,
    9
  ]
}