{
  "name": "model",
  "metrics": {
    "train_loss": [
      2.2186795015904037,
      3.060828569937836,
      3.1551350863142447,
      2.9672880745069548,
      2.8070678910748526,
      2.0981293848969718,
      2.5469223403117875,
      3.274299704215743,
      4.50325099717487,
      3.9796162742105397,
      3.5486593679948286,
      4.108019809153947
    ],
    "train_accuracy": [
      0.4030888888888889,
      0.419,
      0.4484888888888889,
      0.48304444444444444,
      0.5463777777777777,
      0.5700888888888889,
      0.5698666666666666,
      0.5298666666666667,
      0.49655555555555553,
      0.5540222222222222,
      0.5722,
      0.5426444444444445
    ],
    "val_loss": [
      2.3274556785821914,
      3.215447372198105,
      3.321231669187546,
      3.1329257503151893,
      3.0430191293358804,
      2.5239786714315415,
      2.97489857673645,
      3.8039963006973267,
      5.133435088396072,
      4.6696672976017,
      4.321223825216293,
      5.042158460617065
    ],
    "val_accuracy": [
      0.3996,
      0.4128,
      0.4304,
      0.4598,
      0.5168,
      0.5328,
      0.5222,
      0.4828,
      0.4532,
      0.4968,
      0.5052,
      0.4782
    ]
  },
  "accuracy": 0.4693,
  "confusion": [
    [
      998.0,
      0.0,
      0.0,
      1.0,
      0.0,
      0.0,
      1.0,
      0.0,
      0.0,
      0.0
    ],
    [
      533.0,
      450.0,
      0.0,
      0.0,
      0.0,
      0.0,
      2.0,
      0.0,
      5.0,
      10.0
    ],
    [
      778.0,
      0.0,
      149.0,
      19.0,
      18.0,
      8.0,
      26.0,
      1.0,
      1.0,
      0.0
    ],
    [
      391.0,
      0.0,
      15.0,
      448.0,
      23.0,
      67.0,
      44.0,
      8.0,
      2.0,
      2.0
    ],
    [
      507.0,
      0.0,
      6.0,
      22.0,
      434.0,
      7.0,
      22.0,
      2.0,
      0.0,
      0.0
    ],
    [
      353.0,
      0.0,
      9.0,
      88.0,
      20.0,
      513.0,
      10.0,
      7.0,
      0.0,
      0.0
    ],
    [
      168.0,
      0.0,
      6.0,
      16.0,
      12.0,
      2.0,
      791.0,
      3.0,
      2.0,
      0.0
    ],
    [
      438.0,
      0.0,
      1.0,
      23.0,
      26.0,
      22.0,
      5.0,
      485.0,
      0.0,
      0.0
    ],
    [
      815.0,
      0.0,
      0.0,
      1.0,
      1.0,
      0.0,
      1.0,
      0.0,
      182.0,
      0.0
    ],
    [
      738.0,
      14.0,
      0.0,
      1.0,
      1.0,
      0.0,
      0.0,
      0.0,
      3.0,
      243.0
    ]
  ],
  "classRecall": [
    0.9980000257492065,
    0.44999998807907104,
    0.14900000393390656,
    0.4480000138282776,
    0.4339999854564667,
    0.5130000114440918,
    0.7910000085830688,
    0.48500001430511475,
    0.18199999630451202,
    0.24300000071525574
  ],
  "classPrecision": [
    0.1745060384273529,
    0.9698275923728943,
    0.801075279712677,
    0.723747968673706,
    0.8112149238586426,
    0.8287560343742371,
    0.876940131187439,
    0.9584980010986328,
    0.9333333373069763,
    0.9529411792755127
  ],
  "classes": [
    "plane",
    "car",
    "bird",
    "cat",
    "deer",
    "dog",
    "frog",
    "horse",
    "ship",
    "truck"
  ]
}