{
  "name": "model",
  "metrics": {
    "train_loss": [
      0.32772020340601415,
      0.33484730971932974,
      0.5193424466379446,
      0.5106881557482679,
      1.5186583949208825
    ],
    "train_accuracy": [
      0.906,
      0.8948888888888888,
      0.8157407407407408,
      0.8281111111111111,
      0.6195
    ],
    "val_loss": [
      0.35515349437581734,
      0.36933846137625104,
      0.5610145450906551,
      0.5505856415058704,
      1.5414690971374512
    ],
    "val_accuracy": [
      0.8986666666666666,
      0.8868333333333334,
      0.8093333333333333,
      0.8225,
      0.6256666666666667
    ]
  },
  "accuracy": 0.6257,
  "confusion": [
    [
      980.0,
      0.0,
      0.0,
      0.0,
      0.0,
      0.0,
      0.0,
      0.0,
      0.0,
      0.0
    ],
    [
      13.0,
      1118.0,
      1.0,
      2.0,
      0.0,
      0.0,
      0.0,
      1.0,
      0.0,
      0.0
    ],
    [
      441.0,
      1.0,
      588.0,
      1.0,
      0.0,
      0.0,
      0.0,
      1.0,
      0.0,
      0.0
    ],
    [
      29.0,
      0.0,
      2.0,
      976.0,
      0.0,
      1.0,
      0.0,
      1.0,
      1.0,
      0.0
    ],
    [
      25.0,
      0.0,
      0.0,
      0.0,
      943.0,
      0.0,
      0.0,
      1.0,
      0.0,
      13.0
    ],
    [
      558.0,
      0.0,
      0.0,
      19.0,
      1.0,
      312.0,
      0.0,
      0.0,
      1.0,
      1.0
    ],
    [
      956.0,
      1.0,
      0.0,
      0.0,
      1.0,
      0.0,
      0.0,
      0.0,
      0.0,
      0.0
    ],
    [
      859.0,
      3.0,
      10.0,
      1.0,
      0.0,
      0.0,
      0.0,
      153.0,
      0.0,
      2.0
    ],
    [
      681.0,
      0.0,
      1.0,
      14.0,
      4.0,
      1.0,
      0.0,
      0.0,
      272.0,
      1.0
    ],
    [
      73.0,
      2.0,
      0.0,
      8.0,
      11.0,
      0.0,
      0.0,
      0.0,
      0.0,
      915.0
    ]
  ],
  "classRecall": [
    1.0,
    0.9850220084190369,
    0.569767415523529,
    0.9663366079330444,
    0.9602851271629333,
    0.3497757911682129,
    0.0,
    0.14883267879486084,
    0.2792607843875885,
    0.9068384766578674
  ],
  "classPrecision": [
    0.2123510241508484,
    0.9937777519226074,
    0.9767441749572754,
    0.9559255838394165,
    0.9822916388511658,
    0.993630588054657,
    NaN,
    0.9745222926139832,
    0.9927007555961609,
    0.9817596673965454
  ],
  "classes": [
    0,
    1,
    2,
    3,
    4,
    5,
    6,
    7,
    8,
    9
  ]
}