{
  "name": "model",
  "metrics": {
    "train_loss": [
      1.7300836873280494,
      3.1210308685121944,
      4.392176847322292,
      5.937146723552902,
      6.37873746772513
    ],
    "train_accuracy": [
      0.5059444444444444,
      0.36607407407407405,
      0.25725925925925924,
      0.22661111111111112,
      0.23633333333333334
    ],
    "val_loss": [
      1.7148175062017237,
      3.0467135145309125,
      4.3195896199409,
      5.837568303371998,
      6.2724723308644394
    ],
    "val_accuracy": [
      0.5113333333333333,
      0.3665,
      0.25783333333333336,
      0.22916666666666666,
      0.24
    ]
  },
  "accuracy": 0.2347,
  "confusion": [
    [
      980.0,
      0.0,
      0.0,
      0.0,
      0.0,
      0.0,
      0.0,
      0.0,
      0.0,
      0.0
    ],
    [
      13.0,
      1122.0,
      0.0,
      0.0,
      0.0,
      0.0,
      0.0,
      0.0,
      0.0,
      0.0
    ],
    [
      1032.0,
      0.0,
      0.0,
      0.0,
      0.0,
      0.0,
      0.0,
      0.0,
      0.0,
      0.0
    ],
    [
      765.0,
      0.0,
      0.0,
      245.0,
      0.0,
      0.0,
      0.0,
      0.0,
      0.0,
      0.0
    ],
    [
      982.0,
      0.0,
      0.0,
      0.0,
      0.0,
      0.0,
      0.0,
      0.0,
      0.0,
      0.0
    ],
    [
      892.0,
      0.0,
      0.0,
      0.0,
      0.0,
      0.0,
      0.0,
      0.0,
      0.0,
      0.0
    ],
    [
      956.0,
      2.0,
      0.0,
      0.0,
      0.0,
      0.0,
      0.0,
      0.0,
      0.0,
      0.0
    ],
    [
      1026.0,
      2.0,
      0.0,
      0.0,
      0.0,
      0.0,
      0.0,
      0.0,
      0.0,
      0.0
    ],
    [
      973.0,
      1.0,
      0.0,
      0.0,
      0.0,
      0.0,
      0.0,
      0.0,
      0.0,
      0.0
    ],
    [
      1006.0,
      3.0,
      0.0,
      0.0,
      0.0,
      0.0,
      0.0,
      0.0,
      0.0,
      0.0
    ]
  ],
  "classRecall": [
    1.0,
    0.9885462522506714,
    0.0,
    0.24257425963878632,
    0.0,
    0.0,
    0.0,
    0.0,
    0.0,
    0.0
  ],
  "classPrecision": [
    0.11362318694591522,
    0.9929203391075134,
    NaN,
    1.0,
    NaN,
    NaN,
    NaN,
    NaN,
    NaN,
    NaN
  ],
  "classes": [
    0,
    1,
    2,
    3,
    4,
    5,
    6,
    7,
    8,
    9
  ]
}