{
  "name": "model",
  "metrics": {
    "train_loss": [
      4.950363281098279,
      4.505478403107687,
      9.320490296591412,
      8.388645841316743,
      8.733410794626582,
      8.263565192168409,
      10.923666496168483,
      8.75716643170877,
      15.15835520083254,
      15.429460728710348,
      11.531082638285376,
      11.378104218027808
    ],
    "train_accuracy": [
      0.1449111111111111,
      0.2552888888888889,
      0.15253333333333333,
      0.15031111111111112,
      0.26982222222222224,
      0.24037777777777777,
      0.2322,
      0.2634,
      0.21382222222222222,
      0.18613333333333335,
      0.25822222222222224,
      0.26737777777777777
    ],
    "val_loss": [
      5.086938381195068,
      4.712892878055572,
      9.512193822860718,
      8.679500329494477,
      9.102526724338531,
      8.589685595035553,
      11.45526978969574,
      9.427003967761994,
      15.941410517692566,
      16.27118718624115,
      12.476571655273437,
      12.387455642223358
    ],
    "val_accuracy": [
      0.1402,
      0.2482,
      0.1478,
      0.1444,
      0.2594,
      0.2298,
      0.2198,
      0.2464,
      0.2032,
      0.1754,
      0.2396,
      0.2398
    ]
  },
  "accuracy": 0.2476,
  "confusion": [
    [
      999.0,
      1.0,
      0.0,
      0.0,
      0.0,
      0.0,
      0.0,
      0.0,
      0.0,
      0.0
    ],
    [
      803.0,
      196.0,
      0.0,
      0.0,
      0.0,
      0.0,
      1.0,
      0.0,
      0.0,
      0.0
    ],
    [
      944.0,
      0.0,
      37.0,
      3.0,
      13.0,
      0.0,
      3.0,
      0.0,
      0.0,
      0.0
    ],
    [
      935.0,
      0.0,
      0.0,
      53.0,
      3.0,
      3.0,
      6.0,
      0.0,
      0.0,
      0.0
    ],
    [
      673.0,
      0.0,
      0.0,
      2.0,
      317.0,
      0.0,
      1.0,
      7.0,
      0.0,
      0.0
    ],
    [
      894.0,
      0.0,
      1.0,
      5.0,
      6.0,
      86.0,
      1.0,
      7.0,
      0.0,
      0.0
    ],
    [
      604.0,
      0.0,
      0.0,
      4.0,
      3.0,
      0.0,
      389.0,
      0.0,
      0.0,
      0.0
    ],
    [
      596.0,
      0.0,
      0.0,
      2.0,
      16.0,
      2.0,
      0.0,
      384.0,
      0.0,
      0.0
    ],
    [
      999.0,
      0.0,
      0.0,
      0.0,
      0.0,
      0.0,
      0.0,
      0.0,
      1.0,
      0.0
    ],
    [
      986.0,
      0.0,
      0.0,
      0.0,
      0.0,
      0.0,
      0.0,
      0.0,
      0.0,
      14.0
    ]
  ],
  "classRecall": [
    0.9990000128746033,
    0.19599999487400055,
    0.03700000047683716,
    0.05299999937415123,
    0.31700000166893005,
    0.0860000029206276,
    0.3889999985694885,
    0.3840000033378601,
    0.0010000000474974513,
    0.014000000432133675
  ],
  "classPrecision": [
    0.1184631809592247,
    0.9949238300323486,
    0.9736841917037964,
    0.7681159377098083,
    0.8854748606681824,
    0.9450549483299255,
    0.9700748324394226,
    0.9648241400718689,
    1.0,
    1.0
  ],
  "classes": [
    "plane",
    "car",
    "bird",
    "cat",
    "deer",
    "dog",
    "frog",
    "horse",
    "ship",
    "truck"
  ]
}