{
  "name": "model",
  "metrics": {
    "train_loss": [
      0.3925548230796629,
      0.8211712300494949,
      0.9664091035653065,
      1.6279396869559988,
      2.6270404480644878
    ],
    "train_accuracy": [
      0.8487037037037037,
      0.7646666666666667,
      0.729462962962963,
      0.622462962962963,
      0.49753703703703706
    ],
    "val_loss": [
      0.4141807163015325,
      0.8367321174195472,
      0.9844825280473587,
      1.6347600094815518,
      2.630154700989419
    ],
    "val_accuracy": [
      0.847,
      0.7646666666666667,
      0.7313333333333333,
      0.6275,
      0.498
    ]
  },
  "accuracy": 0.5143,
  "confusion": [
    [
      980.0,
      0.0,
      0.0,
      0.0,
      0.0,
      0.0,
      0.0,
      0.0,
      0.0,
      0.0
    ],
    [
      13.0,
      1121.0,
      0.0,
      1.0,
      0.0,
      0.0,
      0.0,
      0.0,
      0.0,
      0.0
    ],
    [
      1025.0,
      1.0,
      1.0,
      0.0,
      0.0,
      0.0,
      0.0,
      5.0,
      0.0,
      0.0
    ],
    [
      44.0,
      0.0,
      0.0,
      963.0,
      0.0,
      0.0,
      0.0,
      3.0,
      0.0,
      0.0
    ],
    [
      299.0,
      0.0,
      0.0,
      0.0,
      680.0,
      0.0,
      0.0,
      0.0,
      0.0,
      3.0
    ],
    [
      854.0,
      0.0,
      0.0,
      4.0,
      0.0,
      34.0,
      0.0,
      0.0,
      0.0,
      0.0
    ],
    [
      957.0,
      1.0,
      0.0,
      0.0,
      0.0,
      0.0,
      0.0,
      0.0,
      0.0,
      0.0
    ],
    [
      461.0,
      6.0,
      0.0,
      1.0,
      0.0,
      0.0,
      0.0,
      559.0,
      0.0,
      1.0
    ],
    [
      833.0,
      0.0,
      0.0,
      3.0,
      2.0,
      0.0,
      0.0,
      1.0,
      134.0,
      1.0
    ],
    [
      322.0,
      4.0,
      0.0,
      5.0,
      7.0,
      0.0,
      0.0,
      0.0,
      0.0,
      671.0
    ]
  ],
  "classRecall": [
    1.0,
    0.9876651763916016,
    0.0009689922444522381,
    0.9534653425216675,
    0.6924643516540527,
    0.03811659291386604,
    0.0,
    0.5437743067741394,
    0.13757699728012085,
    0.6650148630142212
  ],
  "classPrecision": [
    0.16931582987308502,
    0.9894086718559265,
    1.0,
    0.9856704473495483,
    0.9869375824928284,
    1.0,
    NaN,
    0.9841549396514893,
    1.0,
    0.9926035404205322
  ],
  "classes": [
    0,
    1,
    2,
    3,
    4,
    5,
    6,
    7,
    8,
    9
  ]
}