{
  "name": "model",
  "metrics": {
    "train_loss": [
      5.237316861748695,
      5.467040640386668,
      5.066283562643961,
      6.092624363574115,
      6.242459790273146,
      8.11357608302073,
      8.515312177213756,
      7.440521452914584,
      6.080171740867875,
      8.688807574185459,
      10.230656985532153,
      6.177086758342656
    ],
    "train_accuracy": [
      0.14782222222222222,
      0.2141111111111111,
      0.2508222222222222,
      0.2909111111111111,
      0.2551777777777778,
      0.24966666666666668,
      0.23055555555555557,
      0.26695555555555556,
      0.3745777777777778,
      0.29964444444444444,
      0.3076888888888889,
      0.4302666666666667
    ],
    "val_loss": [
      5.266317081451416,
      5.51917028427124,
      5.2208795070648195,
      6.305128562450409,
      6.454009246826172,
      8.45012675523758,
      8.942579555511475,
      7.867830693721771,
      6.656861734390259,
      9.259364783763885,
      10.940796041488648,
      7.098511844873428
    ],
    "val_accuracy": [
      0.1474,
      0.2106,
      0.2436,
      0.28,
      0.2526,
      0.2392,
      0.2204,
      0.2526,
      0.3436,
      0.279,
      0.2846,
      0.3822
    ]
  },
  "accuracy": 0.3843,
  "confusion": [
    [
      997.0,
      1.0,
      0.0,
      0.0,
      0.0,
      0.0,
      0.0,
      1.0,
      1.0,
      0.0
    ],
    [
      647.0,
      350.0,
      0.0,
      0.0,
      1.0,
      0.0,
      1.0,
      1.0,
      0.0,
      0.0
    ],
    [
      889.0,
      0.0,
      81.0,
      7.0,
      14.0,
      5.0,
      3.0,
      1.0,
      0.0,
      0.0
    ],
    [
      687.0,
      0.0,
      4.0,
      269.0,
      8.0,
      19.0,
      7.0,
      5.0,
      1.0,
      0.0
    ],
    [
      598.0,
      1.0,
      6.0,
      3.0,
      368.0,
      1.0,
      3.0,
      20.0,
      0.0,
      0.0
    ],
    [
      565.0,
      0.0,
      6.0,
      33.0,
      13.0,
      362.0,
      2.0,
      19.0,
      0.0,
      0.0
    ],
    [
      419.0,
      0.0,
      3.0,
      21.0,
      13.0,
      2.0,
      537.0,
      3.0,
      2.0,
      0.0
    ],
    [
      333.0,
      0.0,
      3.0,
      3.0,
      15.0,
      5.0,
      0.0,
      641.0,
      0.0,
      0.0
    ],
    [
      784.0,
      0.0,
      0.0,
      0.0,
      0.0,
      0.0,
      1.0,
      2.0,
      213.0,
      0.0
    ],
    [
      968.0,
      6.0,
      0.0,
      0.0,
      0.0,
      0.0,
      1.0,
      0.0,
      0.0,
      25.0
    ]
  ],
  "classRecall": [
    0.996999979019165,
    0.3499999940395355,
    0.08100000023841858,
    0.26899999380111694,
    0.36800000071525574,
    0.3619999885559082,
    0.5370000004768372,
    0.640999972820282,
    0.21299999952316284,
    0.02500000037252903
  ],
  "classPrecision": [
    0.14476549625396729,
    0.9776536226272583,
    0.7864077687263489,
    0.800595223903656,
    0.8518518805503845,
    0.9187816977500916,
    0.9675675630569458,
    0.9249639511108398,
    0.981566846370697,
    1.0
  ],
  "classes": [
    "plane",
    "car",
    "bird",
    "cat",
    "deer",
    "dog",
    "frog",
    "horse",
    "ship",
    "truck"
  ]
}