{
  "name": "model",
  "metrics": {
    "train_loss": [
      3.1088556613434446,
      4.327135796574029,
      3.4197726595130833,
      2.40414535863833,
      3.901628198271448,
      3.2925727089697663,
      3.7449067851359192,
      3.3045048198916693,
      3.6828153797171335,
      4.679357381706888,
      4.707092708484693,
      6.490165336565538
    ],
    "train_accuracy": [
      0.34873333333333334,
      0.3301777777777778,
      0.41524444444444447,
      0.5139777777777778,
      0.4066888888888889,
      0.46086666666666665,
      0.4703111111111111,
      0.46013333333333334,
      0.5,
      0.45544444444444443,
      0.5016888888888889,
      0.35124444444444447
    ],
    "val_loss": [
      3.253866308927536,
      4.62083512544632,
      3.629493772983551,
      2.5476429209113123,
      4.14815673828125,
      3.595386749505997,
      4.03176457285881,
      3.7758820176124575,
      4.291049069166183,
      5.2944118022918705,
      5.501167118549347,
      7.41578438282013
    ],
    "val_accuracy": [
      0.3394,
      0.3188,
      0.4024,
      0.4882,
      0.3882,
      0.4318,
      0.4402,
      0.4204,
      0.446,
      0.4074,
      0.4438,
      0.317
    ]
  },
  "accuracy": 0.314,
  "confusion": [
    [
      1000.0,
      0.0,
      0.0,
      0.0,
      0.0,
      0.0,
      0.0,
      0.0,
      0.0,
      0.0
    ],
    [
      648.0,
      351.0,
      0.0,
      0.0,
      0.0,
      0.0,
      0.0,
      0.0,
      0.0,
      1.0
    ],
    [
      911.0,
      0.0,
      72.0,
      5.0,
      5.0,
      4.0,
      3.0,
      0.0,
      0.0,
      0.0
    ],
    [
      673.0,
      0.0,
      3.0,
      266.0,
      17.0,
      30.0,
      7.0,
      3.0,
      0.0,
      1.0
    ],
    [
      726.0,
      0.0,
      4.0,
      4.0,
      250.0,
      4.0,
      3.0,
      8.0,
      1.0,
      0.0
    ],
    [
      645.0,
      0.0,
      4.0,
      18.0,
      7.0,
      320.0,
      0.0,
      5.0,
      1.0,
      0.0
    ],
    [
      571.0,
      0.0,
      4.0,
      9.0,
      9.0,
      6.0,
      399.0,
      2.0,
      0.0,
      0.0
    ],
    [
      635.0,
      0.0,
      1.0,
      5.0,
      17.0,
      2.0,
      0.0,
      340.0,
      0.0,
      0.0
    ],
    [
      945.0,
      0.0,
      0.0,
      0.0,
      0.0,
      0.0,
      0.0,
      0.0,
      55.0,
      0.0
    ],
    [
      902.0,
      11.0,
      0.0,
      0.0,
      0.0,
      0.0,
      0.0,
      0.0,
      0.0,
      87.0
    ]
  ],
  "classRecall": [
    1.0,
    0.35100001096725464,
    0.07199999690055847,
    0.26600000262260437,
    0.25,
    0.3199999928474426,
    0.39899998903274536,
    0.3400000035762787,
    0.054999999701976776,
    0.08699999749660492
  ],
  "classPrecision": [
    0.13061651587486267,
    0.969613254070282,
    0.8181818127632141,
    0.8664495348930359,
    0.8196721076965332,
    0.874316930770874,
    0.9684466123580933,
    0.9497206807136536,
    0.9649122953414917,
    0.9775280952453613
  ],
  "classes": [
    "plane",
    "car",
    "bird",
    "cat",
    "deer",
    "dog",
    "frog",
    "horse",
    "ship",
    "truck"
  ]
}