{
  "name": "model",
  "metrics": {
    "train_loss": [
      1.375379915486015,
      2.057438838255914,
      2.796583755886385,
      4.038610071932535,
      5.698000779084119
    ],
    "train_accuracy": [
      0.5627592592592593,
      0.534074074074074,
      0.4868148148148148,
      0.3727037037037037,
      0.265
    ],
    "val_loss": [
      1.3631715279944399,
      2.0428318622264454,
      2.7667281830564456,
      3.9620715607988073,
      5.617318488181906
    ],
    "val_accuracy": [
      0.5728333333333333,
      0.5423333333333333,
      0.49133333333333334,
      0.37166666666666665,
      0.26166666666666666
    ]
  },
  "accuracy": 0.267,
  "confusion": [
    [
      980.0,
      0.0,
      0.0,
      0.0,
      0.0,
      0.0,
      0.0,
      0.0,
      0.0,
      0.0
    ],
    [
      336.0,
      799.0,
      0.0,
      0.0,
      0.0,
      0.0,
      0.0,
      0.0,
      0.0,
      0.0
    ],
    [
      1032.0,
      0.0,
      0.0,
      0.0,
      0.0,
      0.0,
      0.0,
      0.0,
      0.0,
      0.0
    ],
    [
      242.0,
      0.0,
      0.0,
      755.0,
      0.0,
      13.0,
      0.0,
      0.0,
      0.0,
      0.0
    ],
    [
      970.0,
      0.0,
      0.0,
      0.0,
      11.0,
      0.0,
      0.0,
      0.0,
      0.0,
      1.0
    ],
    [
      801.0,
      0.0,
      0.0,
      0.0,
      0.0,
      91.0,
      0.0,
      0.0,
      0.0,
      0.0
    ],
    [
      958.0,
      0.0,
      0.0,
      0.0,
      0.0,
      0.0,
      0.0,
      0.0,
      0.0,
      0.0
    ],
    [
      1027.0,
      1.0,
      0.0,
      0.0,
      0.0,
      0.0,
      0.0,
      0.0,
      0.0,
      0.0
    ],
    [
      974.0,
      0.0,
      0.0,
      0.0,
      0.0,
      0.0,
      0.0,
      0.0,
      0.0,
      0.0
    ],
    [
      973.0,
      2.0,
      0.0,
      0.0,
      0.0,
      0.0,
      0.0,
      0.0,
      0.0,
      34.0
    ]
  ],
  "classRecall": [
    1.0,
    0.7039647698402405,
    0.0,
    0.7475247383117676,
    0.011201629415154457,
    0.10201793909072876,
    0.0,
    0.0,
    0.0,
    0.0336967296898365
  ],
  "classPrecision": [
    0.11817195266485214,
    0.996259331703186,
    NaN,
    1.0,
    1.0,
    0.875,
    NaN,
    NaN,
    NaN,
    0.9714285731315613
  ],
  "classes": [
    0,
    1,
    2,
    3,
    4,
    5,
    6,
    7,
    8,
    9
  ]
}