{
  "name": "model",
  "metrics": {
    "train_loss": [
      0.8054519468009189,
      2.1528384394555293,
      3.062676504889936,
      4.310836179561525,
      5.364541369026871
    ],
    "train_accuracy": [
      0.7046481481481481,
      0.4531296296296296,
      0.33114814814814814,
      0.2222962962962963,
      0.19435185185185186
    ],
    "val_loss": [
      0.8137401278982771,
      2.152994379084161,
      3.035286015652596,
      4.3006553751357055,
      5.339970964066525
    ],
    "val_accuracy": [
      0.7038333333333333,
      0.4585,
      0.33166666666666667,
      0.221,
      0.19466666666666665
    ]
  },
  "accuracy": 0.194,
  "confusion": [
    [
      980.0,
      0.0,
      0.0,
      0.0,
      0.0,
      0.0,
      0.0,
      0.0,
      0.0,
      0.0
    ],
    [
      357.0,
      778.0,
      0.0,
      0.0,
      0.0,
      0.0,
      0.0,
      0.0,
      0.0,
      0.0
    ],
    [
      1032.0,
      0.0,
      0.0,
      0.0,
      0.0,
      0.0,
      0.0,
      0.0,
      0.0,
      0.0
    ],
    [
      830.0,
      0.0,
      0.0,
      180.0,
      0.0,
      0.0,
      0.0,
      0.0,
      0.0,
      0.0
    ],
    [
      981.0,
      0.0,
      0.0,
      0.0,
      1.0,
      0.0,
      0.0,
      0.0,
      0.0,
      0.0
    ],
    [
      892.0,
      0.0,
      0.0,
      0.0,
      0.0,
      0.0,
      0.0,
      0.0,
      0.0,
      0.0
    ],
    [
      958.0,
      0.0,
      0.0,
      0.0,
      0.0,
      0.0,
      0.0,
      0.0,
      0.0,
      0.0
    ],
    [
      1028.0,
      0.0,
      0.0,
      0.0,
      0.0,
      0.0,
      0.0,
      0.0,
      0.0,
      0.0
    ],
    [
      974.0,
      0.0,
      0.0,
      0.0,
      0.0,
      0.0,
      0.0,
      0.0,
      0.0,
      0.0
    ],
    [
      1006.0,
      2.0,
      0.0,
      0.0,
      0.0,
      0.0,
      0.0,
      0.0,
      0.0,
      1.0
    ]
  ],
  "classRecall": [
    1.0,
    0.6854625344276428,
    0.0,
    0.1782178282737732,
    0.0010183299891650677,
    0.0,
    0.0,
    0.0,
    0.0,
    0.0009910803055390716
  ],
  "classPrecision": [
    0.10843107104301453,
    0.9974358677864075,
    NaN,
    1.0,
    1.0,
    NaN,
    NaN,
    NaN,
    NaN,
    1.0
  ],
  "classes": [
    0,
    1,
    2,
    3,
    4,
    5,
    6,
    7,
    8,
    9
  ]
}