{
  "name": "model",
  "metrics": {
    "train_loss": [
      3.8404934589158404,
      4.551556557416916,
      2.3505709987472403,
      2.1290245330469175,
      2.4910285056314687,
      3.4884633299979297,
      3.89722905037078,
      3.984018390828913,
      4.864309493113648,
      3.1703888824717565,
      5.639236305247653,
      6.448910229585388
    ],
    "train_accuracy": [
      0.22224444444444444,
      0.2588888888888889,
      0.4749777777777778,
      0.5713555555555555,
      0.5139333333333334,
      0.5132222222222222,
      0.4679111111111111,
      0.5210444444444444,
      0.45437777777777777,
      0.6151555555555556,
      0.5091555555555556,
      0.47386666666666666
    ],
    "val_loss": [
      3.7975975632667542,
      4.455063593387604,
      2.2708894297480584,
      2.1396862268447876,
      2.574155956506729,
      3.5211201190948485,
      4.099223208427429,
      4.123006361722946,
      5.059007561206817,
      3.4736781269311905,
      6.013303771615028,
      6.958932948112488
    ],
    "val_accuracy": [
      0.2198,
      0.2546,
      0.4682,
      0.5596,
      0.501,
      0.4994,
      0.4526,
      0.4972,
      0.4326,
      0.5682,
      0.47,
      0.439
    ]
  },
  "accuracy": 0.4304,
  "confusion": [
    [
      975.0,
      0.0,
      18.0,
      2.0,
      1.0,
      0.0,
      0.0,
      2.0,
      0.0,
      2.0
    ],
    [
      622.0,
      368.0,
      0.0,
      0.0,
      1.0,
      0.0,
      0.0,
      0.0,
      1.0,
      8.0
    ],
    [
      595.0,
      0.0,
      368.0,
      6.0,
      17.0,
      3.0,
      6.0,
      5.0,
      0.0,
      0.0
    ],
    [
      625.0,
      0.0,
      15.0,
      309.0,
      23.0,
      17.0,
      6.0,
      4.0,
      0.0,
      1.0
    ],
    [
      537.0,
      0.0,
      8.0,
      6.0,
      432.0,
      0.0,
      1.0,
      16.0,
      0.0,
      0.0
    ],
    [
      521.0,
      0.0,
      16.0,
      36.0,
      15.0,
      393.0,
      1.0,
      18.0,
      0.0,
      0.0
    ],
    [
      563.0,
      0.0,
      10.0,
      12.0,
      3.0,
      0.0,
      411.0,
      0.0,
      0.0,
      1.0
    ],
    [
      365.0,
      0.0,
      0.0,
      1.0,
      16.0,
      1.0,
      0.0,
      617.0,
      0.0,
      0.0
    ],
    [
      978.0,
      0.0,
      1.0,
      0.0,
      0.0,
      0.0,
      0.0,
      0.0,
      21.0,
      0.0
    ],
    [
      579.0,
      9.0,
      0.0,
      1.0,
      1.0,
      0.0,
      0.0,
      0.0,
      0.0,
      410.0
    ]
  ],
  "classRecall": [
    0.9750000238418579,
    0.36800000071525574,
    0.36800000071525574,
    0.3089999854564667,
    0.4320000112056732,
    0.3930000066757202,
    0.41100001335144043,
    0.6169999837875366,
    0.020999999716877937,
    0.4099999964237213
  ],
  "classPrecision": [
    0.1533018797636032,
    0.9761273264884949,
    0.8440366983413696,
    0.8284182548522949,
    0.8487229943275452,
    0.9492753744125366,
    0.9670588374137878,
    0.9320241808891296,
    0.9545454382896423,
    0.971563994884491
  ],
  "classes": [
    "plane",
    "car",
    "bird",
    "cat",
    "deer",
    "dog",
    "frog",
    "horse",
    "ship",
    "truck"
  ]
}