{
  "name": "model",
  "metrics": {
    "train_loss": [
      2.917437595399943,
      3.957027952779423,
      3.6386284076354722,
      3.6682903184132143,
      3.156985505060716,
      3.7484807182442057,
      2.5975530916316942,
      3.0829298198223114,
      4.346712329848246,
      3.7179685031825844,
      4.0755966217680415,
      4.515558476475152
    ],
    "train_accuracy": [
      0.34242222222222224,
      0.3162888888888889,
      0.3856888888888889,
      0.4169333333333333,
      0.4892222222222222,
      0.4873777777777778,
      0.5546666666666666,
      0.5454444444444444,
      0.5216222222222222,
      0.5289111111111111,
      0.5299333333333334,
      0.5678444444444445
    ],
    "val_loss": [
      3.075787401199341,
      4.058962374925613,
      3.8028491020202635,
      3.9003462195396423,
      3.462467235326767,
      4.169538933038711,
      2.9672588050365447,
      3.5515914112329483,
      4.986618691682816,
      4.517567235231399,
      5.099760174751282,
      5.502987349033356
    ],
    "val_accuracy": [
      0.3298,
      0.3148,
      0.3704,
      0.3994,
      0.4618,
      0.4548,
      0.5106,
      0.4952,
      0.46,
      0.4586,
      0.4662,
      0.4922
    ]
  },
  "accuracy": 0.4959,
  "confusion": [
    [
      996.0,
      0.0,
      0.0,
      1.0,
      1.0,
      0.0,
      1.0,
      1.0,
      0.0,
      0.0
    ],
    [
      536.0,
      450.0,
      2.0,
      0.0,
      0.0,
      0.0,
      2.0,
      1.0,
      1.0,
      8.0
    ],
    [
      733.0,
      0.0,
      171.0,
      9.0,
      27.0,
      19.0,
      29.0,
      10.0,
      2.0,
      0.0
    ],
    [
      442.0,
      0.0,
      13.0,
      372.0,
      37.0,
      71.0,
      38.0,
      26.0,
      1.0,
      0.0
    ],
    [
      287.0,
      0.0,
      5.0,
      15.0,
      635.0,
      9.0,
      23.0,
      25.0,
      1.0,
      0.0
    ],
    [
      247.0,
      0.0,
      10.0,
      42.0,
      25.0,
      632.0,
      9.0,
      35.0,
      0.0,
      0.0
    ],
    [
      167.0,
      0.0,
      4.0,
      13.0,
      13.0,
      6.0,
      792.0,
      4.0,
      1.0,
      0.0
    ],
    [
      320.0,
      0.0,
      3.0,
      3.0,
      16.0,
      13.0,
      0.0,
      645.0,
      0.0,
      0.0
    ],
    [
      881.0,
      0.0,
      0.0,
      2.0,
      0.0,
      1.0,
      2.0,
      0.0,
      114.0,
      0.0
    ],
    [
      834.0,
      9.0,
      0.0,
      2.0,
      0.0,
      0.0,
      1.0,
      2.0,
      0.0,
      152.0
    ]
  ],
  "classRecall": [
    0.9959999918937683,
    0.44999998807907104,
    0.17100000381469727,
    0.3720000088214874,
    0.6349999904632568,
    0.6320000290870667,
    0.7919999957084656,
    0.6449999809265137,
    0.11400000005960464,
    0.15199999511241913
  ],
  "classPrecision": [
    0.18298731744289398,
    0.9803921580314636,
    0.8221153616905212,
    0.8104575276374817,
    0.8421750664710999,
    0.8415446281433105,
    0.8829431533813477,
    0.8611481785774231,
    0.949999988079071,
    0.949999988079071
  ],
  "classes": [
    "plane",
    "car",
    "bird",
    "cat",
    "deer",
    "dog",
    "frog",
    "horse",
    "ship",
    "truck"
  ]
}