{
  "name": "model",
  "metrics": {
    "train_loss": [
      1.4334710897369818,
      1.2826697584241629,
      1.4023082479834557,
      1.2942136556587436,
      1.0847259974953802,
      1.273318298669024,
      1.9540308436209506,
      1.5386989751661366,
      0.8660668450492349,
      1.3404341983524235,
      1.7224608378654176,
      0.7842159999365156
    ],
    "train_accuracy": [
      0.4671777777777778,
      0.5462666666666667,
      0.6111555555555556,
      0.6241555555555556,
      0.6988888888888889,
      0.7061777777777778,
      0.6073777777777778,
      0.6907555555555556,
      0.8018666666666666,
      0.7186666666666667,
      0.7153555555555555,
      0.8446666666666667
    ],
    "val_loss": [
      1.4788003444671631,
      1.3586879640817642,
      1.5729799911379814,
      1.4365390360355377,
      1.2535364724695683,
      1.5064438611268998,
      2.3058981150388718,
      2.009026589989662,
      1.2900790594518186,
      1.8657529681921006,
      2.484735110402107,
      1.4299344629049302
    ],
    "val_accuracy": [
      0.4552,
      0.5296,
      0.5856,
      0.5836,
      0.6526,
      0.6512,
      0.5522,
      0.619,
      0.7114,
      0.6348,
      0.6116,
      0.7242
    ]
  },
  "accuracy": 0.7259,
  "confusion": [
    [
      980.0,
      0.0,
      3.0,
      4.0,
      4.0,
      1.0,
      3.0,
      4.0,
      1.0,
      0.0
    ],
    [
      191.0,
      745.0,
      1.0,
      3.0,
      2.0,
      6.0,
      10.0,
      2.0,
      7.0,
      33.0
    ],
    [
      320.0,
      0.0,
      482.0,
      39.0,
      39.0,
      42.0,
      54.0,
      21.0,
      1.0,
      2.0
    ],
    [
      73.0,
      0.0,
      26.0,
      701.0,
      33.0,
      95.0,
      52.0,
      18.0,
      0.0,
      2.0
    ],
    [
      68.0,
      1.0,
      36.0,
      53.0,
      724.0,
      22.0,
      33.0,
      63.0,
      0.0,
      0.0
    ],
    [
      37.0,
      0.0,
      23.0,
      153.0,
      21.0,
      715.0,
      10.0,
      40.0,
      0.0,
      1.0
    ],
    [
      35.0,
      0.0,
      16.0,
      45.0,
      18.0,
      12.0,
      868.0,
      3.0,
      2.0,
      1.0
    ],
    [
      58.0,
      0.0,
      12.0,
      27.0,
      20.0,
      22.0,
      3.0,
      855.0,
      1.0,
      2.0
    ],
    [
      520.0,
      8.0,
      1.0,
      12.0,
      0.0,
      3.0,
      6.0,
      1.0,
      442.0,
      7.0
    ],
    [
      199.0,
      19.0,
      1.0,
      9.0,
      2.0,
      4.0,
      7.0,
      7.0,
      5.0,
      747.0
    ]
  ],
  "classRecall": [
    0.9800000190734863,
    0.7450000047683716,
    0.4819999933242798,
    0.7009999752044678,
    0.7239999771118164,
    0.7149999737739563,
    0.8679999709129333,
    0.8550000190734863,
    0.44200000166893005,
    0.746999979019165
  ],
  "classPrecision": [
    0.39500200748443604,
    0.963777482509613,
    0.801996648311615,
    0.6701720952987671,
    0.8389339447021484,
    0.7754880785942078,
    0.8298279047012329,
    0.8431952595710754,
    0.9629629850387573,
    0.9396226406097412
  ],
  "classes": [
    "plane",
    "car",
    "bird",
    "cat",
    "deer",
    "dog",
    "frog",
    "horse",
    "ship",
    "truck"
  ]
}