{
  "name": "model",
  "metrics": {
    "train_loss": [
      3.4142264551461023,
      4.287620970423188,
      6.243265309040015,
      8.371540633423068,
      10.344926910942764
    ],
    "train_accuracy": [
      0.3884814814814815,
      0.3017962962962963,
      0.24742592592592594,
      0.2282962962962963,
      0.12174074074074075
    ],
    "val_loss": [
      3.3366113926501986,
      4.2297195982425775,
      6.153681318810645,
      8.288513934358637,
      10.239955658608295
    ],
    "val_accuracy": [
      0.397,
      0.3085,
      0.24966666666666668,
      0.22766666666666666,
      0.12083333333333333
    ]
  },
  "accuracy": 0.1219,
  "confusion": [
    [
      980.0,
      0.0,
      0.0,
      0.0,
      0.0,
      0.0,
      0.0,
      0.0,
      0.0,
      0.0
    ],
    [
      913.0,
      222.0,
      0.0,
      0.0,
      0.0,
      0.0,
      0.0,
      0.0,
      0.0,
      0.0
    ],
    [
      1032.0,
      0.0,
      0.0,
      0.0,
      0.0,
      0.0,
      0.0,
      0.0,
      0.0,
      0.0
    ],
    [
      1010.0,
      0.0,
      0.0,
      0.0,
      0.0,
      0.0,
      0.0,
      0.0,
      0.0,
      0.0
    ],
    [
      982.0,
      0.0,
      0.0,
      0.0,
      0.0,
      0.0,
      0.0,
      0.0,
      0.0,
      0.0
    ],
    [
      892.0,
      0.0,
      0.0,
      0.0,
      0.0,
      0.0,
      0.0,
      0.0,
      0.0,
      0.0
    ],
    [
      958.0,
      0.0,
      0.0,
      0.0,
      0.0,
      0.0,
      0.0,
      0.0,
      0.0,
      0.0
    ],
    [
      1028.0,
      0.0,
      0.0,
      0.0,
      0.0,
      0.0,
      0.0,
      0.0,
      0.0,
      0.0
    ],
    [
      974.0,
      0.0,
      0.0,
      0.0,
      0.0,
      0.0,
      0.0,
      0.0,
      0.0,
      0.0
    ],
    [
      990.0,
      2.0,
      0.0,
      0.0,
      0.0,
      0.0,
      0.0,
      0.0,
      0.0,
      17.0
    ]
  ],
  "classRecall": [
    1.0,
    0.19559471309185028,
    0.0,
    0.0,
    0.0,
    0.0,
    0.0,
    0.0,
    0.0,
    0.01684836484491825
  ],
  "classPrecision": [
    0.10042012482881546,
    0.9910714030265808,
    NaN,
    NaN,
    NaN,
    NaN,
    NaN,
    NaN,
    NaN,
    1.0
  ],
  "classes": [
    0,
    1,
    2,
    3,
    4,
    5,
    6,
    7,
    8,
    9
  ]
}