{
  "name": "model",
  "metrics": {
    "train_loss": [
      0.4172327120863431,
      0.6041559873599012,
      1.1406523739274643,
      1.184949905810198,
      2.855714332153447
    ],
    "train_accuracy": [
      0.8497962962962963,
      0.7767962962962963,
      0.6905370370370371,
      0.6466851851851851,
      0.46596296296296297
    ],
    "val_loss": [
      0.44103193980582217,
      0.6334819064495412,
      1.1601317867319634,
      1.205861767555805,
      2.8555792189658957
    ],
    "val_accuracy": [
      0.8453333333333334,
      0.7788333333333334,
      0.6885,
      0.6525,
      0.4671666666666667
    ]
  },
  "accuracy": 0.4732,
  "confusion": [
    [
      980.0,
      0.0,
      0.0,
      0.0,
      0.0,
      0.0,
      0.0,
      0.0,
      0.0,
      0.0
    ],
    [
      21.0,
      1114.0,
      0.0,
      0.0,
      0.0,
      0.0,
      0.0,
      0.0,
      0.0,
      0.0
    ],
    [
      1032.0,
      0.0,
      0.0,
      0.0,
      0.0,
      0.0,
      0.0,
      0.0,
      0.0,
      0.0
    ],
    [
      128.0,
      0.0,
      0.0,
      882.0,
      0.0,
      0.0,
      0.0,
      0.0,
      0.0,
      0.0
    ],
    [
      204.0,
      0.0,
      0.0,
      0.0,
      771.0,
      0.0,
      0.0,
      0.0,
      0.0,
      7.0
    ],
    [
      787.0,
      0.0,
      0.0,
      4.0,
      0.0,
      101.0,
      0.0,
      0.0,
      0.0,
      0.0
    ],
    [
      957.0,
      1.0,
      0.0,
      0.0,
      0.0,
      0.0,
      0.0,
      0.0,
      0.0,
      0.0
    ],
    [
      1010.0,
      2.0,
      0.0,
      0.0,
      0.0,
      0.0,
      0.0,
      15.0,
      0.0,
      1.0
    ],
    [
      950.0,
      0.0,
      0.0,
      0.0,
      2.0,
      0.0,
      0.0,
      0.0,
      21.0,
      1.0
    ],
    [
      147.0,
      4.0,
      0.0,
      1.0,
      9.0,
      0.0,
      0.0,
      0.0,
      0.0,
      848.0
    ]
  ],
  "classRecall": [
    1.0,
    0.9814978241920471,
    0.0,
    0.8732673525810242,
    0.7851324081420898,
    0.1132287010550499,
    0.0,
    0.014591439627110958,
    0.02156057581305504,
    0.8404361009597778
  ],
  "classPrecision": [
    0.157657653093338,
    0.993755578994751,
    NaN,
    0.994363009929657,
    0.9859334826469421,
    1.0,
    NaN,
    1.0,
    1.0,
    0.9894982576370239
  ],
  "classes": [
    0,
    1,
    2,
    3,
    4,
    5,
    6,
    7,
    8,
    9
  ]
}