{
  "name": "model",
  "metrics": {
    "train_loss": [
      0.7835176451511293,
      1.6035267904188961,
      3.247648518232373,
      4.961628023482047,
      5.0734244669783175
    ],
    "train_accuracy": [
      0.7155370370370371,
      0.6142037037037037,
      0.31985185185185183,
      0.22305555555555556,
      0.2278888888888889
    ],
    "val_loss": [
      0.7866188782326718,
      1.603081114748691,
      3.2040502010507788,
      4.922677080681983,
      5.034668445587158
    ],
    "val_accuracy": [
      0.7171666666666666,
      0.6151666666666666,
      0.32766666666666666,
      0.2245,
      0.22716666666666666
    ]
  },
  "accuracy": 0.2297,
  "confusion": [
    [
      980.0,
      0.0,
      0.0,
      0.0,
      0.0,
      0.0,
      0.0,
      0.0,
      0.0,
      0.0
    ],
    [
      30.0,
      1104.0,
      0.0,
      0.0,
      0.0,
      0.0,
      0.0,
      1.0,
      0.0,
      0.0
    ],
    [
      1032.0,
      0.0,
      0.0,
      0.0,
      0.0,
      0.0,
      0.0,
      0.0,
      0.0,
      0.0
    ],
    [
      940.0,
      0.0,
      0.0,
      70.0,
      0.0,
      0.0,
      0.0,
      0.0,
      0.0,
      0.0
    ],
    [
      860.0,
      0.0,
      0.0,
      0.0,
      122.0,
      0.0,
      0.0,
      0.0,
      0.0,
      0.0
    ],
    [
      892.0,
      0.0,
      0.0,
      0.0,
      0.0,
      0.0,
      0.0,
      0.0,
      0.0,
      0.0
    ],
    [
      956.0,
      2.0,
      0.0,
      0.0,
      0.0,
      0.0,
      0.0,
      0.0,
      0.0,
      0.0
    ],
    [
      1007.0,
      0.0,
      0.0,
      0.0,
      0.0,
      0.0,
      0.0,
      21.0,
      0.0,
      0.0
    ],
    [
      974.0,
      0.0,
      0.0,
      0.0,
      0.0,
      0.0,
      0.0,
      0.0,
      0.0,
      0.0
    ],
    [
      1006.0,
      2.0,
      0.0,
      0.0,
      1.0,
      0.0,
      0.0,
      0.0,
      0.0,
      0.0
    ]
  ],
  "classRecall": [
    1.0,
    0.9726872444152832,
    0.0,
    0.06930693238973618,
    0.12423625588417053,
    0.0,
    0.0,
    0.020428014919161797,
    0.0,
    0.0
  ],
  "classPrecision": [
    0.11294226348400116,
    0.9963898658752441,
    NaN,
    1.0,
    0.9918699264526367,
    NaN,
    NaN,
    0.9545454382896423,
    NaN,
    NaN
  ],
  "classes": [
    0,
    1,
    2,
    3,
    4,
    5,
    6,
    7,
    8,
    9
  ]
}