{
  "name": "model",
  "metrics": {
    "train_loss": [
      4.707708307965235,
      6.983667307279327,
      9.267080317844044,
      9.703606448390268,
      10.691151077097112,
      14.15932161970572,
      13.016884939237075,
      14.608328234065663,
      18.132594707337294,
      14.840010260993784,
      22.312909977002576,
      20.8361634016037
    ],
    "train_accuracy": [
      0.14357777777777778,
      0.14466666666666667,
      0.18486666666666668,
      0.15097777777777777,
      0.23735555555555554,
      0.12895555555555555,
      0.1663111111111111,
      0.1738222222222222,
      0.1534,
      0.18124444444444446,
      0.12073333333333333,
      0.16728888888888888
    ],
    "val_loss": [
      4.6863450646400455,
      6.939374923706055,
      9.332999229431152,
      9.765102648735047,
      11.083515191078186,
      14.403313183784485,
      13.230141377449035,
      14.78996434211731,
      18.852066040039062,
      15.416039419174194,
      23.020082473754883,
      21.487411117553712
    ],
    "val_accuracy": [
      0.1452,
      0.139,
      0.185,
      0.1526,
      0.23,
      0.1286,
      0.162,
      0.1716,
      0.1488,
      0.1674,
      0.1184,
      0.1552
    ]
  },
  "accuracy": 0.1632,
  "confusion": [
    [
      1000.0,
      0.0,
      0.0,
      0.0,
      0.0,
      0.0,
      0.0,
      0.0,
      0.0,
      0.0
    ],
    [
      993.0,
      7.0,
      0.0,
      0.0,
      0.0,
      0.0,
      0.0,
      0.0,
      0.0,
      0.0
    ],
    [
      995.0,
      0.0,
      1.0,
      0.0,
      1.0,
      0.0,
      3.0,
      0.0,
      0.0,
      0.0
    ],
    [
      961.0,
      0.0,
      0.0,
      35.0,
      2.0,
      0.0,
      2.0,
      0.0,
      0.0,
      0.0
    ],
    [
      876.0,
      0.0,
      0.0,
      0.0,
      123.0,
      0.0,
      1.0,
      0.0,
      0.0,
      0.0
    ],
    [
      963.0,
      0.0,
      0.0,
      1.0,
      6.0,
      29.0,
      1.0,
      0.0,
      0.0,
      0.0
    ],
    [
      720.0,
      0.0,
      0.0,
      0.0,
      2.0,
      0.0,
      278.0,
      0.0,
      0.0,
      0.0
    ],
    [
      840.0,
      0.0,
      0.0,
      0.0,
      1.0,
      0.0,
      0.0,
      159.0,
      0.0,
      0.0
    ],
    [
      1000.0,
      0.0,
      0.0,
      0.0,
      0.0,
      0.0,
      0.0,
      0.0,
      0.0,
      0.0
    ],
    [
      1000.0,
      0.0,
      0.0,
      0.0,
      0.0,
      0.0,
      0.0,
      0.0,
      0.0,
      0.0
    ]
  ],
  "classRecall": [
    1.0,
    0.007000000216066837,
    0.0010000000474974513,
    0.03500000014901161,
    0.12300000339746475,
    0.028999999165534973,
    0.27799999713897705,
    0.1589999943971634,
    0.0,
    0.0
  ],
  "classPrecision": [
    0.10697475075721741,
    1.0,
    1.0,
    0.9722222089767456,
    0.9111111164093018,
    1.0,
    0.9754385948181152,
    1.0,
    NaN,
    NaN
  ],
  "classes": [
    "plane",
    "car",
    "bird",
    "cat",
    "deer",
    "dog",
    "frog",
    "horse",
    "ship",
    "truck"
  ]
}