{
  "name": "model",
  "metrics": {
    "train_loss": [
      0.22426845414025523,
      0.1684967892871225,
      0.25498493328266797,
      0.49504240132621113,
      0.5264995392959265
    ],
    "train_accuracy": [
      0.9361296296296296,
      0.953037037037037,
      0.9094814814814814,
      0.8338518518518518,
      0.8398518518518518
    ],
    "val_loss": [
      0.24549425203115383,
      0.19554606230652077,
      0.2900705267774298,
      0.5310451198131481,
      0.5625930789937365
    ],
    "val_accuracy": [
      0.9308333333333333,
      0.9451666666666667,
      0.9048333333333334,
      0.8285,
      0.8368333333333333
    ]
  },
  "accuracy": 0.8357,
  "confusion": [
    [
      978.0,
      0.0,
      0.0,
      0.0,
      0.0,
      1.0,
      0.0,
      0.0,
      1.0,
      0.0
    ],
    [
      2.0,
      1126.0,
      2.0,
      0.0,
      0.0,
      0.0,
      2.0,
      0.0,
      3.0,
      0.0
    ],
    [
      226.0,
      3.0,
      783.0,
      2.0,
      3.0,
      0.0,
      0.0,
      11.0,
      4.0,
      0.0
    ],
    [
      15.0,
      0.0,
      3.0,
      968.0,
      0.0,
      15.0,
      0.0,
      6.0,
      2.0,
      1.0
    ],
    [
      22.0,
      0.0,
      1.0,
      0.0,
      946.0,
      0.0,
      0.0,
      2.0,
      1.0,
      10.0
    ],
    [
      68.0,
      0.0,
      0.0,
      0.0,
      1.0,
      820.0,
      0.0,
      0.0,
      1.0,
      2.0
    ],
    [
      952.0,
      3.0,
      0.0,
      0.0,
      1.0,
      0.0,
      1.0,
      0.0,
      1.0,
      0.0
    ],
    [
      38.0,
      6.0,
      10.0,
      3.0,
      0.0,
      0.0,
      0.0,
      968.0,
      0.0,
      3.0
    ],
    [
      141.0,
      0.0,
      1.0,
      6.0,
      3.0,
      1.0,
      0.0,
      3.0,
      816.0,
      3.0
    ],
    [
      31.0,
      6.0,
      0.0,
      5.0,
      8.0,
      1.0,
      0.0,
      4.0,
      3.0,
      951.0
    ]
  ],
  "classRecall": [
    0.9979591965675354,
    0.9920704960823059,
    0.7587209343910217,
    0.9584158658981323,
    0.9633401036262512,
    0.9192824959754944,
    0.001043841359205544,
    0.9416342377662659,
    0.8377823233604431,
    0.9425173401832581
  ],
  "classPrecision": [
    0.39547109603881836,
    0.9842657446861267,
    0.9787499904632568,
    0.9837398529052734,
    0.9833679795265198,
    0.9785202741622925,
    0.3333333432674408,
    0.9738430380821228,
    0.9807692170143127,
    0.9804123640060425
  ],
  "classes": [
    0,
    1,
    2,
    3,
    4,
    5,
    6,
    7,
    8,
    9
  ]
}