{
  "name": "model",
  "metrics": {
    "train_loss": [
      0.14466056211794157,
      0.10482435033908247,
      0.08695260084000243,
      0.07746007368498221,
      0.060253697307339
    ],
    "train_accuracy": [
      0.957,
      0.9704259259259259,
      0.9741666666666666,
      0.9773888888888889,
      0.9828703703703704
    ],
    "val_loss": [
      0.17435512295428743,
      0.1344010884615969,
      0.12409607907559009,
      0.12140576906026677,
      0.1080623069738454
    ],
    "val_accuracy": [
      0.9478333333333333,
      0.96,
      0.9646666666666667,
      0.9661666666666666,
      0.971
    ]
  },
  "accuracy": 0.9741,
  "confusion": [
    [
      973.0,
      0.0,
      0.0,
      2.0,
      0.0,
      2.0,
      1.0,
      1.0,
      1.0,
      0.0
    ],
    [
      0.0,
      1128.0,
      2.0,
      1.0,
      0.0,
      1.0,
      2.0,
      0.0,
      1.0,
      0.0
    ],
    [
      7.0,
      2.0,
      1001.0,
      1.0,
      5.0,
      0.0,
      0.0,
      7.0,
      8.0,
      1.0
    ],
    [
      0.0,
      0.0,
      4.0,
      985.0,
      0.0,
      7.0,
      0.0,
      8.0,
      4.0,
      2.0
    ],
    [
      1.0,
      0.0,
      1.0,
      0.0,
      963.0,
      0.0,
      5.0,
      1.0,
      0.0,
      11.0
    ],
    [
      2.0,
      0.0,
      0.0,
      5.0,
      1.0,
      865.0,
      9.0,
      2.0,
      3.0,
      5.0
    ],
    [
      9.0,
      2.0,
      0.0,
      0.0,
      6.0,
      5.0,
      932.0,
      0.0,
      4.0,
      0.0
    ],
    [
      1.0,
      6.0,
      10.0,
      2.0,
      1.0,
      0.0,
      0.0,
      1002.0,
      0.0,
      6.0
    ],
    [
      5.0,
      0.0,
      3.0,
      9.0,
      7.0,
      7.0,
      6.0,
      4.0,
      931.0,
      2.0
    ],
    [
      7.0,
      5.0,
      0.0,
      10.0,
      18.0,
      2.0,
      0.0,
      4.0,
      2.0,
      961.0
    ]
  ],
  "classRecall": [
    0.9928571581840515,
    0.9938325881958008,
    0.9699612259864807,
    0.9752475023269653,
    0.9806517362594604,
    0.9697309136390686,
    0.9728600978851318,
    0.9747081995010376,
    0.9558521509170532,
    0.9524281620979309
  ],
  "classPrecision": [
    0.9681591987609863,
    0.9868766665458679,
    0.9804113507270813,
    0.9704433679580688,
    0.962037980556488,
    0.9730033874511719,
    0.9759162068367004,
    0.9737609624862671,
    0.9758909940719604,
    0.9726720452308655
  ],
  "classes": [
    0,
    1,
    2,
    3,
    4,
    5,
    6,
    7,
    8,
    9
  ]
}