{
  "name": "model",
  "metrics": {
    "train_loss": [
      1.438518838448958,
      1.1510970883748748,
      1.167036735368046,
      0.9940062085674568,
      0.9895503590391441,
      0.8650081452320922,
      1.115023480050943,
      0.8216027023948052,
      0.7126841015944426,
      0.9076055705716665,
      1.1595070558515461,
      0.7792518513954498
    ],
    "train_accuracy": [
      0.47604444444444444,
      0.5870666666666666,
      0.6274,
      0.6890666666666667,
      0.7014222222222222,
      0.7422222222222222,
      0.7052,
      0.7781777777777777,
      0.8063777777777777,
      0.7689777777777778,
      0.7850222222222222,
      0.8325333333333333
    ],
    "val_loss": [
      1.447863820195198,
      1.1953254029154778,
      1.235378298163414,
      1.0927422970533371,
      1.1391188710927964,
      1.0323828414082528,
      1.3581777542829514,
      1.0970178902149201,
      1.116072377562523,
      1.3709332942962646,
      1.6680289566516877,
      1.4233877912163735
    ],
    "val_accuracy": [
      0.4678,
      0.5722,
      0.6134,
      0.6558,
      0.6572,
      0.6888,
      0.6446,
      0.708,
      0.7174,
      0.6812,
      0.687,
      0.7198
    ]
  },
  "accuracy": 0.7203,
  "confusion": [
    [
      989.0,
      2.0,
      0.0,
      3.0,
      2.0,
      1.0,
      0.0,
      1.0,
      2.0,
      0.0
    ],
    [
      92.0,
      882.0,
      0.0,
      0.0,
      2.0,
      1.0,
      1.0,
      0.0,
      3.0,
      19.0
    ],
    [
      289.0,
      3.0,
      533.0,
      42.0,
      50.0,
      29.0,
      42.0,
      8.0,
      2.0,
      2.0
    ],
    [
      127.0,
      7.0,
      36.0,
      607.0,
      47.0,
      106.0,
      37.0,
      17.0,
      5.0,
      11.0
    ],
    [
      82.0,
      1.0,
      30.0,
      27.0,
      804.0,
      11.0,
      30.0,
      13.0,
      2.0,
      0.0
    ],
    [
      57.0,
      8.0,
      32.0,
      102.0,
      35.0,
      734.0,
      14.0,
      15.0,
      0.0,
      3.0
    ],
    [
      45.0,
      7.0,
      22.0,
      37.0,
      12.0,
      9.0,
      860.0,
      1.0,
      4.0,
      3.0
    ],
    [
      89.0,
      2.0,
      14.0,
      30.0,
      48.0,
      28.0,
      2.0,
      784.0,
      0.0,
      3.0
    ],
    [
      633.0,
      13.0,
      1.0,
      1.0,
      1.0,
      0.0,
      1.0,
      1.0,
      341.0,
      8.0
    ],
    [
      279.0,
      45.0,
      0.0,
      2.0,
      0.0,
      1.0,
      1.0,
      1.0,
      2.0,
      669.0
    ]
  ],
  "classRecall": [
    0.9890000224113464,
    0.8820000290870667,
    0.5329999923706055,
    0.6069999933242798,
    0.8040000200271606,
    0.734000027179718,
    0.8600000143051147,
    0.7839999794960022,
    0.3409999907016754,
    0.6690000295639038
  ],
  "classPrecision": [
    0.36875465512275696,
    0.9092783331871033,
    0.7979041934013367,
    0.7132784724235535,
    0.8031967878341675,
    0.7978261113166809,
    0.8704453706741333,
    0.9322235584259033,
    0.9445983171463013,
    0.9317548871040344
  ],
  "classes": [
    "plane",
    "car",
    "bird",
    "cat",
    "deer",
    "dog",
    "frog",
    "horse",
    "ship",
    "truck"
  ]
}