{
  "name": "model",
  "metrics": {
    "train_loss": [
      3.0790806629441003,
      3.2506511279127817,
      4.30917026983066,
      4.690255204384977,
      4.558748417279937,
      4.35448997061361,
      6.151033466512507,
      6.119030372662977,
      5.535766789858991,
      6.241955505176024,
      5.321741303259676,
      6.0921752534129405
    ],
    "train_accuracy": [
      0.2574,
      0.31906666666666667,
      0.2796,
      0.2682,
      0.3226,
      0.30962222222222224,
      0.32511111111111113,
      0.30862222222222224,
      0.3312,
      0.34444444444444444,
      0.40526666666666666,
      0.4566
    ],
    "val_loss": [
      3.077823042869568,
      3.2290037751197813,
      4.392753708362579,
      4.749221682548523,
      4.667584025859833,
      4.580708277225495,
      6.614928996562957,
      6.5743003487586975,
      6.015259146690369,
      6.77245904803276,
      6.071337234973908,
      7.004615306854248
    ],
    "val_accuracy": [
      0.2618,
      0.3122,
      0.2706,
      0.2644,
      0.3102,
      0.2972,
      0.3042,
      0.2954,
      0.3098,
      0.31,
      0.374,
      0.3952
    ]
  },
  "accuracy": 0.3936,
  "confusion": [
    [
      1000.0,
      0.0,
      0.0,
      0.0,
      0.0,
      0.0,
      0.0,
      0.0,
      0.0,
      0.0
    ],
    [
      938.0,
      56.0,
      0.0,
      1.0,
      0.0,
      0.0,
      2.0,
      0.0,
      1.0,
      2.0
    ],
    [
      775.0,
      0.0,
      165.0,
      14.0,
      12.0,
      16.0,
      16.0,
      2.0,
      0.0,
      0.0
    ],
    [
      496.0,
      0.0,
      7.0,
      372.0,
      10.0,
      83.0,
      21.0,
      8.0,
      3.0,
      0.0
    ],
    [
      452.0,
      0.0,
      11.0,
      27.0,
      477.0,
      16.0,
      10.0,
      7.0,
      0.0,
      0.0
    ],
    [
      360.0,
      0.0,
      3.0,
      50.0,
      11.0,
      568.0,
      1.0,
      7.0,
      0.0,
      0.0
    ],
    [
      186.0,
      0.0,
      16.0,
      46.0,
      17.0,
      15.0,
      716.0,
      1.0,
      2.0,
      1.0
    ],
    [
      481.0,
      0.0,
      3.0,
      7.0,
      12.0,
      14.0,
      0.0,
      483.0,
      0.0,
      0.0
    ],
    [
      945.0,
      0.0,
      1.0,
      0.0,
      0.0,
      0.0,
      1.0,
      1.0,
      51.0,
      1.0
    ],
    [
      949.0,
      2.0,
      1.0,
      0.0,
      0.0,
      0.0,
      0.0,
      0.0,
      0.0,
      48.0
    ]
  ],
  "classRecall": [
    1.0,
    0.0560000017285347,
    0.16500000655651093,
    0.3720000088214874,
    0.47699999809265137,
    0.5680000185966492,
    0.7160000205039978,
    0.4830000102519989,
    0.050999999046325684,
    0.04800000041723251
  ],
  "classPrecision": [
    0.15192949771881104,
    0.9655172228813171,
    0.7971014380455017,
    0.719535768032074,
    0.8849721550941467,
    0.7977527976036072,
    0.9335071444511414,
    0.9489194750785828,
    0.8947368264198303,
    0.9230769276618958
  ],
  "classes": [
    "plane",
    "car",
    "bird",
    "cat",
    "deer",
    "dog",
    "frog",
    "horse",
    "ship",
    "truck"
  ]
}