{
  "name": "model",
  "metrics": {
    "train_loss": [
      2.437172121622346,
      2.7402761057019234,
      2.3829154903915795,
      1.780524256215854,
      2.691267205910249,
      2.5015902424400505,
      2.837075816298073,
      2.6146231469782917,
      2.5375925075601447,
      2.699842316183177,
      2.9663245183500377,
      2.5272051123055546
    ],
    "train_accuracy": [
      0.3811111111111111,
      0.4088888888888889,
      0.48115555555555556,
      0.577,
      0.5295111111111112,
      0.5446888888888889,
      0.5568444444444445,
      0.5914444444444444,
      0.594,
      0.5823777777777778,
      0.5982,
      0.6359555555555556
    ],
    "val_loss": [
      2.5145812898874285,
      2.901232677698135,
      2.622820660471916,
      1.9167758971452713,
      2.9284423023462294,
      2.7935813784599306,
      3.404536581039429,
      3.0589585065841676,
      3.125965255498886,
      3.3085343301296235,
      3.8156434118747713,
      3.4661432445049285
    ],
    "val_accuracy": [
      0.374,
      0.3948,
      0.4638,
      0.546,
      0.4892,
      0.505,
      0.514,
      0.547,
      0.5364,
      0.5104,
      0.5188,
      0.5546
    ]
  },
  "accuracy": 0.5556,
  "confusion": [
    [
      999.0,
      0.0,
      0.0,
      0.0,
      0.0,
      0.0,
      0.0,
      1.0,
      0.0,
      0.0
    ],
    [
      306.0,
      681.0,
      1.0,
      0.0,
      0.0,
      2.0,
      0.0,
      0.0,
      4.0,
      6.0
    ],
    [
      674.0,
      0.0,
      266.0,
      18.0,
      12.0,
      11.0,
      12.0,
      5.0,
      2.0,
      0.0
    ],
    [
      377.0,
      3.0,
      19.0,
      513.0,
      17.0,
      43.0,
      18.0,
      7.0,
      2.0,
      1.0
    ],
    [
      428.0,
      1.0,
      41.0,
      17.0,
      491.0,
      6.0,
      5.0,
      11.0,
      0.0,
      0.0
    ],
    [
      278.0,
      2.0,
      21.0,
      104.0,
      25.0,
      540.0,
      5.0,
      23.0,
      1.0,
      1.0
    ],
    [
      136.0,
      1.0,
      38.0,
      41.0,
      12.0,
      6.0,
      754.0,
      1.0,
      10.0,
      1.0
    ],
    [
      263.0,
      1.0,
      10.0,
      20.0,
      47.0,
      18.0,
      0.0,
      639.0,
      1.0,
      1.0
    ],
    [
      765.0,
      0.0,
      1.0,
      2.0,
      0.0,
      0.0,
      0.0,
      1.0,
      231.0,
      0.0
    ],
    [
      517.0,
      36.0,
      0.0,
      0.0,
      0.0,
      0.0,
      0.0,
      0.0,
      5.0,
      442.0
    ]
  ],
  "classRecall": [
    0.9990000128746033,
    0.6809999942779541,
    0.26600000262260437,
    0.5130000114440918,
    0.4909999966621399,
    0.5400000214576721,
    0.7540000081062317,
    0.6389999985694885,
    0.23100000619888306,
    0.44200000166893005
  ],
  "classPrecision": [
    0.21062618494033813,
    0.9393103718757629,
    0.6700251698493958,
    0.7174825072288513,
    0.8129138946533203,
    0.8626198172569275,
    0.9496221542358398,
    0.9287790656089783,
    0.90234375,
    0.9778761267662048
  ],
  "classes": [
    "plane",
    "car",
    "bird",
    "cat",
    "deer",
    "dog",
    "frog",
    "horse",
    "ship",
    "truck"
  ]
}