{
  "name": "model",
  "metrics": {
    "train_loss": [
      3.144801456819881,
      3.372151580723849,
      2.6317496082999488,
      2.114025675437667,
      2.2627993141385643,
      1.9592679976062342,
      1.8071112808856098,
      2.453201038254933,
      2.1267318454655735,
      2.8843572688373653,
      2.867161268199032,
      2.0511180375787346
    ],
    "train_accuracy": [
      0.3422222222222222,
      0.3550888888888889,
      0.38868888888888886,
      0.5361111111111111,
      0.5320444444444444,
      0.5613777777777778,
      0.5800888888888889,
      0.5896666666666667,
      0.6047333333333333,
      0.5419111111111111,
      0.5436888888888889,
      0.6533555555555556
    ],
    "val_loss": [
      3.210474407672882,
      3.425207515060902,
      2.7354454934597014,
      2.2581650495529173,
      2.548995316028595,
      2.21091710627079,
      2.037021081149578,
      2.860348802804947,
      2.6434332937002183,
      3.4516477584838867,
      3.5581271827220915,
      2.7947062835097314
    ],
    "val_accuracy": [
      0.337,
      0.341,
      0.3718,
      0.5066,
      0.5058,
      0.5256,
      0.5448,
      0.5376,
      0.5408,
      0.5004,
      0.49,
      0.5696
    ]
  },
  "accuracy": 0.5651,
  "confusion": [
    [
      994.0,
      0.0,
      0.0,
      1.0,
      0.0,
      0.0,
      3.0,
      0.0,
      2.0,
      0.0
    ],
    [
      358.0,
      601.0,
      0.0,
      1.0,
      0.0,
      1.0,
      12.0,
      0.0,
      5.0,
      22.0
    ],
    [
      652.0,
      0.0,
      227.0,
      12.0,
      16.0,
      25.0,
      64.0,
      3.0,
      1.0,
      0.0
    ],
    [
      378.0,
      0.0,
      4.0,
      437.0,
      16.0,
      89.0,
      67.0,
      4.0,
      4.0,
      1.0
    ],
    [
      465.0,
      0.0,
      3.0,
      18.0,
      451.0,
      19.0,
      27.0,
      17.0,
      0.0,
      0.0
    ],
    [
      205.0,
      1.0,
      6.0,
      46.0,
      12.0,
      702.0,
      18.0,
      10.0,
      0.0,
      0.0
    ],
    [
      112.0,
      0.0,
      4.0,
      14.0,
      5.0,
      5.0,
      857.0,
      2.0,
      1.0,
      0.0
    ],
    [
      318.0,
      0.0,
      5.0,
      6.0,
      17.0,
      39.0,
      5.0,
      608.0,
      1.0,
      1.0
    ],
    [
      585.0,
      2.0,
      0.0,
      2.0,
      0.0,
      0.0,
      11.0,
      2.0,
      398.0,
      0.0
    ],
    [
      611.0,
      8.0,
      0.0,
      0.0,
      0.0,
      1.0,
      0.0,
      1.0,
      3.0,
      376.0
    ]
  ],
  "classRecall": [
    0.9940000176429749,
    0.6010000109672546,
    0.22699999809265137,
    0.43700000643730164,
    0.45100000500679016,
    0.7020000219345093,
    0.8569999933242798,
    0.6079999804496765,
    0.39800000190734863,
    0.37599998712539673
  ],
  "classPrecision": [
    0.2124839723110199,
    0.9820261597633362,
    0.9116466045379639,
    0.8137802481651306,
    0.8723404407501221,
    0.7968217730522156,
    0.8054511547088623,
    0.9397217631340027,
    0.9590361714363098,
    0.9399999976158142
  ],
  "classes": [
    "plane",
    "car",
    "bird",
    "cat",
    "deer",
    "dog",
    "frog",
    "horse",
    "ship",
    "truck"
  ]
}