{
  "name": "model",
  "metrics": {
    "train_loss": [
      0.49350202041214675,
      0.784635177438293,
      1.2429057125231666,
      1.8103695862101152,
      1.5816912248518795
    ],
    "train_accuracy": [
      0.8177407407407408,
      0.7550925925925925,
      0.6401851851851852,
      0.579574074074074,
      0.6607962962962963
    ],
    "val_loss": [
      0.502880260665366,
      0.7991416428951507,
      1.248178355237271,
      1.825553668306229,
      1.5900545044148222
    ],
    "val_accuracy": [
      0.8206666666666667,
      0.7603333333333333,
      0.6498333333333334,
      0.5853333333333334,
      0.6641666666666667
    ]
  },
  "accuracy": 0.6635,
  "confusion": [
    [
      980.0,
      0.0,
      0.0,
      0.0,
      0.0,
      0.0,
      0.0,
      0.0,
      0.0,
      0.0
    ],
    [
      11.0,
      1114.0,
      2.0,
      1.0,
      1.0,
      0.0,
      0.0,
      0.0,
      6.0,
      0.0
    ],
    [
      506.0,
      0.0,
      525.0,
      0.0,
      0.0,
      0.0,
      0.0,
      1.0,
      0.0,
      0.0
    ],
    [
      68.0,
      0.0,
      1.0,
      939.0,
      0.0,
      0.0,
      0.0,
      2.0,
      0.0,
      0.0
    ],
    [
      50.0,
      0.0,
      0.0,
      0.0,
      920.0,
      0.0,
      0.0,
      0.0,
      0.0,
      12.0
    ],
    [
      845.0,
      0.0,
      0.0,
      2.0,
      1.0,
      43.0,
      0.0,
      0.0,
      0.0,
      1.0
    ],
    [
      955.0,
      2.0,
      0.0,
      0.0,
      1.0,
      0.0,
      0.0,
      0.0,
      0.0,
      0.0
    ],
    [
      332.0,
      3.0,
      3.0,
      4.0,
      0.0,
      0.0,
      0.0,
      682.0,
      1.0,
      3.0
    ],
    [
      382.0,
      0.0,
      3.0,
      1.0,
      4.0,
      0.0,
      0.0,
      2.0,
      581.0,
      1.0
    ],
    [
      146.0,
      2.0,
      0.0,
      1.0,
      9.0,
      0.0,
      0.0,
      0.0,
      0.0,
      851.0
    ]
  ],
  "classRecall": [
    1.0,
    0.9814978241920471,
    0.5087209343910217,
    0.9297029972076416,
    0.9368635416030884,
    0.04820627719163895,
    0.0,
    0.6634241342544556,
    0.5965092182159424,
    0.8434092998504639
  ],
  "classPrecision": [
    0.22923976182937622,
    0.993755578994751,
    0.983146071434021,
    0.9905063509941101,
    0.9829059839248657,
    1.0,
    NaN,
    0.9927219748497009,
    0.988095223903656,
    0.9804147481918335
  ],
  "classes": [
    0,
    1,
    2,
    3,
    4,
    5,
    6,
    7,
    8,
    9
  ]
}