{
  "name": "model",
  "metrics": {
    "train_loss": [
      0.5947503653041559,
      1.4873257568944687,
      2.2041679256335254,
      3.3787610705994884,
      3.7463032125861724
    ],
    "train_accuracy": [
      0.7811481481481481,
      0.5903888888888889,
      0.48414814814814816,
      0.4061851851851852,
      0.4130185185185185
    ],
    "val_loss": [
      0.609322151605119,
      1.4836442927096753,
      2.1896659059727446,
      3.353951707799384,
      3.7173320232553686
    ],
    "val_accuracy": [
      0.7833333333333333,
      0.5971666666666666,
      0.48733333333333334,
      0.4033333333333333,
      0.41233333333333333
    ]
  },
  "accuracy": 0.4162,
  "confusion": [
    [
      980.0,
      0.0,
      0.0,
      0.0,
      0.0,
      0.0,
      0.0,
      0.0,
      0.0,
      0.0
    ],
    [
      26.0,
      1107.0,
      0.0,
      2.0,
      0.0,
      0.0,
      0.0,
      0.0,
      0.0,
      0.0
    ],
    [
      1031.0,
      0.0,
      0.0,
      0.0,
      0.0,
      0.0,
      0.0,
      0.0,
      1.0,
      0.0
    ],
    [
      171.0,
      0.0,
      0.0,
      837.0,
      0.0,
      2.0,
      0.0,
      0.0,
      0.0,
      0.0
    ],
    [
      925.0,
      0.0,
      0.0,
      0.0,
      40.0,
      0.0,
      0.0,
      0.0,
      0.0,
      17.0
    ],
    [
      836.0,
      0.0,
      0.0,
      0.0,
      0.0,
      56.0,
      0.0,
      0.0,
      0.0,
      0.0
    ],
    [
      957.0,
      1.0,
      0.0,
      0.0,
      0.0,
      0.0,
      0.0,
      0.0,
      0.0,
      0.0
    ],
    [
      1025.0,
      1.0,
      0.0,
      0.0,
      0.0,
      0.0,
      0.0,
      2.0,
      0.0,
      0.0
    ],
    [
      699.0,
      0.0,
      0.0,
      0.0,
      1.0,
      0.0,
      0.0,
      0.0,
      274.0,
      0.0
    ],
    [
      139.0,
      3.0,
      0.0,
      1.0,
      0.0,
      0.0,
      0.0,
      0.0,
      0.0,
      866.0
    ]
  ],
  "classRecall": [
    1.0,
    0.9753304123878479,
    0.0,
    0.8287128806114197,
    0.04073319584131241,
    0.06278026849031448,
    0.0,
    0.0019455252913758159,
    0.2813141644001007,
    0.8582755327224731
  ],
  "classPrecision": [
    0.14435115456581116,
    0.9955036044120789,
    NaN,
    0.9964285492897034,
    0.9756097793579102,
    0.9655172228813171,
    NaN,
    1.0,
    0.996363639831543,
    0.9807474613189697
  ],
  "classes": [
    0,
    1,
    2,
    3,
    4,
    5,
    6,
    7,
    8,
    9
  ]
}