{
  "name": "model",
  "metrics": {
    "train_loss": [
      0.4552583027083727,
      1.021438006399932,
      1.455425462875321,
      2.412083309408613,
      2.6433335791266925
    ],
    "train_accuracy": [
      0.8317592592592593,
      0.6493333333333333,
      0.6432777777777777,
      0.536537037037037,
      0.48133333333333334
    ],
    "val_loss": [
      0.47597403665806387,
      1.053299385182401,
      1.4635161034604336,
      2.4297076742699804,
      2.6781451905027347
    ],
    "val_accuracy": [
      0.8258333333333333,
      0.6471666666666667,
      0.6378333333333334,
      0.5286666666666666,
      0.477
    ]
  },
  "accuracy": 0.4849,
  "confusion": [
    [
      980.0,
      0.0,
      0.0,
      0.0,
      0.0,
      0.0,
      0.0,
      0.0,
      0.0,
      0.0
    ],
    [
      11.0,
      1123.0,
      0.0,
      1.0,
      0.0,
      0.0,
      0.0,
      0.0,
      0.0,
      0.0
    ],
    [
      1031.0,
      0.0,
      0.0,
      0.0,
      0.0,
      0.0,
      0.0,
      1.0,
      0.0,
      0.0
    ],
    [
      41.0,
      0.0,
      0.0,
      967.0,
      0.0,
      0.0,
      0.0,
      2.0,
      0.0,
      0.0
    ],
    [
      823.0,
      0.0,
      0.0,
      0.0,
      151.0,
      0.0,
      0.0,
      0.0,
      0.0,
      8.0
    ],
    [
      855.0,
      0.0,
      0.0,
      18.0,
      0.0,
      19.0,
      0.0,
      0.0,
      0.0,
      0.0
    ],
    [
      956.0,
      2.0,
      0.0,
      0.0,
      0.0,
      0.0,
      0.0,
      0.0,
      0.0,
      0.0
    ],
    [
      291.0,
      3.0,
      0.0,
      1.0,
      0.0,
      0.0,
      0.0,
      728.0,
      0.0,
      5.0
    ],
    [
      970.0,
      1.0,
      0.0,
      2.0,
      0.0,
      0.0,
      0.0,
      1.0,
      0.0,
      0.0
    ],
    [
      109.0,
      4.0,
      0.0,
      10.0,
      4.0,
      0.0,
      0.0,
      1.0,
      0.0,
      881.0
    ]
  ],
  "classRecall": [
    1.0,
    0.9894273281097412,
    0.0,
    0.9574257135391235,
    0.15376782417297363,
    0.02130044810473919,
    0.0,
    0.7081711888313293,
    0.0,
    0.8731417059898376
  ],
  "classPrecision": [
    0.16152958571910858,
    0.9911738634109497,
    NaN,
    0.9679679870605469,
    0.9741935729980469,
    1.0,
    NaN,
    0.9931787252426147,
    NaN,
    0.9854586124420166
  ],
  "classes": [
    0,
    1,
    2,
    3,
    4,
    5,
    6,
    7,
    8,
    9
  ]
}