{
  "name": "model",
  "metrics": {
    "train_loss": [
      2.9442140385508537,
      4.868214172395793,
      4.9377883049574764,
      2.7359874983402817,
      3.61461188305508,
      3.182246681980111,
      5.036457405171611,
      5.02370551567186,
      4.164043214510787,
      4.969145930626175,
      4.932221579280767,
      4.562515852803534
    ],
    "train_accuracy": [
      0.3095333333333333,
      0.25093333333333334,
      0.28471111111111114,
      0.43215555555555557,
      0.40357777777777776,
      0.4679333333333333,
      0.33775555555555553,
      0.42764444444444444,
      0.4315111111111111,
      0.3908888888888889,
      0.48417777777777776,
      0.5090444444444444
    ],
    "val_loss": [
      3.0452830374240873,
      5.07240263223648,
      5.098045670986176,
      2.93019053041935,
      3.928545594215393,
      3.546894538402557,
      5.513130843639374,
      5.605435788631439,
      4.749355483055115,
      5.7891507029533384,
      6.080751621723175,
      5.696016681194306
    ],
    "val_accuracy": [
      0.3004,
      0.245,
      0.2772,
      0.4074,
      0.3762,
      0.434,
      0.3094,
      0.389,
      0.3894,
      0.354,
      0.434,
      0.4464
    ]
  },
  "accuracy": 0.4466,
  "confusion": [
    [
      1000.0,
      0.0,
      0.0,
      0.0,
      0.0,
      0.0,
      0.0,
      0.0,
      0.0,
      0.0
    ],
    [
      504.0,
      478.0,
      0.0,
      1.0,
      1.0,
      2.0,
      5.0,
      0.0,
      6.0,
      3.0
    ],
    [
      799.0,
      0.0,
      147.0,
      14.0,
      13.0,
      8.0,
      12.0,
      6.0,
      0.0,
      1.0
    ],
    [
      517.0,
      0.0,
      14.0,
      382.0,
      13.0,
      37.0,
      27.0,
      8.0,
      2.0,
      0.0
    ],
    [
      449.0,
      0.0,
      4.0,
      19.0,
      498.0,
      7.0,
      12.0,
      11.0,
      0.0,
      0.0
    ],
    [
      503.0,
      0.0,
      8.0,
      67.0,
      8.0,
      395.0,
      4.0,
      15.0,
      0.0,
      0.0
    ],
    [
      225.0,
      0.0,
      8.0,
      15.0,
      16.0,
      2.0,
      729.0,
      2.0,
      3.0,
      0.0
    ],
    [
      418.0,
      0.0,
      1.0,
      14.0,
      16.0,
      13.0,
      0.0,
      538.0,
      0.0,
      0.0
    ],
    [
      890.0,
      2.0,
      0.0,
      2.0,
      0.0,
      0.0,
      0.0,
      1.0,
      105.0,
      0.0
    ],
    [
      776.0,
      14.0,
      0.0,
      4.0,
      0.0,
      0.0,
      2.0,
      2.0,
      8.0,
      194.0
    ]
  ],
  "classRecall": [
    1.0,
    0.4779999852180481,
    0.1469999998807907,
    0.38199999928474426,
    0.49799999594688416,
    0.39500001072883606,
    0.7289999723434448,
    0.5379999876022339,
    0.10499999672174454,
    0.1940000057220459
  ],
  "classPrecision": [
    0.1644466370344162,
    0.9676113128662109,
    0.807692289352417,
    0.7374517321586609,
    0.8814159035682678,
    0.8512930870056152,
    0.9216182231903076,
    0.9228130578994751,
    0.8467742204666138,
    0.9797979593276978
  ],
  "classes": [
    "plane",
    "car",
    "bird",
    "cat",
    "deer",
    "dog",
    "frog",
    "horse",
    "ship",
    "truck"
  ]
}