{
  "name": "model",
  "metrics": {
    "train_loss": [
      4.272930712185123,
      3.307662422684106,
      3.617660101164471,
      4.153111023659056,
      4.256907896562056,
      4.872268663888628,
      4.113356428390199,
      3.2875211523337797,
      4.884499855339527,
      3.702557147903876,
      5.467642838304693,
      4.834477381950075
    ],
    "train_accuracy": [
      0.21004444444444445,
      0.28571111111111114,
      0.30424444444444443,
      0.37106666666666666,
      0.3472,
      0.3198888888888889,
      0.4094,
      0.48133333333333334,
      0.3778222222222222,
      0.5308222222222222,
      0.4382888888888889,
      0.48691111111111113
    ],
    "val_loss": [
      4.337979167699814,
      3.2806053519248963,
      3.6120408356189726,
      4.2336633682250975,
      4.3825082838535305,
      5.116601979732513,
      4.456672590970993,
      3.7773391127586367,
      5.339257472753525,
      4.225424137711525,
      6.488451766967773,
      5.7540418148040775
    ],
    "val_accuracy": [
      0.2102,
      0.2808,
      0.3002,
      0.3672,
      0.3262,
      0.3012,
      0.3854,
      0.4358,
      0.3484,
      0.4752,
      0.3872,
      0.4382
    ]
  },
  "accuracy": 0.4311,
  "confusion": [
    [
      1000.0,
      0.0,
      0.0,
      0.0,
      0.0,
      0.0,
      0.0,
      0.0,
      0.0,
      0.0
    ],
    [
      518.0,
      469.0,
      0.0,
      1.0,
      0.0,
      1.0,
      3.0,
      0.0,
      4.0,
      4.0
    ],
    [
      810.0,
      0.0,
      147.0,
      12.0,
      5.0,
      12.0,
      13.0,
      0.0,
      1.0,
      0.0
    ],
    [
      514.0,
      0.0,
      6.0,
      420.0,
      3.0,
      33.0,
      16.0,
      3.0,
      4.0,
      1.0
    ],
    [
      567.0,
      1.0,
      8.0,
      26.0,
      374.0,
      10.0,
      5.0,
      9.0,
      0.0,
      0.0
    ],
    [
      394.0,
      0.0,
      13.0,
      78.0,
      12.0,
      486.0,
      4.0,
      12.0,
      1.0,
      0.0
    ],
    [
      325.0,
      1.0,
      4.0,
      18.0,
      6.0,
      6.0,
      638.0,
      2.0,
      0.0,
      0.0
    ],
    [
      451.0,
      0.0,
      3.0,
      14.0,
      10.0,
      12.0,
      1.0,
      508.0,
      1.0,
      0.0
    ],
    [
      862.0,
      0.0,
      0.0,
      2.0,
      0.0,
      0.0,
      3.0,
      0.0,
      132.0,
      1.0
    ],
    [
      849.0,
      8.0,
      0.0,
      0.0,
      0.0,
      1.0,
      3.0,
      0.0,
      2.0,
      137.0
    ]
  ],
  "classRecall": [
    1.0,
    0.4690000116825104,
    0.1469999998807907,
    0.41999998688697815,
    0.37400001287460327,
    0.4860000014305115,
    0.6380000114440918,
    0.5080000162124634,
    0.13199999928474426,
    0.13699999451637268
  ],
  "classPrecision": [
    0.158982515335083,
    0.9791231751441956,
    0.8121547102928162,
    0.735551655292511,
    0.9121951460838318,
    0.866310179233551,
    0.9300291538238525,
    0.9513108730316162,
    0.9103448390960693,
    0.9580419659614563
  ],
  "classes": [
    "plane",
    "car",
    "bird",
    "cat",
    "deer",
    "dog",
    "frog",
    "horse",
    "ship",
    "truck"
  ]
}