{
  "name": "model",
  "metrics": {
    "train_loss": [
      3.0321609818122606,
      3.485332815484567,
      4.326146767220714,
      3.825012258507989,
      4.584112506698478,
      4.218290865421295,
      3.915672542696649,
      4.296070380644365,
      3.705155510794033,
      4.568189217963002,
      3.691850746897134,
      6.467396010052074
    ],
    "train_accuracy": [
      0.3161777777777778,
      0.32124444444444444,
      0.30075555555555555,
      0.3292,
      0.29455555555555557,
      0.37504444444444446,
      0.40657777777777776,
      0.4106222222222222,
      0.48535555555555554,
      0.5015555555555555,
      0.5767777777777777,
      0.41735555555555554
    ],
    "val_loss": [
      2.957789662480354,
      3.437142777442932,
      4.346191281080246,
      3.880431514978409,
      4.7927390217781065,
      4.493719726800919,
      4.36218209862709,
      4.753557753562927,
      4.179214489459992,
      5.17031022310257,
      4.387163150310516,
      7.520489501953125
    ],
    "val_accuracy": [
      0.3188,
      0.3186,
      0.3038,
      0.3226,
      0.283,
      0.357,
      0.3806,
      0.3828,
      0.437,
      0.4516,
      0.506,
      0.3674
    ]
  },
  "accuracy": 0.3651,
  "confusion": [
    [
      1000.0,
      0.0,
      0.0,
      0.0,
      0.0,
      0.0,
      0.0,
      0.0,
      0.0,
      0.0
    ],
    [
      799.0,
      195.0,
      0.0,
      0.0,
      0.0,
      1.0,
      3.0,
      0.0,
      0.0,
      2.0
    ],
    [
      803.0,
      0.0,
      157.0,
      14.0,
      8.0,
      7.0,
      7.0,
      4.0,
      0.0,
      0.0
    ],
    [
      502.0,
      0.0,
      17.0,
      404.0,
      14.0,
      39.0,
      21.0,
      3.0,
      0.0,
      0.0
    ],
    [
      619.0,
      0.0,
      15.0,
      11.0,
      335.0,
      2.0,
      9.0,
      8.0,
      1.0,
      0.0
    ],
    [
      463.0,
      0.0,
      6.0,
      56.0,
      12.0,
      446.0,
      6.0,
      10.0,
      1.0,
      0.0
    ],
    [
      245.0,
      0.0,
      24.0,
      19.0,
      5.0,
      2.0,
      702.0,
      2.0,
      1.0,
      0.0
    ],
    [
      661.0,
      0.0,
      1.0,
      3.0,
      10.0,
      4.0,
      0.0,
      321.0,
      0.0,
      0.0
    ],
    [
      972.0,
      0.0,
      0.0,
      0.0,
      0.0,
      0.0,
      0.0,
      0.0,
      28.0,
      0.0
    ],
    [
      933.0,
      1.0,
      1.0,
      1.0,
      0.0,
      0.0,
      0.0,
      0.0,
      1.0,
      63.0
    ]
  ],
  "classRecall": [
    1.0,
    0.19499999284744263,
    0.15700000524520874,
    0.40400001406669617,
    0.33500000834465027,
    0.44600000977516174,
    0.7020000219345093,
    0.32100000977516174,
    0.02800000086426735,
    0.06300000101327896
  ],
  "classPrecision": [
    0.1429183930158615,
    0.9948979616165161,
    0.7104072570800781,
    0.7952755689620972,
    0.8723958134651184,
    0.8902195692062378,
    0.9385026693344116,
    0.9224137663841248,
    0.875,
    0.9692307710647583
  ],
  "classes": [
    "plane",
    "car",
    "bird",
    "cat",
    "deer",
    "dog",
    "frog",
    "horse",
    "ship",
    "truck"
  ]
}