{
  "name": "model",
  "metrics": {
    "train_loss": [
      0.330068312373489,
      0.5771477358742347,
      1.1213227548587943,
      0.9538407571507856,
      1.4625305281996162
    ],
    "train_accuracy": [
      0.8913703703703704,
      0.7794814814814814,
      0.7050185185185185,
      0.7536481481481482,
      0.6892037037037037
    ],
    "val_loss": [
      0.34700364064663014,
      0.6038949952480641,
      1.12704495673484,
      0.9725023774390525,
      1.4777038033972396
    ],
    "val_accuracy": [
      0.8855,
      0.7753333333333333,
      0.7153333333333334,
      0.7568333333333334,
      0.6896666666666667
    ]
  },
  "accuracy": 0.6975,
  "confusion": [
    [
      980.0,
      0.0,
      0.0,
      0.0,
      0.0,
      0.0,
      0.0,
      0.0,
      0.0,
      0.0
    ],
    [
      8.0,
      1123.0,
      1.0,
      1.0,
      0.0,
      0.0,
      0.0,
      1.0,
      1.0,
      0.0
    ],
    [
      816.0,
      0.0,
      215.0,
      0.0,
      0.0,
      0.0,
      0.0,
      1.0,
      0.0,
      0.0
    ],
    [
      27.0,
      0.0,
      2.0,
      970.0,
      0.0,
      2.0,
      0.0,
      7.0,
      2.0,
      0.0
    ],
    [
      38.0,
      0.0,
      0.0,
      0.0,
      936.0,
      0.0,
      0.0,
      1.0,
      0.0,
      7.0
    ],
    [
      401.0,
      1.0,
      0.0,
      13.0,
      1.0,
      475.0,
      0.0,
      0.0,
      0.0,
      1.0
    ],
    [
      955.0,
      2.0,
      0.0,
      0.0,
      1.0,
      0.0,
      0.0,
      0.0,
      0.0,
      0.0
    ],
    [
      286.0,
      6.0,
      5.0,
      0.0,
      0.0,
      0.0,
      0.0,
      729.0,
      0.0,
      2.0
    ],
    [
      317.0,
      1.0,
      1.0,
      2.0,
      4.0,
      0.0,
      0.0,
      3.0,
      645.0,
      1.0
    ],
    [
      81.0,
      4.0,
      0.0,
      7.0,
      12.0,
      0.0,
      0.0,
      3.0,
      0.0,
      902.0
    ]
  ],
  "classRecall": [
    1.0,
    0.9894273281097412,
    0.2083333283662796,
    0.9603960514068604,
    0.9531568288803101,
    0.5325112342834473,
    0.0,
    0.7091439962387085,
    0.6622176766395569,
    0.8939543962478638
  ],
  "classPrecision": [
    0.25070351362228394,
    0.9876868724822998,
    0.9598214030265808,
    0.9768378734588623,
    0.9811320900917053,
    0.9958071112632751,
    NaN,
    0.9785234928131104,
    0.9953703880310059,
    0.9879518151283264
  ],
  "classes": [
    0,
    1,
    2,
    3,
    4,
    5,
    6,
    7,
    8,
    9
  ]
}