{
  "name": "model",
  "metrics": {
    "train_loss": [
      1.4334505254058476,
      2.1769175297841077,
      4.448224175597819,
      4.964188019811259,
      7.551464985897191
    ],
    "train_accuracy": [
      0.589925925925926,
      0.5232222222222223,
      0.3051111111111111,
      0.31105555555555553,
      0.2555925925925926
    ],
    "val_loss": [
      1.418828101868325,
      2.1697887613418256,
      4.40742466804829,
      4.949882213105547,
      7.482434374220828
    ],
    "val_accuracy": [
      0.5956666666666667,
      0.529,
      0.30133333333333334,
      0.30766666666666664,
      0.25683333333333336
    ]
  },
  "accuracy": 0.2529,
  "confusion": [
    [
      980.0,
      0.0,
      0.0,
      0.0,
      0.0,
      0.0,
      0.0,
      0.0,
      0.0,
      0.0
    ],
    [
      35.0,
      1100.0,
      0.0,
      0.0,
      0.0,
      0.0,
      0.0,
      0.0,
      0.0,
      0.0
    ],
    [
      1032.0,
      0.0,
      0.0,
      0.0,
      0.0,
      0.0,
      0.0,
      0.0,
      0.0,
      0.0
    ],
    [
      565.0,
      0.0,
      0.0,
      445.0,
      0.0,
      0.0,
      0.0,
      0.0,
      0.0,
      0.0
    ],
    [
      982.0,
      0.0,
      0.0,
      0.0,
      0.0,
      0.0,
      0.0,
      0.0,
      0.0,
      0.0
    ],
    [
      892.0,
      0.0,
      0.0,
      0.0,
      0.0,
      0.0,
      0.0,
      0.0,
      0.0,
      0.0
    ],
    [
      957.0,
      1.0,
      0.0,
      0.0,
      0.0,
      0.0,
      0.0,
      0.0,
      0.0,
      0.0
    ],
    [
      1023.0,
      1.0,
      0.0,
      0.0,
      0.0,
      0.0,
      0.0,
      4.0,
      0.0,
      0.0
    ],
    [
      974.0,
      0.0,
      0.0,
      0.0,
      0.0,
      0.0,
      0.0,
      0.0,
      0.0,
      0.0
    ],
    [
      1006.0,
      3.0,
      0.0,
      0.0,
      0.0,
      0.0,
      0.0,
      0.0,
      0.0,
      0.0
    ]
  ],
  "classRecall": [
    1.0,
    0.9691630005836487,
    0.0,
    0.44059404730796814,
    0.0,
    0.0,
    0.0,
    0.0038910505827516317,
    0.0,
    0.0
  ],
  "classPrecision": [
    0.11603125929832458,
    0.9954751133918762,
    NaN,
    1.0,
    NaN,
    NaN,
    NaN,
    1.0,
    NaN,
    NaN
  ],
  "classes": [
    0,
    1,
    2,
    3,
    4,
    5,
    6,
    7,
    8,
    9
  ]
}