{
  "name": "model",
  "metrics": {
    "train_loss": [
      5.764174724167043,
      7.855236527594653,
      6.607334672050043,
      7.400747841054743,
      7.98420878702944,
      7.429064150560986,
      8.204992500218479,
      9.333511317318136,
      8.426360429687934,
      10.17722936245528,
      11.375906326554038,
      14.299127185886556
    ],
    "train_accuracy": [
      0.117,
      0.13548888888888888,
      0.231,
      0.18506666666666666,
      0.1920888888888889,
      0.2563111111111111,
      0.23626666666666668,
      0.26182222222222223,
      0.2896666666666667,
      0.25224444444444444,
      0.25206666666666666,
      0.22697777777777778
    ],
    "val_loss": [
      5.888662934303284,
      7.889280939102173,
      6.78311413526535,
      7.615670597553253,
      8.225794553756714,
      7.736042737960815,
      8.554574680328368,
      9.676624763011933,
      8.99877189397812,
      10.906939435005189,
      12.064184463024139,
      14.88756856918335
    ],
    "val_accuracy": [
      0.1126,
      0.1318,
      0.2232,
      0.1856,
      0.191,
      0.2488,
      0.231,
      0.2582,
      0.2776,
      0.241,
      0.2388,
      0.2188
    ]
  },
  "accuracy": 0.2124,
  "confusion": [
    [
      1000.0,
      0.0,
      0.0,
      0.0,
      0.0,
      0.0,
      0.0,
      0.0,
      0.0,
      0.0
    ],
    [
      904.0,
      96.0,
      0.0,
      0.0,
      0.0,
      0.0,
      0.0,
      0.0,
      0.0,
      0.0
    ],
    [
      956.0,
      0.0,
      24.0,
      6.0,
      4.0,
      3.0,
      6.0,
      1.0,
      0.0,
      0.0
    ],
    [
      773.0,
      0.0,
      1.0,
      182.0,
      2.0,
      27.0,
      15.0,
      0.0,
      0.0,
      0.0
    ],
    [
      901.0,
      0.0,
      1.0,
      6.0,
      79.0,
      3.0,
      10.0,
      0.0,
      0.0,
      0.0
    ],
    [
      778.0,
      0.0,
      0.0,
      9.0,
      1.0,
      209.0,
      3.0,
      0.0,
      0.0,
      0.0
    ],
    [
      612.0,
      0.0,
      0.0,
      4.0,
      1.0,
      2.0,
      381.0,
      0.0,
      0.0,
      0.0
    ],
    [
      835.0,
      0.0,
      1.0,
      4.0,
      3.0,
      4.0,
      1.0,
      152.0,
      0.0,
      0.0
    ],
    [
      998.0,
      0.0,
      0.0,
      1.0,
      0.0,
      0.0,
      0.0,
      0.0,
      1.0,
      0.0
    ],
    [
      1000.0,
      0.0,
      0.0,
      0.0,
      0.0,
      0.0,
      0.0,
      0.0,
      0.0,
      0.0
    ]
  ],
  "classRecall": [
    1.0,
    0.09600000083446503,
    0.024000000208616257,
    0.18199999630451202,
    0.07900000363588333,
    0.20900000631809235,
    0.38100001215934753,
    0.15199999511241913,
    0.0010000000474974513,
    0.0
  ],
  "classPrecision": [
    0.114194355905056,
    1.0,
    0.8888888955116272,
    0.8584905862808228,
    0.8777777552604675,
    0.8427419066429138,
    0.9158653616905212,
    0.9934640526771545,
    1.0,
    NaN
  ],
  "classes": [
    "plane",
    "car",
    "bird",
    "cat",
    "deer",
    "dog",
    "frog",
    "horse",
    "ship",
    "truck"
  ]
}