{
  "name": "model",
  "metrics": {
    "train_loss": [
      5.752232501452619,
      4.840763671831652,
      7.811439107764851,
      7.846495794979009,
      10.490110198205167,
      9.007155003872784,
      14.915009891444987,
      9.25424811379476,
      9.588455323468555,
      14.176749755035747,
      12.593231003392827,
      19.533117267218504
    ],
    "train_accuracy": [
      0.10395555555555555,
      0.22068888888888888,
      0.14635555555555554,
      0.19142222222222222,
      0.1578,
      0.16411111111111112,
      0.13182222222222223,
      0.20306666666666667,
      0.23397777777777778,
      0.17328888888888888,
      0.25637777777777776,
      0.14342222222222223
    ],
    "val_loss": [
      5.790561830997467,
      4.97450544834137,
      7.913020074367523,
      8.04585599899292,
      10.808933758735657,
      9.369183051586152,
      15.637110924720764,
      9.870575308799744,
      10.245600843429566,
      14.80548038482666,
      13.525646424293518,
      20.774913358688355
    ],
    "val_accuracy": [
      0.1056,
      0.2114,
      0.1438,
      0.188,
      0.1556,
      0.1616,
      0.1318,
      0.1952,
      0.2168,
      0.1632,
      0.238,
      0.14
    ]
  },
  "accuracy": 0.1382,
  "confusion": [
    [
      1000.0,
      0.0,
      0.0,
      0.0,
      0.0,
      0.0,
      0.0,
      0.0,
      0.0,
      0.0
    ],
    [
      988.0,
      12.0,
      0.0,
      0.0,
      0.0,
      0.0,
      0.0,
      0.0,
      0.0,
      0.0
    ],
    [
      996.0,
      0.0,
      4.0,
      0.0,
      0.0,
      0.0,
      0.0,
      0.0,
      0.0,
      0.0
    ],
    [
      990.0,
      0.0,
      1.0,
      8.0,
      0.0,
      1.0,
      0.0,
      0.0,
      0.0,
      0.0
    ],
    [
      942.0,
      0.0,
      1.0,
      0.0,
      51.0,
      2.0,
      1.0,
      3.0,
      0.0,
      0.0
    ],
    [
      976.0,
      0.0,
      1.0,
      0.0,
      1.0,
      20.0,
      0.0,
      2.0,
      0.0,
      0.0
    ],
    [
      933.0,
      0.0,
      0.0,
      0.0,
      0.0,
      0.0,
      66.0,
      1.0,
      0.0,
      0.0
    ],
    [
      778.0,
      0.0,
      1.0,
      0.0,
      0.0,
      0.0,
      0.0,
      221.0,
      0.0,
      0.0
    ],
    [
      1000.0,
      0.0,
      0.0,
      0.0,
      0.0,
      0.0,
      0.0,
      0.0,
      0.0,
      0.0
    ],
    [
      1000.0,
      0.0,
      0.0,
      0.0,
      0.0,
      0.0,
      0.0,
      0.0,
      0.0,
      0.0
    ]
  ],
  "classRecall": [
    1.0,
    0.012000000104308128,
    0.004000000189989805,
    0.00800000037997961,
    0.050999999046325684,
    0.019999999552965164,
    0.06599999964237213,
    0.22100000083446503,
    0.0,
    0.0
  ],
  "classPrecision": [
    0.10413412749767303,
    1.0,
    0.5,
    1.0,
    0.9807692170143127,
    0.8695651888847351,
    0.9850746393203735,
    0.9735682606697083,
    NaN,
    NaN
  ],
  "classes": [
    "plane",
    "car",
    "bird",
    "cat",
    "deer",
    "dog",
    "frog",
    "horse",
    "ship",
    "truck"
  ]
}