{
  "name": "model",
  "metrics": {
    "train_loss": [
      6.3536266372962436,
      6.135019725019282,
      6.764309776100245,
      7.456767101179469,
      7.823922689665448,
      10.91010541265661,
      8.885978505015373,
      7.156069326129827,
      10.604423121972518,
      10.44620143012567,
      15.947309762239456,
      14.92262916131453
    ],
    "train_accuracy": [
      0.11471111111111111,
      0.15151111111111112,
      0.1662888888888889,
      0.192,
      0.15366666666666667,
      0.13073333333333334,
      0.18997777777777777,
      0.24582222222222222,
      0.16046666666666667,
      0.20955555555555555,
      0.1393111111111111,
      0.1732
    ],
    "val_loss": [
      6.4010637402534485,
      6.223024666309357,
      6.887418127059936,
      7.608960294723511,
      8.090646588802338,
      11.320421075820922,
      9.17637974023819,
      7.5115017771720884,
      11.15690336227417,
      11.249315476417541,
      16.809772491455078,
      15.984592008590699
    ],
    "val_accuracy": [
      0.1134,
      0.1446,
      0.1578,
      0.1872,
      0.1496,
      0.1256,
      0.185,
      0.2362,
      0.1542,
      0.1984,
      0.1344,
      0.162
    ]
  },
  "accuracy": 0.1646,
  "confusion": [
    [
      1000.0,
      0.0,
      0.0,
      0.0,
      0.0,
      0.0,
      0.0,
      0.0,
      0.0,
      0.0
    ],
    [
      990.0,
      10.0,
      0.0,
      0.0,
      0.0,
      0.0,
      0.0,
      0.0,
      0.0,
      0.0
    ],
    [
      992.0,
      0.0,
      3.0,
      1.0,
      1.0,
      1.0,
      2.0,
      0.0,
      0.0,
      0.0
    ],
    [
      905.0,
      0.0,
      1.0,
      92.0,
      1.0,
      1.0,
      0.0,
      0.0,
      0.0,
      0.0
    ],
    [
      880.0,
      0.0,
      0.0,
      2.0,
      111.0,
      2.0,
      0.0,
      5.0,
      0.0,
      0.0
    ],
    [
      965.0,
      0.0,
      1.0,
      4.0,
      0.0,
      29.0,
      0.0,
      1.0,
      0.0,
      0.0
    ],
    [
      767.0,
      0.0,
      2.0,
      8.0,
      6.0,
      1.0,
      216.0,
      0.0,
      0.0,
      0.0
    ],
    [
      819.0,
      0.0,
      0.0,
      0.0,
      1.0,
      0.0,
      0.0,
      180.0,
      0.0,
      0.0
    ],
    [
      999.0,
      0.0,
      0.0,
      0.0,
      0.0,
      0.0,
      0.0,
      0.0,
      1.0,
      0.0
    ],
    [
      996.0,
      0.0,
      0.0,
      0.0,
      0.0,
      0.0,
      0.0,
      0.0,
      0.0,
      4.0
    ]
  ],
  "classRecall": [
    1.0,
    0.009999999776482582,
    0.003000000026077032,
    0.09200000017881393,
    0.11100000143051147,
    0.028999999165534973,
    0.2160000056028366,
    0.18000000715255737,
    0.0010000000474974513,
    0.004000000189989805
  ],
  "classPrecision": [
    0.10737678408622742,
    1.0,
    0.4285714328289032,
    0.8598130941390991,
    0.925000011920929,
    0.8529411554336548,
    0.9908257126808167,
    0.9677419066429138,
    1.0,
    1.0
  ],
  "classes": [
    "plane",
    "car",
    "bird",
    "cat",
    "deer",
    "dog",
    "frog",
    "horse",
    "ship",
    "truck"
  ]
}