{
  "name": "model",
  "metrics": {
    "train_loss": [
      0.9713354136141555,
      1.638469012427669,
      3.2725192647409664,
      4.265177286066715,
      3.859934626032391
    ],
    "train_accuracy": [
      0.636537037037037,
      0.5227777777777778,
      0.35424074074074074,
      0.23816666666666667,
      0.30512962962962964
    ],
    "val_loss": [
      0.9730396917525758,
      1.6436140943080821,
      3.2403256182974958,
      4.224491915804275,
      3.8439946276076298
    ],
    "val_accuracy": [
      0.641,
      0.53,
      0.3521666666666667,
      0.23916666666666667,
      0.30683333333333335
    ]
  },
  "accuracy": 0.3099,
  "confusion": [
    [
      980.0,
      0.0,
      0.0,
      0.0,
      0.0,
      0.0,
      0.0,
      0.0,
      0.0,
      0.0
    ],
    [
      39.0,
      1096.0,
      0.0,
      0.0,
      0.0,
      0.0,
      0.0,
      0.0,
      0.0,
      0.0
    ],
    [
      1032.0,
      0.0,
      0.0,
      0.0,
      0.0,
      0.0,
      0.0,
      0.0,
      0.0,
      0.0
    ],
    [
      526.0,
      0.0,
      0.0,
      484.0,
      0.0,
      0.0,
      0.0,
      0.0,
      0.0,
      0.0
    ],
    [
      602.0,
      0.0,
      0.0,
      0.0,
      370.0,
      0.0,
      0.0,
      0.0,
      0.0,
      10.0
    ],
    [
      891.0,
      0.0,
      0.0,
      0.0,
      0.0,
      1.0,
      0.0,
      0.0,
      0.0,
      0.0
    ],
    [
      958.0,
      0.0,
      0.0,
      0.0,
      0.0,
      0.0,
      0.0,
      0.0,
      0.0,
      0.0
    ],
    [
      1027.0,
      0.0,
      0.0,
      0.0,
      0.0,
      0.0,
      0.0,
      1.0,
      0.0,
      0.0
    ],
    [
      973.0,
      0.0,
      0.0,
      0.0,
      0.0,
      0.0,
      0.0,
      0.0,
      1.0,
      0.0
    ],
    [
      839.0,
      2.0,
      0.0,
      0.0,
      2.0,
      0.0,
      0.0,
      0.0,
      0.0,
      166.0
    ]
  ],
  "classRecall": [
    1.0,
    0.9656387567520142,
    0.0,
    0.47920793294906616,
    0.376782089471817,
    0.0011210762895643711,
    0.0,
    0.0009727626456879079,
    0.0010266940807923675,
    0.1645193248987198
  ],
  "classPrecision": [
    0.12457099556922913,
    0.9981784820556641,
    NaN,
    1.0,
    0.9946236610412598,
    1.0,
    NaN,
    1.0,
    1.0,
    0.9431818127632141
  ],
  "classes": [
    0,
    1,
    2,
    3,
    4,
    5,
    6,
    7,
    8,
    9
  ]
}