{
  "name": "model",
  "metrics": {
    "train_loss": [
      2.6578436236489904,
      2.8153695166110992,
      3.501563040370291,
      2.9985160942782056,
      2.527314866808328,
      2.9270493154498665,
      4.026037201285362,
      1.8130767215043306,
      2.972266701812094,
      2.3324086391790346,
      3.2669016258283095,
      3.4905096637931736
    ],
    "train_accuracy": [
      0.30564444444444444,
      0.3576,
      0.35388888888888886,
      0.4463111111111111,
      0.49462222222222224,
      0.47242222222222224,
      0.4151111111111111,
      0.6203333333333333,
      0.5336,
      0.6110666666666666,
      0.5773333333333334,
      0.5854
    ],
    "val_loss": [
      2.714582991600037,
      2.9079847633838654,
      3.640056759119034,
      3.202989733219147,
      2.7304227322340013,
      3.1250424601137636,
      4.306282836198807,
      2.23895058631897,
      3.4519638895988463,
      2.889878149330616,
      3.9775751888751985,
      4.263033127784729
    ],
    "val_accuracy": [
      0.3052,
      0.3502,
      0.3392,
      0.436,
      0.4708,
      0.4368,
      0.3876,
      0.5748,
      0.496,
      0.5436,
      0.5134,
      0.5214
    ]
  },
  "accuracy": 0.5205,
  "confusion": [
    [
      999.0,
      0.0,
      0.0,
      0.0,
      0.0,
      0.0,
      0.0,
      0.0,
      1.0,
      0.0
    ],
    [
      261.0,
      711.0,
      0.0,
      2.0,
      0.0,
      2.0,
      1.0,
      0.0,
      2.0,
      21.0
    ],
    [
      708.0,
      1.0,
      221.0,
      12.0,
      12.0,
      21.0,
      20.0,
      3.0,
      0.0,
      2.0
    ],
    [
      451.0,
      1.0,
      14.0,
      367.0,
      16.0,
      117.0,
      21.0,
      9.0,
      0.0,
      4.0
    ],
    [
      472.0,
      1.0,
      14.0,
      20.0,
      426.0,
      22.0,
      13.0,
      31.0,
      0.0,
      1.0
    ],
    [
      375.0,
      0.0,
      6.0,
      29.0,
      6.0,
      574.0,
      2.0,
      8.0,
      0.0,
      0.0
    ],
    [
      181.0,
      1.0,
      19.0,
      18.0,
      11.0,
      7.0,
      760.0,
      2.0,
      1.0,
      0.0
    ],
    [
      498.0,
      0.0,
      4.0,
      7.0,
      5.0,
      14.0,
      2.0,
      467.0,
      0.0,
      3.0
    ],
    [
      795.0,
      5.0,
      1.0,
      3.0,
      0.0,
      1.0,
      1.0,
      0.0,
      193.0,
      1.0
    ],
    [
      489.0,
      19.0,
      1.0,
      0.0,
      0.0,
      0.0,
      1.0,
      0.0,
      3.0,
      487.0
    ]
  ],
  "classRecall": [
    0.9990000128746033,
    0.7110000252723694,
    0.22100000083446503,
    0.367000013589859,
    0.4259999990463257,
    0.5740000009536743,
    0.7599999904632568,
    0.46700000762939453,
    0.19300000369548798,
    0.4869999885559082
  ],
  "classPrecision": [
    0.19104991853237152,
    0.9621109366416931,
    0.7892857193946838,
    0.8013100624084473,
    0.894957959651947,
    0.7572559118270874,
    0.9257003664970398,
    0.8980769515037537,
    0.9649999737739563,
    0.9383429884910583
  ],
  "classes": [
    "plane",
    "car",
    "bird",
    "cat",
    "deer",
    "dog",
    "frog",
    "horse",
    "ship",
    "truck"
  ]
}