{
  "name": "model",
  "metrics": {
    "train_loss": [
      5.728462082418528,
      6.7159834869883275,
      6.633187617767941,
      4.229046077890829,
      5.713952403176915,
      7.440558112480423,
      5.7670776017687535,
      6.201605486598882,
      10.632593138651414,
      9.161993170326406,
      7.47676152668216,
      8.319578677415848
    ],
    "train_accuracy": [
      0.13573333333333334,
      0.12746666666666667,
      0.15006666666666665,
      0.29833333333333334,
      0.20675555555555555,
      0.18533333333333332,
      0.2815111111111111,
      0.26966666666666667,
      0.20957777777777778,
      0.2884,
      0.36495555555555553,
      0.29984444444444447
    ],
    "val_loss": [
      5.757965332269668,
      6.838175678253174,
      6.793112182617188,
      4.330748921632766,
      5.912638115882873,
      7.600374507904053,
      6.0768807291984555,
      6.5330521941185,
      11.103570175170898,
      9.850554752349854,
      8.109987652301788,
      9.13510959148407
    ],
    "val_accuracy": [
      0.128,
      0.1208,
      0.1394,
      0.2876,
      0.1938,
      0.1696,
      0.2656,
      0.252,
      0.1972,
      0.2656,
      0.3292,
      0.2732
    ]
  },
  "accuracy": 0.2719,
  "confusion": [
    [
      1000.0,
      0.0,
      0.0,
      0.0,
      0.0,
      0.0,
      0.0,
      0.0,
      0.0,
      0.0
    ],
    [
      929.0,
      67.0,
      0.0,
      0.0,
      0.0,
      0.0,
      3.0,
      0.0,
      0.0,
      1.0
    ],
    [
      695.0,
      0.0,
      273.0,
      1.0,
      7.0,
      21.0,
      3.0,
      0.0,
      0.0,
      0.0
    ],
    [
      839.0,
      0.0,
      6.0,
      94.0,
      2.0,
      54.0,
      3.0,
      1.0,
      0.0,
      1.0
    ],
    [
      773.0,
      0.0,
      9.0,
      6.0,
      204.0,
      2.0,
      5.0,
      1.0,
      0.0,
      0.0
    ],
    [
      435.0,
      0.0,
      7.0,
      6.0,
      6.0,
      543.0,
      1.0,
      2.0,
      0.0,
      0.0
    ],
    [
      751.0,
      0.0,
      9.0,
      1.0,
      0.0,
      5.0,
      234.0,
      0.0,
      0.0,
      0.0
    ],
    [
      684.0,
      0.0,
      5.0,
      4.0,
      11.0,
      10.0,
      1.0,
      285.0,
      0.0,
      0.0
    ],
    [
      991.0,
      0.0,
      1.0,
      0.0,
      0.0,
      0.0,
      0.0,
      0.0,
      8.0,
      0.0
    ],
    [
      989.0,
      0.0,
      0.0,
      0.0,
      0.0,
      0.0,
      0.0,
      0.0,
      0.0,
      11.0
    ]
  ],
  "classRecall": [
    1.0,
    0.06700000166893005,
    0.27300000190734863,
    0.09399999678134918,
    0.20399999618530273,
    0.5429999828338623,
    0.23399999737739563,
    0.2849999964237213,
    0.00800000037997961,
    0.010999999940395355
  ],
  "classPrecision": [
    0.1236705407500267,
    1.0,
    0.8806451559066772,
    0.8392857313156128,
    0.886956512928009,
    0.8551180958747864,
    0.9359999895095825,
    0.9861591458320618,
    1.0,
    0.8461538553237915
  ],
  "classes": [
    "plane",
    "car",
    "bird",
    "cat",
    "deer",
    "dog",
    "frog",
    "horse",
    "ship",
    "truck"
  ]
}