{
  "name": "model",
  "metrics": {
    "train_loss": [
      2.23383584293709,
      2.9234671081411894,
      4.00486726557474,
      6.410414949977567,
      7.589851747756886
    ],
    "train_accuracy": [
      0.42435185185185187,
      0.4041296296296296,
      0.3670185185185185,
      0.2026111111111111,
      0.12416666666666666
    ],
    "val_loss": [
      2.1924984023926104,
      2.8999800783522587,
      3.9198091385212352,
      6.3114034673000905,
      7.497687319491772
    ],
    "val_accuracy": [
      0.4345,
      0.4085,
      0.369,
      0.204,
      0.12433333333333334
    ]
  },
  "accuracy": 0.128,
  "confusion": [
    [
      980.0,
      0.0,
      0.0,
      0.0,
      0.0,
      0.0,
      0.0,
      0.0,
      0.0,
      0.0
    ],
    [
      890.0,
      245.0,
      0.0,
      0.0,
      0.0,
      0.0,
      0.0,
      0.0,
      0.0,
      0.0
    ],
    [
      1032.0,
      0.0,
      0.0,
      0.0,
      0.0,
      0.0,
      0.0,
      0.0,
      0.0,
      0.0
    ],
    [
      956.0,
      0.0,
      0.0,
      54.0,
      0.0,
      0.0,
      0.0,
      0.0,
      0.0,
      0.0
    ],
    [
      981.0,
      0.0,
      0.0,
      0.0,
      1.0,
      0.0,
      0.0,
      0.0,
      0.0,
      0.0
    ],
    [
      892.0,
      0.0,
      0.0,
      0.0,
      0.0,
      0.0,
      0.0,
      0.0,
      0.0,
      0.0
    ],
    [
      958.0,
      0.0,
      0.0,
      0.0,
      0.0,
      0.0,
      0.0,
      0.0,
      0.0,
      0.0
    ],
    [
      1028.0,
      0.0,
      0.0,
      0.0,
      0.0,
      0.0,
      0.0,
      0.0,
      0.0,
      0.0
    ],
    [
      974.0,
      0.0,
      0.0,
      0.0,
      0.0,
      0.0,
      0.0,
      0.0,
      0.0,
      0.0
    ],
    [
      1009.0,
      0.0,
      0.0,
      0.0,
      0.0,
      0.0,
      0.0,
      0.0,
      0.0,
      0.0
    ]
  ],
  "classRecall": [
    1.0,
    0.21585902571678162,
    0.0,
    0.0534653477370739,
    0.0010183299891650677,
    0.0,
    0.0,
    0.0,
    0.0,
    0.0
  ],
  "classPrecision": [
    0.10103093087673187,
    1.0,
    NaN,
    1.0,
    1.0,
    NaN,
    NaN,
    NaN,
    NaN,
    NaN
  ],
  "classes": [
    0,
    1,
    2,
    3,
    4,
    5,
    6,
    7,
    8,
    9
  ]
}