{
  "name": "model",
  "metrics": {
    "train_loss": [
      1.4565272581848232,
      0.9036503469740803,
      0.734522131356326,
      0.5703714778646827,
      0.45197947086258367,
      0.40551211342046206,
      0.3888823092830452,
      0.2694530613635751,
      0.21728747213174673,
      0.1714903579347513,
      0.1587831844067709,
      0.1299035150388425
    ],
    "train_accuracy": [
      0.4779333333333333,
      0.6842222222222222,
      0.7478222222222223,
      0.8048444444444445,
      0.8464888888888888,
      0.8601555555555556,
      0.8651111111111112,
      0.9083333333333333,
      0.9297555555555556,
      0.9430222222222222,
      0.9478444444444445,
      0.9567333333333333
    ],
    "val_loss": [
      1.4882375836372375,
      0.9453109934926033,
      0.7991546228528023,
      0.6731957763433456,
      0.5808585211634636,
      0.5907930485904217,
      0.6188006415963173,
      0.5174873106181621,
      0.5271251335740089,
      0.552118618786335,
      0.5785932496190072,
      0.585188477486372
    ],
    "val_accuracy": [
      0.4734,
      0.6612,
      0.732,
      0.7662,
      0.8004,
      0.7946,
      0.798,
      0.8238,
      0.8288,
      0.8252,
      0.8142,
      0.8272
    ]
  },
  "accuracy": 0.8204,
  "confusion": [
    [
      824.0,
      9.0,
      68.0,
      18.0,
      19.0,
      5.0,
      6.0,
      8.0,
      25.0,
      18.0
    ],
    [
      8.0,
      885.0,
      3.0,
      2.0,
      2.0,
      1.0,
      10.0,
      1.0,
      25.0,
      63.0
    ],
    [
      36.0,
      4.0,
      729.0,
      45.0,
      70.0,
      58.0,
      32.0,
      21.0,
      3.0,
      2.0
    ],
    [
      12.0,
      3.0,
      33.0,
      612.0,
      58.0,
      202.0,
      29.0,
      32.0,
      6.0,
      13.0
    ],
    [
      4.0,
      1.0,
      31.0,
      33.0,
      829.0,
      36.0,
      15.0,
      49.0,
      1.0,
      1.0
    ],
    [
      6.0,
      3.0,
      25.0,
      86.0,
      32.0,
      794.0,
      9.0,
      38.0,
      6.0,
      1.0
    ],
    [
      2.0,
      1.0,
      31.0,
      46.0,
      30.0,
      26.0,
      844.0,
      9.0,
      8.0,
      3.0
    ],
    [
      8.0,
      3.0,
      12.0,
      21.0,
      35.0,
      30.0,
      2.0,
      881.0,
      3.0,
      5.0
    ],
    [
      42.0,
      3.0,
      11.0,
      10.0,
      4.0,
      4.0,
      3.0,
      5.0,
      902.0,
      16.0
    ],
    [
      21.0,
      32.0,
      3.0,
      5.0,
      2.0,
      6.0,
      2.0,
      6.0,
      19.0,
      904.0
    ]
  ],
  "classRecall": [
    0.8240000009536743,
    0.8849999904632568,
    0.7289999723434448,
    0.6119999885559082,
    0.8289999961853027,
    0.7940000295639038,
    0.843999981880188,
    0.8809999823570251,
    0.9020000100135803,
    0.9039999842643738
  ],
  "classPrecision": [
    0.8556594252586365,
    0.9375,
    0.7706131339073181,
    0.6970387101173401,
    0.7668825387954712,
    0.6833046674728394,
    0.8865545988082886,
    0.8390476107597351,
    0.9038076400756836,
    0.8810915946960449
  ],
  "classes": [
    "plane",
    "car",
    "bird",
    "cat",
    "deer",
    "dog",
    "frog",
    "horse",
    "ship",
    "truck"
  ]
}