{
  "name": "model",
  "metrics": {
    "train_loss": [
      4.9999478337439625,
      7.184759512543678,
      11.06011231920936,
      8.9426247572357,
      8.611848972060464,
      13.670420343225652,
      13.09198654510758,
      12.435434994372455,
      18.934452642094005,
      17.241738725792278,
      17.7605101628737,
      24.197857146913353
    ],
    "train_accuracy": [
      0.1293111111111111,
      0.18042222222222223,
      0.13206666666666667,
      0.18231111111111112,
      0.1545111111111111,
      0.1406888888888889,
      0.13446666666666668,
      0.16644444444444445,
      0.1144,
      0.14535555555555554,
      0.146,
      0.1194
    ],
    "val_loss": [
      5.068549180030823,
      7.35556378364563,
      11.20088620185852,
      8.876067686080933,
      8.764558517932892,
      13.862944602966309,
      13.336445951461792,
      12.735938835144044,
      19.183677244186402,
      17.810420513153076,
      18.51399657726288,
      25.118025493621825
    ],
    "val_accuracy": [
      0.125,
      0.1758,
      0.1302,
      0.1774,
      0.1496,
      0.1312,
      0.1266,
      0.1616,
      0.1104,
      0.1394,
      0.1374,
      0.1144
    ]
  },
  "accuracy": 0.1185,
  "confusion": [
    [
      1000.0,
      0.0,
      0.0,
      0.0,
      0.0,
      0.0,
      0.0,
      0.0,
      0.0,
      0.0
    ],
    [
      926.0,
      74.0,
      0.0,
      0.0,
      0.0,
      0.0,
      0.0,
      0.0,
      0.0,
      0.0
    ],
    [
      1000.0,
      0.0,
      0.0,
      0.0,
      0.0,
      0.0,
      0.0,
      0.0,
      0.0,
      0.0
    ],
    [
      981.0,
      0.0,
      0.0,
      19.0,
      0.0,
      0.0,
      0.0,
      0.0,
      0.0,
      0.0
    ],
    [
      998.0,
      0.0,
      0.0,
      0.0,
      2.0,
      0.0,
      0.0,
      0.0,
      0.0,
      0.0
    ],
    [
      988.0,
      0.0,
      0.0,
      1.0,
      0.0,
      11.0,
      0.0,
      0.0,
      0.0,
      0.0
    ],
    [
      936.0,
      0.0,
      0.0,
      0.0,
      0.0,
      0.0,
      64.0,
      0.0,
      0.0,
      0.0
    ],
    [
      990.0,
      0.0,
      0.0,
      0.0,
      0.0,
      0.0,
      0.0,
      10.0,
      0.0,
      0.0
    ],
    [
      1000.0,
      0.0,
      0.0,
      0.0,
      0.0,
      0.0,
      0.0,
      0.0,
      0.0,
      0.0
    ],
    [
      995.0,
      0.0,
      0.0,
      0.0,
      0.0,
      0.0,
      0.0,
      0.0,
      0.0,
      5.0
    ]
  ],
  "classRecall": [
    1.0,
    0.07400000095367432,
    0.0,
    0.01899999938905239,
    0.0020000000949949026,
    0.010999999940395355,
    0.06400000303983688,
    0.009999999776482582,
    0.0,
    0.004999999888241291
  ],
  "classPrecision": [
    0.10189525038003922,
    1.0,
    NaN,
    0.949999988079071,
    1.0,
    1.0,
    1.0,
    1.0,
    NaN,
    1.0
  ],
  "classes": [
    "plane",
    "car",
    "bird",
    "cat",
    "deer",
    "dog",
    "frog",
    "horse",
    "ship",
    "truck"
  ]
}