{
  "name": "model",
  "metrics": {
    "train_loss": [
      0.16386761930351856,
      0.11805424420825113,
      0.10028292158380221,
      0.07837733645786606,
      0.06431006774376918
    ],
    "train_accuracy": [
      0.9542777777777778,
      0.9661111111111111,
      0.9717037037037037,
      0.9777592592592592,
      0.9810555555555556
    ],
    "val_loss": [
      0.18366590998274215,
      0.15225731811307847,
      0.14391336011442732,
      0.11945335412437612,
      0.11137692004125169
    ],
    "val_accuracy": [
      0.9495,
      0.9568333333333333,
      0.9605,
      0.9678333333333333,
      0.9663333333333334
    ]
  },
  "accuracy": 0.9747,
  "confusion": [
    [
      976.0,
      1.0,
      0.0,
      0.0,
      0.0,
      1.0,
      0.0,
      1.0,
      1.0,
      0.0
    ],
    [
      0.0,
      1126.0,
      1.0,
      3.0,
      1.0,
      1.0,
      2.0,
      0.0,
      1.0,
      0.0
    ],
    [
      8.0,
      0.0,
      1007.0,
      1.0,
      4.0,
      0.0,
      3.0,
      6.0,
      3.0,
      0.0
    ],
    [
      0.0,
      0.0,
      3.0,
      988.0,
      0.0,
      11.0,
      0.0,
      5.0,
      3.0,
      0.0
    ],
    [
      2.0,
      0.0,
      0.0,
      0.0,
      966.0,
      0.0,
      6.0,
      2.0,
      0.0,
      6.0
    ],
    [
      6.0,
      0.0,
      0.0,
      4.0,
      1.0,
      875.0,
      3.0,
      0.0,
      2.0,
      1.0
    ],
    [
      12.0,
      2.0,
      0.0,
      0.0,
      3.0,
      5.0,
      936.0,
      0.0,
      0.0,
      0.0
    ],
    [
      4.0,
      6.0,
      14.0,
      5.0,
      1.0,
      0.0,
      0.0,
      991.0,
      1.0,
      6.0
    ],
    [
      6.0,
      1.0,
      2.0,
      9.0,
      6.0,
      11.0,
      7.0,
      3.0,
      926.0,
      3.0
    ],
    [
      6.0,
      3.0,
      0.0,
      8.0,
      17.0,
      14.0,
      0.0,
      4.0,
      1.0,
      956.0
    ]
  ],
  "classRecall": [
    0.9959183931350708,
    0.9920704960823059,
    0.9757751822471619,
    0.9782178401947021,
    0.9837067127227783,
    0.9809417128562927,
    0.9770354628562927,
    0.9640077948570251,
    0.9507187008857727,
    0.9474727511405945
  ],
  "classPrecision": [
    0.95686274766922,
    0.9885864853858948,
    0.98052579164505,
    0.9705304503440857,
    0.966966986656189,
    0.9531590342521667,
    0.9780564308166504,
    0.9792490005493164,
    0.9872068166732788,
    0.9835391044616699
  ],
  "classes": [
    0,
    1,
    2,
    3,
    4,
    5,
    6,
    7,
    8,
    9
  ]
}