{
  "name": "model",
  "metrics": {
    "train_loss": [
      2.057208156698688,
      2.542181836767784,
      4.645919211667861,
      7.290642133821243,
      8.002636859767245
    ],
    "train_accuracy": [
      0.4287962962962963,
      0.4252592592592593,
      0.26637037037037037,
      0.23983333333333334,
      0.21333333333333335
    ],
    "val_loss": [
      2.0064625663960234,
      2.503745474713914,
      4.556483791229573,
      7.171218111159954,
      7.887867988424098
    ],
    "val_accuracy": [
      0.43916666666666665,
      0.43066666666666664,
      0.26766666666666666,
      0.24166666666666667,
      0.215
    ]
  },
  "accuracy": 0.2133,
  "confusion": [
    [
      980.0,
      0.0,
      0.0,
      0.0,
      0.0,
      0.0,
      0.0,
      0.0,
      0.0,
      0.0
    ],
    [
      19.0,
      1116.0,
      0.0,
      0.0,
      0.0,
      0.0,
      0.0,
      0.0,
      0.0,
      0.0
    ],
    [
      1032.0,
      0.0,
      0.0,
      0.0,
      0.0,
      0.0,
      0.0,
      0.0,
      0.0,
      0.0
    ],
    [
      1010.0,
      0.0,
      0.0,
      0.0,
      0.0,
      0.0,
      0.0,
      0.0,
      0.0,
      0.0
    ],
    [
      966.0,
      0.0,
      0.0,
      0.0,
      15.0,
      0.0,
      0.0,
      0.0,
      0.0,
      1.0
    ],
    [
      892.0,
      0.0,
      0.0,
      0.0,
      0.0,
      0.0,
      0.0,
      0.0,
      0.0,
      0.0
    ],
    [
      955.0,
      3.0,
      0.0,
      0.0,
      0.0,
      0.0,
      0.0,
      0.0,
      0.0,
      0.0
    ],
    [
      1021.0,
      7.0,
      0.0,
      0.0,
      0.0,
      0.0,
      0.0,
      0.0,
      0.0,
      0.0
    ],
    [
      973.0,
      1.0,
      0.0,
      0.0,
      0.0,
      0.0,
      0.0,
      0.0,
      0.0,
      0.0
    ],
    [
      982.0,
      4.0,
      0.0,
      0.0,
      1.0,
      0.0,
      0.0,
      0.0,
      0.0,
      22.0
    ]
  ],
  "classRecall": [
    1.0,
    0.983259916305542,
    0.0,
    0.0,
    0.015274949371814728,
    0.0,
    0.0,
    0.0,
    0.0,
    0.02180376648902893
  ],
  "classPrecision": [
    0.11098527908325195,
    0.9867374300956726,
    NaN,
    NaN,
    0.9375,
    NaN,
    NaN,
    NaN,
    NaN,
    0.95652174949646
  ],
  "classes": [
    0,
    1,
    2,
    3,
    4,
    5,
    6,
    7,
    8,
    9
  ]
}