{
  "name": "model",
  "metrics": {
    "train_loss": [
      1.348278701644052,
      0.9086230046708476,
      0.7470101102847945,
      0.5615243321623314,
      0.48211465911431745,
      0.38208392554555426,
      0.32223149765790865,
      0.2569907110777091,
      0.20265227757309648,
      0.22551510588858614,
      0.17190673500722783,
      0.14839608779981395
    ],
    "train_accuracy": [
      0.5015333333333334,
      0.6766888888888889,
      0.7357555555555556,
      0.8051777777777778,
      0.8368222222222222,
      0.8723555555555556,
      0.8926666666666667,
      0.9143333333333333,
      0.9300444444444445,
      0.9249111111111111,
      0.9436666666666667,
      0.9478888888888889
    ],
    "val_loss": [
      1.368808051943779,
      0.9334909752011299,
      0.8306793868541718,
      0.6587240390479565,
      0.6317989587783813,
      0.5780019007623196,
      0.5424634300172329,
      0.5335495300590992,
      0.5545614279806614,
      0.588668791204691,
      0.5765514053404331,
      0.6486537545919419
    ],
    "val_accuracy": [
      0.4974,
      0.6636,
      0.7064,
      0.765,
      0.778,
      0.8028,
      0.8058,
      0.8182,
      0.8184,
      0.8122,
      0.8146,
      0.8114
    ]
  },
  "accuracy": 0.8177,
  "confusion": [
    [
      849.0,
      12.0,
      28.0,
      13.0,
      7.0,
      0.0,
      4.0,
      10.0,
      38.0,
      39.0
    ],
    [
      9.0,
      895.0,
      0.0,
      1.0,
      2.0,
      0.0,
      1.0,
      3.0,
      14.0,
      75.0
    ],
    [
      48.0,
      3.0,
      762.0,
      34.0,
      51.0,
      23.0,
      33.0,
      19.0,
      6.0,
      21.0
    ],
    [
      15.0,
      9.0,
      42.0,
      682.0,
      52.0,
      46.0,
      62.0,
      39.0,
      16.0,
      37.0
    ],
    [
      13.0,
      1.0,
      43.0,
      39.0,
      818.0,
      11.0,
      20.0,
      45.0,
      4.0,
      6.0
    ],
    [
      7.0,
      8.0,
      41.0,
      190.0,
      46.0,
      588.0,
      29.0,
      65.0,
      9.0,
      17.0
    ],
    [
      1.0,
      4.0,
      38.0,
      37.0,
      23.0,
      2.0,
      879.0,
      5.0,
      7.0,
      4.0
    ],
    [
      13.0,
      3.0,
      18.0,
      25.0,
      35.0,
      8.0,
      2.0,
      880.0,
      1.0,
      15.0
    ],
    [
      40.0,
      22.0,
      11.0,
      2.0,
      0.0,
      1.0,
      6.0,
      1.0,
      883.0,
      34.0
    ],
    [
      8.0,
      32.0,
      4.0,
      3.0,
      3.0,
      0.0,
      1.0,
      2.0,
      6.0,
      941.0
    ]
  ],
  "classRecall": [
    0.8489999771118164,
    0.8949999809265137,
    0.7620000243186951,
    0.6819999814033508,
    0.8180000185966492,
    0.5879999995231628,
    0.8790000081062317,
    0.8799999952316284,
    0.8830000162124634,
    0.9409999847412109
  ],
  "classPrecision": [
    0.8464606404304504,
    0.9049544930458069,
    0.7720364928245544,
    0.6647173762321472,
    0.7888138890266418,
    0.8659793734550476,
    0.847637414932251,
    0.8231992721557617,
    0.897357702255249,
    0.7914213538169861
  ],
  "classes": [
    "plane",
    "car",
    "bird",
    "cat",
    "deer",
    "dog",
    "frog",
    "horse",
    "ship",
    "truck"
  ]
}