{
  "name": "model",
  "metrics": {
    "train_loss": [
      3.605690726502375,
      8.685051660646092,
      7.298088509928096,
      9.92472048781135,
      12.032387321645563,
      13.15970819646662,
      11.943552261049097,
      13.537425642663782,
      18.621687504378233,
      15.228581141341817,
      19.189073879610408,
      17.205408402464606
    ],
    "train_accuracy": [
      0.23977777777777778,
      0.1255111111111111,
      0.16657777777777777,
      0.16617777777777779,
      0.12566666666666668,
      0.12826666666666667,
      0.149,
      0.19148888888888888,
      0.13168888888888888,
      0.2552,
      0.18206666666666665,
      0.17782222222222221
    ],
    "val_loss": [
      3.698855400085449,
      8.777055490016938,
      7.539567863941192,
      10.043279123306274,
      12.171040964126586,
      13.46941773891449,
      12.407533168792725,
      14.13948974609375,
      19.109845018386842,
      15.969094634056091,
      19.867298555374145,
      18.052976632118224
    ],
    "val_accuracy": [
      0.2368,
      0.1218,
      0.168,
      0.163,
      0.1202,
      0.125,
      0.1378,
      0.1864,
      0.1298,
      0.2392,
      0.1714,
      0.1674
    ]
  },
  "accuracy": 0.1732,
  "confusion": [
    [
      1000.0,
      0.0,
      0.0,
      0.0,
      0.0,
      0.0,
      0.0,
      0.0,
      0.0,
      0.0
    ],
    [
      998.0,
      1.0,
      0.0,
      0.0,
      0.0,
      0.0,
      1.0,
      0.0,
      0.0,
      0.0
    ],
    [
      999.0,
      0.0,
      0.0,
      0.0,
      0.0,
      0.0,
      1.0,
      0.0,
      0.0,
      0.0
    ],
    [
      912.0,
      0.0,
      0.0,
      79.0,
      0.0,
      2.0,
      7.0,
      0.0,
      0.0,
      0.0
    ],
    [
      980.0,
      0.0,
      0.0,
      1.0,
      14.0,
      0.0,
      3.0,
      2.0,
      0.0,
      0.0
    ],
    [
      886.0,
      0.0,
      0.0,
      5.0,
      0.0,
      106.0,
      1.0,
      2.0,
      0.0,
      0.0
    ],
    [
      634.0,
      0.0,
      0.0,
      1.0,
      0.0,
      0.0,
      365.0,
      0.0,
      0.0,
      0.0
    ],
    [
      862.0,
      0.0,
      0.0,
      1.0,
      0.0,
      2.0,
      0.0,
      135.0,
      0.0,
      0.0
    ],
    [
      999.0,
      0.0,
      0.0,
      0.0,
      0.0,
      0.0,
      0.0,
      0.0,
      0.0,
      1.0
    ],
    [
      968.0,
      0.0,
      0.0,
      0.0,
      0.0,
      0.0,
      0.0,
      0.0,
      0.0,
      32.0
    ]
  ],
  "classRecall": [
    1.0,
    0.0010000000474974513,
    0.0,
    0.07900000363588333,
    0.014000000432133675,
    0.10599999874830246,
    0.36500000953674316,
    0.13500000536441803,
    0.0,
    0.03200000151991844
  ],
  "classPrecision": [
    0.10824853926897049,
    1.0,
    NaN,
    0.9080459475517273,
    1.0,
    0.9636363387107849,
    0.9656084775924683,
    0.971222996711731,
    NaN,
    0.9696969985961914
  ],
  "classes": [
    "plane",
    "car",
    "bird",
    "cat",
    "deer",
    "dog",
    "frog",
    "horse",
    "ship",
    "truck"
  ]
}