{
  "name": "model",
  "metrics": {
    "train_loss": [
      8.010206845673649,
      7.021391972899437,
      10.93505961786617,
      10.867054630409587,
      11.990082895213908,
      13.30673156001351,
      14.941483448852193,
      13.964825288815932,
      17.76586106148633,
      16.180276003750887,
      19.099833808161996,
      21.208740077235483
    ],
    "train_accuracy": [
      0.116,
      0.13097777777777778,
      0.10722222222222222,
      0.11642222222222222,
      0.126,
      0.10575555555555556,
      0.10504444444444444,
      0.12082222222222222,
      0.11122222222222222,
      0.15382222222222222,
      0.11426666666666667,
      0.11337777777777777
    ],
    "val_loss": [
      8.181234169006348,
      7.116454827785492,
      11.094113945960999,
      11.139686822891235,
      12.363651490211486,
      13.591031408309936,
      15.278798842430115,
      14.467823719978332,
      18.248938846588135,
      16.55434579849243,
      19.97873001098633,
      21.935095643997194
    ],
    "val_accuracy": [
      0.1114,
      0.1236,
      0.0998,
      0.1096,
      0.1202,
      0.1004,
      0.0974,
      0.109,
      0.1044,
      0.1404,
      0.1074,
      0.1058
    ]
  },
  "accuracy": 0.1117,
  "confusion": [
    [
      1000.0,
      0.0,
      0.0,
      0.0,
      0.0,
      0.0,
      0.0,
      0.0,
      0.0,
      0.0
    ],
    [
      1000.0,
      0.0,
      0.0,
      0.0,
      0.0,
      0.0,
      0.0,
      0.0,
      0.0,
      0.0
    ],
    [
      999.0,
      0.0,
      0.0,
      0.0,
      0.0,
      1.0,
      0.0,
      0.0,
      0.0,
      0.0
    ],
    [
      962.0,
      0.0,
      0.0,
      38.0,
      0.0,
      0.0,
      0.0,
      0.0,
      0.0,
      0.0
    ],
    [
      998.0,
      0.0,
      0.0,
      0.0,
      2.0,
      0.0,
      0.0,
      0.0,
      0.0,
      0.0
    ],
    [
      973.0,
      0.0,
      0.0,
      2.0,
      0.0,
      24.0,
      0.0,
      1.0,
      0.0,
      0.0
    ],
    [
      984.0,
      0.0,
      0.0,
      0.0,
      0.0,
      0.0,
      16.0,
      0.0,
      0.0,
      0.0
    ],
    [
      963.0,
      0.0,
      0.0,
      0.0,
      0.0,
      0.0,
      0.0,
      37.0,
      0.0,
      0.0
    ],
    [
      1000.0,
      0.0,
      0.0,
      0.0,
      0.0,
      0.0,
      0.0,
      0.0,
      0.0,
      0.0
    ],
    [
      1000.0,
      0.0,
      0.0,
      0.0,
      0.0,
      0.0,
      0.0,
      0.0,
      0.0,
      0.0
    ]
  ],
  "classRecall": [
    1.0,
    0.0,
    0.0,
    0.03799999877810478,
    0.0020000000949949026,
    0.024000000208616257,
    0.01600000075995922,
    0.03700000047683716,
    0.0,
    0.0
  ],
  "classPrecision": [
    0.10122481733560562,
    NaN,
    NaN,
    0.949999988079071,
    1.0,
    0.9599999785423279,
    1.0,
    0.9736841917037964,
    NaN,
    NaN
  ],
  "classes": [
    "plane",
    "car",
    "bird",
    "cat",
    "deer",
    "dog",
    "frog",
    "horse",
    "ship",
    "truck"
  ]
}