{
  "name": "model",
  "metrics": {
    "train_loss": [
      3.988680422306061,
      4.348602133041078,
      3.8618736239996823,
      3.485439499670809,
      4.518694656816396,
      4.192157169634646,
      4.839122717353431,
      5.2546809356320985,
      4.590915906835686,
      4.180498150939291,
      4.887593994086439,
      5.201025451448831
    ],
    "train_accuracy": [
      0.2224,
      0.242,
      0.2595777777777778,
      0.35502222222222224,
      0.3994666666666667,
      0.3572,
      0.41124444444444447,
      0.37044444444444447,
      0.447,
      0.4955555555555556,
      0.4890888888888889,
      0.47057777777777776
    ],
    "val_loss": [
      4.123529988527298,
      4.525378811359405,
      3.9861066937446594,
      3.711536705493927,
      4.750386190414429,
      4.584653013944626,
      5.215243256092071,
      5.737892186641693,
      5.162423050403595,
      4.842382442951203,
      5.679793071746826,
      6.01415114402771
    ],
    "val_accuracy": [
      0.2206,
      0.2328,
      0.2586,
      0.339,
      0.3842,
      0.3426,
      0.381,
      0.3428,
      0.4032,
      0.4496,
      0.4336,
      0.4126
    ]
  },
  "accuracy": 0.4167,
  "confusion": [
    [
      1000.0,
      0.0,
      0.0,
      0.0,
      0.0,
      0.0,
      0.0,
      0.0,
      0.0,
      0.0
    ],
    [
      801.0,
      191.0,
      0.0,
      0.0,
      0.0,
      0.0,
      2.0,
      0.0,
      5.0,
      1.0
    ],
    [
      805.0,
      1.0,
      133.0,
      7.0,
      17.0,
      17.0,
      15.0,
      4.0,
      1.0,
      0.0
    ],
    [
      507.0,
      0.0,
      8.0,
      351.0,
      23.0,
      69.0,
      31.0,
      9.0,
      1.0,
      1.0
    ],
    [
      540.0,
      0.0,
      3.0,
      5.0,
      423.0,
      4.0,
      12.0,
      13.0,
      0.0,
      0.0
    ],
    [
      321.0,
      0.0,
      11.0,
      33.0,
      24.0,
      578.0,
      11.0,
      20.0,
      1.0,
      1.0
    ],
    [
      253.0,
      0.0,
      3.0,
      9.0,
      10.0,
      4.0,
      720.0,
      0.0,
      1.0,
      0.0
    ],
    [
      374.0,
      0.0,
      5.0,
      1.0,
      15.0,
      9.0,
      4.0,
      591.0,
      0.0,
      1.0
    ],
    [
      963.0,
      0.0,
      0.0,
      1.0,
      0.0,
      0.0,
      1.0,
      0.0,
      35.0,
      0.0
    ],
    [
      850.0,
      4.0,
      0.0,
      0.0,
      0.0,
      0.0,
      1.0,
      0.0,
      0.0,
      145.0
    ]
  ],
  "classRecall": [
    1.0,
    0.19099999964237213,
    0.13300000131130219,
    0.35100001096725464,
    0.4230000078678131,
    0.578000009059906,
    0.7200000286102295,
    0.5910000205039978,
    0.03500000014901161,
    0.14499999582767487
  ],
  "classPrecision": [
    0.15590894222259521,
    0.9744898080825806,
    0.8159509301185608,
    0.8624078631401062,
    0.826171875,
    0.8487518429756165,
    0.903387725353241,
    0.9277864694595337,
    0.7954545617103577,
    0.9731543660163879
  ],
  "classes": [
    "plane",
    "car",
    "bird",
    "cat",
    "deer",
    "dog",
    "frog",
    "horse",
    "ship",
    "truck"
  ]
}