{
  "name": "model",
  "metrics": {
    "train_loss": [
      6.866935538974675,
      8.14390556378798,
      9.666597149588846,
      6.952201294628057,
      9.104161301797086,
      11.923196231777018,
      9.442305808717554,
      13.215434567494826,
      14.371810452504592,
      15.75796872919256,
      21.98800874298269,
      19.964081406593323
    ],
    "train_accuracy": [
      0.14575555555555555,
      0.12322222222222222,
      0.12208888888888889,
      0.22275555555555557,
      0.17091111111111112,
      0.1602222222222222,
      0.1590888888888889,
      0.14753333333333332,
      0.15222222222222223,
      0.13735555555555556,
      0.10786666666666667,
      0.12502222222222223
    ],
    "val_loss": [
      6.932268941402436,
      8.305689227581023,
      9.794827342033386,
      7.202330875396728,
      9.21271483898163,
      12.252897596359253,
      9.732492470741272,
      13.62607684135437,
      15.082294607162476,
      16.565644884109496,
      22.85768828392029,
      21.015329790115356
    ],
    "val_accuracy": [
      0.1444,
      0.1246,
      0.1242,
      0.2126,
      0.1698,
      0.1512,
      0.1518,
      0.1398,
      0.1452,
      0.1332,
      0.1076,
      0.1196
    ]
  },
  "accuracy": 0.12,
  "confusion": [
    [
      1000.0,
      0.0,
      0.0,
      0.0,
      0.0,
      0.0,
      0.0,
      0.0,
      0.0,
      0.0
    ],
    [
      991.0,
      9.0,
      0.0,
      0.0,
      0.0,
      0.0,
      0.0,
      0.0,
      0.0,
      0.0
    ],
    [
      996.0,
      0.0,
      1.0,
      2.0,
      1.0,
      0.0,
      0.0,
      0.0,
      0.0,
      0.0
    ],
    [
      913.0,
      0.0,
      1.0,
      84.0,
      1.0,
      1.0,
      0.0,
      0.0,
      0.0,
      0.0
    ],
    [
      988.0,
      0.0,
      1.0,
      1.0,
      10.0,
      0.0,
      0.0,
      0.0,
      0.0,
      0.0
    ],
    [
      966.0,
      0.0,
      1.0,
      3.0,
      0.0,
      29.0,
      0.0,
      1.0,
      0.0,
      0.0
    ],
    [
      986.0,
      0.0,
      0.0,
      1.0,
      0.0,
      0.0,
      13.0,
      0.0,
      0.0,
      0.0
    ],
    [
      943.0,
      0.0,
      1.0,
      1.0,
      0.0,
      1.0,
      0.0,
      54.0,
      0.0,
      0.0
    ],
    [
      1000.0,
      0.0,
      0.0,
      0.0,
      0.0,
      0.0,
      0.0,
      0.0,
      0.0,
      0.0
    ],
    [
      1000.0,
      0.0,
      0.0,
      0.0,
      0.0,
      0.0,
      0.0,
      0.0,
      0.0,
      0.0
    ]
  ],
  "classRecall": [
    1.0,
    0.008999999612569809,
    0.0010000000474974513,
    0.08399999886751175,
    0.009999999776482582,
    0.028999999165534973,
    0.013000000268220901,
    0.05400000140070915,
    0.0,
    0.0
  ],
  "classPrecision": [
    0.1022181361913681,
    1.0,
    0.20000000298023224,
    0.9130434989929199,
    0.8333333134651184,
    0.9354838728904724,
    1.0,
    0.9818181991577148,
    NaN,
    NaN
  ],
  "classes": [
    "plane",
    "car",
    "bird",
    "cat",
    "deer",
    "dog",
    "frog",
    "horse",
    "ship",
    "truck"
  ]
}