{
  "name": "model",
  "metrics": {
    "train_loss": [
      0.37902272054793146,
      0.4133672313102614,
      0.8002108476738229,
      1.0666231881668218,
      0.9923505545792422
    ],
    "train_accuracy": [
      0.8809074074074074,
      0.8327592592592593,
      0.7673148148148148,
      0.7161111111111111,
      0.693
    ],
    "val_loss": [
      0.39718544071025036,
      0.4308892247524667,
      0.8178747993834475,
      1.072950191954349,
      1.0129208539394623
    ],
    "val_accuracy": [
      0.8768333333333334,
      0.8345,
      0.7673333333333333,
      0.7211666666666666,
      0.6941666666666667
    ]
  },
  "accuracy": 0.694,
  "confusion": [
    [
      980.0,
      0.0,
      0.0,
      0.0,
      0.0,
      0.0,
      0.0,
      0.0,
      0.0,
      0.0
    ],
    [
      7.0,
      1123.0,
      3.0,
      1.0,
      0.0,
      0.0,
      0.0,
      1.0,
      0.0,
      0.0
    ],
    [
      247.0,
      0.0,
      783.0,
      0.0,
      0.0,
      0.0,
      0.0,
      0.0,
      2.0,
      0.0
    ],
    [
      62.0,
      0.0,
      3.0,
      938.0,
      0.0,
      5.0,
      0.0,
      1.0,
      1.0,
      0.0
    ],
    [
      77.0,
      0.0,
      3.0,
      0.0,
      898.0,
      0.0,
      0.0,
      0.0,
      0.0,
      4.0
    ],
    [
      426.0,
      0.0,
      0.0,
      3.0,
      0.0,
      461.0,
      0.0,
      0.0,
      1.0,
      1.0
    ],
    [
      954.0,
      3.0,
      0.0,
      0.0,
      1.0,
      0.0,
      0.0,
      0.0,
      0.0,
      0.0
    ],
    [
      849.0,
      4.0,
      8.0,
      6.0,
      0.0,
      0.0,
      0.0,
      157.0,
      0.0,
      4.0
    ],
    [
      257.0,
      1.0,
      1.0,
      2.0,
      2.0,
      0.0,
      0.0,
      0.0,
      710.0,
      1.0
    ],
    [
      83.0,
      5.0,
      0.0,
      5.0,
      26.0,
      0.0,
      0.0,
      0.0,
      0.0,
      890.0
    ]
  ],
  "classRecall": [
    1.0,
    0.9894273281097412,
    0.7587209343910217,
    0.9287128448486328,
    0.914460301399231,
    0.5168161392211914,
    0.0,
    0.15272372961044312,
    0.7289527654647827,
    0.8820614218711853
  ],
  "classPrecision": [
    0.24860477447509766,
    0.9885563254356384,
    0.9775280952453613,
    0.98219895362854,
    0.9687162637710571,
    0.9892703890800476,
    NaN,
    0.9874213933944702,
    0.994397759437561,
    0.9888888597488403
  ],
  "classes": [
    0,
    1,
    2,
    3,
    4,
    5,
    6,
    7,
    8,
    9
  ]
}