{
  "name": "model",
  "metrics": {
    "train_loss": [
      0.24658871505639,
      0.21983145126163678,
      0.15789893781545603,
      0.15630514068767357,
      0.25559579838791163
    ],
    "train_accuracy": [
      0.9279444444444445,
      0.9321666666666667,
      0.9512777777777778,
      0.947962962962963,
      0.9153888888888889
    ],
    "val_loss": [
      0.27305009929423635,
      0.2501691533847058,
      0.1971306434654175,
      0.1970468948179103,
      0.3182131441983771
    ],
    "val_accuracy": [
      0.9221666666666667,
      0.9241666666666667,
      0.9436666666666667,
      0.9411666666666667,
      0.905
    ]
  },
  "accuracy": 0.9123,
  "confusion": [
    [
      980.0,
      0.0,
      0.0,
      0.0,
      0.0,
      0.0,
      0.0,
      0.0,
      0.0,
      0.0
    ],
    [
      1.0,
      1124.0,
      2.0,
      1.0,
      0.0,
      0.0,
      2.0,
      4.0,
      1.0,
      0.0
    ],
    [
      69.0,
      1.0,
      953.0,
      3.0,
      3.0,
      0.0,
      0.0,
      2.0,
      1.0,
      0.0
    ],
    [
      9.0,
      0.0,
      5.0,
      982.0,
      0.0,
      1.0,
      0.0,
      7.0,
      6.0,
      0.0
    ],
    [
      16.0,
      0.0,
      0.0,
      0.0,
      950.0,
      0.0,
      1.0,
      1.0,
      0.0,
      14.0
    ],
    [
      88.0,
      0.0,
      0.0,
      15.0,
      1.0,
      780.0,
      0.0,
      0.0,
      3.0,
      5.0
    ],
    [
      344.0,
      2.0,
      0.0,
      0.0,
      1.0,
      0.0,
      609.0,
      0.0,
      2.0,
      0.0
    ],
    [
      96.0,
      1.0,
      11.0,
      0.0,
      1.0,
      0.0,
      0.0,
      914.0,
      0.0,
      5.0
    ],
    [
      75.0,
      0.0,
      1.0,
      6.0,
      4.0,
      2.0,
      0.0,
      2.0,
      883.0,
      1.0
    ],
    [
      32.0,
      2.0,
      0.0,
      7.0,
      9.0,
      2.0,
      0.0,
      8.0,
      1.0,
      948.0
    ]
  ],
  "classRecall": [
    1.0,
    0.9903083443641663,
    0.9234496355056763,
    0.9722772240638733,
    0.9674134254455566,
    0.8744394779205322,
    0.6356993913650513,
    0.8891050815582275,
    0.9065708518028259,
    0.9395440816879272
  ],
  "classPrecision": [
    0.5730994343757629,
    0.9946902394294739,
    0.9804526567459106,
    0.9684418439865112,
    0.9803921580314636,
    0.993630588054657,
    0.9950980544090271,
    0.9744136333465576,
    0.9843924045562744,
    0.9743062853813171
  ],
  "classes": [
    0,
    1,
    2,
    3,
    4,
    5,
    6,
    7,
    8,
    9
  ]
}