{
  "name": "model",
  "metrics": {
    "train_loss": [
      0.2676822912495283,
      0.5879659197200531,
      0.6196579642911658,
      0.8927148536059528,
      0.9314531857650992
    ],
    "train_accuracy": [
      0.9233888888888889,
      0.8166111111111111,
      0.8256111111111111,
      0.8276296296296296,
      0.7811111111111111
    ],
    "val_loss": [
      0.2972366216968983,
      0.6228193539254209,
      0.6490453855788454,
      0.919610767288411,
      0.9660222048455096
    ],
    "val_accuracy": [
      0.915,
      0.8105,
      0.8206666666666667,
      0.82,
      0.7808333333333334
    ]
  },
  "accuracy": 0.7795,
  "confusion": [
    [
      978.0,
      0.0,
      0.0,
      1.0,
      0.0,
      0.0,
      0.0,
      0.0,
      1.0,
      0.0
    ],
    [
      2.0,
      1129.0,
      1.0,
      2.0,
      0.0,
      0.0,
      0.0,
      0.0,
      1.0,
      0.0
    ],
    [
      371.0,
      0.0,
      651.0,
      5.0,
      0.0,
      0.0,
      0.0,
      2.0,
      3.0,
      0.0
    ],
    [
      17.0,
      0.0,
      1.0,
      981.0,
      0.0,
      2.0,
      0.0,
      4.0,
      3.0,
      2.0
    ],
    [
      33.0,
      1.0,
      0.0,
      0.0,
      928.0,
      0.0,
      0.0,
      1.0,
      2.0,
      17.0
    ],
    [
      176.0,
      3.0,
      0.0,
      17.0,
      1.0,
      687.0,
      0.0,
      0.0,
      3.0,
      5.0
    ],
    [
      947.0,
      5.0,
      0.0,
      0.0,
      2.0,
      0.0,
      0.0,
      0.0,
      4.0,
      0.0
    ],
    [
      408.0,
      9.0,
      6.0,
      3.0,
      0.0,
      0.0,
      0.0,
      597.0,
      0.0,
      5.0
    ],
    [
      53.0,
      3.0,
      1.0,
      14.0,
      4.0,
      0.0,
      0.0,
      3.0,
      894.0,
      2.0
    ],
    [
      34.0,
      6.0,
      0.0,
      8.0,
      7.0,
      1.0,
      0.0,
      2.0,
      1.0,
      950.0
    ]
  ],
  "classRecall": [
    0.9979591965675354,
    0.9947136640548706,
    0.6308139562606812,
    0.9712871313095093,
    0.9450101852416992,
    0.7701793909072876,
    0.0,
    0.5807393193244934,
    0.9178645014762878,
    0.9415262341499329
  ],
  "classPrecision": [
    0.32394832372665405,
    0.9766436219215393,
    0.9863636493682861,
    0.9515033960342407,
    0.9851379990577698,
    0.9956521987915039,
    NaN,
    0.9802955389022827,
    0.9802631735801697,
    0.9683995842933655
  ],
  "classes": [
    0,
    1,
    2,
    3,
    4,
    5,
    6,
    7,
    8,
    9
  ]
}