{
  "name": "model",
  "metrics": {
    "train_loss": [
      1.4902253605743154,
      2.353225650945546,
      3.5282044054772617,
      5.5975266954910134,
      6.286956602928198
    ],
    "train_accuracy": [
      0.5191111111111111,
      0.5407962962962963,
      0.38472222222222224,
      0.3175925925925926,
      0.35314814814814816
    ],
    "val_loss": [
      1.490381512236088,
      2.332306595558816,
      3.472925069484305,
      5.514552618594879,
      6.227109878621203
    ],
    "val_accuracy": [
      0.5185,
      0.546,
      0.3925,
      0.322,
      0.35783333333333334
    ]
  },
  "accuracy": 0.3587,
  "confusion": [
    [
      980.0,
      0.0,
      0.0,
      0.0,
      0.0,
      0.0,
      0.0,
      0.0,
      0.0,
      0.0
    ],
    [
      41.0,
      1094.0,
      0.0,
      0.0,
      0.0,
      0.0,
      0.0,
      0.0,
      0.0,
      0.0
    ],
    [
      1032.0,
      0.0,
      0.0,
      0.0,
      0.0,
      0.0,
      0.0,
      0.0,
      0.0,
      0.0
    ],
    [
      360.0,
      0.0,
      0.0,
      650.0,
      0.0,
      0.0,
      0.0,
      0.0,
      0.0,
      0.0
    ],
    [
      216.0,
      0.0,
      0.0,
      0.0,
      766.0,
      0.0,
      0.0,
      0.0,
      0.0,
      0.0
    ],
    [
      892.0,
      0.0,
      0.0,
      0.0,
      0.0,
      0.0,
      0.0,
      0.0,
      0.0,
      0.0
    ],
    [
      957.0,
      1.0,
      0.0,
      0.0,
      0.0,
      0.0,
      0.0,
      0.0,
      0.0,
      0.0
    ],
    [
      934.0,
      1.0,
      0.0,
      0.0,
      0.0,
      0.0,
      0.0,
      93.0,
      0.0,
      0.0
    ],
    [
      973.0,
      0.0,
      0.0,
      0.0,
      1.0,
      0.0,
      0.0,
      0.0,
      0.0,
      0.0
    ],
    [
      1000.0,
      2.0,
      0.0,
      0.0,
      3.0,
      0.0,
      0.0,
      0.0,
      0.0,
      4.0
    ]
  ],
  "classRecall": [
    1.0,
    0.9638766646385193,
    0.0,
    0.6435643434524536,
    0.7800407409667969,
    0.0,
    0.0,
    0.0904669240117073,
    0.0,
    0.003964321222156286
  ],
  "classPrecision": [
    0.13270142674446106,
    0.9963570237159729,
    NaN,
    1.0,
    0.9948052167892456,
    NaN,
    NaN,
    1.0,
    NaN,
    1.0
  ],
  "classes": [
    0,
    1,
    2,
    3,
    4,
    5,
    6,
    7,
    8,
    9
  ]
}