{
  "name": "model",
  "metrics": {
    "train_loss": [
      5.247754802758044,
      7.6552642367102886,
      5.75184637714516,
      5.084975769573992,
      10.563384313475002,
      5.466002369468862,
      5.269365868785164,
      8.396967740221458,
      8.95341413535855,
      4.6977804960175,
      10.569980637593703,
      8.734396452253515
    ],
    "train_accuracy": [
      0.12324444444444445,
      0.1766888888888889,
      0.17097777777777778,
      0.24968888888888888,
      0.1564888888888889,
      0.32424444444444445,
      0.3259111111111111,
      0.23084444444444444,
      0.18426666666666666,
      0.43977777777777777,
      0.2126,
      0.31775555555555557
    ],
    "val_loss": [
      5.305909824371338,
      7.7959954857826235,
      5.953045880794525,
      5.389850735664368,
      10.97050302028656,
      5.951442360877991,
      5.735296857357025,
      8.924607419967652,
      9.49799439907074,
      5.465386551618576,
      11.394906437397003,
      9.640201044082641
    ],
    "val_accuracy": [
      0.1236,
      0.1772,
      0.1664,
      0.2418,
      0.153,
      0.3066,
      0.3092,
      0.2164,
      0.1722,
      0.3948,
      0.1994,
      0.2926
    ]
  },
  "accuracy": 0.2925,
  "confusion": [
    [
      1000.0,
      0.0,
      0.0,
      0.0,
      0.0,
      0.0,
      0.0,
      0.0,
      0.0,
      0.0
    ],
    [
      663.0,
      334.0,
      0.0,
      0.0,
      0.0,
      0.0,
      1.0,
      0.0,
      0.0,
      2.0
    ],
    [
      957.0,
      0.0,
      28.0,
      3.0,
      3.0,
      4.0,
      4.0,
      1.0,
      0.0,
      0.0
    ],
    [
      829.0,
      0.0,
      0.0,
      143.0,
      0.0,
      17.0,
      7.0,
      4.0,
      0.0,
      0.0
    ],
    [
      839.0,
      0.0,
      1.0,
      10.0,
      135.0,
      2.0,
      6.0,
      7.0,
      0.0,
      0.0
    ],
    [
      775.0,
      0.0,
      0.0,
      14.0,
      6.0,
      197.0,
      2.0,
      6.0,
      0.0,
      0.0
    ],
    [
      563.0,
      0.0,
      0.0,
      13.0,
      1.0,
      3.0,
      420.0,
      0.0,
      0.0,
      0.0
    ],
    [
      547.0,
      0.0,
      0.0,
      4.0,
      5.0,
      6.0,
      1.0,
      437.0,
      0.0,
      0.0
    ],
    [
      992.0,
      1.0,
      0.0,
      1.0,
      0.0,
      0.0,
      0.0,
      0.0,
      6.0,
      0.0
    ],
    [
      772.0,
      3.0,
      0.0,
      0.0,
      0.0,
      0.0,
      0.0,
      0.0,
      0.0,
      225.0
    ]
  ],
  "classRecall": [
    1.0,
    0.33399999141693115,
    0.02800000086426735,
    0.14300000667572021,
    0.13500000536441803,
    0.19699999690055847,
    0.41999998688697815,
    0.43700000643730164,
    0.006000000052154064,
    0.22499999403953552
  ],
  "classPrecision": [
    0.12599219381809235,
    0.9881656765937805,
    0.9655172228813171,
    0.7606382966041565,
    0.8999999761581421,
    0.8602620363235474,
    0.9523809552192688,
    0.9604395627975464,
    1.0,
    0.9911894202232361
  ],
  "classes": [
    "plane",
    "car",
    "bird",
    "cat",
    "deer",
    "dog",
    "frog",
    "horse",
    "ship",
    "truck"
  ]
}