{
  "name": "model",
  "metrics": {
    "train_loss": [
      0.2110875905513481,
      0.1921511356899806,
      0.13782566011622902,
      0.28495836042538636,
      0.43432055586745955
    ],
    "train_accuracy": [
      0.9402037037037037,
      0.9434444444444444,
      0.9582222222222222,
      0.8769814814814815,
      0.8397037037037037
    ],
    "val_loss": [
      0.2284099427943534,
      0.23110123612779251,
      0.17843392673642078,
      0.3291114774790216,
      0.4946331461059286
    ],
    "val_accuracy": [
      0.9356666666666666,
      0.9376666666666666,
      0.9508333333333333,
      0.87,
      0.8305
    ]
  },
  "accuracy": 0.8399,
  "confusion": [
    [
      978.0,
      1.0,
      0.0,
      0.0,
      0.0,
      0.0,
      0.0,
      1.0,
      0.0,
      0.0
    ],
    [
      4.0,
      1124.0,
      2.0,
      1.0,
      0.0,
      0.0,
      1.0,
      1.0,
      2.0,
      0.0
    ],
    [
      144.0,
      1.0,
      870.0,
      0.0,
      2.0,
      0.0,
      0.0,
      10.0,
      5.0,
      0.0
    ],
    [
      19.0,
      0.0,
      1.0,
      974.0,
      0.0,
      4.0,
      0.0,
      7.0,
      4.0,
      1.0
    ],
    [
      20.0,
      0.0,
      0.0,
      0.0,
      947.0,
      0.0,
      0.0,
      3.0,
      1.0,
      11.0
    ],
    [
      223.0,
      0.0,
      0.0,
      6.0,
      0.0,
      655.0,
      0.0,
      1.0,
      5.0,
      2.0
    ],
    [
      903.0,
      3.0,
      0.0,
      0.0,
      1.0,
      0.0,
      48.0,
      0.0,
      3.0,
      0.0
    ],
    [
      59.0,
      4.0,
      10.0,
      0.0,
      0.0,
      0.0,
      0.0,
      954.0,
      0.0,
      1.0
    ],
    [
      51.0,
      1.0,
      1.0,
      4.0,
      7.0,
      1.0,
      0.0,
      5.0,
      898.0,
      6.0
    ],
    [
      20.0,
      3.0,
      0.0,
      4.0,
      16.0,
      1.0,
      0.0,
      10.0,
      4.0,
      951.0
    ]
  ],
  "classRecall": [
    0.9979591965675354,
    0.9903083443641663,
    0.8430232405662537,
    0.9643564224243164,
    0.9643584489822388,
    0.7343049049377441,
    0.05010438337922096,
    0.9280155897140503,
    0.9219712615013123,
    0.9425173401832581
  ],
  "classPrecision": [
    0.4039652943611145,
    0.9885663986206055,
    0.9841628670692444,
    0.9848331809043884,
    0.9732785224914551,
    0.9909228682518005,
    0.9795918464660645,
    0.961693525314331,
    0.9739696383476257,
    0.9783950448036194
  ],
  "classes": [
    0,
    1,
    2,
    3,
    4,
    5,
    6,
    7,
    8,
    9
  ]
}