{
  "name": "model",
  "metrics": {
    "train_loss": [
      0.1666254950907982,
      0.13424850406204636,
      0.09805024544580429,
      0.2088363608212974,
      0.12249771734231739
    ],
    "train_accuracy": [
      0.9528148148148148,
      0.9625185185185186,
      0.9726481481481482,
      0.9351666666666667,
      0.9638888888888889
    ],
    "val_loss": [
      0.19618653062176197,
      0.16400431021255382,
      0.1350074959720703,
      0.25359738269384874,
      0.17319338098960987
    ],
    "val_accuracy": [
      0.9416666666666667,
      0.9565,
      0.9641666666666666,
      0.9255,
      0.9526666666666667
    ]
  },
  "accuracy": 0.9558,
  "confusion": [
    [
      975.0,
      0.0,
      0.0,
      0.0,
      0.0,
      1.0,
      0.0,
      1.0,
      3.0,
      0.0
    ],
    [
      0.0,
      1127.0,
      3.0,
      2.0,
      0.0,
      0.0,
      1.0,
      0.0,
      2.0,
      0.0
    ],
    [
      42.0,
      2.0,
      969.0,
      3.0,
      0.0,
      0.0,
      0.0,
      7.0,
      9.0,
      0.0
    ],
    [
      1.0,
      0.0,
      1.0,
      991.0,
      0.0,
      7.0,
      0.0,
      4.0,
      4.0,
      2.0
    ],
    [
      14.0,
      0.0,
      1.0,
      0.0,
      946.0,
      0.0,
      0.0,
      1.0,
      1.0,
      19.0
    ],
    [
      20.0,
      1.0,
      0.0,
      4.0,
      0.0,
      859.0,
      0.0,
      0.0,
      4.0,
      4.0
    ],
    [
      143.0,
      3.0,
      0.0,
      0.0,
      1.0,
      3.0,
      805.0,
      0.0,
      3.0,
      0.0
    ],
    [
      17.0,
      11.0,
      9.0,
      1.0,
      1.0,
      0.0,
      0.0,
      971.0,
      4.0,
      14.0
    ],
    [
      11.0,
      1.0,
      1.0,
      4.0,
      5.0,
      4.0,
      4.0,
      3.0,
      935.0,
      6.0
    ],
    [
      13.0,
      4.0,
      0.0,
      1.0,
      6.0,
      1.0,
      0.0,
      2.0,
      2.0,
      980.0
    ]
  ],
  "classRecall": [
    0.9948979616165161,
    0.992951512336731,
    0.9389534592628479,
    0.9811881184577942,
    0.9633401036262512,
    0.963004469871521,
    0.8402922749519348,
    0.9445525407791138,
    0.9599589109420776,
    0.9712586998939514
  ],
  "classPrecision": [
    0.7888349294662476,
    0.9808529019355774,
    0.9847561120986938,
    0.9850894808769226,
    0.9864442348480225,
    0.9817143082618713,
    0.9938271641731262,
    0.9817997813224792,
    0.9669079780578613,
    0.9560975432395935
  ],
  "classes": [
    0,
    1,
    2,
    3,
    4,
    5,
    6,
    7,
    8,
    9
  ]
}