{
  "name": "model",
  "metrics": {
    "train_loss": [
      3.2956206033175643,
      3.8401271389289335,
      3.706135277721015,
      3.574534735896371,
      4.14965613254092,
      4.271979638121345,
      3.4494096257469873,
      4.248278059065342,
      4.227563916282221,
      3.723354818468744,
      4.727541271935809,
      3.818486562506719
    ],
    "train_accuracy": [
      0.2379111111111111,
      0.31091111111111114,
      0.38164444444444445,
      0.39624444444444445,
      0.39555555555555555,
      0.3675777777777778,
      0.48375555555555555,
      0.4229111111111111,
      0.4782222222222222,
      0.5236222222222222,
      0.5142222222222222,
      0.5938888888888889
    ],
    "val_loss": [
      3.4101519525051116,
      3.992365765571594,
      3.909570908546448,
      3.763415905833244,
      4.53017743229866,
      4.645267832279205,
      3.8155077576637266,
      4.728269100189209,
      4.905618619918823,
      4.473537927865982,
      5.5348537266254425,
      4.692484825849533
    ],
    "val_accuracy": [
      0.2296,
      0.3074,
      0.3714,
      0.3726,
      0.3754,
      0.336,
      0.4514,
      0.3834,
      0.4214,
      0.467,
      0.4522,
      0.519
    ]
  },
  "accuracy": 0.5172,
  "confusion": [
    [
      997.0,
      0.0,
      0.0,
      1.0,
      0.0,
      0.0,
      2.0,
      0.0,
      0.0,
      0.0
    ],
    [
      382.0,
      604.0,
      0.0,
      1.0,
      0.0,
      0.0,
      4.0,
      0.0,
      2.0,
      7.0
    ],
    [
      667.0,
      1.0,
      215.0,
      8.0,
      16.0,
      30.0,
      55.0,
      7.0,
      0.0,
      1.0
    ],
    [
      352.0,
      2.0,
      9.0,
      456.0,
      13.0,
      71.0,
      84.0,
      11.0,
      0.0,
      2.0
    ],
    [
      388.0,
      1.0,
      16.0,
      16.0,
      460.0,
      17.0,
      54.0,
      48.0,
      0.0,
      0.0
    ],
    [
      314.0,
      2.0,
      7.0,
      53.0,
      9.0,
      572.0,
      18.0,
      25.0,
      0.0,
      0.0
    ],
    [
      94.0,
      2.0,
      6.0,
      10.0,
      5.0,
      4.0,
      876.0,
      2.0,
      0.0,
      1.0
    ],
    [
      297.0,
      1.0,
      4.0,
      10.0,
      10.0,
      16.0,
      3.0,
      658.0,
      0.0,
      1.0
    ],
    [
      948.0,
      1.0,
      0.0,
      1.0,
      1.0,
      1.0,
      3.0,
      3.0,
      42.0,
      0.0
    ],
    [
      674.0,
      27.0,
      0.0,
      2.0,
      1.0,
      0.0,
      3.0,
      0.0,
      1.0,
      292.0
    ]
  ],
  "classRecall": [
    0.996999979019165,
    0.6039999723434448,
    0.2150000035762787,
    0.4560000002384186,
    0.46000000834465027,
    0.5720000267028809,
    0.8759999871253967,
    0.6579999923706055,
    0.041999999433755875,
    0.2919999957084656
  ],
  "classPrecision": [
    0.19499315321445465,
    0.9422776699066162,
    0.8365758657455444,
    0.8172042965888977,
    0.893203854560852,
    0.8045006990432739,
    0.7949183583259583,
    0.8726790547370911,
    0.9333333373069763,
    0.9605262875556946
  ],
  "classes": [
    "plane",
    "car",
    "bird",
    "cat",
    "deer",
    "dog",
    "frog",
    "horse",
    "ship",
    "truck"
  ]
}