{
  "name": "model",
  "metrics": {
    "train_loss": [
      2.921717694537206,
      2.5727429637177424,
      1.8123575875704938,
      2.596923928707838,
      3.8578233522447674,
      1.0733722841197795,
      4.363476327197119,
      4.254148428413001,
      4.451693253760988,
      2.6101073897020384,
      5.689839895475995,
      8.0378503812985
    ],
    "train_accuracy": [
      0.24206666666666668,
      0.38124444444444444,
      0.5278444444444444,
      0.49073333333333335,
      0.41424444444444447,
      0.7469555555555556,
      0.5001111111111111,
      0.47784444444444446,
      0.48788888888888887,
      0.6633333333333333,
      0.45395555555555556,
      0.4372888888888889
    ],
    "val_loss": [
      2.9373576939105988,
      2.661095231771469,
      1.8650761842727661,
      2.6319515228271486,
      3.9640652239322662,
      1.1873232081532479,
      4.748816603422165,
      4.685323357582092,
      4.839791309833527,
      3.123395413160324,
      6.6214646100997925,
      9.021423602104187
    ],
    "val_accuracy": [
      0.2338,
      0.3658,
      0.5108,
      0.4722,
      0.3974,
      0.7198,
      0.4646,
      0.444,
      0.4388,
      0.5912,
      0.4128,
      0.3878
    ]
  },
  "accuracy": 0.3906,
  "confusion": [
    [
      974.0,
      0.0,
      6.0,
      5.0,
      4.0,
      0.0,
      0.0,
      7.0,
      2.0,
      2.0
    ],
    [
      692.0,
      303.0,
      0.0,
      0.0,
      1.0,
      1.0,
      0.0,
      0.0,
      0.0,
      3.0
    ],
    [
      726.0,
      0.0,
      237.0,
      8.0,
      11.0,
      11.0,
      1.0,
      6.0,
      0.0,
      0.0
    ],
    [
      633.0,
      0.0,
      6.0,
      302.0,
      11.0,
      33.0,
      4.0,
      9.0,
      0.0,
      2.0
    ],
    [
      497.0,
      0.0,
      11.0,
      13.0,
      441.0,
      6.0,
      1.0,
      31.0,
      0.0,
      0.0
    ],
    [
      546.0,
      0.0,
      2.0,
      40.0,
      8.0,
      386.0,
      1.0,
      17.0,
      0.0,
      0.0
    ],
    [
      751.0,
      0.0,
      2.0,
      7.0,
      3.0,
      0.0,
      237.0,
      0.0,
      0.0,
      0.0
    ],
    [
      326.0,
      0.0,
      2.0,
      5.0,
      4.0,
      5.0,
      0.0,
      658.0,
      0.0,
      0.0
    ],
    [
      901.0,
      2.0,
      1.0,
      2.0,
      1.0,
      0.0,
      0.0,
      2.0,
      90.0,
      1.0
    ],
    [
      701.0,
      13.0,
      0.0,
      0.0,
      0.0,
      0.0,
      0.0,
      6.0,
      2.0,
      278.0
    ]
  ],
  "classRecall": [
    0.9739999771118164,
    0.30300000309944153,
    0.2370000034570694,
    0.3019999861717224,
    0.4410000145435333,
    0.38600000739097595,
    0.2370000034570694,
    0.6579999923706055,
    0.09000000357627869,
    0.27799999713897705
  ],
  "classPrecision": [
    0.14436045289039612,
    0.9528301954269409,
    0.8876404762268066,
    0.7905759215354919,
    0.9111570119857788,
    0.8733031749725342,
    0.9713114500045776,
    0.89402174949646,
    0.957446813583374,
    0.9720279574394226
  ],
  "classes": [
    "plane",
    "car",
    "bird",
    "cat",
    "deer",
    "dog",
    "frog",
    "horse",
    "ship",
    "truck"
  ]
}