{
  "name": "model",
  "metrics": {
    "train_loss": [
      1.174729990026962,
      2.758126128623836,
      4.57296656827791,
      7.512163256016953,
      8.823183321839826
    ],
    "train_accuracy": [
      0.506462962962963,
      0.4383148148148148,
      0.3331851851851852,
      0.21181481481481482,
      0.21435185185185185
    ],
    "val_loss": [
      1.1969461884904415,
      2.7506250143051147,
      4.566999389770183,
      7.4623780149094605,
      8.784878639464683
    ],
    "val_accuracy": [
      0.5051666666666667,
      0.43583333333333335,
      0.3258333333333333,
      0.21216666666666667,
      0.215
    ]
  },
  "accuracy": 0.2159,
  "confusion": [
    [
      980.0,
      0.0,
      0.0,
      0.0,
      0.0,
      0.0,
      0.0,
      0.0,
      0.0,
      0.0
    ],
    [
      44.0,
      1091.0,
      0.0,
      0.0,
      0.0,
      0.0,
      0.0,
      0.0,
      0.0,
      0.0
    ],
    [
      1032.0,
      0.0,
      0.0,
      0.0,
      0.0,
      0.0,
      0.0,
      0.0,
      0.0,
      0.0
    ],
    [
      990.0,
      0.0,
      0.0,
      19.0,
      0.0,
      0.0,
      0.0,
      1.0,
      0.0,
      0.0
    ],
    [
      971.0,
      0.0,
      0.0,
      0.0,
      11.0,
      0.0,
      0.0,
      0.0,
      0.0,
      0.0
    ],
    [
      892.0,
      0.0,
      0.0,
      0.0,
      0.0,
      0.0,
      0.0,
      0.0,
      0.0,
      0.0
    ],
    [
      957.0,
      1.0,
      0.0,
      0.0,
      0.0,
      0.0,
      0.0,
      0.0,
      0.0,
      0.0
    ],
    [
      971.0,
      0.0,
      0.0,
      0.0,
      0.0,
      0.0,
      0.0,
      57.0,
      0.0,
      0.0
    ],
    [
      974.0,
      0.0,
      0.0,
      0.0,
      0.0,
      0.0,
      0.0,
      0.0,
      0.0,
      0.0
    ],
    [
      1006.0,
      2.0,
      0.0,
      0.0,
      0.0,
      0.0,
      0.0,
      0.0,
      0.0,
      1.0
    ]
  ],
  "classRecall": [
    1.0,
    0.9612334966659546,
    0.0,
    0.01881188154220581,
    0.011201629415154457,
    0.0,
    0.0,
    0.055447470396757126,
    0.0,
    0.0009910803055390716
  ],
  "classPrecision": [
    0.11114891618490219,
    0.9972577691078186,
    NaN,
    1.0,
    1.0,
    NaN,
    NaN,
    0.982758641242981,
    NaN,
    1.0
  ],
  "classes": [
    0,
    1,
    2,
    3,
    4,
    5,
    6,
    7,
    8,
    9
  ]
}