{
  "name": "model",
  "metrics": {
    "train_loss": [
      2.3303146860138937,
      1.9252970279617743,
      2.2249056354842405,
      1.8130135996775194,
      1.631678724492138,
      2.3051147552376445,
      1.8243174353106455,
      3.318000417541374,
      2.0725867257199506,
      1.7342893564226953,
      1.0627728687091307,
      2.7673224918544292
    ],
    "train_accuracy": [
      0.3982222222222222,
      0.5016222222222222,
      0.4803777777777778,
      0.5826444444444444,
      0.6533111111111111,
      0.5615111111111111,
      0.6663111111111111,
      0.5248444444444444,
      0.6658222222222222,
      0.7014666666666667,
      0.8097111111111112,
      0.6288888888888889
    ],
    "val_loss": [
      2.2931078553199766,
      1.9722622990608216,
      2.2683177262544634,
      1.8672964587807654,
      1.729512909054756,
      2.531624194979668,
      2.08072734773159,
      3.6921380937099455,
      2.47504635900259,
      2.197695252299309,
      1.6852099627256394,
      3.6525501012802124
    ],
    "val_accuracy": [
      0.3978,
      0.4988,
      0.4592,
      0.559,
      0.6308,
      0.523,
      0.6162,
      0.4878,
      0.5988,
      0.6276,
      0.714,
      0.5466
    ]
  },
  "accuracy": 0.5536,
  "confusion": [
    [
      998.0,
      1.0,
      0.0,
      1.0,
      0.0,
      0.0,
      0.0,
      0.0,
      0.0,
      0.0
    ],
    [
      168.0,
      789.0,
      1.0,
      0.0,
      1.0,
      1.0,
      3.0,
      0.0,
      1.0,
      36.0
    ],
    [
      668.0,
      1.0,
      266.0,
      8.0,
      23.0,
      17.0,
      11.0,
      4.0,
      1.0,
      1.0
    ],
    [
      424.0,
      0.0,
      31.0,
      401.0,
      21.0,
      95.0,
      14.0,
      13.0,
      0.0,
      1.0
    ],
    [
      354.0,
      1.0,
      34.0,
      26.0,
      534.0,
      18.0,
      14.0,
      18.0,
      1.0,
      0.0
    ],
    [
      290.0,
      1.0,
      24.0,
      43.0,
      23.0,
      594.0,
      6.0,
      19.0,
      0.0,
      0.0
    ],
    [
      195.0,
      3.0,
      41.0,
      44.0,
      16.0,
      14.0,
      685.0,
      0.0,
      1.0,
      1.0
    ],
    [
      386.0,
      0.0,
      10.0,
      3.0,
      16.0,
      17.0,
      2.0,
      565.0,
      0.0,
      1.0
    ],
    [
      819.0,
      6.0,
      0.0,
      1.0,
      0.0,
      0.0,
      2.0,
      2.0,
      167.0,
      3.0
    ],
    [
      438.0,
      14.0,
      1.0,
      2.0,
      0.0,
      0.0,
      3.0,
      3.0,
      2.0,
      537.0
    ]
  ],
  "classRecall": [
    0.9980000257492065,
    0.7889999747276306,
    0.26600000262260437,
    0.4009999930858612,
    0.5339999794960022,
    0.593999981880188,
    0.6850000023841858,
    0.5649999976158142,
    0.16699999570846558,
    0.5370000004768372
  ],
  "classPrecision": [
    0.2105485200881958,
    0.966911792755127,
    0.6519607901573181,
    0.7580340504646301,
    0.8422712683677673,
    0.7857142686843872,
    0.9256756901741028,
    0.9054487347602844,
    0.9653179049491882,
    0.9258620738983154
  ],
  "classes": [
    "plane",
    "car",
    "bird",
    "cat",
    "deer",
    "dog",
    "frog",
    "horse",
    "ship",
    "truck"
  ]
}