{
  "name": "model",
  "metrics": {
    "train_loss": [
      1.3788123886016281,
      0.9946030866016041,
      0.7639388418333097,
      0.6271726108918135,
      0.5006550695239143,
      0.4511396446349946,
      0.5030002677813172,
      0.4112664229151877,
      0.28257270119237626,
      0.33593102248216217,
      0.25113994403826917,
      0.2673972476570105
    ],
    "train_accuracy": [
      0.5024666666666666,
      0.6489333333333334,
      0.7325777777777778,
      0.7841333333333333,
      0.8334,
      0.8448222222222223,
      0.8302222222222222,
      0.8618888888888889,
      0.9065555555555556,
      0.8888222222222222,
      0.9195333333333333,
      0.9151111111111111
    ],
    "val_loss": [
      1.3816866040229798,
      1.0278777346014976,
      0.8091248616576194,
      0.7231954798102379,
      0.6224828645586967,
      0.6395299673080445,
      0.7452594995498657,
      0.702968505769968,
      0.6189260482788086,
      0.7786686532199383,
      0.7827394485473633,
      0.815486416965723
    ],
    "val_accuracy": [
      0.4954,
      0.64,
      0.7186,
      0.7406,
      0.7792,
      0.7794,
      0.7548,
      0.774,
      0.8014,
      0.7774,
      0.7948,
      0.7842
    ]
  },
  "accuracy": 0.7875,
  "confusion": [
    [
      979.0,
      1.0,
      2.0,
      6.0,
      3.0,
      0.0,
      0.0,
      1.0,
      6.0,
      2.0
    ],
    [
      51.0,
      900.0,
      0.0,
      4.0,
      1.0,
      1.0,
      1.0,
      0.0,
      16.0,
      26.0
    ],
    [
      233.0,
      1.0,
      577.0,
      57.0,
      35.0,
      44.0,
      31.0,
      15.0,
      4.0,
      3.0
    ],
    [
      66.0,
      2.0,
      27.0,
      716.0,
      22.0,
      104.0,
      27.0,
      23.0,
      7.0,
      6.0
    ],
    [
      43.0,
      1.0,
      36.0,
      79.0,
      692.0,
      41.0,
      23.0,
      84.0,
      1.0,
      0.0
    ],
    [
      24.0,
      2.0,
      22.0,
      152.0,
      13.0,
      744.0,
      3.0,
      32.0,
      4.0,
      4.0
    ],
    [
      31.0,
      3.0,
      16.0,
      77.0,
      22.0,
      17.0,
      817.0,
      11.0,
      5.0,
      1.0
    ],
    [
      49.0,
      1.0,
      6.0,
      23.0,
      11.0,
      35.0,
      2.0,
      866.0,
      3.0,
      4.0
    ],
    [
      217.0,
      8.0,
      6.0,
      5.0,
      2.0,
      0.0,
      3.0,
      3.0,
      749.0,
      7.0
    ],
    [
      69.0,
      67.0,
      0.0,
      5.0,
      0.0,
      3.0,
      2.0,
      5.0,
      14.0,
      835.0
    ]
  ],
  "classRecall": [
    0.9789999723434448,
    0.8999999761581421,
    0.5770000219345093,
    0.7160000205039978,
    0.6919999718666077,
    0.7440000176429749,
    0.8169999718666077,
    0.8659999966621399,
    0.7490000128746033,
    0.8349999785423279
  ],
  "classPrecision": [
    0.5556186437606812,
    0.912778913974762,
    0.8338150382041931,
    0.6370106935501099,
    0.8639200925827026,
    0.7522750496864319,
    0.8987898826599121,
    0.8326923251152039,
    0.9258343577384949,
    0.940315306186676
  ],
  "classes": [
    "plane",
    "car",
    "bird",
    "cat",
    "deer",
    "dog",
    "frog",
    "horse",
    "ship",
    "truck"
  ]
}