{
  "name": "model",
  "metrics": {
    "train_loss": [
      2.889689069579948,
      3.0881293964656917,
      2.5632731917906892,
      3.268751582638784,
      2.691612021489577,
      3.5802726461128755,
      3.3989299928600136,
      3.1919182058085096,
      2.9890687970275227,
      3.2130142599344254,
      3.0568609806624325,
      4.39427844976837
    ],
    "train_accuracy": [
      0.30306666666666665,
      0.3647111111111111,
      0.434,
      0.41606666666666664,
      0.4928888888888889,
      0.4325111111111111,
      0.45422222222222225,
      0.5403111111111111,
      0.5659333333333333,
      0.5710888888888889,
      0.6166666666666667,
      0.4942
    ],
    "val_loss": [
      2.852463811635971,
      3.1097743809223175,
      2.6316924512386324,
      3.3675426304340363,
      2.910488784313202,
      3.7268859684467315,
      3.7304661691188814,
      3.583435821533203,
      3.5396340429782867,
      3.817088210582733,
      3.7508664190769196,
      5.241343522071839
    ],
    "val_accuracy": [
      0.3048,
      0.3646,
      0.4214,
      0.3998,
      0.4736,
      0.4052,
      0.4172,
      0.4952,
      0.5148,
      0.5088,
      0.5372,
      0.439
    ]
  },
  "accuracy": 0.4366,
  "confusion": [
    [
      999.0,
      0.0,
      0.0,
      0.0,
      0.0,
      0.0,
      0.0,
      0.0,
      1.0,
      0.0
    ],
    [
      417.0,
      576.0,
      0.0,
      0.0,
      1.0,
      0.0,
      0.0,
      0.0,
      1.0,
      5.0
    ],
    [
      688.0,
      1.0,
      262.0,
      12.0,
      11.0,
      13.0,
      10.0,
      2.0,
      0.0,
      1.0
    ],
    [
      529.0,
      3.0,
      10.0,
      363.0,
      5.0,
      55.0,
      22.0,
      12.0,
      1.0,
      0.0
    ],
    [
      602.0,
      0.0,
      15.0,
      11.0,
      338.0,
      9.0,
      16.0,
      9.0,
      0.0,
      0.0
    ],
    [
      343.0,
      1.0,
      18.0,
      44.0,
      13.0,
      565.0,
      1.0,
      14.0,
      0.0,
      1.0
    ],
    [
      400.0,
      0.0,
      11.0,
      20.0,
      2.0,
      6.0,
      559.0,
      2.0,
      0.0,
      0.0
    ],
    [
      453.0,
      2.0,
      4.0,
      4.0,
      14.0,
      7.0,
      0.0,
      516.0,
      0.0,
      0.0
    ],
    [
      927.0,
      1.0,
      0.0,
      0.0,
      0.0,
      0.0,
      1.0,
      0.0,
      70.0,
      1.0
    ],
    [
      872.0,
      8.0,
      0.0,
      0.0,
      0.0,
      0.0,
      0.0,
      0.0,
      2.0,
      118.0
    ]
  ],
  "classRecall": [
    0.9990000128746033,
    0.5759999752044678,
    0.2619999945163727,
    0.3630000054836273,
    0.33799999952316284,
    0.5649999976158142,
    0.5590000152587891,
    0.515999972820282,
    0.07000000029802322,
    0.11800000071525574
  ],
  "classPrecision": [
    0.16035312414169312,
    0.9729729890823364,
    0.8187500238418579,
    0.799559473991394,
    0.8802083134651184,
    0.8625954389572144,
    0.9178981781005859,
    0.929729700088501,
    0.9333333373069763,
    0.9365079402923584
  ],
  "classes": [
    "plane",
    "car",
    "bird",
    "cat",
    "deer",
    "dog",
    "frog",
    "horse",
    "ship",
    "truck"
  ]
}