{
  "name": "model",
  "metrics": {
    "train_loss": [
      7.1648484183983365,
      7.581493118947202,
      11.585382196036251,
      8.953258056532253,
      10.653803481297059,
      11.053832774812525,
      11.356559151952917,
      10.849383007396352,
      15.755961120128632,
      12.521686239676042,
      18.255422323942184,
      15.155081941322846
    ],
    "train_accuracy": [
      0.1322888888888889,
      0.1432,
      0.1189111111111111,
      0.15617777777777778,
      0.13591111111111112,
      0.14537777777777777,
      0.185,
      0.2107111111111111,
      0.13553333333333334,
      0.18406666666666666,
      0.14326666666666665,
      0.17166666666666666
    ],
    "val_loss": [
      7.216011726856232,
      7.771352827548981,
      11.755182790756226,
      9.106447529792785,
      10.996942019462585,
      11.52577610015869,
      11.835757327079772,
      11.431288003921509,
      16.596478295326232,
      13.500592494010926,
      19.229221677780153,
      16.390489530563354
    ],
    "val_accuracy": [
      0.1304,
      0.1418,
      0.119,
      0.157,
      0.132,
      0.1398,
      0.171,
      0.1936,
      0.1298,
      0.1682,
      0.1356,
      0.1562
    ]
  },
  "accuracy": 0.166,
  "confusion": [
    [
      1000.0,
      0.0,
      0.0,
      0.0,
      0.0,
      0.0,
      0.0,
      0.0,
      0.0,
      0.0
    ],
    [
      947.0,
      50.0,
      0.0,
      0.0,
      0.0,
      0.0,
      3.0,
      0.0,
      0.0,
      0.0
    ],
    [
      984.0,
      0.0,
      7.0,
      0.0,
      3.0,
      4.0,
      2.0,
      0.0,
      0.0,
      0.0
    ],
    [
      923.0,
      0.0,
      1.0,
      68.0,
      1.0,
      4.0,
      3.0,
      0.0,
      0.0,
      0.0
    ],
    [
      928.0,
      0.0,
      0.0,
      0.0,
      71.0,
      0.0,
      0.0,
      1.0,
      0.0,
      0.0
    ],
    [
      783.0,
      0.0,
      0.0,
      7.0,
      3.0,
      206.0,
      0.0,
      1.0,
      0.0,
      0.0
    ],
    [
      821.0,
      0.0,
      0.0,
      0.0,
      1.0,
      1.0,
      177.0,
      0.0,
      0.0,
      0.0
    ],
    [
      955.0,
      0.0,
      0.0,
      0.0,
      0.0,
      0.0,
      0.0,
      45.0,
      0.0,
      0.0
    ],
    [
      1000.0,
      0.0,
      0.0,
      0.0,
      0.0,
      0.0,
      0.0,
      0.0,
      0.0,
      0.0
    ],
    [
      963.0,
      1.0,
      0.0,
      0.0,
      0.0,
      0.0,
      0.0,
      0.0,
      0.0,
      36.0
    ]
  ],
  "classRecall": [
    1.0,
    0.05000000074505806,
    0.007000000216066837,
    0.06800000369548798,
    0.07100000232458115,
    0.20600000023841858,
    0.1770000010728836,
    0.04500000178813934,
    0.0,
    0.035999998450279236
  ],
  "classPrecision": [
    0.10748065263032913,
    0.9803921580314636,
    0.875,
    0.9066666960716248,
    0.8987341523170471,
    0.9581395387649536,
    0.9567567706108093,
    0.957446813583374,
    NaN,
    1.0
  ],
  "classes": [
    "plane",
    "car",
    "bird",
    "cat",
    "deer",
    "dog",
    "frog",
    "horse",
    "ship",
    "truck"
  ]
}