{
  "name": "model",
  "metrics": {
    "train_loss": [
      5.863658993081613,
      9.761010226878254,
      9.25863139737736,
      10.288365160877055,
      9.488948392597111,
      12.150318958542563,
      11.799266853115775,
      15.029104964299636,
      17.637371651150964,
      16.474200516939163,
      15.52146601676941,
      21.48501145297831
    ],
    "train_accuracy": [
      0.14273333333333332,
      0.14782222222222222,
      0.17184444444444444,
      0.12924444444444444,
      0.1602222222222222,
      0.14015555555555556,
      0.14304444444444445,
      0.1182,
      0.14084444444444444,
      0.1385111111111111,
      0.22031111111111112,
      0.14644444444444443
    ],
    "val_loss": [
      5.893046045303345,
      9.938069081306457,
      9.56362693309784,
      10.344852471351624,
      9.799400067329406,
      12.38896689414978,
      12.089470624923706,
      15.390810918807983,
      17.970567512512208,
      17.019501447677612,
      16.25641276836395,
      22.216884350776674
    ],
    "val_accuracy": [
      0.141,
      0.1468,
      0.163,
      0.1238,
      0.153,
      0.1338,
      0.1384,
      0.1122,
      0.1362,
      0.1324,
      0.2064,
      0.1384
    ]
  },
  "accuracy": 0.1448,
  "confusion": [
    [
      1000.0,
      0.0,
      0.0,
      0.0,
      0.0,
      0.0,
      0.0,
      0.0,
      0.0,
      0.0
    ],
    [
      988.0,
      11.0,
      0.0,
      0.0,
      0.0,
      0.0,
      0.0,
      0.0,
      0.0,
      1.0
    ],
    [
      990.0,
      0.0,
      7.0,
      0.0,
      1.0,
      0.0,
      2.0,
      0.0,
      0.0,
      0.0
    ],
    [
      973.0,
      0.0,
      0.0,
      24.0,
      0.0,
      1.0,
      2.0,
      0.0,
      0.0,
      0.0
    ],
    [
      977.0,
      0.0,
      0.0,
      1.0,
      20.0,
      0.0,
      1.0,
      1.0,
      0.0,
      0.0
    ],
    [
      990.0,
      0.0,
      0.0,
      1.0,
      1.0,
      7.0,
      0.0,
      1.0,
      0.0,
      0.0
    ],
    [
      723.0,
      0.0,
      3.0,
      2.0,
      0.0,
      0.0,
      272.0,
      0.0,
      0.0,
      0.0
    ],
    [
      890.0,
      0.0,
      0.0,
      0.0,
      2.0,
      1.0,
      0.0,
      107.0,
      0.0,
      0.0
    ],
    [
      1000.0,
      0.0,
      0.0,
      0.0,
      0.0,
      0.0,
      0.0,
      0.0,
      0.0,
      0.0
    ],
    [
      1000.0,
      0.0,
      0.0,
      0.0,
      0.0,
      0.0,
      0.0,
      0.0,
      0.0,
      0.0
    ]
  ],
  "classRecall": [
    1.0,
    0.010999999940395355,
    0.007000000216066837,
    0.024000000208616257,
    0.019999999552965164,
    0.007000000216066837,
    0.2720000147819519,
    0.10700000077486038,
    0.0,
    0.0
  ],
  "classPrecision": [
    0.10492078214883804,
    1.0,
    0.699999988079071,
    0.8571428656578064,
    0.8333333134651184,
    0.7777777910232544,
    0.9819494485855103,
    0.9816513657569885,
    NaN,
    0.0
  ],
  "classes": [
    "plane",
    "car",
    "bird",
    "cat",
    "deer",
    "dog",
    "frog",
    "horse",
    "ship",
    "truck"
  ]
}