{
  "name": "model",
  "metrics": {
    "train_loss": [
      0.1909548189332135,
      0.17722110389356646,
      0.1564386642683668,
      0.3287005182267365,
      0.3896565165776777
    ],
    "train_accuracy": [
      0.9468888888888889,
      0.9494259259259259,
      0.9542777777777778,
      0.8520925925925926,
      0.8487222222222223
    ],
    "val_loss": [
      0.21846164794678383,
      0.20922935595537753,
      0.20112348363754598,
      0.36704962684753095,
      0.43142492213147754
    ],
    "val_accuracy": [
      0.9413333333333334,
      0.9438333333333333,
      0.9451666666666667,
      0.8468333333333333,
      0.8425
    ]
  },
  "accuracy": 0.8488,
  "confusion": [
    [
      979.0,
      1.0,
      0.0,
      0.0,
      0.0,
      0.0,
      0.0,
      0.0,
      0.0,
      0.0
    ],
    [
      6.0,
      1121.0,
      3.0,
      1.0,
      0.0,
      1.0,
      1.0,
      0.0,
      2.0,
      0.0
    ],
    [
      40.0,
      0.0,
      981.0,
      1.0,
      1.0,
      0.0,
      0.0,
      7.0,
      2.0,
      0.0
    ],
    [
      10.0,
      0.0,
      6.0,
      971.0,
      0.0,
      11.0,
      0.0,
      8.0,
      2.0,
      2.0
    ],
    [
      25.0,
      0.0,
      3.0,
      0.0,
      940.0,
      0.0,
      0.0,
      0.0,
      1.0,
      13.0
    ],
    [
      87.0,
      0.0,
      0.0,
      3.0,
      1.0,
      798.0,
      0.0,
      0.0,
      2.0,
      1.0
    ],
    [
      887.0,
      2.0,
      0.0,
      0.0,
      3.0,
      0.0,
      66.0,
      0.0,
      0.0,
      0.0
    ],
    [
      209.0,
      4.0,
      12.0,
      1.0,
      1.0,
      0.0,
      0.0,
      797.0,
      0.0,
      4.0
    ],
    [
      72.0,
      1.0,
      1.0,
      4.0,
      7.0,
      3.0,
      1.0,
      4.0,
      876.0,
      5.0
    ],
    [
      25.0,
      3.0,
      0.0,
      5.0,
      12.0,
      4.0,
      0.0,
      1.0,
      0.0,
      959.0
    ]
  ],
  "classRecall": [
    0.9989795684814453,
    0.9876651763916016,
    0.9505813717842102,
    0.9613861441612244,
    0.9572301506996155,
    0.894618809223175,
    0.06889352947473526,
    0.7752918004989624,
    0.8993839621543884,
    0.9504460096359253
  ],
  "classPrecision": [
    0.41837605834007263,
    0.9902827143669128,
    0.9751490950584412,
    0.9847870469093323,
    0.9740932583808899,
    0.9767441749572754,
    0.970588207244873,
    0.9755201935768127,
    0.989830493927002,
    0.9745935201644897
  ],
  "classes": [
    0,
    1,
    2,
    3,
    4,
    5,
    6,
    7,
    8,
    9
  ]
}