{
  "name": "model",
  "metrics": {
    "train_loss": [
      5.871798963709311,
      6.272712171077728,
      6.619480019265955,
      8.702445435253056,
      6.967720329761505,
      11.498926731673153,
      7.788852163336494,
      9.82202932644974,
      15.120556961406361,
      13.287775505672801,
      17.414678711782802,
      17.991336624730717
    ],
    "train_accuracy": [
      0.14475555555555555,
      0.1600888888888889,
      0.17153333333333334,
      0.1394,
      0.23755555555555555,
      0.1386888888888889,
      0.21157777777777778,
      0.18982222222222223,
      0.1560888888888889,
      0.19926666666666668,
      0.1728,
      0.17746666666666666
    ],
    "val_loss": [
      5.958556461334228,
      6.414406251907349,
      6.785678112506867,
      8.95708076953888,
      7.204888379573822,
      11.735208892822266,
      8.196492493152618,
      10.302777206897735,
      15.652886533737183,
      14.065395069122314,
      18.429663038253786,
      19.007390403747557
    ],
    "val_accuracy": [
      0.1454,
      0.1592,
      0.1666,
      0.1366,
      0.232,
      0.138,
      0.2058,
      0.1826,
      0.1494,
      0.1872,
      0.1674,
      0.1706
    ]
  },
  "accuracy": 0.1714,
  "confusion": [
    [
      1000.0,
      0.0,
      0.0,
      0.0,
      0.0,
      0.0,
      0.0,
      0.0,
      0.0,
      0.0
    ],
    [
      994.0,
      6.0,
      0.0,
      0.0,
      0.0,
      0.0,
      0.0,
      0.0,
      0.0,
      0.0
    ],
    [
      960.0,
      0.0,
      32.0,
      2.0,
      0.0,
      1.0,
      5.0,
      0.0,
      0.0,
      0.0
    ],
    [
      882.0,
      0.0,
      0.0,
      104.0,
      1.0,
      9.0,
      4.0,
      0.0,
      0.0,
      0.0
    ],
    [
      974.0,
      0.0,
      0.0,
      3.0,
      20.0,
      0.0,
      3.0,
      0.0,
      0.0,
      0.0
    ],
    [
      890.0,
      0.0,
      0.0,
      4.0,
      2.0,
      102.0,
      0.0,
      2.0,
      0.0,
      0.0
    ],
    [
      577.0,
      0.0,
      0.0,
      6.0,
      0.0,
      2.0,
      415.0,
      0.0,
      0.0,
      0.0
    ],
    [
      960.0,
      0.0,
      0.0,
      0.0,
      0.0,
      4.0,
      1.0,
      35.0,
      0.0,
      0.0
    ],
    [
      1000.0,
      0.0,
      0.0,
      0.0,
      0.0,
      0.0,
      0.0,
      0.0,
      0.0,
      0.0
    ],
    [
      999.0,
      0.0,
      0.0,
      0.0,
      0.0,
      0.0,
      1.0,
      0.0,
      0.0,
      0.0
    ]
  ],
  "classRecall": [
    1.0,
    0.006000000052154064,
    0.03200000151991844,
    0.10400000214576721,
    0.019999999552965164,
    0.10199999809265137,
    0.41499999165534973,
    0.03500000014901161,
    0.0,
    0.0
  ],
  "classPrecision": [
    0.10827197879552841,
    1.0,
    1.0,
    0.8739495873451233,
    0.8695651888847351,
    0.8644067645072937,
    0.9673659801483154,
    0.9459459185600281,
    NaN,
    NaN
  ],
  "classes": [
    "plane",
    "car",
    "bird",
    "cat",
    "deer",
    "dog",
    "frog",
    "horse",
    "ship",
    "truck"
  ]
}