{
  "name": "model",
  "metrics": {
    "train_loss": [
      3.625437431037426,
      3.484541305764155,
      4.232155305418101,
      3.324393004179001,
      5.455878446047956,
      4.9121799983761525,
      4.763500928201458,
      6.5433090085333045,
      5.419924424453215,
      7.17359251732176,
      6.07063219899481,
      7.8564314178445125
    ],
    "train_accuracy": [
      0.28846666666666665,
      0.27224444444444446,
      0.31677777777777777,
      0.4046222222222222,
      0.2598,
      0.31824444444444444,
      0.3168888888888889,
      0.3042888888888889,
      0.3749777777777778,
      0.33424444444444446,
      0.3992,
      0.2947777777777778
    ],
    "val_loss": [
      3.594678044319153,
      3.424547255039215,
      4.250844222307205,
      3.3752890169620513,
      5.657278919219971,
      5.115682196617127,
      5.063173967599869,
      6.82970381975174,
      5.978556704521179,
      7.842397797107696,
      6.804870390892029,
      8.660242247581483
    ],
    "val_accuracy": [
      0.2874,
      0.2682,
      0.309,
      0.3918,
      0.2492,
      0.2964,
      0.2974,
      0.2816,
      0.3398,
      0.2968,
      0.3602,
      0.2752
    ]
  },
  "accuracy": 0.2677,
  "confusion": [
    [
      1000.0,
      0.0,
      0.0,
      0.0,
      0.0,
      0.0,
      0.0,
      0.0,
      0.0,
      0.0
    ],
    [
      813.0,
      181.0,
      0.0,
      0.0,
      0.0,
      0.0,
      0.0,
      0.0,
      0.0,
      6.0
    ],
    [
      902.0,
      0.0,
      82.0,
      3.0,
      4.0,
      3.0,
      3.0,
      3.0,
      0.0,
      0.0
    ],
    [
      747.0,
      0.0,
      4.0,
      229.0,
      3.0,
      13.0,
      0.0,
      2.0,
      0.0,
      2.0
    ],
    [
      864.0,
      0.0,
      4.0,
      4.0,
      117.0,
      2.0,
      2.0,
      7.0,
      0.0,
      0.0
    ],
    [
      745.0,
      0.0,
      6.0,
      35.0,
      3.0,
      201.0,
      0.0,
      9.0,
      0.0,
      1.0
    ],
    [
      678.0,
      0.0,
      1.0,
      11.0,
      0.0,
      0.0,
      310.0,
      0.0,
      0.0,
      0.0
    ],
    [
      627.0,
      0.0,
      0.0,
      1.0,
      1.0,
      1.0,
      0.0,
      370.0,
      0.0,
      0.0
    ],
    [
      994.0,
      0.0,
      0.0,
      0.0,
      0.0,
      0.0,
      0.0,
      0.0,
      6.0,
      0.0
    ],
    [
      819.0,
      0.0,
      0.0,
      0.0,
      0.0,
      0.0,
      0.0,
      0.0,
      0.0,
      181.0
    ]
  ],
  "classRecall": [
    1.0,
    0.1809999942779541,
    0.0820000022649765,
    0.2290000021457672,
    0.11699999868869781,
    0.20100000500679016,
    0.3100000023841858,
    0.3700000047683716,
    0.006000000052154064,
    0.1809999942779541
  ],
  "classPrecision": [
    0.12211503088474274,
    1.0,
    0.8453608155250549,
    0.8091872930526733,
    0.9140625,
    0.9136363863945007,
    0.9841269850730896,
    0.9462915658950806,
    1.0,
    0.9526315927505493
  ],
  "classes": [
    "plane",
    "car",
    "bird",
    "cat",
    "deer",
    "dog",
    "frog",
    "horse",
    "ship",
    "truck"
  ]
}