{
  "name": "model",
  "metrics": {
    "train_loss": [
      0.1507913641613948,
      0.10475993665350133,
      0.08281580884433329,
      0.07067115458779001,
      0.06797994656479471
    ],
    "train_accuracy": [
      0.9565185185185185,
      0.9702777777777778,
      0.9761666666666666,
      0.9793703703703703,
      0.9798333333333333
    ],
    "val_loss": [
      0.1799925072713101,
      0.14598971747971595,
      0.116045798868575,
      0.11409054688633756,
      0.11379697213464594
    ],
    "val_accuracy": [
      0.9466666666666667,
      0.957,
      0.967,
      0.9675,
      0.9658333333333333
    ]
  },
  "accuracy": 0.9731,
  "confusion": [
    [
      968.0,
      2.0,
      0.0,
      2.0,
      1.0,
      1.0,
      3.0,
      2.0,
      1.0,
      0.0
    ],
    [
      0.0,
      1127.0,
      5.0,
      1.0,
      0.0,
      1.0,
      0.0,
      0.0,
      1.0,
      0.0
    ],
    [
      5.0,
      0.0,
      1012.0,
      0.0,
      4.0,
      0.0,
      0.0,
      8.0,
      3.0,
      0.0
    ],
    [
      1.0,
      0.0,
      8.0,
      984.0,
      0.0,
      3.0,
      0.0,
      10.0,
      4.0,
      0.0
    ],
    [
      1.0,
      1.0,
      5.0,
      0.0,
      960.0,
      0.0,
      4.0,
      1.0,
      0.0,
      10.0
    ],
    [
      3.0,
      3.0,
      0.0,
      13.0,
      2.0,
      850.0,
      6.0,
      2.0,
      9.0,
      4.0
    ],
    [
      6.0,
      4.0,
      2.0,
      1.0,
      5.0,
      4.0,
      933.0,
      0.0,
      3.0,
      0.0
    ],
    [
      0.0,
      7.0,
      8.0,
      2.0,
      2.0,
      0.0,
      0.0,
      1005.0,
      0.0,
      4.0
    ],
    [
      5.0,
      4.0,
      5.0,
      6.0,
      6.0,
      3.0,
      4.0,
      6.0,
      933.0,
      2.0
    ],
    [
      5.0,
      7.0,
      0.0,
      8.0,
      19.0,
      1.0,
      1.0,
      6.0,
      3.0,
      959.0
    ]
  ],
  "classRecall": [
    0.9877551198005676,
    0.992951512336731,
    0.9806201457977295,
    0.9742574095726013,
    0.9775967597961426,
    0.9529147744178772,
    0.9739039540290833,
    0.9776264429092407,
    0.9579055309295654,
    0.9504460096359253
  ],
  "classPrecision": [
    0.9738430380821228,
    0.9757575988769531,
    0.9684210419654846,
    0.9675516486167908,
    0.9609609842300415,
    0.9849362969398499,
    0.9810725450515747,
    0.9663461446762085,
    0.9749216437339783,
    0.9795709848403931
  ],
  "classes": [
    0,
    1,
    2,
    3,
    4,
    5,
    6,
    7,
    8,
    9
  ]
}