{
  "name": "model",
  "metrics": {
    "train_loss": [
      0.4631583323410902,
      0.761042864684245,
      0.911669399147915,
      1.1638742661306642,
      1.3360377020462995
    ],
    "train_accuracy": [
      0.8306111111111111,
      0.791962962962963,
      0.7812592592592592,
      0.7067962962962963,
      0.664074074074074
    ],
    "val_loss": [
      0.4771368053365261,
      0.7766945831319119,
      0.9322260199709141,
      1.1774949190464425,
      1.3518124210073592
    ],
    "val_accuracy": [
      0.8293333333333334,
      0.7895,
      0.7828333333333334,
      0.704,
      0.6635
    ]
  },
  "accuracy": 0.6676,
  "confusion": [
    [
      979.0,
      1.0,
      0.0,
      0.0,
      0.0,
      0.0,
      0.0,
      0.0,
      0.0,
      0.0
    ],
    [
      7.0,
      1124.0,
      3.0,
      0.0,
      0.0,
      0.0,
      0.0,
      0.0,
      1.0,
      0.0
    ],
    [
      976.0,
      0.0,
      51.0,
      0.0,
      0.0,
      0.0,
      0.0,
      3.0,
      2.0,
      0.0
    ],
    [
      37.0,
      0.0,
      0.0,
      960.0,
      0.0,
      7.0,
      0.0,
      3.0,
      2.0,
      1.0
    ],
    [
      50.0,
      2.0,
      0.0,
      0.0,
      918.0,
      0.0,
      0.0,
      0.0,
      0.0,
      12.0
    ],
    [
      415.0,
      0.0,
      0.0,
      1.0,
      0.0,
      474.0,
      0.0,
      0.0,
      1.0,
      1.0
    ],
    [
      955.0,
      2.0,
      0.0,
      0.0,
      1.0,
      0.0,
      0.0,
      0.0,
      0.0,
      0.0
    ],
    [
      425.0,
      9.0,
      6.0,
      2.0,
      1.0,
      0.0,
      0.0,
      583.0,
      0.0,
      2.0
    ],
    [
      192.0,
      1.0,
      0.0,
      2.0,
      5.0,
      1.0,
      0.0,
      2.0,
      769.0,
      2.0
    ],
    [
      163.0,
      6.0,
      0.0,
      5.0,
      17.0,
      0.0,
      0.0,
      0.0,
      0.0,
      818.0
    ]
  ],
  "classRecall": [
    0.9989795684814453,
    0.9903083443641663,
    0.049418605864048004,
    0.9504950642585754,
    0.9348269104957581,
    0.5313901305198669,
    0.0,
    0.5671206116676331,
    0.7895277142524719,
    0.810703694820404
  ],
  "classPrecision": [
    0.23315075039863586,
    0.9816594123840332,
    0.8500000238418579,
    0.9896907210350037,
    0.9745222926139832,
    0.9834024906158447,
    NaN,
    0.9864636063575745,
    0.9922580718994141,
    0.9784688949584961
  ],
  "classes": [
    0,
    1,
    2,
    3,
    4,
    5,
    6,
    7,
    8,
    9
  ]
}