{
  "name": "model",
  "metrics": {
    "train_loss": [
      5.230528750880198,
      6.825943804600022,
      4.924967700107531,
      6.698526321486994,
      6.020639681003311,
      7.800642016259107,
      7.639953465624289,
      7.743790901520035,
      8.268465827811848,
      8.522952124476433,
      10.951993614435196,
      15.9505715072155
    ],
    "train_accuracy": [
      0.12477777777777778,
      0.14446666666666666,
      0.21888888888888888,
      0.23157777777777777,
      0.23566666666666666,
      0.1963111111111111,
      0.2270222222222222,
      0.27953333333333336,
      0.26837777777777777,
      0.23655555555555555,
      0.22146666666666667,
      0.18904444444444443
    ],
    "val_loss": [
      5.302731072902679,
      6.933874726295471,
      5.044173115491867,
      7.006183433532715,
      6.219559133052826,
      8.176475930213929,
      8.018011963367462,
      8.20013484954834,
      8.958201706409454,
      9.21616929769516,
      12.002911448478699,
      16.813418889045714
    ],
    "val_accuracy": [
      0.119,
      0.1416,
      0.2142,
      0.224,
      0.2226,
      0.186,
      0.2148,
      0.2606,
      0.2494,
      0.2286,
      0.2086,
      0.1804
    ]
  },
  "accuracy": 0.1799,
  "confusion": [
    [
      1000.0,
      0.0,
      0.0,
      0.0,
      0.0,
      0.0,
      0.0,
      0.0,
      0.0,
      0.0
    ],
    [
      952.0,
      48.0,
      0.0,
      0.0,
      0.0,
      0.0,
      0.0,
      0.0,
      0.0,
      0.0
    ],
    [
      994.0,
      0.0,
      2.0,
      1.0,
      1.0,
      0.0,
      2.0,
      0.0,
      0.0,
      0.0
    ],
    [
      880.0,
      0.0,
      0.0,
      109.0,
      2.0,
      7.0,
      2.0,
      0.0,
      0.0,
      0.0
    ],
    [
      901.0,
      0.0,
      0.0,
      1.0,
      94.0,
      1.0,
      0.0,
      3.0,
      0.0,
      0.0
    ],
    [
      869.0,
      0.0,
      0.0,
      4.0,
      2.0,
      125.0,
      0.0,
      0.0,
      0.0,
      0.0
    ],
    [
      819.0,
      0.0,
      0.0,
      0.0,
      1.0,
      1.0,
      179.0,
      0.0,
      0.0,
      0.0
    ],
    [
      757.0,
      0.0,
      1.0,
      0.0,
      2.0,
      0.0,
      0.0,
      240.0,
      0.0,
      0.0
    ],
    [
      1000.0,
      0.0,
      0.0,
      0.0,
      0.0,
      0.0,
      0.0,
      0.0,
      0.0,
      0.0
    ],
    [
      998.0,
      0.0,
      0.0,
      0.0,
      0.0,
      0.0,
      0.0,
      0.0,
      0.0,
      2.0
    ]
  ],
  "classRecall": [
    1.0,
    0.04800000041723251,
    0.0020000000949949026,
    0.10899999737739563,
    0.09399999678134918,
    0.125,
    0.17900000512599945,
    0.23999999463558197,
    0.0,
    0.0020000000949949026
  ],
  "classPrecision": [
    0.10905125737190247,
    1.0,
    0.6666666865348816,
    0.947826087474823,
    0.9215686321258545,
    0.9328358173370361,
    0.9781420826911926,
    0.9876543283462524,
    NaN,
    1.0
  ],
  "classes": [
    "plane",
    "car",
    "bird",
    "cat",
    "deer",
    "dog",
    "frog",
    "horse",
    "ship",
    "truck"
  ]
}