{
  "name": "model",
  "metrics": {
    "train_loss": [
      0.1535977241958346,
      0.10646495928378749,
      0.0853937916960832,
      0.07385917052723714,
      0.06292314011321107
    ],
    "train_accuracy": [
      0.9545370370370371,
      0.968462962962963,
      0.976574074074074,
      0.978,
      0.9818888888888889
    ],
    "val_loss": [
      0.16910771756096088,
      0.12668010263525425,
      0.11095222188754285,
      0.10288883971565581,
      0.09512852338400293
    ],
    "val_accuracy": [
      0.9528333333333333,
      0.9656666666666667,
      0.9695,
      0.9698333333333333,
      0.973
    ]
  },
  "accuracy": 0.9734,
  "confusion": [
    [
      972.0,
      1.0,
      0.0,
      1.0,
      0.0,
      1.0,
      2.0,
      1.0,
      2.0,
      0.0
    ],
    [
      0.0,
      1127.0,
      4.0,
      0.0,
      0.0,
      1.0,
      2.0,
      0.0,
      1.0,
      0.0
    ],
    [
      5.0,
      4.0,
      1002.0,
      3.0,
      3.0,
      0.0,
      3.0,
      9.0,
      3.0,
      0.0
    ],
    [
      0.0,
      0.0,
      5.0,
      992.0,
      0.0,
      1.0,
      0.0,
      6.0,
      2.0,
      4.0
    ],
    [
      0.0,
      2.0,
      3.0,
      0.0,
      959.0,
      0.0,
      7.0,
      2.0,
      0.0,
      9.0
    ],
    [
      3.0,
      0.0,
      0.0,
      32.0,
      1.0,
      838.0,
      9.0,
      1.0,
      4.0,
      4.0
    ],
    [
      4.0,
      3.0,
      0.0,
      0.0,
      3.0,
      3.0,
      943.0,
      0.0,
      2.0,
      0.0
    ],
    [
      2.0,
      9.0,
      10.0,
      2.0,
      0.0,
      0.0,
      0.0,
      997.0,
      0.0,
      8.0
    ],
    [
      3.0,
      3.0,
      1.0,
      10.0,
      4.0,
      1.0,
      6.0,
      4.0,
      936.0,
      6.0
    ],
    [
      2.0,
      5.0,
      0.0,
      6.0,
      15.0,
      1.0,
      1.0,
      8.0,
      3.0,
      968.0
    ]
  ],
  "classRecall": [
    0.9918367266654968,
    0.992951512336731,
    0.9709302186965942,
    0.9821782112121582,
    0.976578414440155,
    0.939461886882782,
    0.9843423962593079,
    0.9698443412780762,
    0.9609856009483337,
    0.959365725517273
  ],
  "classPrecision": [
    0.9808274507522583,
    0.976603090763092,
    0.9775609970092773,
    0.9483747482299805,
    0.9736040830612183,
    0.9905437231063843,
    0.9691675305366516,
    0.9698443412780762,
    0.9821615815162659,
    0.9689689874649048
  ],
  "classes": [
    0,
    1,
    2,
    3,
    4,
    5,
    6,
    7,
    8,
    9
  ]
}