{
  "name": "model",
  "metrics": {
    "train_loss": [
      1.4295450618321246,
      1.0406424816359172,
      0.7161310047588565,
      0.6137335973537781,
      0.4862572478807785,
      0.43148804654959927,
      0.3416037774560126,
      0.2898266753181815,
      0.22604175072840668,
      0.20999134063128044,
      0.16580180072394962,
      0.15313015397722748
    ],
    "train_accuracy": [
      0.49666666666666665,
      0.6244,
      0.7523555555555556,
      0.7834222222222222,
      0.8342444444444445,
      0.8501555555555556,
      0.8858444444444444,
      0.8989777777777778,
      0.9268222222222222,
      0.9299777777777778,
      0.9452888888888888,
      0.9482666666666667
    ],
    "val_loss": [
      1.4402927666902543,
      1.0869443282485007,
      0.7919700086116791,
      0.7410481594502926,
      0.6249766901135445,
      0.6245664477348327,
      0.5559901088476181,
      0.5674854569137097,
      0.5372187070548534,
      0.5730725184082985,
      0.5505176439881325,
      0.623747854679823
    ],
    "val_accuracy": [
      0.487,
      0.608,
      0.7206,
      0.7382,
      0.7842,
      0.7836,
      0.8086,
      0.8082,
      0.8136,
      0.8156,
      0.8274,
      0.8194
    ]
  },
  "accuracy": 0.8195,
  "confusion": [
    [
      858.0,
      4.0,
      32.0,
      10.0,
      3.0,
      1.0,
      7.0,
      7.0,
      63.0,
      15.0
    ],
    [
      9.0,
      871.0,
      5.0,
      3.0,
      1.0,
      0.0,
      6.0,
      0.0,
      64.0,
      41.0
    ],
    [
      63.0,
      1.0,
      724.0,
      35.0,
      48.0,
      34.0,
      64.0,
      12.0,
      16.0,
      3.0
    ],
    [
      28.0,
      1.0,
      62.0,
      671.0,
      31.0,
      82.0,
      76.0,
      28.0,
      15.0,
      6.0
    ],
    [
      23.0,
      1.0,
      46.0,
      46.0,
      760.0,
      18.0,
      53.0,
      39.0,
      11.0,
      3.0
    ],
    [
      9.0,
      0.0,
      51.0,
      123.0,
      20.0,
      724.0,
      32.0,
      34.0,
      5.0,
      2.0
    ],
    [
      6.0,
      1.0,
      16.0,
      22.0,
      9.0,
      6.0,
      919.0,
      8.0,
      12.0,
      1.0
    ],
    [
      7.0,
      2.0,
      24.0,
      19.0,
      32.0,
      25.0,
      6.0,
      874.0,
      7.0,
      4.0
    ],
    [
      27.0,
      2.0,
      6.0,
      4.0,
      1.0,
      1.0,
      2.0,
      2.0,
      947.0,
      8.0
    ],
    [
      22.0,
      46.0,
      4.0,
      6.0,
      2.0,
      3.0,
      10.0,
      7.0,
      53.0,
      847.0
    ]
  ],
  "classRecall": [
    0.8579999804496765,
    0.8709999918937683,
    0.7239999771118164,
    0.6710000038146973,
    0.7599999904632568,
    0.7239999771118164,
    0.9190000295639038,
    0.8740000128746033,
    0.9470000267028809,
    0.847000002861023
  ],
  "classPrecision": [
    0.8155893683433533,
    0.9375672936439514,
    0.746391773223877,
    0.7145900130271912,
    0.8379272222518921,
    0.8098434209823608,
    0.7821276783943176,
    0.8644906282424927,
    0.7937971353530884,
    0.9107527136802673
  ],
  "classes": [
    "plane",
    "car",
    "bird",
    "cat",
    "deer",
    "dog",
    "frog",
    "horse",
    "ship",
    "truck"
  ]
}