{
  "name": "model",
  "metrics": {
    "train_loss": [
      1.354258437048305,
      0.9911409897560423,
      0.7848770532079719,
      0.6589068538424644,
      0.4769451306624846,
      0.4387064935978163,
      0.34235891462727025,
      0.2983942802741446,
      0.2717100334438411,
      0.30499278512698685,
      0.2635138101283122,
      0.19998111762106419
    ],
    "train_accuracy": [
      0.5018666666666667,
      0.6556888888888889,
      0.7296666666666667,
      0.7714,
      0.8378,
      0.8533777777777778,
      0.8836444444444445,
      0.901,
      0.9078444444444445,
      0.8941111111111111,
      0.9143333333333333,
      0.9341333333333334
    ],
    "val_loss": [
      1.3611393928527833,
      1.0219016805291177,
      0.8532012552022934,
      0.7619710668921471,
      0.6209014900028705,
      0.6389132000505924,
      0.5647327117621899,
      0.5454678297042846,
      0.6199015699326992,
      0.6960776016116142,
      0.6948073357343674,
      0.7076318114995956
    ],
    "val_accuracy": [
      0.4958,
      0.6382,
      0.6926,
      0.7316,
      0.782,
      0.7846,
      0.8,
      0.8056,
      0.801,
      0.7902,
      0.7946,
      0.802
    ]
  },
  "accuracy": 0.7986,
  "confusion": [
    [
      949.0,
      3.0,
      10.0,
      18.0,
      3.0,
      2.0,
      0.0,
      1.0,
      7.0,
      7.0
    ],
    [
      47.0,
      860.0,
      1.0,
      8.0,
      1.0,
      0.0,
      6.0,
      2.0,
      6.0,
      69.0
    ],
    [
      99.0,
      1.0,
      668.0,
      63.0,
      50.0,
      57.0,
      36.0,
      20.0,
      1.0,
      5.0
    ],
    [
      33.0,
      0.0,
      49.0,
      759.0,
      23.0,
      84.0,
      17.0,
      21.0,
      9.0,
      5.0
    ],
    [
      24.0,
      0.0,
      36.0,
      100.0,
      767.0,
      16.0,
      19.0,
      37.0,
      1.0,
      0.0
    ],
    [
      16.0,
      0.0,
      20.0,
      173.0,
      21.0,
      722.0,
      3.0,
      40.0,
      4.0,
      1.0
    ],
    [
      11.0,
      3.0,
      30.0,
      127.0,
      15.0,
      15.0,
      792.0,
      4.0,
      1.0,
      2.0
    ],
    [
      30.0,
      0.0,
      15.0,
      30.0,
      37.0,
      16.0,
      2.0,
      864.0,
      1.0,
      5.0
    ],
    [
      197.0,
      9.0,
      13.0,
      12.0,
      2.0,
      0.0,
      7.0,
      2.0,
      736.0,
      22.0
    ],
    [
      51.0,
      32.0,
      8.0,
      12.0,
      1.0,
      3.0,
      7.0,
      6.0,
      11.0,
      869.0
    ]
  ],
  "classRecall": [
    0.9490000009536743,
    0.8600000143051147,
    0.6679999828338623,
    0.7590000033378601,
    0.7670000195503235,
    0.722000002861023,
    0.7919999957084656,
    0.8640000224113464,
    0.7360000014305115,
    0.8690000176429749
  ],
  "classPrecision": [
    0.6513383388519287,
    0.9471365809440613,
    0.7858823537826538,
    0.5829492807388306,
    0.833695650100708,
    0.7890710234642029,
    0.8908886313438416,
    0.8665997982025146,
    0.9472329616546631,
    0.8822335004806519
  ],
  "classes": [
    "plane",
    "car",
    "bird",
    "cat",
    "deer",
    "dog",
    "frog",
    "horse",
    "ship",
    "truck"
  ]
}