{
  "name": "model",
  "metrics": {
    "train_loss": [
      0.16139538904819725,
      0.1107684329187418,
      0.09223347880670103,
      0.0697915165186352,
      0.060749360178133816
    ],
    "train_accuracy": [
      0.9522037037037037,
      0.9683148148148149,
      0.9729629629629629,
      0.9787962962962963,
      0.982037037037037
    ],
    "val_loss": [
      0.16843237062083913,
      0.12330556581629083,
      0.11266237715298826,
      0.09812943110282117,
      0.08814835437434784
    ],
    "val_accuracy": [
      0.9501666666666667,
      0.9646666666666667,
      0.965,
      0.972,
      0.974
    ]
  },
  "accuracy": 0.9736,
  "confusion": [
    [
      965.0,
      1.0,
      1.0,
      1.0,
      0.0,
      0.0,
      7.0,
      2.0,
      2.0,
      1.0
    ],
    [
      0.0,
      1128.0,
      1.0,
      1.0,
      0.0,
      0.0,
      3.0,
      0.0,
      2.0,
      0.0
    ],
    [
      2.0,
      3.0,
      1007.0,
      4.0,
      1.0,
      0.0,
      3.0,
      9.0,
      3.0,
      0.0
    ],
    [
      0.0,
      0.0,
      7.0,
      987.0,
      0.0,
      3.0,
      0.0,
      7.0,
      3.0,
      3.0
    ],
    [
      1.0,
      0.0,
      3.0,
      0.0,
      956.0,
      0.0,
      6.0,
      3.0,
      1.0,
      12.0
    ],
    [
      2.0,
      0.0,
      0.0,
      15.0,
      2.0,
      860.0,
      7.0,
      1.0,
      2.0,
      3.0
    ],
    [
      3.0,
      3.0,
      0.0,
      0.0,
      7.0,
      3.0,
      942.0,
      0.0,
      0.0,
      0.0
    ],
    [
      2.0,
      8.0,
      9.0,
      2.0,
      1.0,
      0.0,
      0.0,
      998.0,
      1.0,
      7.0
    ],
    [
      7.0,
      2.0,
      4.0,
      9.0,
      5.0,
      8.0,
      7.0,
      4.0,
      925.0,
      3.0
    ],
    [
      2.0,
      6.0,
      0.0,
      7.0,
      14.0,
      2.0,
      0.0,
      8.0,
      2.0,
      968.0
    ]
  ],
  "classRecall": [
    0.9846938848495483,
    0.9938325881958008,
    0.9757751822471619,
    0.9772277474403381,
    0.9735234379768372,
    0.9641255736351013,
    0.9832985401153564,
    0.9708171486854553,
    0.9496920108795166,
    0.959365725517273
  ],
  "classPrecision": [
    0.9806910753250122,
    0.980017364025116,
    0.9757751822471619,
    0.9619883298873901,
    0.9695740342140198,
    0.9817351698875427,
    0.9661538600921631,
    0.9670542478561401,
    0.9829968214035034,
    0.970912754535675
  ],
  "classes": [
    0,
    1,
    2,
    3,
    4,
    5,
    6,
    7,
    8,
    9
  ]
}