{
  "name": "model",
  "metrics": {
    "train_loss": [
      1.3398335735228928,
      1.0014001657678322,
      0.780222769995982,
      0.6122656279158863,
      0.5055166760628874,
      0.41601888183504343,
      0.3539062464525076,
      0.3185616318898445,
      0.23076828131028873,
      0.18219446075487544,
      0.171431157970801,
      0.14152916258370335
    ],
    "train_accuracy": [
      0.5053333333333333,
      0.6393111111111112,
      0.7371555555555556,
      0.7947333333333333,
      0.8266,
      0.8613555555555555,
      0.8849555555555556,
      0.8909777777777778,
      0.9277333333333333,
      0.9387555555555556,
      0.9448,
      0.9544666666666667
    ],
    "val_loss": [
      1.3447366595268249,
      1.035827322304249,
      0.8424203336238861,
      0.718900953233242,
      0.6545730777084827,
      0.5899552680552006,
      0.5764929177239537,
      0.5851534508168698,
      0.554995109885931,
      0.6166845485568047,
      0.5565095397178084,
      0.6468797691166401
    ],
    "val_accuracy": [
      0.4984,
      0.6214,
      0.714,
      0.7586,
      0.772,
      0.796,
      0.7984,
      0.8074,
      0.818,
      0.8196,
      0.8174,
      0.8144
    ]
  },
  "accuracy": 0.8191,
  "confusion": [
    [
      776.0,
      11.0,
      73.0,
      13.0,
      25.0,
      4.0,
      3.0,
      9.0,
      71.0,
      15.0
    ],
    [
      5.0,
      927.0,
      6.0,
      0.0,
      2.0,
      2.0,
      1.0,
      1.0,
      31.0,
      25.0
    ],
    [
      24.0,
      4.0,
      795.0,
      30.0,
      47.0,
      47.0,
      36.0,
      12.0,
      4.0,
      1.0
    ],
    [
      16.0,
      4.0,
      80.0,
      599.0,
      40.0,
      154.0,
      59.0,
      26.0,
      11.0,
      11.0
    ],
    [
      3.0,
      0.0,
      51.0,
      29.0,
      806.0,
      33.0,
      27.0,
      44.0,
      7.0,
      0.0
    ],
    [
      8.0,
      1.0,
      49.0,
      76.0,
      31.0,
      784.0,
      13.0,
      33.0,
      3.0,
      2.0
    ],
    [
      4.0,
      2.0,
      46.0,
      19.0,
      21.0,
      19.0,
      876.0,
      2.0,
      9.0,
      2.0
    ],
    [
      5.0,
      5.0,
      29.0,
      21.0,
      53.0,
      46.0,
      1.0,
      835.0,
      1.0,
      4.0
    ],
    [
      22.0,
      9.0,
      15.0,
      5.0,
      3.0,
      1.0,
      4.0,
      5.0,
      921.0,
      15.0
    ],
    [
      12.0,
      42.0,
      9.0,
      7.0,
      3.0,
      3.0,
      5.0,
      6.0,
      41.0,
      872.0
    ]
  ],
  "classRecall": [
    0.7760000228881836,
    0.9269999861717224,
    0.7950000166893005,
    0.5989999771118164,
    0.8059999942779541,
    0.7839999794960022,
    0.8759999871253967,
    0.8349999785423279,
    0.9210000038146973,
    0.871999979019165
  ],
  "classPrecision": [
    0.8868571519851685,
    0.9223880767822266,
    0.6895056366920471,
    0.749687135219574,
    0.7817652821540833,
    0.7172918319702148,
    0.854634165763855,
    0.8581706285476685,
    0.8380345702171326,
    0.9208025336265564
  ],
  "classes": [
    "plane",
    "car",
    "bird",
    "cat",
    "deer",
    "dog",
    "frog",
    "horse",
    "ship",
    "truck"
  ]
}