{
  "name": "model",
  "metrics": {
    "train_loss": [
      1.4423113753172485,
      0.9959994473240592,
      0.76149799996479,
      0.6104779103770852,
      0.5368817405436527,
      0.4034361291930757,
      0.3252813857556744,
      0.30918712143532256,
      0.22547788022678683,
      0.22153969045559113,
      0.19261994847858493,
      0.13786377041304315
    ],
    "train_accuracy": [
      0.4831111111111111,
      0.6414444444444445,
      0.7340444444444445,
      0.7926444444444445,
      0.8197777777777778,
      0.8630888888888889,
      0.8906444444444445,
      0.8938888888888888,
      0.9235555555555556,
      0.9261333333333334,
      0.934,
      0.9527555555555556
    ],
    "val_loss": [
      1.4503242403268815,
      1.0417442530393601,
      0.8381717681884766,
      0.7239470347762108,
      0.6613417059183121,
      0.5975513160228729,
      0.5340590309351683,
      0.5936086714267731,
      0.5760007530450821,
      0.5678061038255692,
      0.6230773806571961,
      0.5990667842328549
    ],
    "val_accuracy": [
      0.4666,
      0.6216,
      0.701,
      0.7474,
      0.7754,
      0.7946,
      0.8176,
      0.8038,
      0.8166,
      0.813,
      0.8156,
      0.8234
    ]
  },
  "accuracy": 0.8269,
  "confusion": [
    [
      934.0,
      5.0,
      15.0,
      14.0,
      4.0,
      2.0,
      2.0,
      4.0,
      8.0,
      12.0
    ],
    [
      24.0,
      903.0,
      1.0,
      2.0,
      1.0,
      2.0,
      2.0,
      2.0,
      6.0,
      57.0
    ],
    [
      69.0,
      3.0,
      767.0,
      43.0,
      40.0,
      39.0,
      20.0,
      15.0,
      2.0,
      2.0
    ],
    [
      32.0,
      1.0,
      48.0,
      691.0,
      23.0,
      133.0,
      42.0,
      14.0,
      8.0,
      8.0
    ],
    [
      24.0,
      1.0,
      50.0,
      52.0,
      808.0,
      22.0,
      19.0,
      21.0,
      2.0,
      1.0
    ],
    [
      12.0,
      1.0,
      38.0,
      107.0,
      29.0,
      776.0,
      7.0,
      23.0,
      2.0,
      5.0
    ],
    [
      9.0,
      1.0,
      48.0,
      41.0,
      18.0,
      8.0,
      867.0,
      2.0,
      2.0,
      4.0
    ],
    [
      20.0,
      2.0,
      15.0,
      26.0,
      47.0,
      39.0,
      0.0,
      847.0,
      0.0,
      4.0
    ],
    [
      146.0,
      25.0,
      10.0,
      10.0,
      3.0,
      3.0,
      3.0,
      1.0,
      771.0,
      28.0
    ],
    [
      33.0,
      33.0,
      6.0,
      9.0,
      3.0,
      1.0,
      2.0,
      5.0,
      3.0,
      905.0
    ]
  ],
  "classRecall": [
    0.9340000152587891,
    0.902999997138977,
    0.7670000195503235,
    0.6909999847412109,
    0.8080000281333923,
    0.7760000228881836,
    0.8669999837875366,
    0.847000002861023,
    0.7710000276565552,
    0.9049999713897705
  ],
  "classPrecision": [
    0.7168073654174805,
    0.926153838634491,
    0.7685370445251465,
    0.6944723725318909,
    0.8278688788414001,
    0.757073163986206,
    0.8993775844573975,
    0.9068522453308105,
    0.9589552283287048,
    0.8820662498474121
  ],
  "classes": [
    "plane",
    "car",
    "bird",
    "cat",
    "deer",
    "dog",
    "frog",
    "horse",
    "ship",
    "truck"
  ]
}