{
  "name": "model",
  "metrics": {
    "train_loss": [
      0.15311480159937488,
      0.11376102096114254,
      0.09121742626978746,
      0.07122977972869271,
      0.06179416691443013
    ],
    "train_accuracy": [
      0.9553518518518519,
      0.9681296296296297,
      0.9738888888888889,
      0.9788518518518519,
      0.981925925925926
    ],
    "val_loss": [
      0.16807226178810952,
      0.13183174377426188,
      0.11440928351688892,
      0.1049500517943438,
      0.09488673222825882
    ],
    "val_accuracy": [
      0.9503333333333334,
      0.9633333333333334,
      0.9676666666666667,
      0.9693333333333334,
      0.9735
    ]
  },
  "accuracy": 0.9746,
  "confusion": [
    [
      964.0,
      0.0,
      0.0,
      1.0,
      1.0,
      3.0,
      5.0,
      1.0,
      5.0,
      0.0
    ],
    [
      0.0,
      1122.0,
      3.0,
      1.0,
      0.0,
      1.0,
      4.0,
      0.0,
      4.0,
      0.0
    ],
    [
      2.0,
      0.0,
      1006.0,
      6.0,
      1.0,
      0.0,
      3.0,
      7.0,
      7.0,
      0.0
    ],
    [
      0.0,
      0.0,
      5.0,
      980.0,
      0.0,
      7.0,
      0.0,
      10.0,
      6.0,
      2.0
    ],
    [
      0.0,
      1.0,
      4.0,
      0.0,
      949.0,
      0.0,
      6.0,
      2.0,
      3.0,
      17.0
    ],
    [
      2.0,
      0.0,
      0.0,
      8.0,
      1.0,
      865.0,
      6.0,
      2.0,
      4.0,
      4.0
    ],
    [
      3.0,
      3.0,
      0.0,
      0.0,
      5.0,
      4.0,
      941.0,
      0.0,
      2.0,
      0.0
    ],
    [
      1.0,
      7.0,
      11.0,
      0.0,
      0.0,
      0.0,
      0.0,
      999.0,
      2.0,
      8.0
    ],
    [
      2.0,
      1.0,
      3.0,
      4.0,
      3.0,
      2.0,
      4.0,
      2.0,
      949.0,
      4.0
    ],
    [
      2.0,
      4.0,
      0.0,
      7.0,
      8.0,
      1.0,
      1.0,
      9.0,
      6.0,
      971.0
    ]
  ],
  "classRecall": [
    0.9836734533309937,
    0.9885462522506714,
    0.9748061895370483,
    0.9702970385551453,
    0.9663951396942139,
    0.9697309136390686,
    0.982254683971405,
    0.9717898964881897,
    0.9743326306343079,
    0.962338924407959
  ],
  "classPrecision": [
    0.9877049326896667,
    0.9859402179718018,
    0.9748061895370483,
    0.9731876850128174,
    0.98037189245224,
    0.9796149730682373,
    0.9701030850410461,
    0.9680232405662537,
    0.9605262875556946,
    0.9652087688446045
  ],
  "classes": [
    0,
    1,
    2,
    3,
    4,
    5,
    6,
    7,
    8,
    9
  ]
}