{
  "name": "model",
  "metrics": {
    "train_loss": [
      0.14347208023812816,
      0.10310455141986292,
      0.0864008318487184,
      0.06901181510415687,
      0.06304665614952337
    ],
    "train_accuracy": [
      0.9586481481481481,
      0.9704259259259259,
      0.9755,
      0.9803888888888889,
      0.9815925925925926
    ],
    "val_loss": [
      0.1568138353685115,
      0.12290785509221097,
      0.11188737271313971,
      0.09490632630409078,
      0.09340779749835108
    ],
    "val_accuracy": [
      0.954,
      0.9663333333333334,
      0.9666666666666667,
      0.9723333333333334,
      0.9741666666666666
    ]
  },
  "accuracy": 0.9739,
  "confusion": [
    [
      973.0,
      0.0,
      1.0,
      0.0,
      0.0,
      0.0,
      1.0,
      1.0,
      4.0,
      0.0
    ],
    [
      0.0,
      1128.0,
      2.0,
      1.0,
      0.0,
      0.0,
      1.0,
      0.0,
      3.0,
      0.0
    ],
    [
      9.0,
      4.0,
      1004.0,
      0.0,
      3.0,
      0.0,
      2.0,
      6.0,
      4.0,
      0.0
    ],
    [
      0.0,
      0.0,
      6.0,
      981.0,
      0.0,
      8.0,
      0.0,
      9.0,
      4.0,
      2.0
    ],
    [
      2.0,
      1.0,
      3.0,
      0.0,
      949.0,
      0.0,
      7.0,
      2.0,
      4.0,
      14.0
    ],
    [
      9.0,
      0.0,
      0.0,
      2.0,
      2.0,
      869.0,
      3.0,
      2.0,
      4.0,
      1.0
    ],
    [
      8.0,
      3.0,
      0.0,
      1.0,
      3.0,
      2.0,
      938.0,
      0.0,
      3.0,
      0.0
    ],
    [
      3.0,
      8.0,
      11.0,
      0.0,
      0.0,
      0.0,
      0.0,
      999.0,
      2.0,
      5.0
    ],
    [
      10.0,
      1.0,
      4.0,
      5.0,
      4.0,
      2.0,
      6.0,
      5.0,
      934.0,
      3.0
    ],
    [
      7.0,
      6.0,
      0.0,
      6.0,
      12.0,
      2.0,
      1.0,
      9.0,
      2.0,
      964.0
    ]
  ],
  "classRecall": [
    0.9928571581840515,
    0.9938325881958008,
    0.9728682041168213,
    0.9712871313095093,
    0.9663951396942139,
    0.9742152690887451,
    0.9791231751441956,
    0.9717898964881897,
    0.9589322209358215,
    0.9554013609886169
  ],
  "classPrecision": [
    0.9529872536659241,
    0.980017364025116,
    0.9738118052482605,
    0.9849397540092468,
    0.9753340482711792,
    0.9841449856758118,
    0.9781022071838379,
    0.967086136341095,
    0.9688796401023865,
    0.9747219681739807
  ],
  "classes": [
    0,
    1,
    2,
    3,
    4,
    5,
    6,
    7,
    8,
    9
  ]
}