{
  "name": "model",
  "metrics": {
    "train_loss": [
      1.3865764672783287,
      1.0040204892442985,
      0.7328407418998805,
      0.5642174647443674,
      0.48609801644290035,
      0.3768746892244301,
      0.3040895187719302,
      0.2989827340299433,
      0.25261202712797304,
      0.23008433045734736,
      0.15596881168047813,
      0.1103439365026795
    ],
    "train_accuracy": [
      0.4865777777777778,
      0.6516888888888889,
      0.7408222222222223,
      0.8036222222222222,
      0.8362888888888889,
      0.8735555555555555,
      0.8938444444444444,
      0.8993111111111111,
      0.9092888888888889,
      0.9200222222222222,
      0.9445555555555556,
      0.9636222222222223
    ],
    "val_loss": [
      1.392295813560486,
      1.0361767917871476,
      0.8109880685806274,
      0.6676208309829235,
      0.628593859821558,
      0.580744369328022,
      0.5502874206751585,
      0.5884044602513313,
      0.6316280461847782,
      0.6741678908467292,
      0.683906226605177,
      0.6471353329718113
    ],
    "val_accuracy": [
      0.4842,
      0.6452,
      0.7178,
      0.761,
      0.7802,
      0.8028,
      0.8176,
      0.8042,
      0.8032,
      0.7954,
      0.8196,
      0.826
    ]
  },
  "accuracy": 0.8263,
  "confusion": [
    [
      862.0,
      12.0,
      25.0,
      13.0,
      13.0,
      1.0,
      2.0,
      7.0,
      29.0,
      36.0
    ],
    [
      5.0,
      931.0,
      0.0,
      1.0,
      2.0,
      1.0,
      0.0,
      0.0,
      7.0,
      53.0
    ],
    [
      56.0,
      4.0,
      731.0,
      44.0,
      70.0,
      33.0,
      31.0,
      18.0,
      8.0,
      5.0
    ],
    [
      24.0,
      6.0,
      63.0,
      645.0,
      45.0,
      127.0,
      20.0,
      43.0,
      13.0,
      14.0
    ],
    [
      16.0,
      1.0,
      25.0,
      37.0,
      836.0,
      24.0,
      16.0,
      34.0,
      5.0,
      6.0
    ],
    [
      11.0,
      1.0,
      26.0,
      109.0,
      32.0,
      755.0,
      7.0,
      52.0,
      2.0,
      5.0
    ],
    [
      7.0,
      3.0,
      24.0,
      57.0,
      40.0,
      22.0,
      822.0,
      6.0,
      6.0,
      13.0
    ],
    [
      10.0,
      3.0,
      12.0,
      17.0,
      37.0,
      15.0,
      1.0,
      900.0,
      0.0,
      5.0
    ],
    [
      66.0,
      22.0,
      7.0,
      4.0,
      1.0,
      4.0,
      4.0,
      3.0,
      872.0,
      17.0
    ],
    [
      13.0,
      46.0,
      6.0,
      4.0,
      2.0,
      0.0,
      1.0,
      9.0,
      10.0,
      909.0
    ]
  ],
  "classRecall": [
    0.8619999885559082,
    0.9309999942779541,
    0.7310000061988831,
    0.6449999809265137,
    0.8360000252723694,
    0.7549999952316284,
    0.8220000267028809,
    0.8999999761581421,
    0.871999979019165,
    0.9089999794960022
  ],
  "classPrecision": [
    0.8056074976921082,
    0.9047619104385376,
    0.7954298257827759,
    0.6928034424781799,
    0.7755101919174194,
    0.7688391208648682,
    0.9092920422554016,
    0.8395522236824036,
    0.9159663915634155,
    0.8551269769668579
  ],
  "classes": [
    "plane",
    "car",
    "bird",
    "cat",
    "deer",
    "dog",
    "frog",
    "horse",
    "ship",
    "truck"
  ]
}