{
  "name": "model",
  "metrics": {
    "train_loss": [
      1.3086356283588843,
      0.9404220775785771,
      0.7596762805161151,
      0.5508225211365656,
      0.5086338531056588,
      0.421886606099592,
      0.3165844750421291,
      0.2694308888167143,
      0.21009326304986395,
      0.21093192916702141,
      0.14981679316737095,
      0.14120475911873986
    ],
    "train_accuracy": [
      0.5265777777777778,
      0.6728888888888889,
      0.7414888888888889,
      0.8077333333333333,
      0.8280888888888889,
      0.8556222222222222,
      0.8923555555555556,
      0.9112222222222223,
      0.9306444444444445,
      0.9270888888888889,
      0.9482666666666667,
      0.9507333333333333
    ],
    "val_loss": [
      1.3200452387332917,
      0.9869586154818535,
      0.8302648171782494,
      0.6765253052115441,
      0.6436645288020373,
      0.615329810231924,
      0.5630955077707768,
      0.5647203169763089,
      0.5472777113318443,
      0.6369533069431782,
      0.6143637135624885,
      0.6791056960821151
    ],
    "val_accuracy": [
      0.5124,
      0.6478,
      0.7064,
      0.7648,
      0.773,
      0.7906,
      0.8094,
      0.8098,
      0.8136,
      0.801,
      0.8176,
      0.8134
    ]
  },
  "accuracy": 0.8182,
  "confusion": [
    [
      811.0,
      7.0,
      20.0,
      38.0,
      8.0,
      5.0,
      16.0,
      12.0,
      29.0,
      54.0
    ],
    [
      6.0,
      882.0,
      2.0,
      9.0,
      2.0,
      6.0,
      17.0,
      3.0,
      7.0,
      66.0
    ],
    [
      52.0,
      3.0,
      663.0,
      54.0,
      65.0,
      56.0,
      72.0,
      24.0,
      5.0,
      6.0
    ],
    [
      7.0,
      3.0,
      28.0,
      675.0,
      46.0,
      135.0,
      71.0,
      26.0,
      2.0,
      7.0
    ],
    [
      6.0,
      0.0,
      27.0,
      42.0,
      808.0,
      25.0,
      44.0,
      45.0,
      2.0,
      1.0
    ],
    [
      1.0,
      0.0,
      14.0,
      118.0,
      34.0,
      778.0,
      20.0,
      33.0,
      1.0,
      1.0
    ],
    [
      3.0,
      1.0,
      11.0,
      30.0,
      13.0,
      5.0,
      934.0,
      2.0,
      1.0,
      0.0
    ],
    [
      6.0,
      1.0,
      6.0,
      34.0,
      41.0,
      29.0,
      8.0,
      870.0,
      0.0,
      5.0
    ],
    [
      71.0,
      18.0,
      7.0,
      19.0,
      4.0,
      2.0,
      13.0,
      4.0,
      835.0,
      27.0
    ],
    [
      9.0,
      29.0,
      5.0,
      6.0,
      4.0,
      6.0,
      8.0,
      4.0,
      3.0,
      926.0
    ]
  ],
  "classRecall": [
    0.8109999895095825,
    0.8820000290870667,
    0.6629999876022339,
    0.675000011920929,
    0.8080000281333923,
    0.777999997138977,
    0.9340000152587891,
    0.8700000047683716,
    0.8349999785423279,
    0.9259999990463257
  ],
  "classPrecision": [
    0.8343621492385864,
    0.9343220591545105,
    0.8467432856559753,
    0.6585366129875183,
    0.7882927060127258,
    0.743075430393219,
    0.7763923406600952,
    0.8504399061203003,
    0.9435028433799744,
    0.8472095131874084
  ],
  "classes": [
    "plane",
    "car",
    "bird",
    "cat",
    "deer",
    "dog",
    "frog",
    "horse",
    "ship",
    "truck"
  ]
}