{
  "name": "model",
  "metrics": {
    "train_loss": [
      0.15756066873563693,
      0.1054525661913422,
      0.08942145591610558,
      0.07233733671796795,
      0.07361414600428529
    ],
    "train_accuracy": [
      0.9558888888888889,
      0.9695185185185186,
      0.9742592592592593,
      0.9793518518518518,
      0.9795925925925926
    ],
    "val_loss": [
      0.1684534783534547,
      0.12500446598897588,
      0.11402843167331625,
      0.09852035042453319,
      0.10107045791092072
    ],
    "val_accuracy": [
      0.9518333333333333,
      0.9645,
      0.967,
      0.9725,
      0.9706666666666667
    ]
  },
  "accuracy": 0.9723,
  "confusion": [
    [
      975.0,
      0.0,
      1.0,
      1.0,
      0.0,
      1.0,
      0.0,
      1.0,
      1.0,
      0.0
    ],
    [
      0.0,
      1125.0,
      3.0,
      2.0,
      0.0,
      1.0,
      2.0,
      1.0,
      1.0,
      0.0
    ],
    [
      10.0,
      1.0,
      1006.0,
      6.0,
      2.0,
      1.0,
      1.0,
      2.0,
      3.0,
      0.0
    ],
    [
      0.0,
      0.0,
      5.0,
      979.0,
      0.0,
      13.0,
      0.0,
      9.0,
      3.0,
      1.0
    ],
    [
      2.0,
      2.0,
      2.0,
      0.0,
      961.0,
      0.0,
      7.0,
      2.0,
      3.0,
      3.0
    ],
    [
      4.0,
      0.0,
      0.0,
      5.0,
      2.0,
      872.0,
      6.0,
      0.0,
      1.0,
      2.0
    ],
    [
      8.0,
      3.0,
      0.0,
      0.0,
      2.0,
      5.0,
      940.0,
      0.0,
      0.0,
      0.0
    ],
    [
      3.0,
      6.0,
      18.0,
      2.0,
      1.0,
      0.0,
      0.0,
      991.0,
      1.0,
      6.0
    ],
    [
      5.0,
      1.0,
      4.0,
      8.0,
      3.0,
      7.0,
      6.0,
      4.0,
      933.0,
      3.0
    ],
    [
      7.0,
      5.0,
      0.0,
      9.0,
      21.0,
      8.0,
      2.0,
      11.0,
      5.0,
      941.0
    ]
  ],
  "classRecall": [
    0.9948979616165161,
    0.9911894202232361,
    0.9748061895370483,
    0.9693069458007812,
    0.9786150455474854,
    0.9775784611701965,
    0.9812108278274536,
    0.9640077948570251,
    0.9579055309295654,
    0.9326065182685852
  ],
  "classPrecision": [
    0.9615384340286255,
    0.9842519760131836,
    0.9682387113571167,
    0.967391312122345,
    0.96875,
    0.9603524208068848,
    0.9751037359237671,
    0.9706170558929443,
    0.9810725450515747,
    0.9843096137046814
  ],
  "classes": [
    0,
    1,
    2,
    3,
    4,
    5,
    6,
    7,
    8,
    9
  ]
}