{
  "name": "model",
  "metrics": {
    "train_loss": [
      0.15356534858944856,
      0.11034388251390785,
      0.09357207361608744,
      0.06987587650641976,
      0.06317448251664427
    ],
    "train_accuracy": [
      0.9551481481481482,
      0.9687777777777777,
      0.9747777777777777,
      0.9792592592592593,
      0.9819074074074075
    ],
    "val_loss": [
      0.1626305802071348,
      0.1203482493837463,
      0.11243471772746837,
      0.09298992624625246,
      0.09308398404019944
    ],
    "val_accuracy": [
      0.9536666666666667,
      0.967,
      0.9708333333333333,
      0.9715,
      0.9748333333333333
    ]
  },
  "accuracy": 0.9755,
  "confusion": [
    [
      969.0,
      0.0,
      2.0,
      1.0,
      0.0,
      1.0,
      5.0,
      1.0,
      1.0,
      0.0
    ],
    [
      0.0,
      1126.0,
      3.0,
      1.0,
      0.0,
      1.0,
      2.0,
      0.0,
      2.0,
      0.0
    ],
    [
      3.0,
      2.0,
      996.0,
      9.0,
      4.0,
      0.0,
      3.0,
      10.0,
      4.0,
      1.0
    ],
    [
      0.0,
      0.0,
      4.0,
      982.0,
      0.0,
      10.0,
      0.0,
      7.0,
      4.0,
      3.0
    ],
    [
      0.0,
      0.0,
      2.0,
      0.0,
      961.0,
      0.0,
      9.0,
      3.0,
      0.0,
      7.0
    ],
    [
      2.0,
      0.0,
      0.0,
      6.0,
      0.0,
      871.0,
      6.0,
      1.0,
      3.0,
      3.0
    ],
    [
      5.0,
      3.0,
      0.0,
      0.0,
      1.0,
      3.0,
      944.0,
      0.0,
      2.0,
      0.0
    ],
    [
      1.0,
      6.0,
      8.0,
      2.0,
      1.0,
      0.0,
      0.0,
      1006.0,
      0.0,
      4.0
    ],
    [
      4.0,
      2.0,
      1.0,
      7.0,
      5.0,
      5.0,
      7.0,
      8.0,
      930.0,
      5.0
    ],
    [
      3.0,
      3.0,
      0.0,
      5.0,
      12.0,
      3.0,
      1.0,
      10.0,
      2.0,
      970.0
    ]
  ],
  "classRecall": [
    0.9887754917144775,
    0.9920704960823059,
    0.9651162624359131,
    0.9722772240638733,
    0.9786150455474854,
    0.976457417011261,
    0.9853861927986145,
    0.9785992503166199,
    0.9548254609107971,
    0.9613478779792786
  ],
  "classPrecision": [
    0.9817629456520081,
    0.985989511013031,
    0.9803149700164795,
    0.9693978428840637,
    0.9766260385513306,
    0.9742729067802429,
    0.9662231206893921,
    0.961759090423584,
    0.9810126423835754,
    0.9768378734588623
  ],
  "classes": [
    0,
    1,
    2,
    3,
    4,
    5,
    6,
    7,
    8,
    9
  ]
}