{
  "name": "model",
  "metrics": {
    "train_loss": [
      0.15704675860950168,
      0.10494459006864737,
      0.09125539344863445,
      0.07166456993033676,
      0.06400716290434037
    ],
    "train_accuracy": [
      0.9547962962962963,
      0.9697962962962963,
      0.9738148148148148,
      0.9797222222222223,
      0.9815555555555555
    ],
    "val_loss": [
      0.17419806273376687,
      0.1256864034432046,
      0.10912510510930355,
      0.09395959505692442,
      0.08967325776973938
    ],
    "val_accuracy": [
      0.9483333333333334,
      0.9608333333333333,
      0.9683333333333334,
      0.9736666666666667,
      0.9743333333333334
    ]
  },
  "accuracy": 0.973,
  "confusion": [
    [
      969.0,
      1.0,
      1.0,
      0.0,
      0.0,
      0.0,
      5.0,
      2.0,
      2.0,
      0.0
    ],
    [
      0.0,
      1121.0,
      4.0,
      2.0,
      0.0,
      2.0,
      3.0,
      0.0,
      3.0,
      0.0
    ],
    [
      5.0,
      0.0,
      1016.0,
      0.0,
      1.0,
      0.0,
      0.0,
      7.0,
      3.0,
      0.0
    ],
    [
      0.0,
      0.0,
      14.0,
      974.0,
      0.0,
      9.0,
      0.0,
      7.0,
      4.0,
      2.0
    ],
    [
      0.0,
      2.0,
      4.0,
      0.0,
      963.0,
      0.0,
      6.0,
      1.0,
      2.0,
      4.0
    ],
    [
      3.0,
      0.0,
      0.0,
      2.0,
      1.0,
      871.0,
      7.0,
      1.0,
      3.0,
      4.0
    ],
    [
      6.0,
      3.0,
      1.0,
      1.0,
      1.0,
      3.0,
      942.0,
      0.0,
      1.0,
      0.0
    ],
    [
      2.0,
      8.0,
      17.0,
      1.0,
      3.0,
      0.0,
      0.0,
      988.0,
      1.0,
      8.0
    ],
    [
      2.0,
      1.0,
      8.0,
      3.0,
      4.0,
      3.0,
      7.0,
      3.0,
      940.0,
      3.0
    ],
    [
      4.0,
      8.0,
      2.0,
      10.0,
      19.0,
      5.0,
      2.0,
      8.0,
      5.0,
      946.0
    ]
  ],
  "classRecall": [
    0.9887754917144775,
    0.9876651763916016,
    0.9844961166381836,
    0.9643564224243164,
    0.9806517362594604,
    0.976457417011261,
    0.9832985401153564,
    0.9610894918441772,
    0.9650924205780029,
    0.9375619292259216
  ],
  "classPrecision": [
    0.977800190448761,
    0.9798951148986816,
    0.9522024393081665,
    0.9808660745620728,
    0.9707661271095276,
    0.9753639698028564,
    0.9691358208656311,
    0.9714847803115845,
    0.9751037359237671,
    0.9782833456993103
  ],
  "classes": [
    0,
    1,
    2,
    3,
    4,
    5,
    6,
    7,
    8,
    9
  ]
}