{
  "name": "model",
  "metrics": {
    "train_loss": [
      0.1436068177382104,
      0.11483898122410921,
      0.08210934078435621,
      0.0761768620536261,
      0.06232678105886937
    ],
    "train_accuracy": [
      0.9582592592592593,
      0.9678333333333333,
      0.9767222222222223,
      0.9787962962962963,
      0.9821111111111112
    ],
    "val_loss": [
      0.1553704933600223,
      0.1294865665283609,
      0.10454517487991363,
      0.10444922016022053,
      0.09354130892043418
    ],
    "val_accuracy": [
      0.954,
      0.9611666666666666,
      0.97,
      0.9716666666666667,
      0.9733333333333334
    ]
  },
  "accuracy": 0.9756,
  "confusion": [
    [
      971.0,
      0.0,
      0.0,
      0.0,
      0.0,
      2.0,
      2.0,
      2.0,
      3.0,
      0.0
    ],
    [
      0.0,
      1123.0,
      2.0,
      2.0,
      0.0,
      3.0,
      1.0,
      1.0,
      3.0,
      0.0
    ],
    [
      7.0,
      1.0,
      1007.0,
      2.0,
      0.0,
      0.0,
      2.0,
      8.0,
      5.0,
      0.0
    ],
    [
      0.0,
      0.0,
      7.0,
      989.0,
      0.0,
      2.0,
      0.0,
      5.0,
      3.0,
      4.0
    ],
    [
      1.0,
      1.0,
      3.0,
      0.0,
      960.0,
      0.0,
      4.0,
      1.0,
      1.0,
      11.0
    ],
    [
      4.0,
      0.0,
      0.0,
      14.0,
      1.0,
      864.0,
      3.0,
      2.0,
      3.0,
      1.0
    ],
    [
      6.0,
      3.0,
      0.0,
      1.0,
      3.0,
      8.0,
      935.0,
      0.0,
      2.0,
      0.0
    ],
    [
      1.0,
      6.0,
      10.0,
      1.0,
      0.0,
      0.0,
      0.0,
      1003.0,
      0.0,
      7.0
    ],
    [
      2.0,
      1.0,
      5.0,
      8.0,
      7.0,
      5.0,
      6.0,
      3.0,
      933.0,
      4.0
    ],
    [
      4.0,
      3.0,
      0.0,
      6.0,
      9.0,
      4.0,
      1.0,
      9.0,
      2.0,
      971.0
    ]
  ],
  "classRecall": [
    0.9908163547515869,
    0.9894273281097412,
    0.9757751822471619,
    0.9792079329490662,
    0.9775967597961426,
    0.9686098694801331,
    0.9759916663169861,
    0.975680947303772,
    0.9579055309295654,
    0.962338924407959
  ],
  "classPrecision": [
    0.9748995900154114,
    0.9868189692497253,
    0.9738878011703491,
    0.9667643904685974,
    0.9795918464660645,
    0.9729729890823364,
    0.9800838828086853,
    0.9700193405151367,
    0.9769633412361145,
    0.9729458689689636
  ],
  "classes": [
    0,
    1,
    2,
    3,
    4,
    5,
    6,
    7,
    8,
    9
  ]
}