{
  "name": "model",
  "metrics": {
    "train_loss": [
      0.1587637578583018,
      0.11646557752466738,
      0.09559475111894274,
      0.07313638387945308,
      0.07140837756638808
    ],
    "train_accuracy": [
      0.9525,
      0.9660555555555556,
      0.9720185185185185,
      0.9795185185185186,
      0.9793888888888889
    ],
    "val_loss": [
      0.17018013265221676,
      0.13206301486872613,
      0.11591451749839682,
      0.09258585550049518,
      0.09669333890556021
    ],
    "val_accuracy": [
      0.9498333333333333,
      0.9606666666666667,
      0.9636666666666667,
      0.9738333333333333,
      0.9726666666666667
    ]
  },
  "accuracy": 0.9738,
  "confusion": [
    [
      972.0,
      1.0,
      0.0,
      0.0,
      0.0,
      2.0,
      2.0,
      1.0,
      2.0,
      0.0
    ],
    [
      0.0,
      1129.0,
      1.0,
      1.0,
      0.0,
      1.0,
      2.0,
      0.0,
      1.0,
      0.0
    ],
    [
      8.0,
      5.0,
      1003.0,
      3.0,
      3.0,
      2.0,
      1.0,
      6.0,
      1.0,
      0.0
    ],
    [
      0.0,
      0.0,
      4.0,
      975.0,
      0.0,
      21.0,
      0.0,
      6.0,
      3.0,
      1.0
    ],
    [
      1.0,
      0.0,
      3.0,
      0.0,
      964.0,
      0.0,
      5.0,
      2.0,
      1.0,
      6.0
    ],
    [
      2.0,
      0.0,
      0.0,
      1.0,
      1.0,
      884.0,
      2.0,
      0.0,
      1.0,
      1.0
    ],
    [
      5.0,
      3.0,
      0.0,
      0.0,
      3.0,
      9.0,
      935.0,
      0.0,
      3.0,
      0.0
    ],
    [
      2.0,
      11.0,
      9.0,
      2.0,
      1.0,
      0.0,
      0.0,
      993.0,
      2.0,
      8.0
    ],
    [
      4.0,
      2.0,
      4.0,
      6.0,
      4.0,
      16.0,
      5.0,
      3.0,
      928.0,
      2.0
    ],
    [
      3.0,
      4.0,
      0.0,
      8.0,
      18.0,
      14.0,
      0.0,
      4.0,
      3.0,
      955.0
    ]
  ],
  "classRecall": [
    0.9918367266654968,
    0.9947136640548706,
    0.9718992114067078,
    0.9653465151786804,
    0.981670081615448,
    0.9910314083099365,
    0.9759916663169861,
    0.9659532904624939,
    0.9527720808982849,
    0.9464816451072693
  ],
  "classPrecision": [
    0.9749248027801514,
    0.977489173412323,
    0.9794921875,
    0.9789156913757324,
    0.9698188900947571,
    0.931506872177124,
    0.9821428656578064,
    0.9783251285552979,
    0.9820106029510498,
    0.981500506401062
  ],
  "classes": [
    0,
    1,
    2,
    3,
    4,
    5,
    6,
    7,
    8,
    9
  ]
}