{
  "name": "model",
  "metrics": {
    "train_loss": [
      0.14532282865513557,
      0.11338529672244149,
      0.08326695370818908,
      0.06772060346043718,
      0.06169864612132735
    ],
    "train_accuracy": [
      0.9579074074074074,
      0.9676851851851852,
      0.9754444444444444,
      0.9801481481481481,
      0.9828888888888889
    ],
    "val_loss": [
      0.1565710409207547,
      0.1371364862994945,
      0.10527475380358543,
      0.09090622890978417,
      0.09011700051896115
    ],
    "val_accuracy": [
      0.9545,
      0.9606666666666667,
      0.9693333333333334,
      0.9735,
      0.9721666666666666
    ]
  },
  "accuracy": 0.9749,
  "confusion": [
    [
      971.0,
      1.0,
      1.0,
      0.0,
      0.0,
      2.0,
      1.0,
      1.0,
      3.0,
      0.0
    ],
    [
      0.0,
      1126.0,
      0.0,
      2.0,
      0.0,
      2.0,
      4.0,
      0.0,
      1.0,
      0.0
    ],
    [
      5.0,
      4.0,
      1002.0,
      1.0,
      2.0,
      0.0,
      5.0,
      8.0,
      5.0,
      0.0
    ],
    [
      0.0,
      0.0,
      6.0,
      987.0,
      0.0,
      4.0,
      0.0,
      6.0,
      2.0,
      5.0
    ],
    [
      1.0,
      0.0,
      3.0,
      0.0,
      958.0,
      0.0,
      5.0,
      4.0,
      0.0,
      11.0
    ],
    [
      2.0,
      0.0,
      0.0,
      12.0,
      1.0,
      867.0,
      3.0,
      1.0,
      3.0,
      3.0
    ],
    [
      6.0,
      2.0,
      0.0,
      1.0,
      5.0,
      4.0,
      936.0,
      1.0,
      3.0,
      0.0
    ],
    [
      1.0,
      6.0,
      10.0,
      0.0,
      1.0,
      1.0,
      0.0,
      1003.0,
      0.0,
      6.0
    ],
    [
      9.0,
      1.0,
      2.0,
      6.0,
      7.0,
      3.0,
      9.0,
      4.0,
      926.0,
      7.0
    ],
    [
      4.0,
      3.0,
      1.0,
      6.0,
      9.0,
      5.0,
      0.0,
      8.0,
      0.0,
      973.0
    ]
  ],
  "classRecall": [
    0.9908163547515869,
    0.9920704960823059,
    0.9709302186965942,
    0.9772277474403381,
    0.9755600690841675,
    0.9719731211662292,
    0.9770354628562927,
    0.975680947303772,
    0.9507187008857727,
    0.9643211364746094
  ],
  "classPrecision": [
    0.9719719886779785,
    0.9851268529891968,
    0.9775609970092773,
    0.9724137783050537,
    0.9745676517486572,
    0.9763513803482056,
    0.9719626307487488,
    0.9681467413902283,
    0.9819724559783936,
    0.9681591987609863
  ],
  "classes": [
    0,
    1,
    2,
    3,
    4,
    5,
    6,
    7,
    8,
    9
  ]
}