{
  "name": "model",
  "metrics": {
    "train_loss": [
      0.15620854916271723,
      0.11182098098152198,
      0.09776334038172005,
      0.0722067021936955,
      0.06406877509216774
    ],
    "train_accuracy": [
      0.9542962962962963,
      0.9667962962962963,
      0.9716111111111111,
      0.9790185185185185,
      0.9811111111111112
    ],
    "val_loss": [
      0.17066804113540243,
      0.13708412631395014,
      0.11957183995462478,
      0.09631009994352117,
      0.08844923545071419
    ],
    "val_accuracy": [
      0.9516666666666667,
      0.9596666666666667,
      0.9646666666666667,
      0.972,
      0.9746666666666667
    ]
  },
  "accuracy": 0.975,
  "confusion": [
    [
      972.0,
      1.0,
      2.0,
      1.0,
      0.0,
      0.0,
      2.0,
      1.0,
      1.0,
      0.0
    ],
    [
      0.0,
      1129.0,
      2.0,
      1.0,
      0.0,
      1.0,
      1.0,
      0.0,
      1.0,
      0.0
    ],
    [
      3.0,
      3.0,
      1012.0,
      1.0,
      3.0,
      0.0,
      0.0,
      8.0,
      2.0,
      0.0
    ],
    [
      1.0,
      0.0,
      9.0,
      985.0,
      0.0,
      2.0,
      0.0,
      7.0,
      4.0,
      2.0
    ],
    [
      0.0,
      2.0,
      4.0,
      0.0,
      957.0,
      0.0,
      5.0,
      2.0,
      1.0,
      11.0
    ],
    [
      3.0,
      0.0,
      0.0,
      9.0,
      1.0,
      861.0,
      11.0,
      1.0,
      5.0,
      1.0
    ],
    [
      6.0,
      3.0,
      2.0,
      1.0,
      3.0,
      3.0,
      938.0,
      1.0,
      1.0,
      0.0
    ],
    [
      1.0,
      9.0,
      12.0,
      3.0,
      1.0,
      0.0,
      0.0,
      992.0,
      2.0,
      8.0
    ],
    [
      1.0,
      2.0,
      2.0,
      7.0,
      4.0,
      3.0,
      6.0,
      3.0,
      942.0,
      4.0
    ],
    [
      4.0,
      7.0,
      0.0,
      7.0,
      12.0,
      2.0,
      0.0,
      9.0,
      6.0,
      962.0
    ]
  ],
  "classRecall": [
    0.9918367266654968,
    0.9947136640548706,
    0.9806201457977295,
    0.9752475023269653,
    0.9745417237281799,
    0.9652466177940369,
    0.9791231751441956,
    0.9649805426597595,
    0.9671458005905151,
    0.9534192085266113
  ],
  "classPrecision": [
    0.9808274507522583,
    0.9766436219215393,
    0.9684210419654846,
    0.9704433679580688,
    0.9755351543426514,
    0.9873853325843811,
    0.9740394353866577,
    0.96875,
    0.9761658310890198,
    0.9736841917037964
  ],
  "classes": [
    0,
    1,
    2,
    3,
    4,
    5,
    6,
    7,
    8,
    9
  ]
}