{
  "name": "model",
  "metrics": {
    "train_loss": [
      1.388881270181049,
      1.0116722610863773,
      0.7036351302469318,
      0.5820916379717264,
      0.5486733119257472,
      0.3918085115199739,
      0.3350888563489372,
      0.3036077454770831,
      0.2590346497441219,
      0.2305249144873497,
      0.18330284591171553,
      0.14018421188335528
    ],
    "train_accuracy": [
      0.4845777777777778,
      0.6497111111111111,
      0.7587111111111111,
      0.8036,
      0.8188444444444445,
      0.8675111111111111,
      0.8879555555555556,
      0.9001555555555556,
      0.9106,
      0.92,
      0.9352666666666667,
      0.9498666666666666
    ],
    "val_loss": [
      1.390606540441513,
      1.0411789685487747,
      0.7921773821115494,
      0.6934014797210694,
      0.6742446318268775,
      0.5820540949702263,
      0.5873605653643608,
      0.5646393842995167,
      0.5945613540709018,
      0.5843157667666674,
      0.6162613440304995,
      0.6370676771271974
    ],
    "val_accuracy": [
      0.4766,
      0.6356,
      0.73,
      0.7544,
      0.7668,
      0.7934,
      0.8026,
      0.7994,
      0.803,
      0.8064,
      0.817,
      0.8182
    ]
  },
  "accuracy": 0.8191,
  "confusion": [
    [
      902.0,
      4.0,
      24.0,
      23.0,
      8.0,
      6.0,
      3.0,
      10.0,
      10.0,
      10.0
    ],
    [
      14.0,
      922.0,
      0.0,
      7.0,
      3.0,
      1.0,
      1.0,
      0.0,
      11.0,
      41.0
    ],
    [
      68.0,
      5.0,
      709.0,
      57.0,
      46.0,
      54.0,
      23.0,
      29.0,
      4.0,
      5.0
    ],
    [
      27.0,
      7.0,
      39.0,
      697.0,
      42.0,
      107.0,
      37.0,
      34.0,
      6.0,
      4.0
    ],
    [
      13.0,
      1.0,
      64.0,
      52.0,
      783.0,
      16.0,
      27.0,
      41.0,
      3.0,
      0.0
    ],
    [
      11.0,
      2.0,
      26.0,
      133.0,
      27.0,
      750.0,
      6.0,
      40.0,
      3.0,
      2.0
    ],
    [
      8.0,
      4.0,
      35.0,
      68.0,
      20.0,
      15.0,
      839.0,
      4.0,
      3.0,
      4.0
    ],
    [
      18.0,
      0.0,
      12.0,
      23.0,
      33.0,
      27.0,
      2.0,
      881.0,
      1.0,
      3.0
    ],
    [
      115.0,
      12.0,
      4.0,
      12.0,
      0.0,
      2.0,
      3.0,
      1.0,
      838.0,
      13.0
    ],
    [
      39.0,
      59.0,
      2.0,
      6.0,
      4.0,
      2.0,
      3.0,
      5.0,
      10.0,
      870.0
    ]
  ],
  "classRecall": [
    0.9020000100135803,
    0.921999990940094,
    0.7089999914169312,
    0.6970000267028809,
    0.7829999923706055,
    0.75,
    0.8389999866485596,
    0.8809999823570251,
    0.8379999995231628,
    0.8700000047683716
  ],
  "classPrecision": [
    0.7423868179321289,
    0.9074802994728088,
    0.7748633623123169,
    0.646567702293396,
    0.8105590343475342,
    0.7653061151504517,
    0.8887711763381958,
    0.8430622220039368,
    0.9426321983337402,
    0.9138655662536621
  ],
  "classes": [
    "plane",
    "car",
    "bird",
    "cat",
    "deer",
    "dog",
    "frog",
    "horse",
    "ship",
    "truck"
  ]
}