{
  "name": "model",
  "metrics": {
    "train_loss": [
      1.436949126761068,
      1.1563043347136541,
      0.7844908415255222,
      0.6343481713397936,
      0.5032254366034811,
      0.40307722045955335,
      0.3655716840347106,
      0.29650563149797643,
      0.22024951039136134,
      0.196200588083064,
      0.1700092953291129,
      0.12896811586423693
    ],
    "train_accuracy": [
      0.4881111111111111,
      0.5928222222222223,
      0.7307111111111111,
      0.7832,
      0.8293333333333334,
      0.8620666666666666,
      0.8746,
      0.8988,
      0.9308888888888889,
      0.9371555555555555,
      0.9422222222222222,
      0.9592444444444445
    ],
    "val_loss": [
      1.4309235781431198,
      1.1942577749490737,
      0.8517812967300415,
      0.7640299558639526,
      0.6632397547364235,
      0.6042642913758755,
      0.6086358785629272,
      0.5884768225252628,
      0.5450282923877239,
      0.5622557909227908,
      0.6421990275382996,
      0.6203680783510208
    ],
    "val_accuracy": [
      0.488,
      0.5748,
      0.6946,
      0.7376,
      0.7768,
      0.7958,
      0.7946,
      0.8088,
      0.8148,
      0.8202,
      0.8046,
      0.82
    ]
  },
  "accuracy": 0.8168,
  "confusion": [
    [
      759.0,
      7.0,
      56.0,
      27.0,
      27.0,
      4.0,
      4.0,
      5.0,
      79.0,
      32.0
    ],
    [
      2.0,
      927.0,
      5.0,
      2.0,
      1.0,
      2.0,
      2.0,
      2.0,
      14.0,
      43.0
    ],
    [
      39.0,
      2.0,
      715.0,
      58.0,
      80.0,
      27.0,
      46.0,
      17.0,
      8.0,
      8.0
    ],
    [
      9.0,
      1.0,
      51.0,
      715.0,
      47.0,
      103.0,
      40.0,
      16.0,
      11.0,
      7.0
    ],
    [
      4.0,
      0.0,
      28.0,
      43.0,
      857.0,
      16.0,
      22.0,
      25.0,
      4.0,
      1.0
    ],
    [
      7.0,
      2.0,
      36.0,
      172.0,
      36.0,
      705.0,
      12.0,
      26.0,
      2.0,
      2.0
    ],
    [
      6.0,
      3.0,
      24.0,
      63.0,
      18.0,
      10.0,
      868.0,
      3.0,
      4.0,
      1.0
    ],
    [
      8.0,
      0.0,
      26.0,
      48.0,
      49.0,
      30.0,
      2.0,
      830.0,
      1.0,
      6.0
    ],
    [
      19.0,
      17.0,
      13.0,
      6.0,
      1.0,
      6.0,
      5.0,
      1.0,
      910.0,
      22.0
    ],
    [
      10.0,
      46.0,
      9.0,
      13.0,
      8.0,
      2.0,
      8.0,
      3.0,
      19.0,
      882.0
    ]
  ],
  "classRecall": [
    0.7590000033378601,
    0.9269999861717224,
    0.7149999737739563,
    0.7149999737739563,
    0.8569999933242798,
    0.7049999833106995,
    0.8679999709129333,
    0.8299999833106995,
    0.9100000262260437,
    0.8820000290870667
  ],
  "classPrecision": [
    0.8794901371002197,
    0.9223880767822266,
    0.74247145652771,
    0.6233652830123901,
    0.7624555230140686,
    0.7790055274963379,
    0.8602576851844788,
    0.8943965435028076,
    0.8650190234184265,
    0.8784860372543335
  ],
  "classes": [
    "plane",
    "car",
    "bird",
    "cat",
    "deer",
    "dog",
    "frog",
    "horse",
    "ship",
    "truck"
  ]
}