{
  "name": "model",
  "metrics": {
    "train_loss": [
      1.341853668405251,
      1.013732517815449,
      0.7394606398249214,
      0.5909893163903193,
      0.46921622431413695,
      0.4369798068126494,
      0.34191800450736826,
      0.35624049392274837,
      0.2657133257863196,
      0.24020289636047726,
      0.3269367924976078,
      0.23437021907672964
    ],
    "train_accuracy": [
      0.5118222222222222,
      0.6467111111111111,
      0.7408,
      0.7913111111111111,
      0.8337777777777777,
      0.8469555555555556,
      0.8813333333333333,
      0.8770888888888889,
      0.9075333333333333,
      0.9228444444444445,
      0.895,
      0.9215555555555556
    ],
    "val_loss": [
      1.3586781114339828,
      1.0411521807312965,
      0.797204365581274,
      0.7165598928928375,
      0.6326740503311157,
      0.6331342719495296,
      0.576510737836361,
      0.6274043172597885,
      0.5796886585652828,
      0.5831860296428204,
      0.7689692482352257,
      0.7437314653769136
    ],
    "val_accuracy": [
      0.5078,
      0.6356,
      0.719,
      0.76,
      0.7868,
      0.7878,
      0.809,
      0.7932,
      0.8164,
      0.8198,
      0.7918,
      0.802
    ]
  },
  "accuracy": 0.8016,
  "confusion": [
    [
      955.0,
      10.0,
      3.0,
      2.0,
      10.0,
      1.0,
      6.0,
      2.0,
      9.0,
      2.0
    ],
    [
      25.0,
      916.0,
      2.0,
      0.0,
      1.0,
      0.0,
      7.0,
      1.0,
      5.0,
      43.0
    ],
    [
      164.0,
      2.0,
      587.0,
      32.0,
      71.0,
      51.0,
      81.0,
      10.0,
      1.0,
      1.0
    ],
    [
      70.0,
      4.0,
      34.0,
      544.0,
      51.0,
      169.0,
      91.0,
      29.0,
      6.0,
      2.0
    ],
    [
      30.0,
      1.0,
      15.0,
      37.0,
      817.0,
      27.0,
      31.0,
      41.0,
      1.0,
      0.0
    ],
    [
      27.0,
      1.0,
      15.0,
      72.0,
      24.0,
      792.0,
      30.0,
      34.0,
      3.0,
      2.0
    ],
    [
      13.0,
      0.0,
      8.0,
      24.0,
      12.0,
      12.0,
      926.0,
      2.0,
      3.0,
      0.0
    ],
    [
      39.0,
      1.0,
      13.0,
      22.0,
      30.0,
      37.0,
      5.0,
      849.0,
      0.0,
      4.0
    ],
    [
      159.0,
      12.0,
      1.0,
      2.0,
      2.0,
      2.0,
      10.0,
      1.0,
      799.0,
      12.0
    ],
    [
      94.0,
      37.0,
      2.0,
      4.0,
      2.0,
      0.0,
      15.0,
      8.0,
      7.0,
      831.0
    ]
  ],
  "classRecall": [
    0.9549999833106995,
    0.9160000085830688,
    0.5870000123977661,
    0.5440000295639038,
    0.8169999718666077,
    0.7919999957084656,
    0.9259999990463257,
    0.8489999771118164,
    0.7990000247955322,
    0.8309999704360962
  ],
  "classPrecision": [
    0.6059644818305969,
    0.9308943152427673,
    0.8632352948188782,
    0.736129879951477,
    0.8009803891181946,
    0.7259395122528076,
    0.7703827023506165,
    0.8689866662025452,
    0.958033561706543,
    0.9264214038848877
  ],
  "classes": [
    "plane",
    "car",
    "bird",
    "cat",
    "deer",
    "dog",
    "frog",
    "horse",
    "ship",
    "truck"
  ]
}