{
  "name": "model",
  "metrics": {
    "train_loss": [
      1.3976734832606532,
      1.038524534891952,
      0.7973639152266763,
      0.6525846806947481,
      0.5017578773708506,
      0.4572546272115274,
      0.34661763614382257,
      0.2882170184854079,
      0.25303638601590966,
      0.22727768764492462,
      0.1609812069641934,
      0.11766810417810286
    ],
    "train_accuracy": [
      0.4792,
      0.6359777777777778,
      0.7238222222222223,
      0.7721777777777777,
      0.8279555555555556,
      0.8440444444444445,
      0.8815555555555555,
      0.9004888888888889,
      0.9130888888888888,
      0.9194,
      0.9472888888888888,
      0.9606444444444444
    ],
    "val_loss": [
      1.4135487377643585,
      1.0570528954267502,
      0.8774846777319908,
      0.749903766810894,
      0.6395386613905429,
      0.6340985424816609,
      0.5901402436196804,
      0.6039796188473702,
      0.5674634382128716,
      0.6378062382340431,
      0.6224541284143925,
      0.6350232653319836
    ],
    "val_accuracy": [
      0.4766,
      0.6292,
      0.699,
      0.7416,
      0.7814,
      0.787,
      0.8068,
      0.8146,
      0.814,
      0.8116,
      0.8188,
      0.8312
    ]
  },
  "accuracy": 0.8294,
  "confusion": [
    [
      936.0,
      5.0,
      11.0,
      9.0,
      2.0,
      1.0,
      3.0,
      6.0,
      15.0,
      12.0
    ],
    [
      18.0,
      921.0,
      2.0,
      0.0,
      2.0,
      1.0,
      6.0,
      0.0,
      6.0,
      44.0
    ],
    [
      83.0,
      3.0,
      713.0,
      44.0,
      61.0,
      33.0,
      33.0,
      24.0,
      3.0,
      3.0
    ],
    [
      32.0,
      5.0,
      53.0,
      647.0,
      42.0,
      145.0,
      35.0,
      27.0,
      7.0,
      7.0
    ],
    [
      18.0,
      1.0,
      28.0,
      32.0,
      837.0,
      23.0,
      15.0,
      44.0,
      2.0,
      0.0
    ],
    [
      13.0,
      4.0,
      28.0,
      89.0,
      33.0,
      778.0,
      8.0,
      42.0,
      3.0,
      2.0
    ],
    [
      10.0,
      2.0,
      30.0,
      45.0,
      33.0,
      13.0,
      855.0,
      5.0,
      4.0,
      3.0
    ],
    [
      17.0,
      2.0,
      13.0,
      17.0,
      38.0,
      26.0,
      1.0,
      879.0,
      1.0,
      6.0
    ],
    [
      105.0,
      16.0,
      5.0,
      9.0,
      5.0,
      1.0,
      5.0,
      1.0,
      839.0,
      14.0
    ],
    [
      39.0,
      36.0,
      1.0,
      6.0,
      2.0,
      5.0,
      3.0,
      8.0,
      11.0,
      889.0
    ]
  ],
  "classRecall": [
    0.9359999895095825,
    0.9210000038146973,
    0.7129999995231628,
    0.6470000147819519,
    0.8370000123977661,
    0.777999997138977,
    0.8550000190734863,
    0.8790000081062317,
    0.8389999866485596,
    0.8889999985694885
  ],
  "classPrecision": [
    0.7364280223846436,
    0.925628125667572,
    0.8065611124038696,
    0.7204899787902832,
    0.793364942073822,
    0.7582846283912659,
    0.886929452419281,
    0.8484556078910828,
    0.9416385889053345,
    0.9071428775787354
  ],
  "classes": [
    "plane",
    "car",
    "bird",
    "cat",
    "deer",
    "dog",
    "frog",
    "horse",
    "ship",
    "truck"
  ]
}