{
  "name": "model",
  "metrics": {
    "train_loss": [
      1.3492955714464188,
      0.9748293843797662,
      0.7203575456514955,
      0.5904569135640155,
      0.4795315404507247,
      0.43483075029640034,
      0.37001628246666357,
      0.29602338517592713,
      0.24379570119675587,
      0.22267325527288698,
      0.2768360925626687,
      0.17482743009035898
    ],
    "train_accuracy": [
      0.5107555555555555,
      0.6542666666666667,
      0.7478666666666667,
      0.7959777777777778,
      0.8398444444444444,
      0.8511555555555556,
      0.8741333333333333,
      0.8964666666666666,
      0.9179555555555555,
      0.9228444444444445,
      0.9055111111111112,
      0.9403111111111111
    ],
    "val_loss": [
      1.361997476220131,
      1.0110706076025964,
      0.792999216914177,
      0.7048517048358918,
      0.6267051741480827,
      0.6206677600741386,
      0.6111506924033165,
      0.6132584065198898,
      0.5937352485954761,
      0.6703106157481671,
      0.7192856915295124,
      0.7149779185652733
    ],
    "val_accuracy": [
      0.506,
      0.6394,
      0.7158,
      0.7462,
      0.7778,
      0.7798,
      0.7924,
      0.8014,
      0.8138,
      0.8014,
      0.7868,
      0.8078
    ]
  },
  "accuracy": 0.8088,
  "confusion": [
    [
      938.0,
      5.0,
      21.0,
      5.0,
      11.0,
      1.0,
      3.0,
      5.0,
      8.0,
      3.0
    ],
    [
      50.0,
      868.0,
      3.0,
      3.0,
      2.0,
      2.0,
      15.0,
      2.0,
      10.0,
      45.0
    ],
    [
      92.0,
      0.0,
      722.0,
      37.0,
      40.0,
      39.0,
      42.0,
      24.0,
      2.0,
      2.0
    ],
    [
      50.0,
      2.0,
      49.0,
      640.0,
      43.0,
      132.0,
      40.0,
      34.0,
      7.0,
      3.0
    ],
    [
      28.0,
      1.0,
      22.0,
      39.0,
      826.0,
      19.0,
      24.0,
      40.0,
      1.0,
      0.0
    ],
    [
      14.0,
      0.0,
      35.0,
      118.0,
      30.0,
      758.0,
      4.0,
      40.0,
      0.0,
      1.0
    ],
    [
      11.0,
      1.0,
      49.0,
      37.0,
      16.0,
      13.0,
      869.0,
      3.0,
      1.0,
      0.0
    ],
    [
      28.0,
      1.0,
      13.0,
      19.0,
      42.0,
      22.0,
      5.0,
      868.0,
      0.0,
      2.0
    ],
    [
      204.0,
      5.0,
      3.0,
      7.0,
      5.0,
      3.0,
      9.0,
      1.0,
      756.0,
      7.0
    ],
    [
      79.0,
      44.0,
      3.0,
      1.0,
      2.0,
      4.0,
      6.0,
      8.0,
      10.0,
      843.0
    ]
  ],
  "classRecall": [
    0.9380000233650208,
    0.8679999709129333,
    0.722000002861023,
    0.6399999856948853,
    0.8259999752044678,
    0.7580000162124634,
    0.8690000176429749,
    0.8679999709129333,
    0.7559999823570251,
    0.8429999947547913
  ],
  "classPrecision": [
    0.6278446912765503,
    0.9363538026809692,
    0.7847825884819031,
    0.7064017653465271,
    0.8121927380561829,
    0.7633433938026428,
    0.8544739484786987,
    0.8468292951583862,
    0.9509434103965759,
    0.9304635524749756
  ],
  "classes": [
    "plane",
    "car",
    "bird",
    "cat",
    "deer",
    "dog",
    "frog",
    "horse",
    "ship",
    "truck"
  ]
}