{
  "name": "model",
  "metrics": {
    "train_loss": [
      0.14140944746080167,
      0.11213325517543402,
      0.09321890589096958,
      0.07602428097136636,
      0.06464313921161102
    ],
    "train_accuracy": [
      0.9572962962962963,
      0.9663518518518519,
      0.973462962962963,
      0.9786666666666667,
      0.9809444444444444
    ],
    "val_loss": [
      0.15508051486091412,
      0.13194436405567414,
      0.11342796786351407,
      0.09749175782533402,
      0.09641164477835311
    ],
    "val_accuracy": [
      0.954,
      0.9605,
      0.9656666666666667,
      0.9701666666666666,
      0.9713333333333334
    ]
  },
  "accuracy": 0.9737,
  "confusion": [
    [
      973.0,
      0.0,
      1.0,
      0.0,
      0.0,
      1.0,
      1.0,
      2.0,
      2.0,
      0.0
    ],
    [
      0.0,
      1126.0,
      3.0,
      0.0,
      0.0,
      1.0,
      1.0,
      1.0,
      3.0,
      0.0
    ],
    [
      7.0,
      2.0,
      1012.0,
      2.0,
      0.0,
      0.0,
      0.0,
      8.0,
      1.0,
      0.0
    ],
    [
      0.0,
      0.0,
      5.0,
      980.0,
      0.0,
      9.0,
      0.0,
      8.0,
      4.0,
      4.0
    ],
    [
      1.0,
      4.0,
      4.0,
      0.0,
      939.0,
      0.0,
      7.0,
      3.0,
      2.0,
      22.0
    ],
    [
      4.0,
      2.0,
      0.0,
      7.0,
      0.0,
      861.0,
      4.0,
      3.0,
      3.0,
      8.0
    ],
    [
      8.0,
      3.0,
      1.0,
      1.0,
      5.0,
      4.0,
      933.0,
      0.0,
      3.0,
      0.0
    ],
    [
      1.0,
      5.0,
      13.0,
      1.0,
      0.0,
      0.0,
      0.0,
      1005.0,
      1.0,
      2.0
    ],
    [
      7.0,
      0.0,
      6.0,
      3.0,
      3.0,
      2.0,
      2.0,
      6.0,
      941.0,
      4.0
    ],
    [
      5.0,
      5.0,
      1.0,
      5.0,
      6.0,
      1.0,
      0.0,
      16.0,
      3.0,
      967.0
    ]
  ],
  "classRecall": [
    0.9928571581840515,
    0.9920704960823059,
    0.9806201457977295,
    0.9702970385551453,
    0.9562118053436279,
    0.9652466177940369,
    0.9739039540290833,
    0.9776264429092407,
    0.966119110584259,
    0.9583746194839478
  ],
  "classPrecision": [
    0.9671968221664429,
    0.9816913604736328,
    0.9674952030181885,
    0.9809809923171997,
    0.9853095412254333,
    0.979522168636322,
    0.9841772317886353,
    0.9553232192993164,
    0.9771547317504883,
    0.9602780342102051
  ],
  "classes": [
    0,
    1,
    2,
    3,
    4,
    5,
    6,
    7,
    8,
    9
  ]
}