{
  "name": "model",
  "metrics": {
    "train_loss": [
      0.15473617234607162,
      0.11409293673491168,
      0.08384369230074411,
      0.07671863094890287,
      0.0648819564387061
    ],
    "train_accuracy": [
      0.9536666666666667,
      0.9668518518518519,
      0.9750185185185185,
      0.9772407407407407,
      0.9813518518518518
    ],
    "val_loss": [
      0.17037830707874704,
      0.13301466365760944,
      0.10521978559963246,
      0.10131459381986171,
      0.09079544892177936
    ],
    "val_accuracy": [
      0.951,
      0.9623333333333334,
      0.971,
      0.9701666666666666,
      0.973
    ]
  },
  "accuracy": 0.9738,
  "confusion": [
    [
      973.0,
      1.0,
      0.0,
      1.0,
      0.0,
      2.0,
      1.0,
      1.0,
      1.0,
      0.0
    ],
    [
      0.0,
      1124.0,
      3.0,
      2.0,
      0.0,
      1.0,
      3.0,
      0.0,
      2.0,
      0.0
    ],
    [
      10.0,
      0.0,
      1005.0,
      1.0,
      4.0,
      0.0,
      1.0,
      9.0,
      2.0,
      0.0
    ],
    [
      0.0,
      0.0,
      9.0,
      983.0,
      0.0,
      6.0,
      0.0,
      8.0,
      2.0,
      2.0
    ],
    [
      3.0,
      2.0,
      2.0,
      0.0,
      954.0,
      0.0,
      4.0,
      3.0,
      1.0,
      13.0
    ],
    [
      4.0,
      0.0,
      0.0,
      7.0,
      1.0,
      871.0,
      4.0,
      0.0,
      2.0,
      3.0
    ],
    [
      7.0,
      2.0,
      0.0,
      0.0,
      2.0,
      7.0,
      937.0,
      0.0,
      3.0,
      0.0
    ],
    [
      1.0,
      9.0,
      12.0,
      1.0,
      0.0,
      0.0,
      0.0,
      997.0,
      1.0,
      7.0
    ],
    [
      9.0,
      1.0,
      3.0,
      6.0,
      5.0,
      4.0,
      5.0,
      7.0,
      930.0,
      4.0
    ],
    [
      3.0,
      5.0,
      0.0,
      6.0,
      11.0,
      11.0,
      0.0,
      7.0,
      2.0,
      964.0
    ]
  ],
  "classRecall": [
    0.9928571581840515,
    0.9903083443641663,
    0.9738371968269348,
    0.9732673168182373,
    0.9714867472648621,
    0.976457417011261,
    0.9780793190002441,
    0.9698443412780762,
    0.9548254609107971,
    0.9554013609886169
  ],
  "classPrecision": [
    0.9633663296699524,
    0.9825174808502197,
    0.9719535708427429,
    0.976166844367981,
    0.9764585494995117,
    0.965631902217865,
    0.981151819229126,
    0.9660852551460266,
    0.9830867052078247,
    0.9707955718040466
  ],
  "classes": [
    0,
    1,
    2,
    3,
    4,
    5,
    6,
    7,
    8,
    9
  ]
}