{
  "name": "model",
  "metrics": {
    "train_loss": [
      0.15136640353825703,
      0.12309497462417843,
      0.08899370862736027,
      0.06777943642611364,
      0.06238224299103728
    ],
    "train_accuracy": [
      0.9567592592592593,
      0.9630925925925926,
      0.9765185185185186,
      0.9800555555555556,
      0.9828888888888889
    ],
    "val_loss": [
      0.16022107227051513,
      0.13892851714441118,
      0.10321889175696576,
      0.09525727680785225,
      0.08991971883447246
    ],
    "val_accuracy": [
      0.9538333333333333,
      0.961,
      0.9703333333333334,
      0.9736666666666667,
      0.9748333333333333
    ]
  },
  "accuracy": 0.9768,
  "confusion": [
    [
      971.0,
      1.0,
      0.0,
      0.0,
      0.0,
      1.0,
      3.0,
      1.0,
      3.0,
      0.0
    ],
    [
      0.0,
      1124.0,
      1.0,
      4.0,
      0.0,
      0.0,
      1.0,
      3.0,
      2.0,
      0.0
    ],
    [
      3.0,
      1.0,
      1009.0,
      4.0,
      1.0,
      0.0,
      1.0,
      9.0,
      4.0,
      0.0
    ],
    [
      0.0,
      0.0,
      3.0,
      985.0,
      0.0,
      8.0,
      0.0,
      6.0,
      5.0,
      3.0
    ],
    [
      1.0,
      0.0,
      5.0,
      0.0,
      960.0,
      0.0,
      5.0,
      1.0,
      1.0,
      9.0
    ],
    [
      2.0,
      1.0,
      0.0,
      5.0,
      2.0,
      869.0,
      4.0,
      1.0,
      4.0,
      4.0
    ],
    [
      6.0,
      4.0,
      1.0,
      1.0,
      5.0,
      2.0,
      935.0,
      0.0,
      4.0,
      0.0
    ],
    [
      3.0,
      6.0,
      7.0,
      0.0,
      1.0,
      0.0,
      0.0,
      1002.0,
      1.0,
      8.0
    ],
    [
      0.0,
      2.0,
      2.0,
      6.0,
      4.0,
      3.0,
      3.0,
      4.0,
      948.0,
      2.0
    ],
    [
      2.0,
      4.0,
      0.0,
      7.0,
      18.0,
      1.0,
      0.0,
      9.0,
      3.0,
      965.0
    ]
  ],
  "classRecall": [
    0.9908163547515869,
    0.9903083443641663,
    0.9777131676673889,
    0.9752475023269653,
    0.9775967597961426,
    0.9742152690887451,
    0.9759916663169861,
    0.9747081995010376,
    0.9733059406280518,
    0.9563924670219421
  ],
  "classPrecision": [
    0.9827935099601746,
    0.9833770990371704,
    0.981517493724823,
    0.9733201861381531,
    0.9687184691429138,
    0.983031690120697,
    0.9821428656578064,
    0.9671814441680908,
    0.9723076820373535,
    0.9737638831138611
  ],
  "classes": [
    0,
    1,
    2,
    3,
    4,
    5,
    6,
    7,
    8,
    9
  ]
}