{
  "name": "model",
  "metrics": {
    "train_loss": [
      1.2998601960187608,
      0.9203040161254731,
      0.7141246094622395,
      0.5384925112805583,
      0.4859530183232643,
      0.37465402301908896,
      0.3116716060533442,
      0.302509669764814,
      0.2447613932361657,
      0.1998670567250387,
      0.18227923809635369,
      0.14579365470192648
    ],
    "train_accuracy": [
      0.5235333333333333,
      0.6693333333333333,
      0.7577111111111111,
      0.8131555555555555,
      0.8297111111111111,
      0.8802444444444445,
      0.8955777777777778,
      0.8981333333333333,
      0.9168222222222222,
      0.9348,
      0.9369555555555555,
      0.9521111111111111
    ],
    "val_loss": [
      1.3050032913684846,
      0.9510932475328445,
      0.8174408122897148,
      0.6637804999947547,
      0.6593627445399761,
      0.5563610382378101,
      0.5428318239748477,
      0.5696796476840973,
      0.5795224606990814,
      0.5777440652251243,
      0.5825486235320568,
      0.6101089887320995
    ],
    "val_accuracy": [
      0.5162,
      0.6602,
      0.7206,
      0.7668,
      0.7738,
      0.8054,
      0.8188,
      0.8126,
      0.8068,
      0.8172,
      0.8174,
      0.822
    ]
  },
  "accuracy": 0.8153,
  "confusion": [
    [
      864.0,
      12.0,
      52.0,
      21.0,
      5.0,
      10.0,
      6.0,
      13.0,
      11.0,
      6.0
    ],
    [
      12.0,
      934.0,
      4.0,
      10.0,
      2.0,
      5.0,
      2.0,
      3.0,
      8.0,
      20.0
    ],
    [
      39.0,
      3.0,
      709.0,
      68.0,
      53.0,
      34.0,
      62.0,
      25.0,
      6.0,
      1.0
    ],
    [
      15.0,
      1.0,
      33.0,
      738.0,
      34.0,
      92.0,
      50.0,
      30.0,
      3.0,
      4.0
    ],
    [
      9.0,
      1.0,
      41.0,
      77.0,
      786.0,
      24.0,
      25.0,
      35.0,
      2.0,
      0.0
    ],
    [
      6.0,
      0.0,
      28.0,
      150.0,
      30.0,
      742.0,
      14.0,
      28.0,
      1.0,
      1.0
    ],
    [
      6.0,
      1.0,
      19.0,
      59.0,
      17.0,
      12.0,
      874.0,
      5.0,
      4.0,
      3.0
    ],
    [
      10.0,
      0.0,
      19.0,
      39.0,
      46.0,
      21.0,
      2.0,
      858.0,
      2.0,
      3.0
    ],
    [
      98.0,
      25.0,
      12.0,
      16.0,
      4.0,
      5.0,
      6.0,
      6.0,
      821.0,
      7.0
    ],
    [
      33.0,
      85.0,
      2.0,
      20.0,
      2.0,
      5.0,
      4.0,
      10.0,
      12.0,
      827.0
    ]
  ],
  "classRecall": [
    0.8640000224113464,
    0.9340000152587891,
    0.7089999914169312,
    0.7379999756813049,
    0.7860000133514404,
    0.7419999837875366,
    0.8740000128746033,
    0.8579999804496765,
    0.8209999799728394,
    0.8270000219345093
  ],
  "classPrecision": [
    0.791208803653717,
    0.8794726729393005,
    0.771490752696991,
    0.6160266995429993,
    0.8028600811958313,
    0.7810526490211487,
    0.8363636136054993,
    0.8469891548156738,
    0.9436781406402588,
    0.9483944773674011
  ],
  "classes": [
    "plane",
    "car",
    "bird",
    "cat",
    "deer",
    "dog",
    "frog",
    "horse",
    "ship",
    "truck"
  ]
}