{
  "name": "model",
  "metrics": {
    "train_loss": [
      1.3905548172240907,
      0.9828785681589083,
      0.7489159952171824,
      0.6433696027167819,
      0.4907612500881607,
      0.381047185764394,
      0.3445143212394958,
      0.29090732484209264,
      0.23943657563491302,
      0.19477185674689032,
      0.14668773370794952,
      0.14744119282642548
    ],
    "train_accuracy": [
      0.4952888888888889,
      0.6519111111111111,
      0.7413333333333333,
      0.7765111111111112,
      0.8310222222222222,
      0.8690222222222223,
      0.8893111111111112,
      0.9074,
      0.9239555555555555,
      0.9406444444444444,
      0.9489555555555556,
      0.9476222222222223
    ],
    "val_loss": [
      1.4109085470438003,
      1.0247733831405639,
      0.8172323852777481,
      0.7653252452611923,
      0.6504557892680168,
      0.5737505592405796,
      0.5524123519659042,
      0.5638867013156414,
      0.5497710131108761,
      0.5759834207594394,
      0.5947708174586296,
      0.6515157755464316
    ],
    "val_accuracy": [
      0.4866,
      0.6252,
      0.7128,
      0.7346,
      0.7676,
      0.7982,
      0.8078,
      0.808,
      0.8172,
      0.815,
      0.822,
      0.8088
    ]
  },
  "accuracy": 0.8169,
  "confusion": [
    [
      895.0,
      10.0,
      9.0,
      9.0,
      8.0,
      6.0,
      4.0,
      9.0,
      30.0,
      20.0
    ],
    [
      7.0,
      903.0,
      1.0,
      2.0,
      4.0,
      2.0,
      2.0,
      1.0,
      12.0,
      66.0
    ],
    [
      80.0,
      4.0,
      707.0,
      41.0,
      78.0,
      34.0,
      28.0,
      16.0,
      6.0,
      6.0
    ],
    [
      35.0,
      8.0,
      47.0,
      597.0,
      82.0,
      138.0,
      27.0,
      38.0,
      14.0,
      14.0
    ],
    [
      12.0,
      2.0,
      37.0,
      29.0,
      839.0,
      19.0,
      11.0,
      44.0,
      6.0,
      1.0
    ],
    [
      14.0,
      3.0,
      38.0,
      94.0,
      50.0,
      743.0,
      7.0,
      44.0,
      2.0,
      5.0
    ],
    [
      12.0,
      4.0,
      29.0,
      52.0,
      48.0,
      13.0,
      819.0,
      6.0,
      10.0,
      7.0
    ],
    [
      13.0,
      0.0,
      16.0,
      22.0,
      47.0,
      22.0,
      0.0,
      869.0,
      3.0,
      8.0
    ],
    [
      58.0,
      23.0,
      9.0,
      5.0,
      1.0,
      1.0,
      4.0,
      4.0,
      875.0,
      20.0
    ],
    [
      21.0,
      29.0,
      1.0,
      5.0,
      1.0,
      1.0,
      2.0,
      5.0,
      13.0,
      922.0
    ]
  ],
  "classRecall": [
    0.8949999809265137,
    0.902999997138977,
    0.7070000171661377,
    0.597000002861023,
    0.8389999866485596,
    0.7429999709129333,
    0.8190000057220459,
    0.8690000176429749,
    0.875,
    0.921999990940094
  ],
  "classPrecision": [
    0.7802964448928833,
    0.9158214926719666,
    0.790827751159668,
    0.697429895401001,
    0.7245250344276428,
    0.7589377164840698,
    0.9059734344482422,
    0.8388031125068665,
    0.9011328816413879,
    0.862488329410553
  ],
  "classes": [
    "plane",
    "car",
    "bird",
    "cat",
    "deer",
    "dog",
    "frog",
    "horse",
    "ship",
    "truck"
  ]
}