{
  "name": "model",
  "metrics": {
    "train_loss": [
      1.4543580802326852,
      1.0263708818026565,
      0.7396397041156888,
      0.5812847561795603,
      0.493357123976404,
      0.3928942161781544,
      0.334208422255787,
      0.275898353069682,
      0.2511304931884462,
      0.20872787993655287,
      0.1576129240195521,
      0.12517961323134263
    ],
    "train_accuracy": [
      0.4658888888888889,
      0.6277111111111111,
      0.7399111111111111,
      0.8009555555555555,
      0.8284666666666667,
      0.8649111111111111,
      0.8858888888888888,
      0.907,
      0.9144222222222222,
      0.9257777777777778,
      0.9492222222222222,
      0.9577555555555556
    ],
    "val_loss": [
      1.471702766418457,
      1.0701492249965667,
      0.8157857537269593,
      0.6983969986438752,
      0.6374837391078472,
      0.582968644052744,
      0.5718817956745624,
      0.5500753447413445,
      0.5691904127597809,
      0.602169481664896,
      0.5447625674307346,
      0.6341775313019753
    ],
    "val_accuracy": [
      0.4584,
      0.6064,
      0.7056,
      0.7486,
      0.771,
      0.7984,
      0.8044,
      0.808,
      0.808,
      0.8188,
      0.8328,
      0.8206
    ]
  },
  "accuracy": 0.8295,
  "confusion": [
    [
      862.0,
      6.0,
      28.0,
      22.0,
      9.0,
      8.0,
      6.0,
      15.0,
      33.0,
      11.0
    ],
    [
      17.0,
      902.0,
      1.0,
      5.0,
      2.0,
      7.0,
      11.0,
      2.0,
      10.0,
      43.0
    ],
    [
      41.0,
      2.0,
      718.0,
      32.0,
      70.0,
      59.0,
      48.0,
      24.0,
      5.0,
      1.0
    ],
    [
      13.0,
      0.0,
      39.0,
      646.0,
      45.0,
      176.0,
      54.0,
      23.0,
      4.0,
      0.0
    ],
    [
      7.0,
      0.0,
      34.0,
      33.0,
      836.0,
      27.0,
      25.0,
      37.0,
      1.0,
      0.0
    ],
    [
      6.0,
      0.0,
      33.0,
      90.0,
      41.0,
      793.0,
      10.0,
      26.0,
      0.0,
      1.0
    ],
    [
      2.0,
      0.0,
      19.0,
      34.0,
      24.0,
      17.0,
      895.0,
      7.0,
      2.0,
      0.0
    ],
    [
      9.0,
      0.0,
      9.0,
      20.0,
      33.0,
      43.0,
      4.0,
      875.0,
      2.0,
      5.0
    ],
    [
      56.0,
      6.0,
      10.0,
      8.0,
      3.0,
      2.0,
      15.0,
      3.0,
      887.0,
      10.0
    ],
    [
      32.0,
      44.0,
      5.0,
      8.0,
      4.0,
      4.0,
      4.0,
      9.0,
      9.0,
      881.0
    ]
  ],
  "classRecall": [
    0.8619999885559082,
    0.9020000100135803,
    0.7179999947547913,
    0.6460000276565552,
    0.8360000252723694,
    0.7929999828338623,
    0.8949999809265137,
    0.875,
    0.8870000243186951,
    0.8809999823570251
  ],
  "classPrecision": [
    0.8248803615570068,
    0.9395833611488342,
    0.8013392686843872,
    0.7193763852119446,
    0.7835051417350769,
    0.6980633735656738,
    0.8348880410194397,
    0.8570029139518738,
    0.930745005607605,
    0.9254201650619507
  ],
  "classes": [
    "plane",
    "car",
    "bird",
    "cat",
    "deer",
    "dog",
    "frog",
    "horse",
    "ship",
    "truck"
  ]
}