{
  "name": "model",
  "metrics": {
    "train_loss": [
      0.15148932816928598,
      0.10612552812967396,
      0.08375044469831962,
      0.07381034025401584,
      0.06331388397314432
    ],
    "train_accuracy": [
      0.9555555555555556,
      0.9682777777777778,
      0.9754444444444444,
      0.9785,
      0.9816666666666667
    ],
    "val_loss": [
      0.16367601524008082,
      0.1256481615152765,
      0.1069007008633715,
      0.09726841525828585,
      0.09215037714927754
    ],
    "val_accuracy": [
      0.9521666666666667,
      0.9605,
      0.9698333333333333,
      0.9701666666666666,
      0.972
    ]
  },
  "accuracy": 0.9743,
  "confusion": [
    [
      974.0,
      0.0,
      0.0,
      1.0,
      0.0,
      0.0,
      1.0,
      1.0,
      3.0,
      0.0
    ],
    [
      0.0,
      1125.0,
      3.0,
      0.0,
      0.0,
      2.0,
      3.0,
      0.0,
      2.0,
      0.0
    ],
    [
      7.0,
      1.0,
      1006.0,
      3.0,
      1.0,
      0.0,
      2.0,
      8.0,
      3.0,
      1.0
    ],
    [
      0.0,
      0.0,
      7.0,
      984.0,
      0.0,
      5.0,
      0.0,
      4.0,
      4.0,
      6.0
    ],
    [
      3.0,
      1.0,
      2.0,
      0.0,
      951.0,
      0.0,
      4.0,
      3.0,
      4.0,
      14.0
    ],
    [
      4.0,
      0.0,
      0.0,
      4.0,
      1.0,
      875.0,
      4.0,
      1.0,
      3.0,
      0.0
    ],
    [
      10.0,
      3.0,
      0.0,
      0.0,
      5.0,
      6.0,
      931.0,
      0.0,
      3.0,
      0.0
    ],
    [
      2.0,
      6.0,
      12.0,
      2.0,
      0.0,
      0.0,
      0.0,
      993.0,
      2.0,
      11.0
    ],
    [
      8.0,
      3.0,
      3.0,
      5.0,
      4.0,
      3.0,
      2.0,
      3.0,
      937.0,
      6.0
    ],
    [
      8.0,
      3.0,
      0.0,
      3.0,
      12.0,
      5.0,
      0.0,
      9.0,
      2.0,
      967.0
    ]
  ],
  "classRecall": [
    0.9938775300979614,
    0.9911894202232361,
    0.9748061895370483,
    0.9742574095726013,
    0.9684317708015442,
    0.9809417128562927,
    0.9718163013458252,
    0.9659532904624939,
    0.9620122909545898,
    0.9583746194839478
  ],
  "classPrecision": [
    0.9586614370346069,
    0.9851138591766357,
    0.9738625288009644,
    0.9820359349250793,
    0.9763860106468201,
    0.9765625,
    0.9831045269966125,
    0.9716242551803589,
    0.9730010628700256,
    0.9621890783309937
  ],
  "classes": [
    0,
    1,
    2,
    3,
    4,
    5,
    6,
    7,
    8,
    9
  ]
}