{
  "name": "model",
  "metrics": {
    "train_loss": [
      0.15431170278533374,
      0.10648168686124103,
      0.08572631215199969,
      0.07352486875579115,
      0.06098415374190887
    ],
    "train_accuracy": [
      0.9544074074074074,
      0.9684259259259259,
      0.9742777777777778,
      0.9790925925925926,
      0.9827777777777778
    ],
    "val_loss": [
      0.170639749695646,
      0.12046475867007642,
      0.11096917397956899,
      0.09722177212701198,
      0.08348008918952435
    ],
    "val_accuracy": [
      0.9513333333333334,
      0.965,
      0.9693333333333334,
      0.9718333333333333,
      0.9751666666666666
    ]
  },
  "accuracy": 0.9765,
  "confusion": [
    [
      973.0,
      1.0,
      0.0,
      0.0,
      0.0,
      0.0,
      3.0,
      1.0,
      2.0,
      0.0
    ],
    [
      0.0,
      1129.0,
      1.0,
      1.0,
      0.0,
      1.0,
      2.0,
      0.0,
      1.0,
      0.0
    ],
    [
      5.0,
      4.0,
      1004.0,
      2.0,
      1.0,
      1.0,
      3.0,
      8.0,
      4.0,
      0.0
    ],
    [
      0.0,
      0.0,
      6.0,
      981.0,
      0.0,
      11.0,
      0.0,
      7.0,
      3.0,
      2.0
    ],
    [
      2.0,
      0.0,
      3.0,
      0.0,
      959.0,
      0.0,
      6.0,
      3.0,
      2.0,
      7.0
    ],
    [
      3.0,
      1.0,
      0.0,
      3.0,
      1.0,
      873.0,
      5.0,
      0.0,
      5.0,
      1.0
    ],
    [
      6.0,
      2.0,
      0.0,
      0.0,
      1.0,
      5.0,
      943.0,
      0.0,
      1.0,
      0.0
    ],
    [
      2.0,
      7.0,
      8.0,
      3.0,
      1.0,
      0.0,
      0.0,
      1001.0,
      1.0,
      5.0
    ],
    [
      4.0,
      2.0,
      2.0,
      5.0,
      4.0,
      4.0,
      7.0,
      4.0,
      941.0,
      1.0
    ],
    [
      4.0,
      5.0,
      0.0,
      8.0,
      14.0,
      4.0,
      0.0,
      7.0,
      6.0,
      961.0
    ]
  ],
  "classRecall": [
    0.9928571581840515,
    0.9947136640548706,
    0.9728682041168213,
    0.9712871313095093,
    0.976578414440155,
    0.9786995649337769,
    0.9843423962593079,
    0.9737353920936584,
    0.966119110584259,
    0.9524281620979309
  ],
  "classPrecision": [
    0.9739739894866943,
    0.9808861613273621,
    0.98046875,
    0.9780657887458801,
    0.9775739312171936,
    0.9710789918899536,
    0.9731681942939758,
    0.9709020256996155,
    0.9741200804710388,
    0.9836233258247375
  ],
  "classes": [
    0,
    1,
    2,
    3,
    4,
    5,
    6,
    7,
    8,
    9
  ]
}