{
  "name": "model",
  "metrics": {
    "train_loss": [
      1.3139875124801288,
      0.9236625297503038,
      0.6723224979571321,
      0.5733031268993561,
      0.5014392929998311,
      0.43159741620448505,
      0.3533964154141193,
      0.27717495553026145,
      0.23016679119742053,
      0.31820401693270967,
      0.37640874536538665,
      0.5752098956992003
    ],
    "train_accuracy": [
      0.5268222222222222,
      0.6746666666666666,
      0.7638444444444444,
      0.8044666666666667,
      0.8267111111111111,
      0.8568222222222223,
      0.876,
      0.9096,
      0.9248888888888889,
      0.8946,
      0.8790222222222223,
      0.8561777777777778
    ],
    "val_loss": [
      1.337157964706421,
      0.9698850437998772,
      0.744739381968975,
      0.7096742451190948,
      0.6640888825058937,
      0.5934365540742874,
      0.5874418042600155,
      0.5467063605785369,
      0.5561828374862671,
      0.7373253613710403,
      0.8699032753705979,
      1.2284142047166824
    ],
    "val_accuracy": [
      0.5266,
      0.6532,
      0.735,
      0.7508,
      0.7696,
      0.7968,
      0.796,
      0.8188,
      0.8192,
      0.7826,
      0.7632,
      0.7328
    ]
  },
  "accuracy": 0.7351,
  "confusion": [
    [
      988.0,
      5.0,
      0.0,
      3.0,
      0.0,
      0.0,
      1.0,
      1.0,
      1.0,
      1.0
    ],
    [
      94.0,
      879.0,
      0.0,
      1.0,
      1.0,
      1.0,
      2.0,
      0.0,
      6.0,
      16.0
    ],
    [
      341.0,
      2.0,
      510.0,
      37.0,
      31.0,
      44.0,
      22.0,
      10.0,
      3.0,
      0.0
    ],
    [
      131.0,
      1.0,
      39.0,
      616.0,
      29.0,
      120.0,
      41.0,
      12.0,
      5.0,
      6.0
    ],
    [
      124.0,
      0.0,
      40.0,
      34.0,
      720.0,
      34.0,
      21.0,
      25.0,
      2.0,
      0.0
    ],
    [
      46.0,
      2.0,
      23.0,
      109.0,
      19.0,
      773.0,
      6.0,
      18.0,
      3.0,
      1.0
    ],
    [
      63.0,
      6.0,
      35.0,
      33.0,
      21.0,
      12.0,
      821.0,
      3.0,
      5.0,
      1.0
    ],
    [
      145.0,
      1.0,
      11.0,
      16.0,
      19.0,
      24.0,
      0.0,
      782.0,
      1.0,
      1.0
    ],
    [
      348.0,
      15.0,
      2.0,
      4.0,
      0.0,
      2.0,
      1.0,
      0.0,
      625.0,
      3.0
    ],
    [
      294.0,
      57.0,
      2.0,
      1.0,
      0.0,
      4.0,
      0.0,
      2.0,
      3.0,
      637.0
    ]
  ],
  "classRecall": [
    0.9879999756813049,
    0.8790000081062317,
    0.5099999904632568,
    0.6159999966621399,
    0.7200000286102295,
    0.7730000019073486,
    0.8209999799728394,
    0.7820000052452087,
    0.625,
    0.6370000243186951
  ],
  "classPrecision": [
    0.38383838534355164,
    0.9080578684806824,
    0.7703927755355835,
    0.7213114500045776,
    0.8571428656578064,
    0.7623274326324463,
    0.897267758846283,
    0.9167643785476685,
    0.9556574821472168,
    0.9564564824104309
  ],
  "classes": [
    "plane",
    "car",
    "bird",
    "cat",
    "deer",
    "dog",
    "frog",
    "horse",
    "ship",
    "truck"
  ]
}