{
  "name": "model",
  "metrics": {
    "train_loss": [
      0.15515325509753272,
      0.10511224139570059,
      0.09439931817405738,
      0.06689202812416435,
      0.05893538920297089
    ],
    "train_accuracy": [
      0.9534814814814815,
      0.970037037037037,
      0.9732407407407407,
      0.9799444444444444,
      0.9833703703703703
    ],
    "val_loss": [
      0.1648465799207383,
      0.12090025144688626,
      0.11194923694463486,
      0.09598693089123736,
      0.08611774151312544
    ],
    "val_accuracy": [
      0.9513333333333334,
      0.9663333333333334,
      0.966,
      0.9735,
      0.975
    ]
  },
  "accuracy": 0.9762,
  "confusion": [
    [
      971.0,
      1.0,
      0.0,
      0.0,
      0.0,
      1.0,
      4.0,
      1.0,
      2.0,
      0.0
    ],
    [
      0.0,
      1129.0,
      3.0,
      0.0,
      0.0,
      1.0,
      1.0,
      0.0,
      1.0,
      0.0
    ],
    [
      4.0,
      3.0,
      1006.0,
      5.0,
      1.0,
      2.0,
      3.0,
      7.0,
      1.0,
      0.0
    ],
    [
      0.0,
      0.0,
      5.0,
      981.0,
      0.0,
      8.0,
      0.0,
      5.0,
      6.0,
      5.0
    ],
    [
      0.0,
      2.0,
      1.0,
      0.0,
      958.0,
      0.0,
      9.0,
      2.0,
      0.0,
      10.0
    ],
    [
      5.0,
      1.0,
      0.0,
      2.0,
      1.0,
      871.0,
      2.0,
      2.0,
      3.0,
      5.0
    ],
    [
      3.0,
      3.0,
      0.0,
      0.0,
      4.0,
      5.0,
      939.0,
      0.0,
      4.0,
      0.0
    ],
    [
      1.0,
      9.0,
      6.0,
      2.0,
      1.0,
      0.0,
      0.0,
      1002.0,
      1.0,
      6.0
    ],
    [
      3.0,
      0.0,
      3.0,
      6.0,
      4.0,
      4.0,
      4.0,
      6.0,
      941.0,
      3.0
    ],
    [
      4.0,
      7.0,
      0.0,
      5.0,
      14.0,
      3.0,
      1.0,
      6.0,
      5.0,
      964.0
    ]
  ],
  "classRecall": [
    0.9908163547515869,
    0.9947136640548706,
    0.9748061895370483,
    0.9712871313095093,
    0.9755600690841675,
    0.976457417011261,
    0.980167031288147,
    0.9747081995010376,
    0.966119110584259,
    0.9554013609886169
  ],
  "classPrecision": [
    0.9798183441162109,
    0.977489173412323,
    0.982421875,
    0.9800199866294861,
    0.9745676517486572,
    0.97318434715271,
    0.9750778675079346,
    0.9718719720840454,
    0.976141095161438,
    0.9707955718040466
  ],
  "classes": [
    0,
    1,
    2,
    3,
    4,
    5,
    6,
    7,
    8,
    9
  ]
}