{
  "name": "model",
  "metrics": {
    "train_loss": [
      1.3505001982504672,
      0.9702791558070616,
      0.7086443919688463,
      0.5853595107116483,
      0.5136449577456171,
      0.38256033023142,
      0.3620061078108847,
      0.2624663393944502,
      0.21716365942054175,
      0.19459702883085067,
      0.1791451517915861,
      0.13633132498415018
    ],
    "train_accuracy": [
      0.5063111111111112,
      0.6565111111111112,
      0.7563777777777778,
      0.8006444444444445,
      0.8253333333333334,
      0.8698666666666667,
      0.8751111111111111,
      0.9119111111111111,
      0.9251555555555555,
      0.9349777777777778,
      0.9400666666666667,
      0.9529555555555556
    ],
    "val_loss": [
      1.3488683268427848,
      1.014615385234356,
      0.7953270569443702,
      0.7044816568493844,
      0.6380314417183399,
      0.565166188776493,
      0.5819324769079686,
      0.5369563868269325,
      0.5781957387924195,
      0.5622485151514411,
      0.6037528179585934,
      0.6222809895873069
    ],
    "val_accuracy": [
      0.5098,
      0.6428,
      0.72,
      0.7546,
      0.7772,
      0.8024,
      0.8054,
      0.8184,
      0.8324,
      0.8242,
      0.8192,
      0.8298
    ]
  },
  "accuracy": 0.8241,
  "confusion": [
    [
      891.0,
      8.0,
      28.0,
      8.0,
      4.0,
      2.0,
      2.0,
      4.0,
      48.0,
      5.0
    ],
    [
      17.0,
      915.0,
      1.0,
      2.0,
      2.0,
      0.0,
      1.0,
      0.0,
      17.0,
      45.0
    ],
    [
      65.0,
      3.0,
      737.0,
      69.0,
      51.0,
      23.0,
      24.0,
      15.0,
      9.0,
      4.0
    ],
    [
      24.0,
      6.0,
      48.0,
      746.0,
      49.0,
      65.0,
      21.0,
      21.0,
      13.0,
      7.0
    ],
    [
      24.0,
      4.0,
      52.0,
      42.0,
      837.0,
      8.0,
      9.0,
      19.0,
      4.0,
      1.0
    ],
    [
      11.0,
      5.0,
      31.0,
      213.0,
      54.0,
      634.0,
      8.0,
      36.0,
      5.0,
      3.0
    ],
    [
      7.0,
      6.0,
      25.0,
      80.0,
      43.0,
      4.0,
      817.0,
      6.0,
      9.0,
      3.0
    ],
    [
      18.0,
      1.0,
      16.0,
      30.0,
      69.0,
      15.0,
      1.0,
      841.0,
      4.0,
      5.0
    ],
    [
      39.0,
      9.0,
      6.0,
      6.0,
      0.0,
      0.0,
      2.0,
      1.0,
      931.0,
      6.0
    ],
    [
      32.0,
      33.0,
      3.0,
      5.0,
      1.0,
      2.0,
      1.0,
      7.0,
      24.0,
      892.0
    ]
  ],
  "classRecall": [
    0.890999972820282,
    0.9150000214576721,
    0.7369999885559082,
    0.7459999918937683,
    0.8370000123977661,
    0.6340000033378601,
    0.8169999718666077,
    0.8410000205039978,
    0.9309999942779541,
    0.8920000195503235
  ],
  "classPrecision": [
    0.789893627166748,
    0.9242424368858337,
    0.7782471179962158,
    0.6211490631103516,
    0.754054069519043,
    0.8419654965400696,
    0.9221218824386597,
    0.8852631449699402,
    0.875,
    0.9186405539512634
  ],
  "classes": [
    "plane",
    "car",
    "bird",
    "cat",
    "deer",
    "dog",
    "frog",
    "horse",
    "ship",
    "truck"
  ]
}