{
  "name": "model",
  "metrics": {
    "train_loss": [
      0.15493537645380925,
      0.1112393867842394,
      0.09055729689500272,
      0.07723065207368073,
      0.06419642349722755
    ],
    "train_accuracy": [
      0.9536851851851852,
      0.9668333333333333,
      0.9727222222222223,
      0.9775,
      0.980462962962963
    ],
    "val_loss": [
      0.16225292343408504,
      0.13132451530149641,
      0.11033297698707023,
      0.10126665290048782,
      0.0916112835736985
    ],
    "val_accuracy": [
      0.9548333333333333,
      0.9596666666666667,
      0.9673333333333334,
      0.9708333333333333,
      0.9753333333333334
    ]
  },
  "accuracy": 0.9749,
  "confusion": [
    [
      974.0,
      0.0,
      1.0,
      0.0,
      0.0,
      0.0,
      2.0,
      1.0,
      2.0,
      0.0
    ],
    [
      0.0,
      1126.0,
      2.0,
      3.0,
      0.0,
      1.0,
      2.0,
      0.0,
      1.0,
      0.0
    ],
    [
      6.0,
      1.0,
      1004.0,
      4.0,
      3.0,
      0.0,
      2.0,
      10.0,
      2.0,
      0.0
    ],
    [
      0.0,
      0.0,
      5.0,
      990.0,
      0.0,
      6.0,
      0.0,
      6.0,
      3.0,
      0.0
    ],
    [
      1.0,
      0.0,
      3.0,
      0.0,
      969.0,
      0.0,
      5.0,
      1.0,
      1.0,
      2.0
    ],
    [
      5.0,
      0.0,
      0.0,
      5.0,
      1.0,
      868.0,
      6.0,
      1.0,
      4.0,
      2.0
    ],
    [
      7.0,
      2.0,
      0.0,
      0.0,
      4.0,
      4.0,
      936.0,
      0.0,
      5.0,
      0.0
    ],
    [
      2.0,
      8.0,
      8.0,
      2.0,
      2.0,
      0.0,
      0.0,
      1001.0,
      1.0,
      4.0
    ],
    [
      5.0,
      1.0,
      2.0,
      8.0,
      4.0,
      6.0,
      4.0,
      3.0,
      939.0,
      2.0
    ],
    [
      5.0,
      5.0,
      1.0,
      11.0,
      32.0,
      6.0,
      0.0,
      5.0,
      2.0,
      942.0
    ]
  ],
  "classRecall": [
    0.9938775300979614,
    0.9920704960823059,
    0.9728682041168213,
    0.9801980257034302,
    0.9867616891860962,
    0.9730941653251648,
    0.9770354628562927,
    0.9737353920936584,
    0.9640657305717468,
    0.9335976243019104
  ],
  "classPrecision": [
    0.9691542387008667,
    0.9851268529891968,
    0.9785575270652771,
    0.9677419066429138,
    0.9546797871589661,
    0.9741863012313843,
    0.9780564308166504,
    0.9737353920936584,
    0.9781249761581421,
    0.9894958138465881
  ],
  "classes": [
    0,
    1,
    2,
    3,
    4,
    5,
    6,
    7,
    8,
    9
  ]
}