{
  "name": "model",
  "metrics": {
    "train_loss": [
      0.14398003499337,
      0.10327545251979789,
      0.08360683185520683,
      0.06995625469515815,
      0.06458539963298217
    ],
    "train_accuracy": [
      0.9584814814814815,
      0.970462962962963,
      0.9752407407407407,
      0.9793518518518518,
      0.9812222222222222
    ],
    "val_loss": [
      0.152439119571701,
      0.12016906716088031,
      0.10905960483595412,
      0.09329837806364323,
      0.09498680422597743
    ],
    "val_accuracy": [
      0.9563333333333334,
      0.9655,
      0.9685,
      0.9716666666666667,
      0.9731666666666666
    ]
  },
  "accuracy": 0.9742,
  "confusion": [
    [
      972.0,
      0.0,
      0.0,
      1.0,
      0.0,
      1.0,
      0.0,
      2.0,
      4.0,
      0.0
    ],
    [
      0.0,
      1120.0,
      3.0,
      2.0,
      0.0,
      1.0,
      2.0,
      1.0,
      6.0,
      0.0
    ],
    [
      10.0,
      2.0,
      996.0,
      5.0,
      3.0,
      0.0,
      1.0,
      12.0,
      3.0,
      0.0
    ],
    [
      1.0,
      0.0,
      1.0,
      989.0,
      0.0,
      3.0,
      0.0,
      9.0,
      5.0,
      2.0
    ],
    [
      1.0,
      0.0,
      0.0,
      0.0,
      954.0,
      0.0,
      6.0,
      4.0,
      1.0,
      16.0
    ],
    [
      3.0,
      0.0,
      0.0,
      20.0,
      0.0,
      857.0,
      5.0,
      2.0,
      3.0,
      2.0
    ],
    [
      9.0,
      2.0,
      0.0,
      1.0,
      4.0,
      4.0,
      936.0,
      0.0,
      2.0,
      0.0
    ],
    [
      1.0,
      5.0,
      8.0,
      0.0,
      1.0,
      0.0,
      0.0,
      1006.0,
      1.0,
      6.0
    ],
    [
      4.0,
      0.0,
      2.0,
      8.0,
      4.0,
      4.0,
      0.0,
      4.0,
      945.0,
      3.0
    ],
    [
      4.0,
      3.0,
      0.0,
      8.0,
      12.0,
      2.0,
      0.0,
      10.0,
      3.0,
      967.0
    ]
  ],
  "classRecall": [
    0.9918367266654968,
    0.9867841601371765,
    0.9651162624359131,
    0.9792079329490662,
    0.9714867472648621,
    0.9607623219490051,
    0.9770354628562927,
    0.9785992503166199,
    0.9702258706092834,
    0.9583746194839478
  ],
  "classPrecision": [
    0.967164158821106,
    0.9893993139266968,
    0.986138641834259,
    0.9564796686172485,
    0.9754601120948792,
    0.982798159122467,
    0.9852631688117981,
    0.9580952525138855,
    0.971222996711731,
    0.9708835482597351
  ],
  "classes": [
    0,
    1,
    2,
    3,
    4,
    5,
    6,
    7,
    8,
    9
  ]
}