{
  "name": "model",
  "metrics": {
    "train_loss": [
      1.3787706768648191,
      0.9041318322785876,
      0.6946233880113472,
      0.5905236062509093,
      0.46318699284033343,
      0.42349201398478314,
      0.3160115147263489,
      0.27620347343723883,
      0.27362993808293884,
      0.1911308750383217,
      0.15802043684842912,
      0.1269609469983896
    ],
    "train_accuracy": [
      0.49646666666666667,
      0.6810444444444445,
      0.763,
      0.7963111111111111,
      0.8405555555555555,
      0.8544,
      0.8921333333333333,
      0.9074666666666666,
      0.9036444444444445,
      0.9369333333333333,
      0.9467777777777778,
      0.9561777777777778
    ],
    "val_loss": [
      1.3677212685346603,
      0.9522594898939133,
      0.775578536093235,
      0.7117594853043556,
      0.6248081043362618,
      0.5943510677665472,
      0.5497485049068928,
      0.5503804117441178,
      0.6073193982243538,
      0.555782806687057,
      0.5988489542156458,
      0.6123168140649795
    ],
    "val_accuracy": [
      0.4936,
      0.6618,
      0.7306,
      0.7534,
      0.7836,
      0.7944,
      0.8116,
      0.8156,
      0.8012,
      0.8234,
      0.8204,
      0.8312
    ]
  },
  "accuracy": 0.819,
  "confusion": [
    [
      882.0,
      10.0,
      34.0,
      19.0,
      6.0,
      2.0,
      5.0,
      5.0,
      29.0,
      8.0
    ],
    [
      12.0,
      933.0,
      1.0,
      2.0,
      1.0,
      1.0,
      4.0,
      1.0,
      17.0,
      28.0
    ],
    [
      66.0,
      4.0,
      710.0,
      56.0,
      49.0,
      39.0,
      51.0,
      17.0,
      5.0,
      3.0
    ],
    [
      36.0,
      4.0,
      35.0,
      720.0,
      29.0,
      90.0,
      39.0,
      34.0,
      5.0,
      8.0
    ],
    [
      20.0,
      3.0,
      36.0,
      68.0,
      766.0,
      12.0,
      37.0,
      55.0,
      2.0,
      1.0
    ],
    [
      20.0,
      5.0,
      31.0,
      143.0,
      33.0,
      731.0,
      10.0,
      22.0,
      3.0,
      2.0
    ],
    [
      8.0,
      0.0,
      25.0,
      75.0,
      22.0,
      5.0,
      854.0,
      3.0,
      6.0,
      2.0
    ],
    [
      17.0,
      1.0,
      12.0,
      40.0,
      34.0,
      24.0,
      6.0,
      862.0,
      2.0,
      2.0
    ],
    [
      61.0,
      14.0,
      10.0,
      11.0,
      3.0,
      2.0,
      3.0,
      3.0,
      883.0,
      10.0
    ],
    [
      31.0,
      82.0,
      5.0,
      10.0,
      1.0,
      1.0,
      1.0,
      6.0,
      14.0,
      849.0
    ]
  ],
  "classRecall": [
    0.8820000290870667,
    0.9330000281333923,
    0.7099999785423279,
    0.7200000286102295,
    0.765999972820282,
    0.7310000061988831,
    0.8539999723434448,
    0.8619999885559082,
    0.8830000162124634,
    0.8489999771118164
  ],
  "classPrecision": [
    0.7649609446525574,
    0.8835227489471436,
    0.7897664308547974,
    0.6293706297874451,
    0.8114407062530518,
    0.8059536814689636,
    0.8455445766448975,
    0.8551587462425232,
    0.9140786528587341,
    0.9299014210700989
  ],
  "classes": [
    "plane",
    "car",
    "bird",
    "cat",
    "deer",
    "dog",
    "frog",
    "horse",
    "ship",
    "truck"
  ]
}