{
  "name": "model",
  "metrics": {
    "train_loss": [
      1.4129859486764127,
      0.9617823447016153,
      0.738524658436125,
      0.6378402361984957,
      0.48261313258924265,
      0.4019323266957971,
      0.33964806054295466,
      0.25328160102733155,
      0.2595878400077874,
      0.1566238567995077,
      0.1353651883440431,
      0.15194500640923667
    ],
    "train_accuracy": [
      0.48904444444444445,
      0.6581333333333333,
      0.7470444444444444,
      0.7798666666666667,
      0.8333555555555555,
      0.8690444444444444,
      0.8908666666666667,
      0.9188444444444445,
      0.9129333333333334,
      0.9504,
      0.9554666666666667,
      0.9477333333333333
    ],
    "val_loss": [
      1.429195111989975,
      0.9920969560742379,
      0.8255036935210228,
      0.7494955815374851,
      0.6274764120578766,
      0.5919042564928532,
      0.545732494443655,
      0.5304575741291047,
      0.5709931969642639,
      0.5092909409897401,
      0.5690654665231705,
      0.692475339025259
    ],
    "val_accuracy": [
      0.4706,
      0.647,
      0.7102,
      0.7332,
      0.7772,
      0.7982,
      0.8074,
      0.8166,
      0.813,
      0.834,
      0.8268,
      0.8186
    ]
  },
  "accuracy": 0.8198,
  "confusion": [
    [
      916.0,
      2.0,
      21.0,
      19.0,
      4.0,
      3.0,
      3.0,
      7.0,
      9.0,
      16.0
    ],
    [
      22.0,
      896.0,
      1.0,
      7.0,
      2.0,
      6.0,
      9.0,
      2.0,
      8.0,
      47.0
    ],
    [
      76.0,
      1.0,
      672.0,
      48.0,
      56.0,
      66.0,
      59.0,
      17.0,
      2.0,
      3.0
    ],
    [
      16.0,
      2.0,
      42.0,
      710.0,
      34.0,
      132.0,
      42.0,
      14.0,
      2.0,
      6.0
    ],
    [
      24.0,
      1.0,
      25.0,
      49.0,
      797.0,
      23.0,
      28.0,
      51.0,
      1.0,
      1.0
    ],
    [
      6.0,
      0.0,
      21.0,
      121.0,
      32.0,
      788.0,
      10.0,
      19.0,
      1.0,
      2.0
    ],
    [
      5.0,
      0.0,
      20.0,
      51.0,
      25.0,
      15.0,
      880.0,
      3.0,
      0.0,
      1.0
    ],
    [
      12.0,
      0.0,
      12.0,
      38.0,
      37.0,
      39.0,
      7.0,
      852.0,
      0.0,
      3.0
    ],
    [
      148.0,
      10.0,
      9.0,
      12.0,
      5.0,
      3.0,
      11.0,
      0.0,
      780.0,
      22.0
    ],
    [
      29.0,
      34.0,
      4.0,
      6.0,
      2.0,
      3.0,
      3.0,
      6.0,
      6.0,
      907.0
    ]
  ],
  "classRecall": [
    0.9160000085830688,
    0.8960000276565552,
    0.671999990940094,
    0.7099999785423279,
    0.796999990940094,
    0.7879999876022339,
    0.8799999952316284,
    0.8519999980926514,
    0.7799999713897705,
    0.9070000052452087
  ],
  "classPrecision": [
    0.7304624915122986,
    0.9471458792686462,
    0.8125755786895752,
    0.6691800355911255,
    0.8018108606338501,
    0.730983316898346,
    0.8365018963813782,
    0.8774459362030029,
    0.9641532897949219,
    0.8998016119003296
  ],
  "classes": [
    "plane",
    "car",
    "bird",
    "cat",
    "deer",
    "dog",
    "frog",
    "horse",
    "ship",
    "truck"
  ]
}