{
  "name": "model",
  "metrics": {
    "train_loss": [
      0.16741615265466592,
      0.10721968914165882,
      0.09279764207053523,
      0.07155106240724571,
      0.06019430469845143
    ],
    "train_accuracy": [
      0.9547222222222222,
      0.9688333333333333,
      0.9721481481481481,
      0.9801296296296297,
      0.9828703703703704
    ],
    "val_loss": [
      0.1765646552468868,
      0.1244332251396585,
      0.11246209139836595,
      0.09525283560790915,
      0.08447048230532636
    ],
    "val_accuracy": [
      0.951,
      0.9638333333333333,
      0.9676666666666667,
      0.9716666666666667,
      0.9765
    ]
  },
  "accuracy": 0.9756,
  "confusion": [
    [
      976.0,
      0.0,
      0.0,
      1.0,
      0.0,
      0.0,
      1.0,
      1.0,
      1.0,
      0.0
    ],
    [
      0.0,
      1122.0,
      5.0,
      0.0,
      0.0,
      1.0,
      2.0,
      0.0,
      5.0,
      0.0
    ],
    [
      4.0,
      0.0,
      1016.0,
      2.0,
      1.0,
      0.0,
      1.0,
      5.0,
      3.0,
      0.0
    ],
    [
      0.0,
      0.0,
      7.0,
      987.0,
      0.0,
      4.0,
      0.0,
      6.0,
      4.0,
      2.0
    ],
    [
      0.0,
      0.0,
      7.0,
      0.0,
      954.0,
      0.0,
      4.0,
      2.0,
      1.0,
      14.0
    ],
    [
      8.0,
      0.0,
      0.0,
      8.0,
      2.0,
      860.0,
      7.0,
      1.0,
      4.0,
      2.0
    ],
    [
      8.0,
      3.0,
      2.0,
      0.0,
      7.0,
      3.0,
      932.0,
      0.0,
      3.0,
      0.0
    ],
    [
      3.0,
      3.0,
      10.0,
      2.0,
      0.0,
      0.0,
      0.0,
      1000.0,
      1.0,
      9.0
    ],
    [
      8.0,
      0.0,
      4.0,
      5.0,
      3.0,
      3.0,
      3.0,
      4.0,
      941.0,
      3.0
    ],
    [
      3.0,
      4.0,
      1.0,
      9.0,
      12.0,
      0.0,
      1.0,
      8.0,
      3.0,
      968.0
    ]
  ],
  "classRecall": [
    0.9959183931350708,
    0.9885462522506714,
    0.9844961166381836,
    0.9772277474403381,
    0.9714867472648621,
    0.9641255736351013,
    0.9728600978851318,
    0.9727626442909241,
    0.966119110584259,
    0.959365725517273
  ],
  "classPrecision": [
    0.9663366079330444,
    0.9911660552024841,
    0.9657794833183289,
    0.973372757434845,
    0.9744637608528137,
    0.9873708486557007,
    0.980021059513092,
    0.9737098217010498,
    0.9741200804710388,
    0.9699398875236511
  ],
  "classes": [
    0,
    1,
    2,
    3,
    4,
    5,
    6,
    7,
    8,
    9
  ]
}