{
  "name": "model",
  "metrics": {
    "train_loss": [
      0.16066692743044328,
      0.1084721130429286,
      0.08284440998129229,
      0.07139868703472177,
      0.06599133574708378
    ],
    "train_accuracy": [
      0.9564814814814815,
      0.968037037037037,
      0.9755185185185186,
      0.9796296296296296,
      0.9809444444444444
    ],
    "val_loss": [
      0.17512179023407876,
      0.12983364120442817,
      0.10576278478541273,
      0.10477362267990062,
      0.09768300592661538
    ],
    "val_accuracy": [
      0.952,
      0.9618333333333333,
      0.9708333333333333,
      0.9708333333333333,
      0.9738333333333333
    ]
  },
  "accuracy": 0.9716,
  "confusion": [
    [
      972.0,
      1.0,
      0.0,
      0.0,
      0.0,
      1.0,
      2.0,
      1.0,
      3.0,
      0.0
    ],
    [
      0.0,
      1120.0,
      3.0,
      1.0,
      0.0,
      1.0,
      2.0,
      1.0,
      7.0,
      0.0
    ],
    [
      8.0,
      2.0,
      996.0,
      2.0,
      4.0,
      0.0,
      3.0,
      9.0,
      8.0,
      0.0
    ],
    [
      0.0,
      0.0,
      7.0,
      971.0,
      0.0,
      7.0,
      0.0,
      8.0,
      8.0,
      9.0
    ],
    [
      2.0,
      0.0,
      0.0,
      0.0,
      958.0,
      0.0,
      6.0,
      3.0,
      0.0,
      13.0
    ],
    [
      3.0,
      0.0,
      0.0,
      8.0,
      1.0,
      864.0,
      9.0,
      0.0,
      4.0,
      3.0
    ],
    [
      7.0,
      2.0,
      0.0,
      0.0,
      5.0,
      1.0,
      938.0,
      0.0,
      5.0,
      0.0
    ],
    [
      2.0,
      6.0,
      10.0,
      0.0,
      1.0,
      0.0,
      0.0,
      997.0,
      1.0,
      11.0
    ],
    [
      12.0,
      1.0,
      2.0,
      1.0,
      8.0,
      4.0,
      4.0,
      6.0,
      932.0,
      4.0
    ],
    [
      5.0,
      2.0,
      0.0,
      4.0,
      17.0,
      1.0,
      1.0,
      9.0,
      2.0,
      968.0
    ]
  ],
  "classRecall": [
    0.9918367266654968,
    0.9867841601371765,
    0.9651162624359131,
    0.9613861441612244,
    0.9755600690841675,
    0.9686098694801331,
    0.9791231751441956,
    0.9698443412780762,
    0.9568788409233093,
    0.959365725517273
  ],
  "classPrecision": [
    0.9614243507385254,
    0.9876543283462524,
    0.9783890247344971,
    0.9837892651557922,
    0.9637826681137085,
    0.9829351305961609,
    0.9720207452774048,
    0.9642166495323181,
    0.960824728012085,
    0.9603174328804016
  ],
  "classes": [
    0,
    1,
    2,
    3,
    4,
    5,
    6,
    7,
    8,
    9
  ]
}