{
  "name": "model",
  "metrics": {
    "train_loss": [
      1.3451348238370635,
      0.9049439494582739,
      0.7364196298135952,
      0.5813761980018832,
      0.4829801538620483,
      0.4112015904181383,
      0.38350796640257945,
      0.25433798621154646,
      0.2289663579907607,
      0.17464935472658413,
      0.15907562945292078,
      0.16489364542278714
    ],
    "train_accuracy": [
      0.5058222222222222,
      0.6823555555555556,
      0.7412222222222222,
      0.8065777777777777,
      0.8321111111111111,
      0.865,
      0.8619555555555556,
      0.9190444444444444,
      0.9278,
      0.9433333333333334,
      0.9436666666666667,
      0.9427333333333333
    ],
    "val_loss": [
      1.3676696240901947,
      0.9431639656424522,
      0.8129540100693703,
      0.6886723376810551,
      0.6397488668560982,
      0.5795096218585968,
      0.6270349763333798,
      0.5435061246156693,
      0.5215450741350651,
      0.5546340949833393,
      0.5952529370784759,
      0.6335529521107673
    ],
    "val_accuracy": [
      0.4998,
      0.6672,
      0.7162,
      0.765,
      0.7756,
      0.7964,
      0.7788,
      0.8202,
      0.8222,
      0.8236,
      0.818,
      0.8098
    ]
  },
  "accuracy": 0.8209,
  "confusion": [
    [
      895.0,
      7.0,
      23.0,
      13.0,
      2.0,
      1.0,
      5.0,
      7.0,
      29.0,
      18.0
    ],
    [
      16.0,
      884.0,
      2.0,
      3.0,
      2.0,
      0.0,
      3.0,
      0.0,
      6.0,
      84.0
    ],
    [
      61.0,
      1.0,
      724.0,
      45.0,
      72.0,
      14.0,
      51.0,
      20.0,
      6.0,
      6.0
    ],
    [
      33.0,
      6.0,
      33.0,
      715.0,
      65.0,
      39.0,
      60.0,
      29.0,
      7.0,
      13.0
    ],
    [
      10.0,
      2.0,
      30.0,
      29.0,
      852.0,
      10.0,
      18.0,
      46.0,
      1.0,
      2.0
    ],
    [
      10.0,
      5.0,
      44.0,
      205.0,
      41.0,
      612.0,
      26.0,
      48.0,
      3.0,
      6.0
    ],
    [
      7.0,
      9.0,
      27.0,
      25.0,
      29.0,
      5.0,
      881.0,
      4.0,
      5.0,
      8.0
    ],
    [
      13.0,
      1.0,
      16.0,
      31.0,
      30.0,
      20.0,
      4.0,
      879.0,
      1.0,
      5.0
    ],
    [
      66.0,
      25.0,
      10.0,
      5.0,
      3.0,
      0.0,
      5.0,
      2.0,
      856.0,
      28.0
    ],
    [
      18.0,
      37.0,
      4.0,
      4.0,
      3.0,
      1.0,
      2.0,
      5.0,
      15.0,
      911.0
    ]
  ],
  "classRecall": [
    0.8949999809265137,
    0.8840000033378601,
    0.7239999771118164,
    0.7149999737739563,
    0.8519999980926514,
    0.6119999885559082,
    0.8809999823570251,
    0.8790000081062317,
    0.8560000061988831,
    0.9110000133514404
  ],
  "classPrecision": [
    0.7927369475364685,
    0.9048106670379639,
    0.7929901480674744,
    0.6651162505149841,
    0.775250256061554,
    0.8717948794364929,
    0.8350710868835449,
    0.8451923131942749,
    0.9214208722114563,
    0.8427382111549377
  ],
  "classes": [
    "plane",
    "car",
    "bird",
    "cat",
    "deer",
    "dog",
    "frog",
    "horse",
    "ship",
    "truck"
  ]
}