{
  "name": "model",
  "metrics": {
    "train_loss": [
      0.15547304097298198,
      0.11533416369356109,
      0.08414034928764565,
      0.06762782357174073,
      0.06254801365008392
    ],
    "train_accuracy": [
      0.9554814814814815,
      0.9677592592592592,
      0.9757222222222223,
      0.9804444444444445,
      0.9812037037037037
    ],
    "val_loss": [
      0.16362712405463484,
      0.1359181321681814,
      0.10688425477673398,
      0.0939907988810793,
      0.08856325485604874
    ],
    "val_accuracy": [
      0.9546666666666667,
      0.9621666666666666,
      0.969,
      0.974,
      0.9763333333333334
    ]
  },
  "accuracy": 0.9743,
  "confusion": [
    [
      973.0,
      0.0,
      1.0,
      0.0,
      0.0,
      0.0,
      2.0,
      1.0,
      3.0,
      0.0
    ],
    [
      0.0,
      1117.0,
      5.0,
      2.0,
      0.0,
      0.0,
      2.0,
      0.0,
      9.0,
      0.0
    ],
    [
      2.0,
      0.0,
      1013.0,
      3.0,
      1.0,
      0.0,
      1.0,
      6.0,
      6.0,
      0.0
    ],
    [
      0.0,
      0.0,
      9.0,
      988.0,
      0.0,
      3.0,
      0.0,
      6.0,
      3.0,
      1.0
    ],
    [
      3.0,
      0.0,
      4.0,
      0.0,
      948.0,
      0.0,
      5.0,
      3.0,
      6.0,
      13.0
    ],
    [
      5.0,
      0.0,
      0.0,
      12.0,
      1.0,
      860.0,
      5.0,
      1.0,
      6.0,
      2.0
    ],
    [
      7.0,
      3.0,
      1.0,
      0.0,
      4.0,
      3.0,
      935.0,
      0.0,
      5.0,
      0.0
    ],
    [
      0.0,
      2.0,
      14.0,
      1.0,
      1.0,
      0.0,
      0.0,
      999.0,
      3.0,
      8.0
    ],
    [
      5.0,
      0.0,
      2.0,
      10.0,
      4.0,
      4.0,
      1.0,
      4.0,
      941.0,
      3.0
    ],
    [
      4.0,
      5.0,
      1.0,
      9.0,
      10.0,
      4.0,
      0.0,
      4.0,
      3.0,
      969.0
    ]
  ],
  "classRecall": [
    0.9928571581840515,
    0.9841409921646118,
    0.981589138507843,
    0.9782178401947021,
    0.9653767943382263,
    0.9641255736351013,
    0.9759916663169861,
    0.9717898964881897,
    0.966119110584259,
    0.9603567719459534
  ],
  "classPrecision": [
    0.9739739894866943,
    0.9911268949508667,
    0.9647619128227234,
    0.9639024138450623,
    0.9783281683921814,
    0.9839816689491272,
    0.9831755757331848,
    0.9755859375,
    0.955329954624176,
    0.9728915691375732
  ],
  "classes": [
    0,
    1,
    2,
    3,
    4,
    5,
    6,
    7,
    8,
    9
  ]
}