{
  "name": "model",
  "metrics": {
    "train_loss": [
      0.15499588999879585,
      0.10596129941308244,
      0.08751287852012292,
      0.07554605264013624,
      0.06041547303944297
    ],
    "train_accuracy": [
      0.9542777777777778,
      0.9691851851851851,
      0.9746481481481482,
      0.9789074074074074,
      0.9828518518518519
    ],
    "val_loss": [
      0.16361910833957347,
      0.12594186641434404,
      0.11662742971105779,
      0.10283291260612772,
      0.08808928319906935
    ],
    "val_accuracy": [
      0.9515,
      0.964,
      0.9671666666666666,
      0.97,
      0.9751666666666666
    ]
  },
  "accuracy": 0.977,
  "confusion": [
    [
      974.0,
      0.0,
      0.0,
      1.0,
      0.0,
      2.0,
      0.0,
      1.0,
      2.0,
      0.0
    ],
    [
      0.0,
      1123.0,
      4.0,
      0.0,
      0.0,
      1.0,
      2.0,
      0.0,
      5.0,
      0.0
    ],
    [
      4.0,
      3.0,
      1011.0,
      1.0,
      2.0,
      1.0,
      2.0,
      6.0,
      2.0,
      0.0
    ],
    [
      0.0,
      0.0,
      6.0,
      989.0,
      0.0,
      4.0,
      0.0,
      6.0,
      3.0,
      2.0
    ],
    [
      0.0,
      0.0,
      3.0,
      0.0,
      960.0,
      0.0,
      5.0,
      3.0,
      0.0,
      11.0
    ],
    [
      2.0,
      0.0,
      0.0,
      11.0,
      0.0,
      867.0,
      4.0,
      0.0,
      4.0,
      4.0
    ],
    [
      8.0,
      2.0,
      0.0,
      0.0,
      2.0,
      6.0,
      935.0,
      1.0,
      4.0,
      0.0
    ],
    [
      0.0,
      9.0,
      13.0,
      1.0,
      0.0,
      2.0,
      0.0,
      998.0,
      1.0,
      4.0
    ],
    [
      3.0,
      0.0,
      4.0,
      7.0,
      4.0,
      6.0,
      1.0,
      7.0,
      937.0,
      5.0
    ],
    [
      3.0,
      3.0,
      1.0,
      6.0,
      12.0,
      2.0,
      0.0,
      6.0,
      0.0,
      976.0
    ]
  ],
  "classRecall": [
    0.9938775300979614,
    0.9894273281097412,
    0.979651153087616,
    0.9792079329490662,
    0.9775967597961426,
    0.9719731211662292,
    0.9759916663169861,
    0.9708171486854553,
    0.9620122909545898,
    0.9672943353652954
  ],
  "classPrecision": [
    0.9798792600631714,
    0.9850876927375793,
    0.9702495336532593,
    0.9734252095222473,
    0.9795918464660645,
    0.9730639457702637,
    0.9852476119995117,
    0.9708171486854553,
    0.9780793190002441,
    0.9740518927574158
  ],
  "classes": [
    0,
    1,
    2,
    3,
    4,
    5,
    6,
    7,
    8,
    9
  ]
}