{
  "name": "model",
  "metrics": {
    "train_loss": [
      1.3515939570286057,
      0.9300087236545302,
      0.732391360977834,
      0.5747296625578945,
      0.5618986467915502,
      0.4065230604769154,
      0.3878852645443244,
      0.3413384869186716,
      0.24214834755879233,
      0.22030612743798306,
      0.25429970208047464,
      0.16899736758998848
    ],
    "train_accuracy": [
      0.5125333333333333,
      0.6716444444444445,
      0.7425555555555555,
      0.8006222222222222,
      0.8071111111111111,
      0.8631111111111112,
      0.8638,
      0.8805777777777778,
      0.9168444444444445,
      0.9238444444444445,
      0.915,
      0.9413111111111111
    ],
    "val_loss": [
      1.382922288775444,
      0.9716176673769951,
      0.8100401744246483,
      0.6793665170669556,
      0.7069397918879986,
      0.5737175889313221,
      0.6016291063278913,
      0.6367151841521264,
      0.5577343665063381,
      0.6001959547400475,
      0.6989137433469296,
      0.655588535964489
    ],
    "val_accuracy": [
      0.4978,
      0.649,
      0.7116,
      0.7544,
      0.7402,
      0.7924,
      0.7884,
      0.7862,
      0.813,
      0.8048,
      0.7896,
      0.8092
    ]
  },
  "accuracy": 0.8134,
  "confusion": [
    [
      923.0,
      6.0,
      23.0,
      10.0,
      3.0,
      3.0,
      9.0,
      2.0,
      12.0,
      9.0
    ],
    [
      33.0,
      914.0,
      5.0,
      4.0,
      0.0,
      0.0,
      6.0,
      0.0,
      10.0,
      28.0
    ],
    [
      91.0,
      3.0,
      754.0,
      36.0,
      24.0,
      30.0,
      40.0,
      18.0,
      1.0,
      3.0
    ],
    [
      27.0,
      4.0,
      72.0,
      688.0,
      27.0,
      94.0,
      60.0,
      20.0,
      5.0,
      3.0
    ],
    [
      36.0,
      1.0,
      69.0,
      56.0,
      725.0,
      22.0,
      47.0,
      38.0,
      5.0,
      1.0
    ],
    [
      14.0,
      1.0,
      47.0,
      146.0,
      26.0,
      720.0,
      17.0,
      25.0,
      1.0,
      3.0
    ],
    [
      13.0,
      0.0,
      29.0,
      38.0,
      5.0,
      9.0,
      900.0,
      4.0,
      2.0,
      0.0
    ],
    [
      27.0,
      3.0,
      28.0,
      35.0,
      32.0,
      20.0,
      5.0,
      841.0,
      5.0,
      4.0
    ],
    [
      145.0,
      17.0,
      13.0,
      8.0,
      3.0,
      0.0,
      8.0,
      1.0,
      797.0,
      8.0
    ],
    [
      56.0,
      37.0,
      3.0,
      5.0,
      0.0,
      2.0,
      6.0,
      6.0,
      13.0,
      872.0
    ]
  ],
  "classRecall": [
    0.9229999780654907,
    0.9139999747276306,
    0.7540000081062317,
    0.6880000233650208,
    0.7250000238418579,
    0.7200000286102295,
    0.8999999761581421,
    0.8410000205039978,
    0.796999990940094,
    0.871999979019165
  ],
  "classPrecision": [
    0.6761904954910278,
    0.9269776940345764,
    0.7229146957397461,
    0.6705653071403503,
    0.857988178730011,
    0.800000011920929,
    0.8196721076965332,
    0.8806282877922058,
    0.9365452527999878,
    0.9366272687911987
  ],
  "classes": [
    "plane",
    "car",
    "bird",
    "cat",
    "deer",
    "dog",
    "frog",
    "horse",
    "ship",
    "truck"
  ]
}