{
  "name": "model",
  "metrics": {
    "train_loss": [
      0.1498217032030578,
      0.11620829160815167,
      0.08381105016175464,
      0.07628569084382947,
      0.06569803382989496
    ],
    "train_accuracy": [
      0.9565555555555556,
      0.9661666666666666,
      0.9749629629629629,
      0.9777962962962963,
      0.9807592592592592
    ],
    "val_loss": [
      0.1621061084752387,
      0.13520453394727505,
      0.11462155729532242,
      0.10404991992610566,
      0.09507450477239933
    ],
    "val_accuracy": [
      0.9548333333333333,
      0.9598333333333333,
      0.9666666666666667,
      0.9696666666666667,
      0.9718333333333333
    ]
  },
  "accuracy": 0.9737,
  "confusion": [
    [
      972.0,
      0.0,
      0.0,
      1.0,
      0.0,
      2.0,
      2.0,
      1.0,
      2.0,
      0.0
    ],
    [
      0.0,
      1125.0,
      3.0,
      2.0,
      0.0,
      1.0,
      2.0,
      0.0,
      2.0,
      0.0
    ],
    [
      4.0,
      2.0,
      1011.0,
      3.0,
      3.0,
      0.0,
      1.0,
      7.0,
      1.0,
      0.0
    ],
    [
      0.0,
      0.0,
      5.0,
      988.0,
      0.0,
      6.0,
      0.0,
      7.0,
      2.0,
      2.0
    ],
    [
      0.0,
      0.0,
      3.0,
      0.0,
      964.0,
      0.0,
      5.0,
      1.0,
      0.0,
      9.0
    ],
    [
      4.0,
      1.0,
      0.0,
      7.0,
      1.0,
      870.0,
      2.0,
      2.0,
      3.0,
      2.0
    ],
    [
      4.0,
      2.0,
      1.0,
      0.0,
      2.0,
      7.0,
      941.0,
      0.0,
      1.0,
      0.0
    ],
    [
      1.0,
      8.0,
      13.0,
      0.0,
      3.0,
      0.0,
      0.0,
      999.0,
      1.0,
      3.0
    ],
    [
      6.0,
      3.0,
      6.0,
      11.0,
      7.0,
      9.0,
      5.0,
      3.0,
      917.0,
      7.0
    ],
    [
      5.0,
      7.0,
      0.0,
      9.0,
      17.0,
      8.0,
      1.0,
      9.0,
      3.0,
      950.0
    ]
  ],
  "classRecall": [
    0.9918367266654968,
    0.9911894202232361,
    0.979651153087616,
    0.9782178401947021,
    0.981670081615448,
    0.9753363132476807,
    0.982254683971405,
    0.9717898964881897,
    0.941478431224823,
    0.9415262341499329
  ],
  "classPrecision": [
    0.9759036302566528,
    0.9799651503562927,
    0.9702495336532593,
    0.9676787257194519,
    0.9669007062911987,
    0.9634551405906677,
    0.9812304377555847,
    0.9708454608917236,
    0.983905553817749,
    0.9763617515563965
  ],
  "classes": [
    0,
    1,
    2,
    3,
    4,
    5,
    6,
    7,
    8,
    9
  ]
}