{
  "name": "model",
  "metrics": {
    "train_loss": [
      1.3726847425780513,
      0.9086103324185718,
      0.7191176914017309,
      0.6061789822680029,
      0.4799285230480812,
      0.40403092246163974,
      0.33835985845970834,
      0.2327774183358997,
      0.2228094321590933,
      0.1946872418577021,
      0.14560123958455568,
      0.18045956999148158
    ],
    "train_accuracy": [
      0.4988444444444444,
      0.6779111111111111,
      0.7503333333333333,
      0.7980666666666667,
      0.8355555555555556,
      0.8626,
      0.8839555555555556,
      0.9218,
      0.9219333333333334,
      0.9319555555555555,
      0.9466666666666667,
      0.9407777777777778
    ],
    "val_loss": [
      1.3927331447601319,
      0.9456377372145652,
      0.8036998063325882,
      0.7105760887265206,
      0.6443302124738693,
      0.5901562571525574,
      0.5858279772102832,
      0.5182930573821067,
      0.5725962877273559,
      0.6068488866090774,
      0.6061261162161827,
      0.6820452384650707
    ],
    "val_accuracy": [
      0.5052,
      0.6654,
      0.7248,
      0.7502,
      0.7828,
      0.7992,
      0.806,
      0.8242,
      0.815,
      0.8136,
      0.828,
      0.8188
    ]
  },
  "accuracy": 0.8093,
  "confusion": [
    [
      925.0,
      10.0,
      5.0,
      12.0,
      2.0,
      2.0,
      1.0,
      5.0,
      19.0,
      19.0
    ],
    [
      11.0,
      903.0,
      0.0,
      2.0,
      1.0,
      0.0,
      1.0,
      0.0,
      9.0,
      73.0
    ],
    [
      138.0,
      7.0,
      668.0,
      49.0,
      33.0,
      31.0,
      34.0,
      26.0,
      6.0,
      8.0
    ],
    [
      57.0,
      6.0,
      41.0,
      702.0,
      29.0,
      78.0,
      29.0,
      36.0,
      14.0,
      8.0
    ],
    [
      78.0,
      1.0,
      37.0,
      66.0,
      709.0,
      20.0,
      15.0,
      63.0,
      6.0,
      5.0
    ],
    [
      28.0,
      3.0,
      23.0,
      166.0,
      20.0,
      697.0,
      9.0,
      47.0,
      5.0,
      2.0
    ],
    [
      40.0,
      4.0,
      23.0,
      61.0,
      15.0,
      9.0,
      830.0,
      5.0,
      8.0,
      5.0
    ],
    [
      28.0,
      3.0,
      10.0,
      27.0,
      22.0,
      12.0,
      0.0,
      881.0,
      6.0,
      11.0
    ],
    [
      94.0,
      15.0,
      2.0,
      3.0,
      0.0,
      0.0,
      3.0,
      2.0,
      865.0,
      16.0
    ],
    [
      23.0,
      38.0,
      3.0,
      5.0,
      1.0,
      0.0,
      2.0,
      1.0,
      14.0,
      913.0
    ]
  ],
  "classRecall": [
    0.925000011920929,
    0.902999997138977,
    0.6679999828338623,
    0.7020000219345093,
    0.7089999914169312,
    0.6970000267028809,
    0.8299999833106995,
    0.8809999823570251,
    0.8650000095367432,
    0.9129999876022339
  ],
  "classPrecision": [
    0.650492250919342,
    0.9121212363243103,
    0.8226600885391235,
    0.64226895570755,
    0.8521634340286255,
    0.8209658265113831,
    0.8982684016227722,
    0.8264540433883667,
    0.9086134433746338,
    0.8613207340240479
  ],
  "classes": [
    "plane",
    "car",
    "bird",
    "cat",
    "deer",
    "dog",
    "frog",
    "horse",
    "ship",
    "truck"
  ]
}