{
  "name": "model",
  "metrics": {
    "train_loss": [
      0.16248613667466913,
      0.10611475346680571,
      0.0868114688305705,
      0.06862541058396487,
      0.059477655548090334
    ],
    "train_accuracy": [
      0.9518888888888889,
      0.9685370370370371,
      0.9741666666666666,
      0.9800555555555556,
      0.9823703703703703
    ],
    "val_loss": [
      0.17454050306944138,
      0.12699924750213928,
      0.11047144955460061,
      0.09717002011677052,
      0.0866961391603059
    ],
    "val_accuracy": [
      0.9498333333333333,
      0.9615,
      0.9691666666666666,
      0.973,
      0.9751666666666666
    ]
  },
  "accuracy": 0.9768,
  "confusion": [
    [
      970.0,
      0.0,
      0.0,
      1.0,
      1.0,
      1.0,
      1.0,
      1.0,
      3.0,
      2.0
    ],
    [
      0.0,
      1123.0,
      3.0,
      2.0,
      0.0,
      1.0,
      2.0,
      1.0,
      3.0,
      0.0
    ],
    [
      5.0,
      0.0,
      1013.0,
      2.0,
      4.0,
      0.0,
      0.0,
      6.0,
      2.0,
      0.0
    ],
    [
      0.0,
      0.0,
      4.0,
      990.0,
      0.0,
      4.0,
      0.0,
      7.0,
      2.0,
      3.0
    ],
    [
      1.0,
      0.0,
      2.0,
      0.0,
      965.0,
      0.0,
      4.0,
      1.0,
      1.0,
      8.0
    ],
    [
      3.0,
      0.0,
      0.0,
      8.0,
      1.0,
      869.0,
      4.0,
      1.0,
      2.0,
      4.0
    ],
    [
      4.0,
      2.0,
      1.0,
      0.0,
      7.0,
      6.0,
      937.0,
      0.0,
      1.0,
      0.0
    ],
    [
      0.0,
      7.0,
      9.0,
      3.0,
      1.0,
      0.0,
      0.0,
      1004.0,
      1.0,
      3.0
    ],
    [
      5.0,
      0.0,
      4.0,
      7.0,
      6.0,
      6.0,
      5.0,
      3.0,
      933.0,
      5.0
    ],
    [
      1.0,
      3.0,
      0.0,
      6.0,
      19.0,
      2.0,
      1.0,
      10.0,
      3.0,
      964.0
    ]
  ],
  "classRecall": [
    0.9897959232330322,
    0.9894273281097412,
    0.981589138507843,
    0.9801980257034302,
    0.9826883673667908,
    0.9742152690887451,
    0.9780793190002441,
    0.9766536951065063,
    0.9579055309295654,
    0.9554013609886169
  ],
  "classPrecision": [
    0.9807886481285095,
    0.9894273281097412,
    0.9777992367744446,
    0.9715407490730286,
    0.961155354976654,
    0.9775028228759766,
    0.9821802973747253,
    0.9709864854812622,
    0.9810725450515747,
    0.9747219681739807
  ],
  "classes": [
    0,
    1,
    2,
    3,
    4,
    5,
    6,
    7,
    8,
    9
  ]
}