{
  "name": "model",
  "metrics": {
    "train_loss": [
      0.1482468326818816,
      0.10671794595046773,
      0.0891924493977032,
      0.07358537332962545,
      0.0631881659051571
    ],
    "train_accuracy": [
      0.9553518518518519,
      0.9692037037037037,
      0.9740555555555556,
      0.9791666666666666,
      0.9817222222222223
    ],
    "val_loss": [
      0.16067175820786903,
      0.12218802232057491,
      0.1165036677204548,
      0.09507218462989685,
      0.08988710048984974
    ],
    "val_accuracy": [
      0.9518333333333333,
      0.964,
      0.9665,
      0.9736666666666667,
      0.9745
    ]
  },
  "accuracy": 0.9736,
  "confusion": [
    [
      964.0,
      1.0,
      0.0,
      0.0,
      0.0,
      1.0,
      9.0,
      1.0,
      4.0,
      0.0
    ],
    [
      0.0,
      1126.0,
      2.0,
      3.0,
      0.0,
      1.0,
      1.0,
      0.0,
      2.0,
      0.0
    ],
    [
      2.0,
      2.0,
      1003.0,
      8.0,
      1.0,
      0.0,
      3.0,
      9.0,
      4.0,
      0.0
    ],
    [
      0.0,
      0.0,
      3.0,
      990.0,
      0.0,
      5.0,
      0.0,
      7.0,
      2.0,
      3.0
    ],
    [
      0.0,
      2.0,
      4.0,
      0.0,
      945.0,
      0.0,
      10.0,
      1.0,
      3.0,
      17.0
    ],
    [
      2.0,
      0.0,
      0.0,
      6.0,
      2.0,
      870.0,
      6.0,
      0.0,
      4.0,
      2.0
    ],
    [
      3.0,
      3.0,
      0.0,
      0.0,
      3.0,
      6.0,
      940.0,
      0.0,
      3.0,
      0.0
    ],
    [
      2.0,
      9.0,
      10.0,
      1.0,
      1.0,
      0.0,
      0.0,
      996.0,
      2.0,
      7.0
    ],
    [
      1.0,
      2.0,
      2.0,
      11.0,
      3.0,
      6.0,
      2.0,
      4.0,
      940.0,
      3.0
    ],
    [
      2.0,
      6.0,
      0.0,
      10.0,
      8.0,
      4.0,
      2.0,
      8.0,
      7.0,
      962.0
    ]
  ],
  "classRecall": [
    0.9836734533309937,
    0.9920704960823059,
    0.9718992114067078,
    0.9801980257034302,
    0.9623218178749084,
    0.9753363132476807,
    0.9812108278274536,
    0.9688715934753418,
    0.9650924205780029,
    0.9534192085266113
  ],
  "classPrecision": [
    0.9877049326896667,
    0.9782797694206238,
    0.9794921875,
    0.9620991349220276,
    0.9813084006309509,
    0.9742441177368164,
    0.9660843014717102,
    0.9707602262496948,
    0.9680741429328918,
    0.9678068161010742
  ],
  "classes": [
    0,
    1,
    2,
    3,
    4,
    5,
    6,
    7,
    8,
    9
  ]
}