{
  "name": "model",
  "metrics": {
    "train_loss": [
      0.14990112676298448,
      0.10706132886957784,
      0.08421170489500625,
      0.07840457151895522,
      0.06256556351143884
    ],
    "train_accuracy": [
      0.9552222222222222,
      0.9678333333333333,
      0.9755555555555555,
      0.9773888888888889,
      0.9813518518518518
    ],
    "val_loss": [
      0.16251376255395564,
      0.1265939788773973,
      0.10666432310926154,
      0.10369826286555604,
      0.09384229212523774
    ],
    "val_accuracy": [
      0.9528333333333333,
      0.9615,
      0.9681666666666666,
      0.9695,
      0.974
    ]
  },
  "accuracy": 0.9747,
  "confusion": [
    [
      969.0,
      1.0,
      1.0,
      0.0,
      0.0,
      2.0,
      4.0,
      2.0,
      1.0,
      0.0
    ],
    [
      0.0,
      1126.0,
      3.0,
      1.0,
      0.0,
      1.0,
      1.0,
      2.0,
      1.0,
      0.0
    ],
    [
      3.0,
      0.0,
      1013.0,
      5.0,
      2.0,
      0.0,
      4.0,
      4.0,
      1.0,
      0.0
    ],
    [
      0.0,
      0.0,
      7.0,
      987.0,
      0.0,
      3.0,
      0.0,
      7.0,
      5.0,
      1.0
    ],
    [
      1.0,
      0.0,
      2.0,
      0.0,
      961.0,
      0.0,
      8.0,
      2.0,
      1.0,
      7.0
    ],
    [
      2.0,
      0.0,
      0.0,
      11.0,
      0.0,
      861.0,
      9.0,
      3.0,
      5.0,
      1.0
    ],
    [
      6.0,
      3.0,
      0.0,
      0.0,
      2.0,
      3.0,
      944.0,
      0.0,
      0.0,
      0.0
    ],
    [
      1.0,
      7.0,
      14.0,
      2.0,
      1.0,
      0.0,
      0.0,
      997.0,
      2.0,
      4.0
    ],
    [
      4.0,
      2.0,
      5.0,
      4.0,
      3.0,
      3.0,
      8.0,
      4.0,
      939.0,
      2.0
    ],
    [
      4.0,
      5.0,
      0.0,
      9.0,
      18.0,
      3.0,
      2.0,
      11.0,
      7.0,
      950.0
    ]
  ],
  "classRecall": [
    0.9887754917144775,
    0.9920704960823059,
    0.981589138507843,
    0.9772277474403381,
    0.9786150455474854,
    0.9652466177940369,
    0.9853861927986145,
    0.9698443412780762,
    0.9640657305717468,
    0.9415262341499329
  ],
  "classPrecision": [
    0.978787899017334,
    0.9842657446861267,
    0.9693779945373535,
    0.9685966372489929,
    0.9736575484275818,
    0.982876718044281,
    0.9632652997970581,
    0.9660852551460266,
    0.9760915040969849,
    0.984455943107605
  ],
  "classes": [
    0,
    1,
    2,
    3,
    4,
    5,
    6,
    7,
    8,
    9
  ]
}