{
  "name": "model",
  "metrics": {
    "train_loss": [
      0.14913045165627772,
      0.102808175215683,
      0.08262541589450745,
      0.06972007669278937,
      0.059958785763495906
    ],
    "train_accuracy": [
      0.9576111111111111,
      0.9698703703703704,
      0.9752962962962963,
      0.9801296296296297,
      0.982537037037037
    ],
    "val_loss": [
      0.16163581356089166,
      0.11972396836635914,
      0.1099960123525655,
      0.09520298278236643,
      0.0903926170728308
    ],
    "val_accuracy": [
      0.9526666666666667,
      0.9643333333333334,
      0.9678333333333333,
      0.9698333333333333,
      0.9741666666666666
    ]
  },
  "accuracy": 0.9757,
  "confusion": [
    [
      968.0,
      1.0,
      0.0,
      0.0,
      0.0,
      5.0,
      3.0,
      1.0,
      1.0,
      1.0
    ],
    [
      0.0,
      1125.0,
      4.0,
      0.0,
      0.0,
      2.0,
      3.0,
      0.0,
      1.0,
      0.0
    ],
    [
      2.0,
      1.0,
      1017.0,
      1.0,
      1.0,
      1.0,
      0.0,
      8.0,
      1.0,
      0.0
    ],
    [
      1.0,
      0.0,
      9.0,
      981.0,
      0.0,
      2.0,
      0.0,
      7.0,
      6.0,
      4.0
    ],
    [
      1.0,
      0.0,
      5.0,
      0.0,
      961.0,
      0.0,
      5.0,
      3.0,
      0.0,
      7.0
    ],
    [
      2.0,
      0.0,
      0.0,
      8.0,
      1.0,
      869.0,
      3.0,
      1.0,
      4.0,
      4.0
    ],
    [
      5.0,
      2.0,
      0.0,
      0.0,
      4.0,
      5.0,
      938.0,
      0.0,
      4.0,
      0.0
    ],
    [
      1.0,
      6.0,
      13.0,
      2.0,
      1.0,
      1.0,
      0.0,
      995.0,
      2.0,
      7.0
    ],
    [
      7.0,
      1.0,
      6.0,
      5.0,
      5.0,
      8.0,
      5.0,
      2.0,
      925.0,
      10.0
    ],
    [
      2.0,
      4.0,
      1.0,
      4.0,
      12.0,
      2.0,
      0.0,
      6.0,
      0.0,
      978.0
    ]
  ],
  "classRecall": [
    0.9877551198005676,
    0.9911894202232361,
    0.9854651093482971,
    0.9712871313095093,
    0.9786150455474854,
    0.9742152690887451,
    0.9791231751441956,
    0.9678988456726074,
    0.9496920108795166,
    0.969276487827301
  ],
  "classPrecision": [
    0.9787664413452148,
    0.9868420958518982,
    0.963981032371521,
    0.9800199866294861,
    0.9756345152854919,
    0.9709497094154358,
    0.9801462888717651,
    0.9726295471191406,
    0.9798728823661804,
    0.9673590660095215
  ],
  "classes": [
    0,
    1,
    2,
    3,
    4,
    5,
    6,
    7,
    8,
    9
  ]
}