{
  "name": "model",
  "metrics": {
    "train_loss": [
      0.15360875950322897,
      0.12336875349989435,
      0.09166618000486451,
      0.07118544958187577,
      0.06157288669003836
    ],
    "train_accuracy": [
      0.9548703703703704,
      0.9641111111111111,
      0.9738148148148148,
      0.9796111111111111,
      0.9822962962962963
    ],
    "val_loss": [
      0.16393224768182066,
      0.13456324075764797,
      0.10904624788685048,
      0.0983113956023404,
      0.09316134682678162
    ],
    "val_accuracy": [
      0.9526666666666667,
      0.9608333333333333,
      0.968,
      0.9716666666666667,
      0.9745
    ]
  },
  "accuracy": 0.9772,
  "confusion": [
    [
      971.0,
      0.0,
      2.0,
      0.0,
      0.0,
      1.0,
      3.0,
      1.0,
      2.0,
      0.0
    ],
    [
      0.0,
      1124.0,
      1.0,
      1.0,
      0.0,
      2.0,
      3.0,
      2.0,
      2.0,
      0.0
    ],
    [
      4.0,
      0.0,
      1012.0,
      2.0,
      1.0,
      0.0,
      3.0,
      7.0,
      3.0,
      0.0
    ],
    [
      0.0,
      0.0,
      6.0,
      982.0,
      0.0,
      12.0,
      0.0,
      7.0,
      3.0,
      0.0
    ],
    [
      0.0,
      0.0,
      5.0,
      0.0,
      963.0,
      0.0,
      6.0,
      1.0,
      1.0,
      6.0
    ],
    [
      2.0,
      0.0,
      0.0,
      1.0,
      3.0,
      875.0,
      7.0,
      1.0,
      2.0,
      1.0
    ],
    [
      2.0,
      2.0,
      1.0,
      1.0,
      5.0,
      3.0,
      943.0,
      0.0,
      1.0,
      0.0
    ],
    [
      1.0,
      3.0,
      10.0,
      1.0,
      0.0,
      0.0,
      0.0,
      1005.0,
      1.0,
      7.0
    ],
    [
      1.0,
      0.0,
      6.0,
      10.0,
      3.0,
      10.0,
      8.0,
      4.0,
      929.0,
      3.0
    ],
    [
      2.0,
      2.0,
      1.0,
      7.0,
      17.0,
      4.0,
      2.0,
      5.0,
      1.0,
      968.0
    ]
  ],
  "classRecall": [
    0.9908163547515869,
    0.9903083443641663,
    0.9806201457977295,
    0.9722772240638733,
    0.9806517362594604,
    0.9809417128562927,
    0.9843423962593079,
    0.9776264429092407,
    0.953798770904541,
    0.959365725517273
  ],
  "classPrecision": [
    0.9877924919128418,
    0.993810772895813,
    0.969348669052124,
    0.9771144390106201,
    0.9707661271095276,
    0.9647188782691956,
    0.9671794772148132,
    0.9728944897651672,
    0.9830687642097473,
    0.982741117477417
  ],
  "classes": [
    0,
    1,
    2,
    3,
    4,
    5,
    6,
    7,
    8,
    9
  ]
}