{
  "name": "model",
  "metrics": {
    "train_loss": [
      0.15472544515196462,
      0.10092347469931177,
      0.0831318707448117,
      0.07165013258985434,
      0.06242917518691994
    ],
    "train_accuracy": [
      0.9538333333333333,
      0.9705185185185186,
      0.9753703703703703,
      0.9791296296296297,
      0.9815555555555555
    ],
    "val_loss": [
      0.1668969472037985,
      0.11650976063089168,
      0.10965710038200338,
      0.09896338984687278,
      0.08978839416770225
    ],
    "val_accuracy": [
      0.9523333333333334,
      0.9653333333333334,
      0.9661666666666666,
      0.973,
      0.9751666666666666
    ]
  },
  "accuracy": 0.9743,
  "confusion": [
    [
      970.0,
      1.0,
      1.0,
      0.0,
      0.0,
      3.0,
      4.0,
      1.0,
      0.0,
      0.0
    ],
    [
      0.0,
      1130.0,
      2.0,
      0.0,
      0.0,
      1.0,
      1.0,
      0.0,
      1.0,
      0.0
    ],
    [
      2.0,
      1.0,
      1011.0,
      3.0,
      2.0,
      1.0,
      3.0,
      7.0,
      2.0,
      0.0
    ],
    [
      0.0,
      0.0,
      6.0,
      988.0,
      0.0,
      3.0,
      1.0,
      6.0,
      6.0,
      0.0
    ],
    [
      1.0,
      0.0,
      2.0,
      0.0,
      963.0,
      0.0,
      7.0,
      0.0,
      1.0,
      8.0
    ],
    [
      2.0,
      0.0,
      0.0,
      7.0,
      0.0,
      864.0,
      10.0,
      3.0,
      4.0,
      2.0
    ],
    [
      4.0,
      2.0,
      0.0,
      0.0,
      3.0,
      3.0,
      946.0,
      0.0,
      0.0,
      0.0
    ],
    [
      2.0,
      11.0,
      11.0,
      2.0,
      2.0,
      0.0,
      0.0,
      995.0,
      1.0,
      4.0
    ],
    [
      6.0,
      1.0,
      4.0,
      8.0,
      5.0,
      12.0,
      12.0,
      4.0,
      919.0,
      3.0
    ],
    [
      6.0,
      7.0,
      0.0,
      7.0,
      15.0,
      2.0,
      2.0,
      8.0,
      5.0,
      957.0
    ]
  ],
  "classRecall": [
    0.9897959232330322,
    0.9955947399139404,
    0.979651153087616,
    0.9782178401947021,
    0.9806517362594604,
    0.9686098694801331,
    0.9874739050865173,
    0.9678988456726074,
    0.9435318112373352,
    0.9484637975692749
  ],
  "classPrecision": [
    0.9768378734588623,
    0.9800520539283752,
    0.9749276638031006,
    0.9733990430831909,
    0.9727272987365723,
    0.9718785285949707,
    0.959432065486908,
    0.9716796875,
    0.9787007570266724,
    0.9825462102890015
  ],
  "classes": [
    0,
    1,
    2,
    3,
    4,
    5,
    6,
    7,
    8,
    9
  ]
}