{
  "name": "model",
  "metrics": {
    "train_loss": [
      0.1461499686931123,
      0.10794633221304953,
      0.08406783938319622,
      0.072304382881644,
      0.060401657527815816
    ],
    "train_accuracy": [
      0.9572222222222222,
      0.9683703703703703,
      0.9766111111111111,
      0.9786296296296296,
      0.9828703703703704
    ],
    "val_loss": [
      0.16028462762528278,
      0.1222461424767971,
      0.1079931213183606,
      0.09801518213637966,
      0.08853924238776907
    ],
    "val_accuracy": [
      0.954,
      0.9641666666666666,
      0.9696666666666667,
      0.9733333333333334,
      0.9735
    ]
  },
  "accuracy": 0.9751,
  "confusion": [
    [
      970.0,
      0.0,
      0.0,
      0.0,
      0.0,
      2.0,
      2.0,
      2.0,
      1.0,
      3.0
    ],
    [
      0.0,
      1119.0,
      4.0,
      0.0,
      0.0,
      1.0,
      2.0,
      1.0,
      8.0,
      0.0
    ],
    [
      3.0,
      0.0,
      1011.0,
      0.0,
      6.0,
      0.0,
      1.0,
      9.0,
      2.0,
      0.0
    ],
    [
      0.0,
      0.0,
      11.0,
      974.0,
      0.0,
      8.0,
      0.0,
      6.0,
      5.0,
      6.0
    ],
    [
      0.0,
      0.0,
      4.0,
      0.0,
      961.0,
      0.0,
      3.0,
      1.0,
      0.0,
      13.0
    ],
    [
      2.0,
      0.0,
      0.0,
      4.0,
      3.0,
      870.0,
      6.0,
      1.0,
      2.0,
      4.0
    ],
    [
      6.0,
      3.0,
      0.0,
      0.0,
      11.0,
      10.0,
      924.0,
      0.0,
      4.0,
      0.0
    ],
    [
      0.0,
      3.0,
      9.0,
      0.0,
      1.0,
      0.0,
      0.0,
      1001.0,
      3.0,
      11.0
    ],
    [
      5.0,
      0.0,
      3.0,
      5.0,
      7.0,
      4.0,
      2.0,
      3.0,
      941.0,
      4.0
    ],
    [
      2.0,
      2.0,
      0.0,
      3.0,
      10.0,
      2.0,
      0.0,
      7.0,
      3.0,
      980.0
    ]
  ],
  "classRecall": [
    0.9897959232330322,
    0.9859030842781067,
    0.979651153087616,
    0.9643564224243164,
    0.9786150455474854,
    0.9753363132476807,
    0.9645093679428101,
    0.9737353920936584,
    0.966119110584259,
    0.9712586998939514
  ],
  "classPrecision": [
    0.9817813634872437,
    0.9929015040397644,
    0.9702495336532593,
    0.9878296256065369,
    0.9619619846343994,
    0.9698996543884277,
    0.9829787015914917,
    0.9709020256996155,
    0.9711042046546936,
    0.9598432779312134
  ],
  "classes": [
    0,
    1,
    2,
    3,
    4,
    5,
    6,
    7,
    8,
    9
  ]
}