{
  "name": "model",
  "metrics": {
    "train_loss": [
      1.3353894898159937,
      1.0518177600408143,
      0.7276622422716834,
      0.6005753363397989,
      0.49477786232124676,
      0.3903615153817968,
      0.32418041642416606,
      0.31564499166878784,
      0.269860161383721,
      0.2045861666979776,
      0.19025855225680227,
      0.17151875990781595
    ],
    "train_accuracy": [
      0.5184,
      0.6337333333333334,
      0.7533777777777778,
      0.7922444444444444,
      0.8324,
      0.8708888888888889,
      0.8918888888888888,
      0.8915777777777778,
      0.9109333333333334,
      0.9277555555555556,
      0.9350666666666667,
      0.9437111111111111
    ],
    "val_loss": [
      1.3370668023824692,
      1.0897681057453155,
      0.8025948241353035,
      0.7107171557843686,
      0.6414155568927526,
      0.5777689583599568,
      0.5605360396206379,
      0.5942675800994038,
      0.5882625423371792,
      0.6145347446203232,
      0.6936837710440159,
      0.6591534584760665
    ],
    "val_accuracy": [
      0.5168,
      0.624,
      0.7298,
      0.745,
      0.7784,
      0.8038,
      0.8108,
      0.8004,
      0.8056,
      0.821,
      0.814,
      0.8094
    ]
  },
  "accuracy": 0.8161,
  "confusion": [
    [
      940.0,
      6.0,
      4.0,
      13.0,
      6.0,
      3.0,
      4.0,
      6.0,
      8.0,
      10.0
    ],
    [
      29.0,
      915.0,
      2.0,
      5.0,
      1.0,
      2.0,
      3.0,
      1.0,
      8.0,
      34.0
    ],
    [
      131.0,
      3.0,
      618.0,
      62.0,
      33.0,
      65.0,
      48.0,
      24.0,
      3.0,
      13.0
    ],
    [
      35.0,
      3.0,
      23.0,
      718.0,
      27.0,
      118.0,
      30.0,
      26.0,
      5.0,
      15.0
    ],
    [
      20.0,
      1.0,
      33.0,
      60.0,
      740.0,
      35.0,
      36.0,
      68.0,
      2.0,
      5.0
    ],
    [
      11.0,
      4.0,
      14.0,
      126.0,
      13.0,
      782.0,
      6.0,
      39.0,
      1.0,
      4.0
    ],
    [
      21.0,
      2.0,
      12.0,
      41.0,
      10.0,
      19.0,
      875.0,
      10.0,
      5.0,
      5.0
    ],
    [
      20.0,
      3.0,
      5.0,
      38.0,
      21.0,
      36.0,
      2.0,
      865.0,
      0.0,
      10.0
    ],
    [
      124.0,
      17.0,
      5.0,
      4.0,
      3.0,
      5.0,
      4.0,
      2.0,
      813.0,
      23.0
    ],
    [
      43.0,
      40.0,
      2.0,
      8.0,
      0.0,
      2.0,
      3.0,
      3.0,
      4.0,
      895.0
    ]
  ],
  "classRecall": [
    0.9399999976158142,
    0.9150000214576721,
    0.6179999709129333,
    0.7179999947547913,
    0.7400000095367432,
    0.7820000052452087,
    0.875,
    0.8650000095367432,
    0.8130000233650208,
    0.8949999809265137
  ],
  "classPrecision": [
    0.6841338872909546,
    0.9205231666564941,
    0.8607242107391357,
    0.6679069995880127,
    0.8665105104446411,
    0.7328959703445435,
    0.8654797077178955,
    0.8285440802574158,
    0.9575971961021423,
    0.8826429843902588
  ],
  "classes": [
    "plane",
    "car",
    "bird",
    "cat",
    "deer",
    "dog",
    "frog",
    "horse",
    "ship",
    "truck"
  ]
}