{
  "name": "model",
  "metrics": {
    "train_loss": [
      1.4361571649258786,
      0.9775352335788987,
      0.713174099187282,
      0.6021779784086075,
      0.49077315196733584,
      0.41684166833081027,
      0.3295002576725727,
      0.3234457651745867,
      0.23065513668751175,
      0.24410189404575663,
      0.177533285882832,
      0.14216755388770252
    ],
    "train_accuracy": [
      0.4874,
      0.6501111111111111,
      0.7515777777777778,
      0.7967555555555556,
      0.8378666666666666,
      0.857,
      0.8887555555555555,
      0.8893555555555556,
      0.9204,
      0.9130888888888888,
      0.9394222222222223,
      0.9511555555555555
    ],
    "val_loss": [
      1.4272435903549194,
      1.0228336870670318,
      0.8037467107176781,
      0.6910416886210442,
      0.6194603644311428,
      0.619372659176588,
      0.5549991309642792,
      0.6088264293968677,
      0.5767511658370494,
      0.6426574926823377,
      0.585674387216568,
      0.5940313100814819
    ],
    "val_accuracy": [
      0.4884,
      0.6436,
      0.7258,
      0.759,
      0.7858,
      0.793,
      0.813,
      0.8028,
      0.8208,
      0.807,
      0.8236,
      0.8342
    ]
  },
  "accuracy": 0.8201,
  "confusion": [
    [
      921.0,
      4.0,
      13.0,
      11.0,
      8.0,
      5.0,
      4.0,
      1.0,
      20.0,
      13.0
    ],
    [
      23.0,
      863.0,
      3.0,
      7.0,
      1.0,
      2.0,
      3.0,
      0.0,
      12.0,
      86.0
    ],
    [
      102.0,
      0.0,
      692.0,
      36.0,
      46.0,
      59.0,
      44.0,
      12.0,
      4.0,
      5.0
    ],
    [
      28.0,
      1.0,
      36.0,
      657.0,
      30.0,
      183.0,
      32.0,
      17.0,
      12.0,
      4.0
    ],
    [
      24.0,
      1.0,
      40.0,
      47.0,
      785.0,
      46.0,
      29.0,
      25.0,
      2.0,
      1.0
    ],
    [
      9.0,
      1.0,
      19.0,
      104.0,
      17.0,
      828.0,
      10.0,
      8.0,
      4.0,
      0.0
    ],
    [
      8.0,
      1.0,
      32.0,
      41.0,
      14.0,
      24.0,
      874.0,
      2.0,
      3.0,
      1.0
    ],
    [
      28.0,
      0.0,
      6.0,
      27.0,
      46.0,
      100.0,
      4.0,
      784.0,
      1.0,
      4.0
    ],
    [
      63.0,
      9.0,
      3.0,
      6.0,
      0.0,
      5.0,
      7.0,
      1.0,
      891.0,
      15.0
    ],
    [
      40.0,
      23.0,
      1.0,
      9.0,
      1.0,
      3.0,
      2.0,
      1.0,
      14.0,
      906.0
    ]
  ],
  "classRecall": [
    0.9210000038146973,
    0.8629999756813049,
    0.6919999718666077,
    0.6570000052452087,
    0.7850000262260437,
    0.828000009059906,
    0.8740000128746033,
    0.7839999794960022,
    0.890999972820282,
    0.906000018119812
  ],
  "classPrecision": [
    0.7391653060913086,
    0.9557031989097595,
    0.8189349174499512,
    0.6952381134033203,
    0.8280590772628784,
    0.6597609519958496,
    0.8662041425704956,
    0.9212691187858582,
    0.9252336621284485,
    0.8753623366355896
  ],
  "classes": [
    "plane",
    "car",
    "bird",
    "cat",
    "deer",
    "dog",
    "frog",
    "horse",
    "ship",
    "truck"
  ]
}