{
  "name": "model",
  "metrics": {
    "train_loss": [
      1.395839837803082,
      1.0010183787142688,
      0.7924623328515075,
      0.5737791406837377,
      0.48225218591026286,
      0.40571064451201394,
      0.3371183001436293,
      0.27233920246362686,
      0.2464634096249938,
      0.19786755787208676,
      0.15033687168562954,
      0.17066154044798829
    ],
    "train_accuracy": [
      0.4862,
      0.65,
      0.7349333333333333,
      0.8041555555555555,
      0.8378666666666666,
      0.8634,
      0.8823777777777778,
      0.9069555555555555,
      0.9236666666666666,
      0.9327555555555556,
      0.9494666666666667,
      0.9384444444444444
    ],
    "val_loss": [
      1.393297466635704,
      1.026866653561592,
      0.8549365133047104,
      0.6814182519912719,
      0.6240654900670052,
      0.5990740157663822,
      0.6109509356319904,
      0.5784515924751759,
      0.5723933413624763,
      0.5753756992518901,
      0.5718831360340119,
      0.7287370197474956
    ],
    "val_accuracy": [
      0.4742,
      0.636,
      0.7024,
      0.7546,
      0.779,
      0.7918,
      0.7994,
      0.822,
      0.8112,
      0.8138,
      0.821,
      0.8098
    ]
  },
  "accuracy": 0.8045,
  "confusion": [
    [
      936.0,
      2.0,
      13.0,
      9.0,
      5.0,
      4.0,
      6.0,
      7.0,
      15.0,
      3.0
    ],
    [
      26.0,
      902.0,
      1.0,
      5.0,
      2.0,
      7.0,
      3.0,
      1.0,
      14.0,
      39.0
    ],
    [
      107.0,
      1.0,
      629.0,
      49.0,
      55.0,
      86.0,
      46.0,
      21.0,
      3.0,
      3.0
    ],
    [
      68.0,
      0.0,
      27.0,
      614.0,
      37.0,
      196.0,
      27.0,
      24.0,
      4.0,
      3.0
    ],
    [
      33.0,
      0.0,
      25.0,
      50.0,
      797.0,
      33.0,
      26.0,
      35.0,
      1.0,
      0.0
    ],
    [
      24.0,
      0.0,
      19.0,
      87.0,
      25.0,
      827.0,
      5.0,
      12.0,
      1.0,
      0.0
    ],
    [
      18.0,
      0.0,
      25.0,
      56.0,
      26.0,
      29.0,
      839.0,
      2.0,
      5.0,
      0.0
    ],
    [
      17.0,
      0.0,
      10.0,
      24.0,
      38.0,
      66.0,
      6.0,
      836.0,
      0.0,
      3.0
    ],
    [
      130.0,
      6.0,
      4.0,
      10.0,
      4.0,
      6.0,
      6.0,
      2.0,
      823.0,
      9.0
    ],
    [
      71.0,
      46.0,
      2.0,
      6.0,
      2.0,
      5.0,
      6.0,
      10.0,
      10.0,
      842.0
    ]
  ],
  "classRecall": [
    0.9359999895095825,
    0.9020000100135803,
    0.6290000081062317,
    0.6140000224113464,
    0.796999990940094,
    0.8270000219345093,
    0.8389999866485596,
    0.8360000252723694,
    0.8230000138282776,
    0.8420000076293945
  ],
  "classPrecision": [
    0.6545454263687134,
    0.9425287246704102,
    0.8331125974655151,
    0.6747252941131592,
    0.8042381405830383,
    0.6568705439567566,
    0.8649484515190125,
    0.8799999952316284,
    0.939497709274292,
    0.9334811568260193
  ],
  "classes": [
    "plane",
    "car",
    "bird",
    "cat",
    "deer",
    "dog",
    "frog",
    "horse",
    "ship",
    "truck"
  ]
}