{
  "name": "model",
  "metrics": {
    "train_loss": [
      1.4115793352777308,
      0.9542023654688488,
      0.7733257489109581,
      0.568087519146502,
      0.4935384394431656,
      0.4119436831890859,
      0.3359496038491753,
      0.2682001806202937,
      0.2476074968634004,
      0.28966935398057103,
      0.2682181442452764,
      0.1656199010956863
    ],
    "train_accuracy": [
      0.4822666666666667,
      0.6602,
      0.7294666666666667,
      0.8046,
      0.8359111111111112,
      0.8618,
      0.8835111111111111,
      0.9098222222222222,
      0.9185111111111111,
      0.9019333333333334,
      0.9152666666666667,
      0.9436888888888889
    ],
    "val_loss": [
      1.407180318236351,
      0.9918649002909661,
      0.8733714193105697,
      0.6900839120149612,
      0.6354434624314308,
      0.5935387559235096,
      0.5696200743317604,
      0.5677788041532039,
      0.5590412065386772,
      0.7210181869566441,
      0.7741521961987019,
      0.7306412570178509
    ],
    "val_accuracy": [
      0.4788,
      0.6442,
      0.6946,
      0.7588,
      0.7788,
      0.8034,
      0.8074,
      0.813,
      0.8124,
      0.7902,
      0.7938,
      0.8086
    ]
  },
  "accuracy": 0.8095,
  "confusion": [
    [
      950.0,
      11.0,
      5.0,
      4.0,
      10.0,
      2.0,
      2.0,
      3.0,
      7.0,
      6.0
    ],
    [
      17.0,
      942.0,
      3.0,
      4.0,
      2.0,
      1.0,
      1.0,
      0.0,
      4.0,
      26.0
    ],
    [
      111.0,
      2.0,
      670.0,
      47.0,
      73.0,
      26.0,
      50.0,
      15.0,
      3.0,
      3.0
    ],
    [
      45.0,
      2.0,
      48.0,
      662.0,
      55.0,
      103.0,
      59.0,
      17.0,
      4.0,
      5.0
    ],
    [
      23.0,
      1.0,
      25.0,
      42.0,
      835.0,
      16.0,
      34.0,
      19.0,
      3.0,
      2.0
    ],
    [
      17.0,
      3.0,
      36.0,
      134.0,
      37.0,
      718.0,
      26.0,
      27.0,
      1.0,
      1.0
    ],
    [
      13.0,
      1.0,
      21.0,
      41.0,
      18.0,
      6.0,
      892.0,
      2.0,
      3.0,
      3.0
    ],
    [
      34.0,
      0.0,
      14.0,
      30.0,
      64.0,
      31.0,
      5.0,
      812.0,
      3.0,
      7.0
    ],
    [
      148.0,
      44.0,
      8.0,
      13.0,
      4.0,
      1.0,
      4.0,
      2.0,
      765.0,
      11.0
    ],
    [
      63.0,
      71.0,
      2.0,
      4.0,
      0.0,
      3.0,
      5.0,
      0.0,
      3.0,
      849.0
    ]
  ],
  "classRecall": [
    0.949999988079071,
    0.9419999718666077,
    0.6700000166893005,
    0.6620000004768372,
    0.8349999785423279,
    0.7179999947547913,
    0.8920000195503235,
    0.8119999766349792,
    0.7649999856948853,
    0.8489999771118164
  ],
  "classPrecision": [
    0.66854327917099,
    0.8746517896652222,
    0.8052884340286255,
    0.6748216152191162,
    0.7604736089706421,
    0.7916207313537598,
    0.8274582624435425,
    0.9052397012710571,
    0.9610552787780762,
    0.9299014210700989
  ],
  "classes": [
    "plane",
    "car",
    "bird",
    "cat",
    "deer",
    "dog",
    "frog",
    "horse",
    "ship",
    "truck"
  ]
}