{
  "name": "model",
  "metrics": {
    "train_loss": [
      0.15245752014502248,
      0.10880878176187028,
      0.08603708590800163,
      0.06749673735270921,
      0.06653344099105322
    ],
    "train_accuracy": [
      0.9551296296296297,
      0.9692037037037037,
      0.9752037037037037,
      0.9803518518518518,
      0.9809444444444444
    ],
    "val_loss": [
      0.16938464787412197,
      0.13007568092422284,
      0.10596546855695704,
      0.09766114285176104,
      0.09115652779632426
    ],
    "val_accuracy": [
      0.9501666666666667,
      0.9631666666666666,
      0.9706666666666667,
      0.9736666666666667,
      0.9748333333333333
    ]
  },
  "accuracy": 0.9736,
  "confusion": [
    [
      972.0,
      0.0,
      0.0,
      0.0,
      0.0,
      2.0,
      1.0,
      1.0,
      3.0,
      1.0
    ],
    [
      0.0,
      1128.0,
      1.0,
      1.0,
      0.0,
      2.0,
      2.0,
      0.0,
      1.0,
      0.0
    ],
    [
      5.0,
      5.0,
      1003.0,
      3.0,
      5.0,
      0.0,
      3.0,
      6.0,
      2.0,
      0.0
    ],
    [
      0.0,
      2.0,
      7.0,
      977.0,
      0.0,
      13.0,
      0.0,
      5.0,
      5.0,
      1.0
    ],
    [
      0.0,
      0.0,
      4.0,
      0.0,
      968.0,
      0.0,
      5.0,
      2.0,
      2.0,
      1.0
    ],
    [
      3.0,
      1.0,
      0.0,
      2.0,
      1.0,
      877.0,
      4.0,
      0.0,
      2.0,
      2.0
    ],
    [
      6.0,
      3.0,
      0.0,
      0.0,
      6.0,
      5.0,
      937.0,
      0.0,
      1.0,
      0.0
    ],
    [
      1.0,
      10.0,
      12.0,
      2.0,
      1.0,
      0.0,
      0.0,
      993.0,
      2.0,
      7.0
    ],
    [
      6.0,
      3.0,
      3.0,
      1.0,
      4.0,
      8.0,
      6.0,
      3.0,
      935.0,
      5.0
    ],
    [
      4.0,
      8.0,
      0.0,
      8.0,
      27.0,
      6.0,
      0.0,
      6.0,
      4.0,
      946.0
    ]
  ],
  "classRecall": [
    0.9918367266654968,
    0.9938325881958008,
    0.9718992114067078,
    0.9673267602920532,
    0.9857434034347534,
    0.9831838607788086,
    0.9780793190002441,
    0.9659532904624939,
    0.9599589109420776,
    0.9375619292259216
  ],
  "classPrecision": [
    0.9749248027801514,
    0.9724137783050537,
    0.9737864136695862,
    0.9828974008560181,
    0.95652174949646,
    0.9605695605278015,
    0.9780793190002441,
    0.9773622155189514,
    0.977011501789093,
    0.9823468327522278
  ],
  "classes": [
    0,
    1,
    2,
    3,
    4,
    5,
    6,
    7,
    8,
    9
  ]
}