{
  "name": "model",
  "metrics": {
    "train_loss": [
      1.3372701731595127,
      1.045877330513163,
      0.7629308817400173,
      0.6303304951129989,
      0.4897476438094269,
      0.40411706709048967,
      0.3521637922914868,
      0.258007602004165,
      0.21453917801210826,
      0.22484199916520578,
      0.1807955703909763,
      0.1425511246938682
    ],
    "train_accuracy": [
      0.51,
      0.6265555555555555,
      0.7334444444444445,
      0.7869777777777778,
      0.8324888888888888,
      0.8601111111111112,
      0.8840444444444444,
      0.9154666666666667,
      0.9257777777777778,
      0.9217777777777778,
      0.9348666666666666,
      0.9516222222222223
    ],
    "val_loss": [
      1.341989728808403,
      1.1000921681523324,
      0.8364523857831955,
      0.7327706292271614,
      0.6491541974246502,
      0.5984500773251057,
      0.574645658582449,
      0.5619304917752743,
      0.6044252440333366,
      0.6188400657847524,
      0.6311186358332634,
      0.759641882777214
    ],
    "val_accuracy": [
      0.5142,
      0.6124,
      0.711,
      0.7442,
      0.7736,
      0.7946,
      0.8062,
      0.8112,
      0.8158,
      0.8112,
      0.8228,
      0.8108
    ]
  },
  "accuracy": 0.8131,
  "confusion": [
    [
      924.0,
      20.0,
      8.0,
      6.0,
      4.0,
      1.0,
      2.0,
      4.0,
      20.0,
      11.0
    ],
    [
      14.0,
      948.0,
      0.0,
      3.0,
      2.0,
      3.0,
      0.0,
      0.0,
      4.0,
      26.0
    ],
    [
      124.0,
      11.0,
      718.0,
      21.0,
      44.0,
      25.0,
      34.0,
      15.0,
      3.0,
      5.0
    ],
    [
      61.0,
      14.0,
      55.0,
      611.0,
      46.0,
      110.0,
      50.0,
      35.0,
      10.0,
      8.0
    ],
    [
      39.0,
      7.0,
      47.0,
      26.0,
      799.0,
      17.0,
      19.0,
      43.0,
      1.0,
      2.0
    ],
    [
      18.0,
      11.0,
      44.0,
      99.0,
      34.0,
      735.0,
      11.0,
      39.0,
      2.0,
      7.0
    ],
    [
      17.0,
      6.0,
      41.0,
      32.0,
      20.0,
      10.0,
      859.0,
      4.0,
      9.0,
      2.0
    ],
    [
      30.0,
      11.0,
      19.0,
      10.0,
      42.0,
      26.0,
      0.0,
      855.0,
      1.0,
      6.0
    ],
    [
      101.0,
      30.0,
      6.0,
      3.0,
      1.0,
      1.0,
      3.0,
      2.0,
      835.0,
      18.0
    ],
    [
      37.0,
      96.0,
      2.0,
      3.0,
      1.0,
      1.0,
      3.0,
      2.0,
      8.0,
      847.0
    ]
  ],
  "classRecall": [
    0.9240000247955322,
    0.9480000138282776,
    0.7179999947547913,
    0.6110000014305115,
    0.7990000247955322,
    0.7350000143051147,
    0.859000027179718,
    0.8550000190734863,
    0.8349999785423279,
    0.847000002861023
  ],
  "classPrecision": [
    0.6769230961799622,
    0.821490466594696,
    0.76382976770401,
    0.7506142258644104,
    0.8046324253082275,
    0.7911732792854309,
    0.8756371140480042,
    0.8558558821678162,
    0.935050368309021,
    0.9087982773780823
  ],
  "classes": [
    "plane",
    "car",
    "bird",
    "cat",
    "deer",
    "dog",
    "frog",
    "horse",
    "ship",
    "truck"
  ]
}