{
  "name": "model",
  "metrics": {
    "train_loss": [
      0.14458327020973108,
      0.10866842622387607,
      0.08996241546778883,
      0.0790258871294311,
      0.0626556400189803
    ],
    "train_accuracy": [
      0.9574074074074074,
      0.9684074074074074,
      0.9740555555555556,
      0.9780555555555556,
      0.9817592592592592
    ],
    "val_loss": [
      0.1547247696113079,
      0.12724740882503224,
      0.10692320248865067,
      0.11093012695299818,
      0.08967685810428985
    ],
    "val_accuracy": [
      0.9545,
      0.9601666666666666,
      0.9678333333333333,
      0.9686666666666667,
      0.9741666666666666
    ]
  },
  "accuracy": 0.9743,
  "confusion": [
    [
      975.0,
      1.0,
      1.0,
      0.0,
      0.0,
      0.0,
      0.0,
      1.0,
      2.0,
      0.0
    ],
    [
      0.0,
      1119.0,
      4.0,
      1.0,
      1.0,
      2.0,
      2.0,
      1.0,
      3.0,
      2.0
    ],
    [
      5.0,
      0.0,
      1007.0,
      0.0,
      3.0,
      0.0,
      1.0,
      8.0,
      8.0,
      0.0
    ],
    [
      0.0,
      0.0,
      9.0,
      976.0,
      0.0,
      7.0,
      0.0,
      6.0,
      4.0,
      8.0
    ],
    [
      1.0,
      0.0,
      2.0,
      0.0,
      955.0,
      0.0,
      5.0,
      0.0,
      1.0,
      18.0
    ],
    [
      3.0,
      0.0,
      0.0,
      7.0,
      0.0,
      868.0,
      7.0,
      0.0,
      3.0,
      4.0
    ],
    [
      8.0,
      3.0,
      0.0,
      0.0,
      5.0,
      5.0,
      933.0,
      0.0,
      4.0,
      0.0
    ],
    [
      3.0,
      5.0,
      12.0,
      2.0,
      1.0,
      0.0,
      0.0,
      988.0,
      2.0,
      15.0
    ],
    [
      4.0,
      2.0,
      1.0,
      7.0,
      4.0,
      4.0,
      2.0,
      3.0,
      939.0,
      8.0
    ],
    [
      4.0,
      1.0,
      0.0,
      3.0,
      7.0,
      2.0,
      0.0,
      5.0,
      4.0,
      983.0
    ]
  ],
  "classRecall": [
    0.9948979616165161,
    0.9859030842781067,
    0.9757751822471619,
    0.9663366079330444,
    0.9725050926208496,
    0.9730941653251648,
    0.9739039540290833,
    0.9610894918441772,
    0.9640657305717468,
    0.9742318987846375
  ],
  "classPrecision": [
    0.9720837473869324,
    0.9893898963928223,
    0.9720077514648438,
    0.9799196720123291,
    0.9784836173057556,
    0.977477490901947,
    0.9821052551269531,
    0.9762845635414124,
    0.9680412411689758,
    0.9470134973526001
  ],
  "classes": [
    0,
    1,
    2,
    3,
    4,
    5,
    6,
    7,
    8,
    9
  ]
}