{
  "name": "model",
  "metrics": {
    "train_loss": [
      1.3568771596659313,
      0.9019671890207313,
      0.754815296354619,
      0.567574997940524,
      0.5152148481627757,
      0.405361871404404,
      0.3316314054907046,
      0.28526857516474347,
      0.2567290482534604,
      0.1987013574054634,
      0.21513893656347963,
      0.45511157967319543
    ],
    "train_accuracy": [
      0.5034,
      0.6810222222222222,
      0.7425333333333334,
      0.8082666666666667,
      0.8221111111111111,
      0.864,
      0.8852888888888889,
      0.9046,
      0.9136222222222222,
      0.9316666666666666,
      0.9260444444444444,
      0.8829111111111111
    ],
    "val_loss": [
      1.3736347615718842,
      0.9501804128289223,
      0.8283531531691551,
      0.6811763286590576,
      0.6613778695464134,
      0.6119421675801278,
      0.6026313148438931,
      0.5874248974025249,
      0.582151485979557,
      0.5850192919373512,
      0.710240350663662,
      1.0482836306095122
    ],
    "val_accuracy": [
      0.4896,
      0.6564,
      0.7028,
      0.7558,
      0.767,
      0.7884,
      0.7958,
      0.798,
      0.8082,
      0.8154,
      0.7988,
      0.7556
    ]
  },
  "accuracy": 0.7593,
  "confusion": [
    [
      979.0,
      2.0,
      1.0,
      2.0,
      4.0,
      0.0,
      1.0,
      4.0,
      6.0,
      1.0
    ],
    [
      104.0,
      850.0,
      0.0,
      3.0,
      1.0,
      1.0,
      3.0,
      0.0,
      9.0,
      29.0
    ],
    [
      223.0,
      1.0,
      627.0,
      33.0,
      49.0,
      25.0,
      19.0,
      18.0,
      2.0,
      3.0
    ],
    [
      126.0,
      3.0,
      39.0,
      618.0,
      45.0,
      87.0,
      31.0,
      39.0,
      10.0,
      2.0
    ],
    [
      75.0,
      2.0,
      36.0,
      34.0,
      774.0,
      24.0,
      12.0,
      41.0,
      1.0,
      1.0
    ],
    [
      41.0,
      1.0,
      39.0,
      131.0,
      21.0,
      705.0,
      5.0,
      55.0,
      2.0,
      0.0
    ],
    [
      54.0,
      2.0,
      35.0,
      43.0,
      36.0,
      17.0,
      799.0,
      7.0,
      5.0,
      2.0
    ],
    [
      60.0,
      0.0,
      10.0,
      28.0,
      29.0,
      16.0,
      0.0,
      856.0,
      0.0,
      1.0
    ],
    [
      336.0,
      8.0,
      0.0,
      4.0,
      1.0,
      0.0,
      2.0,
      1.0,
      642.0,
      6.0
    ],
    [
      180.0,
      48.0,
      2.0,
      9.0,
      0.0,
      2.0,
      2.0,
      7.0,
      7.0,
      743.0
    ]
  ],
  "classRecall": [
    0.9789999723434448,
    0.8500000238418579,
    0.6269999742507935,
    0.6179999709129333,
    0.7739999890327454,
    0.7049999833106995,
    0.7990000247955322,
    0.8560000061988831,
    0.6420000195503235,
    0.7429999709129333
  ],
  "classPrecision": [
    0.44949495792388916,
    0.9269356727600098,
    0.7946767807006836,
    0.6828729510307312,
    0.8062499761581421,
    0.8038768768310547,
    0.9141876697540283,
    0.8326848149299622,
    0.9385964870452881,
    0.942893385887146
  ],
  "classes": [
    "plane",
    "car",
    "bird",
    "cat",
    "deer",
    "dog",
    "frog",
    "horse",
    "ship",
    "truck"
  ]
}