{
  "name": "model",
  "metrics": {
    "train_loss": [
      0.15673048523259106,
      0.12400925288338797,
      0.08685202131233227,
      0.06772123537383867,
      0.05909812849641764
    ],
    "train_accuracy": [
      0.9527962962962963,
      0.9645,
      0.9755185185185186,
      0.9806481481481482,
      0.9832037037037037
    ],
    "val_loss": [
      0.1673799530464284,
      0.13883819177429726,
      0.1060357521823112,
      0.0933978121252136,
      0.08343653460132315
    ],
    "val_accuracy": [
      0.9495,
      0.9598333333333333,
      0.9701666666666666,
      0.9738333333333333,
      0.977
    ]
  },
  "accuracy": 0.9754,
  "confusion": [
    [
      971.0,
      0.0,
      0.0,
      2.0,
      0.0,
      0.0,
      1.0,
      4.0,
      2.0,
      0.0
    ],
    [
      0.0,
      1121.0,
      2.0,
      1.0,
      0.0,
      2.0,
      4.0,
      0.0,
      5.0,
      0.0
    ],
    [
      7.0,
      1.0,
      1007.0,
      2.0,
      2.0,
      0.0,
      3.0,
      6.0,
      3.0,
      1.0
    ],
    [
      0.0,
      0.0,
      4.0,
      988.0,
      0.0,
      1.0,
      0.0,
      5.0,
      6.0,
      6.0
    ],
    [
      1.0,
      0.0,
      3.0,
      0.0,
      955.0,
      0.0,
      6.0,
      1.0,
      0.0,
      16.0
    ],
    [
      2.0,
      0.0,
      0.0,
      12.0,
      1.0,
      862.0,
      5.0,
      0.0,
      5.0,
      5.0
    ],
    [
      6.0,
      3.0,
      0.0,
      0.0,
      9.0,
      3.0,
      934.0,
      0.0,
      3.0,
      0.0
    ],
    [
      0.0,
      5.0,
      13.0,
      5.0,
      0.0,
      0.0,
      0.0,
      1000.0,
      0.0,
      5.0
    ],
    [
      4.0,
      0.0,
      2.0,
      5.0,
      5.0,
      5.0,
      4.0,
      4.0,
      940.0,
      5.0
    ],
    [
      2.0,
      5.0,
      0.0,
      4.0,
      13.0,
      2.0,
      0.0,
      6.0,
      1.0,
      976.0
    ]
  ],
  "classRecall": [
    0.9908163547515869,
    0.9876651763916016,
    0.9757751822471619,
    0.9782178401947021,
    0.9725050926208496,
    0.9663677215576172,
    0.9749478101730347,
    0.9727626442909241,
    0.9650924205780029,
    0.9672943353652954
  ],
  "classPrecision": [
    0.9778448939323425,
    0.9876651763916016,
    0.9767216444015503,
    0.9695780277252197,
    0.9695431590080261,
    0.9851428866386414,
    0.9759665727615356,
    0.9746588468551636,
    0.9740932583808899,
    0.9625246524810791
  ],
  "classes": [
    0,
    1,
    2,
    3,
    4,
    5,
    6,
    7,
    8,
    9
  ]
}