{
  "name": "model",
  "metrics": {
    "train_loss": [
      0.14768088516289307,
      0.10469668079167604,
      0.08347012986256895,
      0.06768095765209876,
      0.06393582868870895
    ],
    "train_accuracy": [
      0.9551296296296297,
      0.9694444444444444,
      0.9760925925925926,
      0.9802222222222222,
      0.9824074074074074
    ],
    "val_loss": [
      0.16327161833326867,
      0.12038652583005581,
      0.10578918789929533,
      0.09006813905657605,
      0.0915730264275632
    ],
    "val_accuracy": [
      0.9535,
      0.963,
      0.97,
      0.9745,
      0.9746666666666667
    ]
  },
  "accuracy": 0.9745,
  "confusion": [
    [
      967.0,
      1.0,
      1.0,
      0.0,
      0.0,
      2.0,
      5.0,
      2.0,
      2.0,
      0.0
    ],
    [
      0.0,
      1121.0,
      3.0,
      2.0,
      0.0,
      1.0,
      5.0,
      0.0,
      3.0,
      0.0
    ],
    [
      4.0,
      1.0,
      1006.0,
      4.0,
      1.0,
      0.0,
      2.0,
      9.0,
      4.0,
      1.0
    ],
    [
      0.0,
      0.0,
      5.0,
      987.0,
      0.0,
      8.0,
      0.0,
      5.0,
      4.0,
      1.0
    ],
    [
      0.0,
      0.0,
      4.0,
      0.0,
      958.0,
      0.0,
      7.0,
      2.0,
      2.0,
      9.0
    ],
    [
      2.0,
      0.0,
      0.0,
      4.0,
      1.0,
      875.0,
      7.0,
      1.0,
      2.0,
      0.0
    ],
    [
      5.0,
      2.0,
      0.0,
      0.0,
      1.0,
      5.0,
      943.0,
      0.0,
      2.0,
      0.0
    ],
    [
      1.0,
      5.0,
      7.0,
      5.0,
      0.0,
      0.0,
      0.0,
      1001.0,
      4.0,
      5.0
    ],
    [
      7.0,
      2.0,
      4.0,
      8.0,
      4.0,
      6.0,
      6.0,
      4.0,
      929.0,
      4.0
    ],
    [
      2.0,
      4.0,
      0.0,
      9.0,
      16.0,
      6.0,
      1.0,
      10.0,
      3.0,
      958.0
    ]
  ],
  "classRecall": [
    0.9867346882820129,
    0.9876651763916016,
    0.9748061895370483,
    0.9772277474403381,
    0.9755600690841675,
    0.9809417128562927,
    0.9843423962593079,
    0.9737353920936584,
    0.953798770904541,
    0.9494549036026001
  ],
  "classPrecision": [
    0.9787449240684509,
    0.9867957830429077,
    0.9766990542411804,
    0.9685966372489929,
    0.9765545129776001,
    0.9689922332763672,
    0.9661885499954224,
    0.9680851101875305,
    0.972774863243103,
    0.9795501232147217
  ],
  "classes": [
    0,
    1,
    2,
    3,
    4,
    5,
    6,
    7,
    8,
    9
  ]
}