{
  "name": "model",
  "metrics": {
    "train_loss": [
      1.339838345958428,
      0.9565958050502972,
      0.7865724670277401,
      0.6314059660177339,
      0.536293004554781,
      0.4311155039309101,
      0.3572727259756489,
      0.28762768649242143,
      0.25143593217415566,
      0.21682807225310666,
      0.22933318838477135,
      0.1658985750030049
    ],
    "train_accuracy": [
      0.5112888888888889,
      0.6650888888888888,
      0.7273555555555555,
      0.7878666666666667,
      0.8168888888888889,
      0.8557777777777777,
      0.8766888888888889,
      0.9013777777777778,
      0.9128444444444445,
      0.9294,
      0.9212222222222223,
      0.9454
    ],
    "val_loss": [
      1.3619439452886581,
      1.0068664491176604,
      0.8586625337600708,
      0.752513374388218,
      0.6849931284785271,
      0.6200094059109688,
      0.6448352083563804,
      0.5765979934483767,
      0.5952728979289532,
      0.6041753724217415,
      0.7193778701126575,
      0.7256452336907386
    ],
    "val_accuracy": [
      0.507,
      0.6482,
      0.6946,
      0.7358,
      0.759,
      0.7834,
      0.794,
      0.8102,
      0.81,
      0.806,
      0.801,
      0.8104
    ]
  },
  "accuracy": 0.8158,
  "confusion": [
    [
      932.0,
      6.0,
      21.0,
      5.0,
      6.0,
      0.0,
      3.0,
      4.0,
      15.0,
      8.0
    ],
    [
      37.0,
      908.0,
      2.0,
      2.0,
      2.0,
      0.0,
      1.0,
      1.0,
      4.0,
      43.0
    ],
    [
      106.0,
      1.0,
      744.0,
      30.0,
      45.0,
      26.0,
      26.0,
      16.0,
      3.0,
      3.0
    ],
    [
      70.0,
      3.0,
      71.0,
      668.0,
      32.0,
      96.0,
      40.0,
      12.0,
      4.0,
      4.0
    ],
    [
      42.0,
      0.0,
      45.0,
      36.0,
      795.0,
      21.0,
      30.0,
      28.0,
      3.0,
      0.0
    ],
    [
      25.0,
      5.0,
      40.0,
      132.0,
      30.0,
      735.0,
      8.0,
      23.0,
      2.0,
      0.0
    ],
    [
      26.0,
      4.0,
      30.0,
      36.0,
      21.0,
      11.0,
      866.0,
      1.0,
      4.0,
      1.0
    ],
    [
      41.0,
      2.0,
      29.0,
      28.0,
      44.0,
      20.0,
      3.0,
      830.0,
      1.0,
      2.0
    ],
    [
      140.0,
      13.0,
      6.0,
      7.0,
      1.0,
      2.0,
      5.0,
      1.0,
      812.0,
      13.0
    ],
    [
      61.0,
      42.0,
      2.0,
      2.0,
      3.0,
      2.0,
      6.0,
      4.0,
      10.0,
      868.0
    ]
  ],
  "classRecall": [
    0.9319999814033508,
    0.9079999923706055,
    0.7440000176429749,
    0.6679999828338623,
    0.7950000166893005,
    0.7350000143051147,
    0.8659999966621399,
    0.8299999833106995,
    0.8119999766349792,
    0.8679999709129333
  ],
  "classPrecision": [
    0.6297297477722168,
    0.922764241695404,
    0.7515151500701904,
    0.706131100654602,
    0.8120531439781189,
    0.805038332939148,
    0.876518189907074,
    0.9021739363670349,
    0.9463869333267212,
    0.92144376039505
  ],
  "classes": [
    "plane",
    "car",
    "bird",
    "cat",
    "deer",
    "dog",
    "frog",
    "horse",
    "ship",
    "truck"
  ]
}