{
  "name": "model",
  "metrics": {
    "train_loss": [
      1.3969102318991313,
      0.9613158289681781,
      0.7608138966289434,
      0.570566467771476,
      0.5239566540853544,
      0.3936012629419565,
      0.35971877588467166,
      0.3048241624862633,
      0.22713917324488814,
      0.19433071506633,
      0.1458417211278257,
      0.15018955958922478
    ],
    "train_accuracy": [
      0.48915555555555557,
      0.6594222222222222,
      0.7371111111111112,
      0.8004,
      0.8196222222222223,
      0.8662222222222222,
      0.8768888888888889,
      0.8955111111111111,
      0.9261111111111111,
      0.9349111111111111,
      0.9497555555555556,
      0.9488888888888889
    ],
    "val_loss": [
      1.4383188664913178,
      0.9959549888968467,
      0.8250244654715061,
      0.6886832475662231,
      0.6719282865524292,
      0.5610191769897938,
      0.5941534869372844,
      0.602461539208889,
      0.5652852557599545,
      0.5965950079262257,
      0.5972753204405308,
      0.6110870841890573
    ],
    "val_accuracy": [
      0.4746,
      0.6384,
      0.701,
      0.7614,
      0.7612,
      0.8048,
      0.7974,
      0.7996,
      0.818,
      0.8128,
      0.825,
      0.8182
    ]
  },
  "accuracy": 0.8116,
  "confusion": [
    [
      864.0,
      9.0,
      45.0,
      19.0,
      6.0,
      1.0,
      22.0,
      5.0,
      14.0,
      15.0
    ],
    [
      11.0,
      941.0,
      1.0,
      5.0,
      3.0,
      4.0,
      6.0,
      0.0,
      8.0,
      21.0
    ],
    [
      52.0,
      2.0,
      701.0,
      39.0,
      36.0,
      59.0,
      101.0,
      7.0,
      2.0,
      1.0
    ],
    [
      18.0,
      5.0,
      39.0,
      633.0,
      40.0,
      161.0,
      79.0,
      16.0,
      1.0,
      8.0
    ],
    [
      10.0,
      1.0,
      38.0,
      54.0,
      770.0,
      44.0,
      58.0,
      24.0,
      1.0,
      0.0
    ],
    [
      7.0,
      1.0,
      22.0,
      110.0,
      24.0,
      795.0,
      23.0,
      18.0,
      0.0,
      0.0
    ],
    [
      2.0,
      0.0,
      16.0,
      28.0,
      15.0,
      11.0,
      926.0,
      0.0,
      1.0,
      1.0
    ],
    [
      8.0,
      6.0,
      27.0,
      31.0,
      32.0,
      71.0,
      7.0,
      813.0,
      0.0,
      5.0
    ],
    [
      90.0,
      20.0,
      14.0,
      12.0,
      5.0,
      6.0,
      16.0,
      2.0,
      819.0,
      16.0
    ],
    [
      30.0,
      77.0,
      4.0,
      5.0,
      2.0,
      5.0,
      8.0,
      3.0,
      12.0,
      854.0
    ]
  ],
  "classRecall": [
    0.8640000224113464,
    0.9409999847412109,
    0.7009999752044678,
    0.6330000162124634,
    0.7699999809265137,
    0.7950000166893005,
    0.9259999990463257,
    0.8130000233650208,
    0.8190000057220459,
    0.8539999723434448
  ],
  "classPrecision": [
    0.791208803653717,
    0.8860640525817871,
    0.7728776335716248,
    0.6762820482254028,
    0.8252947330474854,
    0.6871218681335449,
    0.7431781888008118,
    0.9155405163764954,
    0.9545454382896423,
    0.927253007888794
  ],
  "classes": [
    "plane",
    "car",
    "bird",
    "cat",
    "deer",
    "dog",
    "frog",
    "horse",
    "ship",
    "truck"
  ]
}