{
  "name": "model",
  "metrics": {
    "train_loss": [
      1.3777594715356827,
      1.0441410981796004,
      0.752070633017204,
      0.593257266012105,
      0.4915236243131486,
      0.4334831202656708,
      0.5068868606943976,
      0.3553183010186661,
      0.35165816448120907,
      0.3345098473893648,
      0.4594546038742093,
      0.3924401074817235
    ],
    "train_accuracy": [
      0.49855555555555553,
      0.6387111111111111,
      0.7422,
      0.7958666666666666,
      0.8362,
      0.8494666666666667,
      0.8304666666666667,
      0.8789777777777777,
      0.8823111111111112,
      0.8889777777777778,
      0.8611777777777778,
      0.8842444444444445
    ],
    "val_loss": [
      1.4051556944847108,
      1.0764874830842017,
      0.8274592205882072,
      0.6956980437040329,
      0.6313124313950539,
      0.6269127681851387,
      0.7354321002960205,
      0.6367294147610665,
      0.6825585670769214,
      0.7905072495341301,
      0.9755015403032303,
      0.9339522019028663
    ],
    "val_accuracy": [
      0.4872,
      0.623,
      0.713,
      0.7504,
      0.7854,
      0.7882,
      0.7452,
      0.7896,
      0.776,
      0.7716,
      0.7374,
      0.7626
    ]
  },
  "accuracy": 0.7608,
  "confusion": [
    [
      965.0,
      0.0,
      4.0,
      12.0,
      1.0,
      3.0,
      3.0,
      1.0,
      5.0,
      6.0
    ],
    [
      107.0,
      824.0,
      1.0,
      2.0,
      1.0,
      2.0,
      5.0,
      0.0,
      12.0,
      46.0
    ],
    [
      247.0,
      1.0,
      464.0,
      62.0,
      72.0,
      61.0,
      77.0,
      10.0,
      2.0,
      4.0
    ],
    [
      43.0,
      0.0,
      13.0,
      714.0,
      49.0,
      123.0,
      39.0,
      8.0,
      7.0,
      4.0
    ],
    [
      60.0,
      0.0,
      11.0,
      51.0,
      779.0,
      31.0,
      33.0,
      32.0,
      3.0,
      0.0
    ],
    [
      25.0,
      0.0,
      9.0,
      138.0,
      24.0,
      774.0,
      9.0,
      18.0,
      1.0,
      2.0
    ],
    [
      20.0,
      0.0,
      6.0,
      50.0,
      24.0,
      16.0,
      880.0,
      0.0,
      3.0,
      1.0
    ],
    [
      60.0,
      0.0,
      5.0,
      44.0,
      41.0,
      47.0,
      7.0,
      788.0,
      2.0,
      6.0
    ],
    [
      349.0,
      5.0,
      2.0,
      6.0,
      0.0,
      2.0,
      4.0,
      2.0,
      624.0,
      6.0
    ],
    [
      140.0,
      27.0,
      2.0,
      12.0,
      0.0,
      7.0,
      4.0,
      3.0,
      9.0,
      796.0
    ]
  ],
  "classRecall": [
    0.9649999737739563,
    0.8240000009536743,
    0.46399998664855957,
    0.7139999866485596,
    0.7789999842643738,
    0.7739999890327454,
    0.8799999952316284,
    0.7879999876022339,
    0.6240000128746033,
    0.7960000038146973
  ],
  "classPrecision": [
    0.4786706268787384,
    0.9614936113357544,
    0.8974854946136475,
    0.654445469379425,
    0.786074697971344,
    0.7260788083076477,
    0.829406201839447,
    0.9141531586647034,
    0.9341317415237427,
    0.9138920903205872
  ],
  "classes": [
    "plane",
    "car",
    "bird",
    "cat",
    "deer",
    "dog",
    "frog",
    "horse",
    "ship",
    "truck"
  ]
}