{
  "name": "model",
  "metrics": {
    "train_loss": [
      1.3031828711656006,
      0.8985049545087598,
      0.7413911370729859,
      0.5910751061852683,
      0.5141589704223655,
      0.4240381726571782,
      0.3137880159880627,
      0.34831812224266206,
      0.20536142263815485,
      0.22081352044320243,
      0.1681118924805725,
      0.12939796049613506
    ],
    "train_accuracy": [
      0.5310888888888889,
      0.6808444444444445,
      0.7399555555555556,
      0.8021777777777778,
      0.8219555555555556,
      0.8532444444444445,
      0.8913777777777778,
      0.8843111111111112,
      0.9304222222222223,
      0.9262222222222222,
      0.9432444444444444,
      0.9560222222222222
    ],
    "val_loss": [
      1.3135636538267135,
      0.9439094692468644,
      0.8016387321054935,
      0.6921419270336628,
      0.648034131526947,
      0.6116471350193023,
      0.5756785288453102,
      0.5954243063926696,
      0.5587021507322788,
      0.5623800754547119,
      0.6110443085432052,
      0.6581202253699303
    ],
    "val_accuracy": [
      0.5242,
      0.6668,
      0.713,
      0.7564,
      0.7718,
      0.7902,
      0.8138,
      0.801,
      0.8284,
      0.813,
      0.823,
      0.8276
    ]
  },
  "accuracy": 0.8239,
  "confusion": [
    [
      830.0,
      8.0,
      44.0,
      23.0,
      16.0,
      0.0,
      8.0,
      7.0,
      34.0,
      30.0
    ],
    [
      7.0,
      890.0,
      6.0,
      3.0,
      3.0,
      2.0,
      13.0,
      1.0,
      12.0,
      63.0
    ],
    [
      31.0,
      1.0,
      734.0,
      55.0,
      62.0,
      34.0,
      56.0,
      16.0,
      6.0,
      5.0
    ],
    [
      17.0,
      7.0,
      35.0,
      724.0,
      54.0,
      73.0,
      57.0,
      21.0,
      7.0,
      5.0
    ],
    [
      4.0,
      2.0,
      28.0,
      59.0,
      842.0,
      10.0,
      28.0,
      23.0,
      3.0,
      1.0
    ],
    [
      6.0,
      2.0,
      26.0,
      180.0,
      39.0,
      673.0,
      18.0,
      51.0,
      2.0,
      3.0
    ],
    [
      3.0,
      0.0,
      26.0,
      44.0,
      20.0,
      3.0,
      893.0,
      3.0,
      6.0,
      2.0
    ],
    [
      7.0,
      0.0,
      9.0,
      39.0,
      61.0,
      17.0,
      6.0,
      854.0,
      1.0,
      6.0
    ],
    [
      53.0,
      16.0,
      5.0,
      10.0,
      5.0,
      2.0,
      4.0,
      2.0,
      882.0,
      21.0
    ],
    [
      12.0,
      26.0,
      4.0,
      14.0,
      3.0,
      1.0,
      2.0,
      10.0,
      11.0,
      917.0
    ]
  ],
  "classRecall": [
    0.8299999833106995,
    0.8899999856948853,
    0.734000027179718,
    0.7239999771118164,
    0.8420000076293945,
    0.6729999780654907,
    0.8930000066757202,
    0.8539999723434448,
    0.8820000290870667,
    0.9169999957084656
  ],
  "classPrecision": [
    0.8556700944900513,
    0.9348739385604858,
    0.8004361987113953,
    0.629018247127533,
    0.7619909644126892,
    0.8257668614387512,
    0.8230414986610413,
    0.8643724918365479,
    0.9149377346038818,
    0.8708451986312866
  ],
  "classes": [
    "plane",
    "car",
    "bird",
    "cat",
    "deer",
    "dog",
    "frog",
    "horse",
    "ship",
    "truck"
  ]
}