{
  "name": "model",
  "metrics": {
    "train_loss": [
      0.14817062785663593,
      0.10556642386744514,
      0.08952214934320246,
      0.07707868831814818,
      0.06759622603350306
    ],
    "train_accuracy": [
      0.9555,
      0.9688703703703704,
      0.9754074074074074,
      0.9774444444444444,
      0.9801481481481481
    ],
    "val_loss": [
      0.16406003940612712,
      0.12329099798931721,
      0.10952748655480274,
      0.09886924993801624,
      0.09334571314777465
    ],
    "val_accuracy": [
      0.9526666666666667,
      0.9641666666666666,
      0.9678333333333333,
      0.9715,
      0.9723333333333334
    ]
  },
  "accuracy": 0.9722,
  "confusion": [
    [
      971.0,
      1.0,
      1.0,
      0.0,
      0.0,
      1.0,
      3.0,
      1.0,
      1.0,
      1.0
    ],
    [
      0.0,
      1123.0,
      4.0,
      0.0,
      1.0,
      2.0,
      3.0,
      0.0,
      2.0,
      0.0
    ],
    [
      3.0,
      0.0,
      1012.0,
      1.0,
      2.0,
      0.0,
      1.0,
      9.0,
      3.0,
      1.0
    ],
    [
      0.0,
      0.0,
      9.0,
      939.0,
      0.0,
      26.0,
      0.0,
      21.0,
      7.0,
      8.0
    ],
    [
      0.0,
      0.0,
      1.0,
      0.0,
      954.0,
      0.0,
      8.0,
      3.0,
      1.0,
      15.0
    ],
    [
      3.0,
      1.0,
      0.0,
      1.0,
      0.0,
      876.0,
      5.0,
      2.0,
      2.0,
      2.0
    ],
    [
      6.0,
      2.0,
      0.0,
      0.0,
      2.0,
      6.0,
      942.0,
      0.0,
      0.0,
      0.0
    ],
    [
      1.0,
      7.0,
      6.0,
      0.0,
      0.0,
      0.0,
      0.0,
      1007.0,
      1.0,
      6.0
    ],
    [
      4.0,
      1.0,
      4.0,
      3.0,
      5.0,
      8.0,
      6.0,
      5.0,
      935.0,
      3.0
    ],
    [
      5.0,
      6.0,
      1.0,
      4.0,
      12.0,
      6.0,
      0.0,
      10.0,
      2.0,
      963.0
    ]
  ],
  "classRecall": [
    0.9908163547515869,
    0.9894273281097412,
    0.9806201457977295,
    0.9297029972076416,
    0.9714867472648621,
    0.9820627570152283,
    0.9832985401153564,
    0.9795719981193542,
    0.9599589109420776,
    0.9544103145599365
  ],
  "classPrecision": [
    0.9778448939323425,
    0.9842243790626526,
    0.9749518036842346,
    0.9905063509941101,
    0.9774590134620667,
    0.9470270276069641,
    0.9731404781341553,
    0.9517958164215088,
    0.9800838828086853,
    0.9639639854431152
  ],
  "classes": [
    0,
    1,
    2,
    3,
    4,
    5,
    6,
    7,
    8,
    9
  ]
}