{
  "name": "model",
  "metrics": {
    "train_loss": [
      1.3722509548745372,
      0.9878991957415234,
      0.7675810805098577,
      0.5954072345894846,
      0.4931664802134037,
      0.4181080531667579,
      0.33824847757138987,
      0.2885608728128401,
      0.22074575916948644,
      0.1707588785370304,
      0.1470543279164386,
      0.15160684052600779
    ],
    "train_accuracy": [
      0.48891111111111113,
      0.6473777777777778,
      0.7393555555555555,
      0.7973777777777777,
      0.8326,
      0.8584,
      0.8891555555555556,
      0.9019555555555555,
      0.9253555555555556,
      0.9407111111111112,
      0.9506666666666667,
      0.9488444444444445
    ],
    "val_loss": [
      1.3771616041660308,
      1.028533047437668,
      0.8310079962015152,
      0.7201343387365341,
      0.6324012726545334,
      0.6072611458599567,
      0.5654666431248188,
      0.5612892899662256,
      0.5598347753286361,
      0.5844098784029483,
      0.6219568230211735,
      0.6063961365260184
    ],
    "val_accuracy": [
      0.4868,
      0.633,
      0.7218,
      0.7588,
      0.778,
      0.793,
      0.8174,
      0.815,
      0.8228,
      0.8278,
      0.8192,
      0.8266
    ]
  },
  "accuracy": 0.8238,
  "confusion": [
    [
      904.0,
      4.0,
      8.0,
      9.0,
      7.0,
      0.0,
      5.0,
      9.0,
      32.0,
      22.0
    ],
    [
      18.0,
      886.0,
      0.0,
      2.0,
      3.0,
      4.0,
      5.0,
      6.0,
      17.0,
      59.0
    ],
    [
      123.0,
      1.0,
      627.0,
      28.0,
      75.0,
      54.0,
      49.0,
      25.0,
      10.0,
      8.0
    ],
    [
      37.0,
      0.0,
      34.0,
      599.0,
      64.0,
      162.0,
      47.0,
      37.0,
      10.0,
      10.0
    ],
    [
      16.0,
      0.0,
      32.0,
      23.0,
      846.0,
      18.0,
      18.0,
      44.0,
      2.0,
      1.0
    ],
    [
      12.0,
      0.0,
      23.0,
      85.0,
      25.0,
      800.0,
      16.0,
      34.0,
      3.0,
      2.0
    ],
    [
      8.0,
      2.0,
      22.0,
      33.0,
      32.0,
      12.0,
      883.0,
      3.0,
      4.0,
      1.0
    ],
    [
      9.0,
      0.0,
      9.0,
      14.0,
      39.0,
      25.0,
      2.0,
      892.0,
      3.0,
      7.0
    ],
    [
      48.0,
      16.0,
      3.0,
      6.0,
      3.0,
      3.0,
      6.0,
      4.0,
      893.0,
      18.0
    ],
    [
      22.0,
      26.0,
      0.0,
      6.0,
      2.0,
      7.0,
      5.0,
      8.0,
      16.0,
      908.0
    ]
  ],
  "classRecall": [
    0.9039999842643738,
    0.8859999775886536,
    0.6269999742507935,
    0.5989999771118164,
    0.8460000157356262,
    0.800000011920929,
    0.8830000162124634,
    0.8920000195503235,
    0.8930000066757202,
    0.9079999923706055
  ],
  "classPrecision": [
    0.7552213668823242,
    0.9475935697555542,
    0.8271768093109131,
    0.7440993785858154,
    0.7718977928161621,
    0.7373272180557251,
    0.8523166179656982,
    0.839924693107605,
    0.9020202159881592,
    0.876447856426239
  ],
  "classes": [
    "plane",
    "car",
    "bird",
    "cat",
    "deer",
    "dog",
    "frog",
    "horse",
    "ship",
    "truck"
  ]
}