{
  "name": "model",
  "metrics": {
    "train_loss": [
      0.15181035258017161,
      0.11153593693828978,
      0.08761430559106065,
      0.07631926977636196,
      0.06308641315711512
    ],
    "train_accuracy": [
      0.9546666666666667,
      0.9667407407407408,
      0.9752222222222222,
      0.9774814814814815,
      0.9812777777777778
    ],
    "val_loss": [
      0.1653975114384864,
      0.13161334981943698,
      0.11088597600130325,
      0.10613569918465107,
      0.09337482260579759
    ],
    "val_accuracy": [
      0.953,
      0.9626666666666667,
      0.9703333333333334,
      0.97,
      0.973
    ]
  },
  "accuracy": 0.9743,
  "confusion": [
    [
      972.0,
      0.0,
      1.0,
      0.0,
      0.0,
      0.0,
      3.0,
      1.0,
      3.0,
      0.0
    ],
    [
      0.0,
      1124.0,
      3.0,
      2.0,
      0.0,
      0.0,
      2.0,
      0.0,
      4.0,
      0.0
    ],
    [
      4.0,
      0.0,
      995.0,
      2.0,
      5.0,
      2.0,
      1.0,
      8.0,
      15.0,
      0.0
    ],
    [
      0.0,
      0.0,
      4.0,
      978.0,
      0.0,
      11.0,
      0.0,
      6.0,
      7.0,
      4.0
    ],
    [
      1.0,
      3.0,
      2.0,
      0.0,
      954.0,
      0.0,
      5.0,
      3.0,
      3.0,
      11.0
    ],
    [
      2.0,
      1.0,
      0.0,
      1.0,
      2.0,
      878.0,
      3.0,
      0.0,
      3.0,
      2.0
    ],
    [
      4.0,
      3.0,
      0.0,
      0.0,
      6.0,
      7.0,
      937.0,
      0.0,
      1.0,
      0.0
    ],
    [
      1.0,
      9.0,
      11.0,
      1.0,
      0.0,
      1.0,
      0.0,
      996.0,
      2.0,
      7.0
    ],
    [
      0.0,
      0.0,
      0.0,
      3.0,
      5.0,
      5.0,
      3.0,
      4.0,
      946.0,
      8.0
    ],
    [
      3.0,
      6.0,
      0.0,
      6.0,
      13.0,
      4.0,
      1.0,
      7.0,
      6.0,
      963.0
    ]
  ],
  "classRecall": [
    0.9918367266654968,
    0.9903083443641663,
    0.9641472697257996,
    0.9683168530464172,
    0.9714867472648621,
    0.9843049049377441,
    0.9780793190002441,
    0.9688715934753418,
    0.9712525606155396,
    0.9544103145599365
  ],
  "classPrecision": [
    0.9848024249076843,
    0.9808027744293213,
    0.9793307185173035,
    0.9848942756652832,
    0.9685279130935669,
    0.9669603705406189,
    0.981151819229126,
    0.9717073440551758,
    0.9555555582046509,
    0.9678391814231873
  ],
  "classes": [
    0,
    1,
    2,
    3,
    4,
    5,
    6,
    7,
    8,
    9
  ]
}