{
  "name": "model",
  "metrics": {
    "train_loss": [
      0.15660246744999107,
      0.10671532613565148,
      0.07982052404486455,
      0.06717194329894267,
      0.06320541634630429
    ],
    "train_accuracy": [
      0.9553888888888888,
      0.9691111111111111,
      0.9775185185185186,
      0.9794814814814815,
      0.9812222222222222
    ],
    "val_loss": [
      0.16871902711213904,
      0.12690133530091732,
      0.10011605252610876,
      0.09381280617511019,
      0.09375235642445215
    ],
    "val_accuracy": [
      0.9526666666666667,
      0.966,
      0.9718333333333333,
      0.9725,
      0.9736666666666667
    ]
  },
  "accuracy": 0.9726,
  "confusion": [
    [
      971.0,
      0.0,
      1.0,
      1.0,
      0.0,
      2.0,
      2.0,
      1.0,
      2.0,
      0.0
    ],
    [
      0.0,
      1124.0,
      4.0,
      0.0,
      0.0,
      1.0,
      2.0,
      1.0,
      3.0,
      0.0
    ],
    [
      2.0,
      0.0,
      1011.0,
      3.0,
      1.0,
      0.0,
      1.0,
      7.0,
      7.0,
      0.0
    ],
    [
      0.0,
      1.0,
      11.0,
      985.0,
      0.0,
      2.0,
      0.0,
      7.0,
      3.0,
      1.0
    ],
    [
      1.0,
      0.0,
      4.0,
      0.0,
      951.0,
      0.0,
      6.0,
      1.0,
      0.0,
      19.0
    ],
    [
      2.0,
      0.0,
      0.0,
      25.0,
      2.0,
      851.0,
      3.0,
      1.0,
      3.0,
      5.0
    ],
    [
      7.0,
      2.0,
      0.0,
      1.0,
      1.0,
      8.0,
      934.0,
      0.0,
      5.0,
      0.0
    ],
    [
      1.0,
      6.0,
      14.0,
      2.0,
      0.0,
      1.0,
      0.0,
      994.0,
      1.0,
      9.0
    ],
    [
      5.0,
      0.0,
      5.0,
      12.0,
      3.0,
      8.0,
      7.0,
      3.0,
      929.0,
      2.0
    ],
    [
      1.0,
      5.0,
      0.0,
      5.0,
      11.0,
      3.0,
      1.0,
      5.0,
      2.0,
      976.0
    ]
  ],
  "classRecall": [
    0.9908163547515869,
    0.9903083443641663,
    0.979651153087616,
    0.9752475023269653,
    0.9684317708015442,
    0.9540358781814575,
    0.9749478101730347,
    0.966926097869873,
    0.953798770904541,
    0.9672943353652954
  ],
  "classPrecision": [
    0.9808080792427063,
    0.9876977205276489,
    0.9628571271896362,
    0.9526112079620361,
    0.9814241528511047,
    0.9714611768722534,
    0.9769874215126038,
    0.9745097756385803,
    0.972774863243103,
    0.9644268751144409
  ],
  "classes": [
    0,
    1,
    2,
    3,
    4,
    5,
    6,
    7,
    8,
    9
  ]
}