{
  "name": "model",
  "metrics": {
    "train_loss": [
      1.337111459536986,
      1.0351078547537327,
      0.7328453267162497,
      0.6311758274889805,
      0.5149331962351095,
      0.4205797701989385,
      0.36216947859661147,
      0.29947273077612574,
      0.31304405189373274,
      0.23342172541147607,
      0.23665910671380433,
      0.2527379740706899
    ],
    "train_accuracy": [
      0.5103777777777778,
      0.6342444444444445,
      0.7423555555555555,
      0.7732444444444444,
      0.8208666666666666,
      0.8556444444444444,
      0.8754222222222222,
      0.8972666666666667,
      0.8998888888888888,
      0.9248222222222222,
      0.9242,
      0.9163777777777777
    ],
    "val_loss": [
      1.3494193226099014,
      1.0718171551823616,
      0.8305277302861214,
      0.7449740707874298,
      0.6653753116726875,
      0.619516757875681,
      0.600718542933464,
      0.5844869449734688,
      0.6804025247693062,
      0.5932643719017505,
      0.7182200595736503,
      0.7887180581688881
    ],
    "val_accuracy": [
      0.507,
      0.627,
      0.7036,
      0.7288,
      0.768,
      0.7852,
      0.7918,
      0.8044,
      0.7858,
      0.8068,
      0.7994,
      0.7918
    ]
  },
  "accuracy": 0.7872,
  "confusion": [
    [
      954.0,
      5.0,
      9.0,
      10.0,
      2.0,
      1.0,
      1.0,
      3.0,
      7.0,
      8.0
    ],
    [
      37.0,
      913.0,
      2.0,
      3.0,
      1.0,
      0.0,
      2.0,
      1.0,
      5.0,
      36.0
    ],
    [
      144.0,
      0.0,
      720.0,
      44.0,
      30.0,
      10.0,
      32.0,
      14.0,
      1.0,
      5.0
    ],
    [
      48.0,
      2.0,
      61.0,
      747.0,
      16.0,
      53.0,
      35.0,
      21.0,
      6.0,
      11.0
    ],
    [
      61.0,
      2.0,
      74.0,
      66.0,
      682.0,
      15.0,
      29.0,
      66.0,
      3.0,
      2.0
    ],
    [
      28.0,
      1.0,
      77.0,
      229.0,
      22.0,
      585.0,
      7.0,
      48.0,
      0.0,
      3.0
    ],
    [
      22.0,
      2.0,
      34.0,
      79.0,
      3.0,
      8.0,
      841.0,
      4.0,
      5.0,
      2.0
    ],
    [
      54.0,
      1.0,
      14.0,
      41.0,
      15.0,
      11.0,
      1.0,
      855.0,
      1.0,
      7.0
    ],
    [
      258.0,
      6.0,
      3.0,
      11.0,
      3.0,
      0.0,
      2.0,
      1.0,
      704.0,
      12.0
    ],
    [
      41.0,
      56.0,
      3.0,
      7.0,
      0.0,
      1.0,
      5.0,
      3.0,
      13.0,
      871.0
    ]
  ],
  "classRecall": [
    0.9539999961853027,
    0.9129999876022339,
    0.7200000286102295,
    0.746999979019165,
    0.6819999814033508,
    0.5849999785423279,
    0.8410000205039978,
    0.8550000190734863,
    0.7039999961853027,
    0.8709999918937683
  ],
  "classPrecision": [
    0.5792349576950073,
    0.9240890741348267,
    0.7221664786338806,
    0.6038803458213806,
    0.881136953830719,
    0.8552631735801697,
    0.8806282877922058,
    0.8415354490280151,
    0.9449664354324341,
    0.9101358652114868
  ],
  "classes": [
    "plane",
    "car",
    "bird",
    "cat",
    "deer",
    "dog",
    "frog",
    "horse",
    "ship",
    "truck"
  ]
}