{
  "name": "model",
  "metrics": {
    "train_loss": [
      0.15972327859410176,
      0.11707443098639142,
      0.08799680383761206,
      0.07788310534545878,
      0.06321737855690492
    ],
    "train_accuracy": [
      0.9527407407407408,
      0.9667222222222223,
      0.9743888888888889,
      0.9776851851851852,
      0.981925925925926
    ],
    "val_loss": [
      0.1735727607886842,
      0.1328400065131644,
      0.105543934839203,
      0.10637303362501428,
      0.09370502595730285
    ],
    "val_accuracy": [
      0.9485,
      0.9618333333333333,
      0.97,
      0.9698333333333333,
      0.9735
    ]
  },
  "accuracy": 0.9746,
  "confusion": [
    [
      971.0,
      1.0,
      1.0,
      1.0,
      0.0,
      1.0,
      3.0,
      1.0,
      1.0,
      0.0
    ],
    [
      0.0,
      1122.0,
      5.0,
      1.0,
      0.0,
      1.0,
      2.0,
      1.0,
      3.0,
      0.0
    ],
    [
      5.0,
      0.0,
      1011.0,
      3.0,
      1.0,
      0.0,
      1.0,
      7.0,
      4.0,
      0.0
    ],
    [
      0.0,
      0.0,
      9.0,
      985.0,
      0.0,
      4.0,
      0.0,
      7.0,
      5.0,
      0.0
    ],
    [
      1.0,
      2.0,
      5.0,
      0.0,
      950.0,
      0.0,
      11.0,
      1.0,
      3.0,
      9.0
    ],
    [
      2.0,
      0.0,
      0.0,
      12.0,
      1.0,
      867.0,
      5.0,
      1.0,
      3.0,
      1.0
    ],
    [
      5.0,
      3.0,
      1.0,
      1.0,
      2.0,
      5.0,
      940.0,
      0.0,
      1.0,
      0.0
    ],
    [
      2.0,
      7.0,
      10.0,
      0.0,
      0.0,
      1.0,
      0.0,
      999.0,
      2.0,
      7.0
    ],
    [
      4.0,
      0.0,
      4.0,
      5.0,
      4.0,
      4.0,
      6.0,
      4.0,
      941.0,
      2.0
    ],
    [
      3.0,
      6.0,
      0.0,
      9.0,
      11.0,
      5.0,
      2.0,
      6.0,
      7.0,
      960.0
    ]
  ],
  "classRecall": [
    0.9908163547515869,
    0.9885462522506714,
    0.979651153087616,
    0.9752475023269653,
    0.9674134254455566,
    0.9719731211662292,
    0.9812108278274536,
    0.9717898964881897,
    0.966119110584259,
    0.9514370560646057
  ],
  "classPrecision": [
    0.9778448939323425,
    0.9833479523658752,
    0.966539204120636,
    0.9685348868370056,
    0.9803921580314636,
    0.9763513803482056,
    0.969072163105011,
    0.972736120223999,
    0.9701030850410461,
    0.9805924296379089
  ],
  "classes": [
    0,
    1,
    2,
    3,
    4,
    5,
    6,
    7,
    8,
    9
  ]
}