{
  "name": "model",
  "metrics": {
    "train_loss": [
      0.150034689366535,
      0.1140485638002225,
      0.08476806575017518,
      0.07751054298883013,
      0.06218924944982003
    ],
    "train_accuracy": [
      0.9563518518518519,
      0.9667407407407408,
      0.9754444444444444,
      0.9776851851851852,
      0.9822777777777778
    ],
    "val_loss": [
      0.1644505186283842,
      0.12243060989582792,
      0.10695789528495454,
      0.09994589521529827,
      0.0889021652017502
    ],
    "val_accuracy": [
      0.948,
      0.9623333333333334,
      0.9701666666666666,
      0.9696666666666667,
      0.9751666666666666
    ]
  },
  "accuracy": 0.975,
  "confusion": [
    [
      973.0,
      1.0,
      0.0,
      0.0,
      0.0,
      2.0,
      1.0,
      1.0,
      1.0,
      1.0
    ],
    [
      0.0,
      1128.0,
      3.0,
      0.0,
      0.0,
      1.0,
      2.0,
      0.0,
      1.0,
      0.0
    ],
    [
      7.0,
      3.0,
      1003.0,
      1.0,
      4.0,
      0.0,
      1.0,
      5.0,
      8.0,
      0.0
    ],
    [
      0.0,
      0.0,
      8.0,
      986.0,
      0.0,
      1.0,
      0.0,
      6.0,
      4.0,
      5.0
    ],
    [
      1.0,
      3.0,
      5.0,
      0.0,
      959.0,
      0.0,
      3.0,
      1.0,
      0.0,
      10.0
    ],
    [
      7.0,
      0.0,
      0.0,
      12.0,
      1.0,
      860.0,
      4.0,
      1.0,
      4.0,
      3.0
    ],
    [
      8.0,
      3.0,
      0.0,
      0.0,
      6.0,
      4.0,
      933.0,
      0.0,
      4.0,
      0.0
    ],
    [
      1.0,
      9.0,
      9.0,
      1.0,
      0.0,
      0.0,
      0.0,
      998.0,
      2.0,
      8.0
    ],
    [
      6.0,
      1.0,
      3.0,
      2.0,
      6.0,
      4.0,
      2.0,
      4.0,
      942.0,
      4.0
    ],
    [
      5.0,
      7.0,
      0.0,
      9.0,
      9.0,
      2.0,
      0.0,
      5.0,
      4.0,
      968.0
    ]
  ],
  "classRecall": [
    0.9928571581840515,
    0.9938325881958008,
    0.9718992114067078,
    0.9762375950813293,
    0.976578414440155,
    0.9641255736351013,
    0.9739039540290833,
    0.9708171486854553,
    0.9671458005905151,
    0.959365725517273
  ],
  "classPrecision": [
    0.9652777910232544,
    0.9766233563423157,
    0.9728419184684753,
    0.975271999835968,
    0.9736040830612183,
    0.9839816689491272,
    0.9862579107284546,
    0.9774730801582336,
    0.9711340069770813,
    0.9689689874649048
  ],
  "classes": [
    0,
    1,
    2,
    3,
    4,
    5,
    6,
    7,
    8,
    9
  ]
}