{
  "name": "model",
  "metrics": {
    "train_loss": [
      0.16145605388234294,
      0.11122134570208912,
      0.09441838398028465,
      0.07517413051481142,
      0.06241405300985828
    ],
    "train_accuracy": [
      0.9531851851851851,
      0.9674259259259259,
      0.9743333333333334,
      0.9786111111111111,
      0.9808703703703704
    ],
    "val_loss": [
      0.17080478734792548,
      0.12973717409879604,
      0.11621372798021803,
      0.10010713295258106,
      0.09150691033202282
    ],
    "val_accuracy": [
      0.9515,
      0.9588333333333333,
      0.9656666666666667,
      0.9711666666666666,
      0.9715
    ]
  },
  "accuracy": 0.9734,
  "confusion": [
    [
      969.0,
      1.0,
      0.0,
      1.0,
      0.0,
      2.0,
      4.0,
      1.0,
      2.0,
      0.0
    ],
    [
      0.0,
      1128.0,
      3.0,
      0.0,
      0.0,
      0.0,
      2.0,
      0.0,
      2.0,
      0.0
    ],
    [
      4.0,
      1.0,
      1005.0,
      3.0,
      3.0,
      1.0,
      4.0,
      6.0,
      5.0,
      0.0
    ],
    [
      0.0,
      0.0,
      6.0,
      977.0,
      0.0,
      11.0,
      0.0,
      11.0,
      4.0,
      1.0
    ],
    [
      0.0,
      2.0,
      3.0,
      0.0,
      968.0,
      0.0,
      5.0,
      0.0,
      1.0,
      3.0
    ],
    [
      2.0,
      1.0,
      0.0,
      7.0,
      1.0,
      867.0,
      4.0,
      1.0,
      6.0,
      3.0
    ],
    [
      6.0,
      3.0,
      0.0,
      0.0,
      2.0,
      3.0,
      944.0,
      0.0,
      0.0,
      0.0
    ],
    [
      2.0,
      5.0,
      11.0,
      1.0,
      3.0,
      0.0,
      0.0,
      996.0,
      1.0,
      9.0
    ],
    [
      3.0,
      3.0,
      3.0,
      8.0,
      6.0,
      7.0,
      4.0,
      5.0,
      931.0,
      4.0
    ],
    [
      2.0,
      6.0,
      0.0,
      9.0,
      26.0,
      5.0,
      1.0,
      8.0,
      3.0,
      949.0
    ]
  ],
  "classRecall": [
    0.9887754917144775,
    0.9938325881958008,
    0.9738371968269348,
    0.9673267602920532,
    0.9857434034347534,
    0.9719731211662292,
    0.9853861927986145,
    0.9688715934753418,
    0.9558521509170532,
    0.9405351877212524
  ],
  "classPrecision": [
    0.9807692170143127,
    0.9808695912361145,
    0.9747817516326904,
    0.9711729884147644,
    0.959365725517273,
    0.9676339030265808,
    0.9752066135406494,
    0.9688715934753418,
    0.9748691320419312,
    0.9793601632118225
  ],
  "classes": [
    0,
    1,
    2,
    3,
    4,
    5,
    6,
    7,
    8,
    9
  ]
}