{
  "name": "model",
  "metrics": {
    "train_loss": [
      1.4076075594533572,
      0.9849355606870218,
      0.7544220733371648,
      0.5858259504999627,
      0.49867570137774403,
      0.3981336196884513,
      0.3587497836402194,
      0.25817620766941796,
      0.23701179899613967,
      0.19521429296582937,
      0.2180630815935067,
      0.22601687482727523
    ],
    "train_accuracy": [
      0.49724444444444443,
      0.6466666666666666,
      0.7389333333333333,
      0.8027111111111112,
      0.8332222222222222,
      0.8638222222222223,
      0.8822,
      0.9128,
      0.9193111111111111,
      0.9344,
      0.9303111111111111,
      0.9272888888888889
    ],
    "val_loss": [
      1.431669220328331,
      1.0136754736304283,
      0.8198789909482003,
      0.6910287000238895,
      0.6599269740283489,
      0.5832479741424322,
      0.5855447582900524,
      0.5402637686580419,
      0.5541962519288063,
      0.5583318524062634,
      0.5917141988873482,
      0.7663300573825836
    ],
    "val_accuracy": [
      0.497,
      0.6264,
      0.7174,
      0.7658,
      0.7826,
      0.7964,
      0.8048,
      0.818,
      0.8208,
      0.8238,
      0.8088,
      0.7988
    ]
  },
  "accuracy": 0.7966,
  "confusion": [
    [
      968.0,
      2.0,
      6.0,
      8.0,
      1.0,
      1.0,
      0.0,
      1.0,
      11.0,
      2.0
    ],
    [
      61.0,
      855.0,
      0.0,
      0.0,
      1.0,
      2.0,
      2.0,
      0.0,
      12.0,
      67.0
    ],
    [
      131.0,
      2.0,
      657.0,
      34.0,
      54.0,
      62.0,
      43.0,
      10.0,
      2.0,
      5.0
    ],
    [
      52.0,
      3.0,
      45.0,
      659.0,
      19.0,
      146.0,
      47.0,
      11.0,
      11.0,
      7.0
    ],
    [
      53.0,
      2.0,
      23.0,
      55.0,
      753.0,
      43.0,
      31.0,
      33.0,
      6.0,
      1.0
    ],
    [
      14.0,
      3.0,
      24.0,
      98.0,
      20.0,
      814.0,
      4.0,
      17.0,
      5.0,
      1.0
    ],
    [
      23.0,
      2.0,
      29.0,
      60.0,
      21.0,
      12.0,
      842.0,
      2.0,
      6.0,
      3.0
    ],
    [
      46.0,
      0.0,
      24.0,
      35.0,
      28.0,
      53.0,
      5.0,
      802.0,
      0.0,
      7.0
    ],
    [
      153.0,
      7.0,
      6.0,
      3.0,
      1.0,
      6.0,
      2.0,
      2.0,
      813.0,
      7.0
    ],
    [
      118.0,
      41.0,
      4.0,
      6.0,
      0.0,
      5.0,
      3.0,
      5.0,
      15.0,
      803.0
    ]
  ],
  "classRecall": [
    0.9679999947547913,
    0.8550000190734863,
    0.6570000052452087,
    0.6589999794960022,
    0.753000020980835,
    0.8140000104904175,
    0.8420000076293945,
    0.8019999861717224,
    0.8130000233650208,
    0.8029999732971191
  ],
  "classPrecision": [
    0.5978999137878418,
    0.9323882460594177,
    0.8031784892082214,
    0.68789142370224,
    0.8385300636291504,
    0.7115384340286255,
    0.8600612878799438,
    0.9082672595977783,
    0.9228149652481079,
    0.8892580270767212
  ],
  "classes": [
    "plane",
    "car",
    "bird",
    "cat",
    "deer",
    "dog",
    "frog",
    "horse",
    "ship",
    "truck"
  ]
}