{
  "name": "model",
  "metrics": {
    "train_loss": [
      0.1544912115657499,
      0.10614086445685811,
      0.08640395446958558,
      0.0714987366243985,
      0.061899174168105656
    ],
    "train_accuracy": [
      0.9533148148148148,
      0.9678518518518519,
      0.9754074074074074,
      0.9792407407407407,
      0.9823148148148149
    ],
    "val_loss": [
      0.16473379905553573,
      0.12232568107069806,
      0.10550441965460777,
      0.09688164103538432,
      0.09167570377046123
    ],
    "val_accuracy": [
      0.9508333333333333,
      0.9641666666666666,
      0.9705,
      0.9723333333333334,
      0.9738333333333333
    ]
  },
  "accuracy": 0.975,
  "confusion": [
    [
      972.0,
      1.0,
      1.0,
      0.0,
      0.0,
      1.0,
      2.0,
      1.0,
      2.0,
      0.0
    ],
    [
      0.0,
      1129.0,
      0.0,
      1.0,
      0.0,
      1.0,
      2.0,
      1.0,
      1.0,
      0.0
    ],
    [
      3.0,
      2.0,
      1001.0,
      3.0,
      3.0,
      0.0,
      2.0,
      11.0,
      7.0,
      0.0
    ],
    [
      0.0,
      0.0,
      4.0,
      984.0,
      0.0,
      5.0,
      0.0,
      8.0,
      5.0,
      4.0
    ],
    [
      2.0,
      0.0,
      1.0,
      0.0,
      946.0,
      0.0,
      6.0,
      3.0,
      1.0,
      23.0
    ],
    [
      3.0,
      1.0,
      0.0,
      6.0,
      1.0,
      865.0,
      3.0,
      2.0,
      8.0,
      3.0
    ],
    [
      5.0,
      3.0,
      0.0,
      0.0,
      1.0,
      6.0,
      940.0,
      0.0,
      3.0,
      0.0
    ],
    [
      2.0,
      8.0,
      10.0,
      0.0,
      0.0,
      0.0,
      0.0,
      1001.0,
      2.0,
      5.0
    ],
    [
      7.0,
      1.0,
      1.0,
      2.0,
      5.0,
      2.0,
      4.0,
      3.0,
      944.0,
      5.0
    ],
    [
      4.0,
      6.0,
      0.0,
      7.0,
      9.0,
      1.0,
      1.0,
      10.0,
      3.0,
      968.0
    ]
  ],
  "classRecall": [
    0.9918367266654968,
    0.9947136640548706,
    0.9699612259864807,
    0.9742574095726013,
    0.9633401036262512,
    0.9697309136390686,
    0.9812108278274536,
    0.9737353920936584,
    0.9691991806030273,
    0.959365725517273
  ],
  "classPrecision": [
    0.9739478826522827,
    0.9808861613273621,
    0.9833005666732788,
    0.981056809425354,
    0.98031085729599,
    0.9818388223648071,
    0.9791666865348816,
    0.9624999761581421,
    0.9672130942344666,
    0.9603174328804016
  ],
  "classes": [
    0,
    1,
    2,
    3,
    4,
    5,
    6,
    7,
    8,
    9
  ]
}