{
  "name": "model",
  "metrics": {
    "train_loss": [
      1.3864899585870178,
      1.0169261439957402,
      0.7441841965033249,
      0.6455839453265071,
      0.48763073955408553,
      0.4292347193272276,
      0.31514300956306135,
      0.3792069252919067,
      0.3503702980974181,
      0.2651085917922584,
      0.26915119154463435,
      0.3533203851177611
    ],
    "train_accuracy": [
      0.49644444444444447,
      0.6367333333333334,
      0.7422666666666666,
      0.7809111111111111,
      0.8322444444444445,
      0.8548222222222223,
      0.8938888888888888,
      0.8674222222222222,
      0.8816444444444445,
      0.9118,
      0.9093777777777777,
      0.8855555555555555
    ],
    "val_loss": [
      1.4015040457248689,
      1.0471405863761902,
      0.8167271316051483,
      0.7578830197453499,
      0.6491353288292885,
      0.6009642243385315,
      0.5392820544540882,
      0.6711980104446411,
      0.7078989647328854,
      0.6542334638535976,
      0.7352456100285053,
      1.0007377088069915
    ],
    "val_accuracy": [
      0.4824,
      0.6212,
      0.7128,
      0.7352,
      0.7812,
      0.7894,
      0.812,
      0.7772,
      0.7854,
      0.8054,
      0.7908,
      0.7582
    ]
  },
  "accuracy": 0.7685,
  "confusion": [
    [
      975.0,
      3.0,
      1.0,
      5.0,
      4.0,
      0.0,
      1.0,
      3.0,
      5.0,
      3.0
    ],
    [
      64.0,
      886.0,
      2.0,
      4.0,
      1.0,
      0.0,
      0.0,
      1.0,
      9.0,
      33.0
    ],
    [
      183.0,
      4.0,
      657.0,
      49.0,
      46.0,
      15.0,
      24.0,
      13.0,
      5.0,
      4.0
    ],
    [
      90.0,
      3.0,
      55.0,
      752.0,
      32.0,
      29.0,
      14.0,
      10.0,
      7.0,
      8.0
    ],
    [
      66.0,
      1.0,
      49.0,
      67.0,
      746.0,
      12.0,
      15.0,
      39.0,
      5.0,
      0.0
    ],
    [
      36.0,
      2.0,
      60.0,
      277.0,
      24.0,
      570.0,
      8.0,
      18.0,
      1.0,
      4.0
    ],
    [
      21.0,
      8.0,
      41.0,
      111.0,
      31.0,
      3.0,
      769.0,
      3.0,
      5.0,
      8.0
    ],
    [
      87.0,
      2.0,
      19.0,
      45.0,
      29.0,
      18.0,
      0.0,
      790.0,
      2.0,
      8.0
    ],
    [
      302.0,
      5.0,
      2.0,
      6.0,
      0.0,
      2.0,
      1.0,
      1.0,
      675.0,
      6.0
    ],
    [
      73.0,
      33.0,
      3.0,
      7.0,
      2.0,
      1.0,
      1.0,
      1.0,
      14.0,
      865.0
    ]
  ],
  "classRecall": [
    0.9750000238418579,
    0.8859999775886536,
    0.6570000052452087,
    0.7519999742507935,
    0.7459999918937683,
    0.5699999928474426,
    0.7689999938011169,
    0.7900000214576721,
    0.675000011920929,
    0.8650000095367432
  ],
  "classPrecision": [
    0.5139694213867188,
    0.9355860352516174,
    0.7390326261520386,
    0.5684051513671875,
    0.8153005242347717,
    0.8769230842590332,
    0.9231692552566528,
    0.8987485766410828,
    0.9271978139877319,
    0.9211927652359009
  ],
  "classes": [
    "plane",
    "car",
    "bird",
    "cat",
    "deer",
    "dog",
    "frog",
    "horse",
    "ship",
    "truck"
  ]
}