{
  "name": "model",
  "metrics": {
    "train_loss": [
      1.2924246208911592,
      0.933210891586813,
      0.7197964255782691,
      0.5864213136109439,
      0.4818554777990688,
      0.500148094936528,
      0.4874956284395673,
      0.5560775858942758,
      0.38562356519766827,
      0.3563727887601338,
      0.478867622431029,
      0.5643776233562015
    ],
    "train_accuracy": [
      0.5248444444444444,
      0.6683111111111111,
      0.7537333333333334,
      0.7998888888888889,
      0.8372444444444445,
      0.8337777777777777,
      0.8370666666666666,
      0.8327111111111111,
      0.8782,
      0.8889555555555556,
      0.8738666666666667,
      0.8581555555555556
    ],
    "val_loss": [
      1.3248779892921447,
      0.9690152198076248,
      0.7950947925448417,
      0.7002389430999756,
      0.6452075600624084,
      0.7438456229865551,
      0.7530810236930847,
      0.9167941302061081,
      0.819355097413063,
      0.8135982684791088,
      1.0325051188468932,
      1.1746074229478836
    ],
    "val_accuracy": [
      0.5092,
      0.6544,
      0.7152,
      0.7576,
      0.779,
      0.7602,
      0.7544,
      0.7448,
      0.7684,
      0.773,
      0.7524,
      0.7402
    ]
  },
  "accuracy": 0.7408,
  "confusion": [
    [
      990.0,
      1.0,
      1.0,
      1.0,
      1.0,
      0.0,
      0.0,
      2.0,
      4.0,
      0.0
    ],
    [
      130.0,
      827.0,
      0.0,
      1.0,
      0.0,
      2.0,
      4.0,
      0.0,
      11.0,
      25.0
    ],
    [
      312.0,
      0.0,
      542.0,
      22.0,
      35.0,
      27.0,
      42.0,
      14.0,
      3.0,
      3.0
    ],
    [
      159.0,
      1.0,
      25.0,
      563.0,
      40.0,
      116.0,
      53.0,
      34.0,
      5.0,
      4.0
    ],
    [
      99.0,
      0.0,
      35.0,
      34.0,
      744.0,
      18.0,
      31.0,
      37.0,
      0.0,
      2.0
    ],
    [
      49.0,
      2.0,
      35.0,
      101.0,
      26.0,
      742.0,
      7.0,
      36.0,
      1.0,
      1.0
    ],
    [
      54.0,
      3.0,
      29.0,
      33.0,
      11.0,
      14.0,
      848.0,
      5.0,
      3.0,
      0.0
    ],
    [
      101.0,
      2.0,
      15.0,
      12.0,
      33.0,
      23.0,
      2.0,
      806.0,
      5.0,
      1.0
    ],
    [
      376.0,
      0.0,
      0.0,
      0.0,
      0.0,
      1.0,
      4.0,
      1.0,
      617.0,
      1.0
    ],
    [
      215.0,
      35.0,
      1.0,
      5.0,
      0.0,
      1.0,
      3.0,
      0.0,
      11.0,
      729.0
    ]
  ],
  "classRecall": [
    0.9900000095367432,
    0.8270000219345093,
    0.5419999957084656,
    0.5630000233650208,
    0.7440000176429749,
    0.7419999837875366,
    0.8479999899864197,
    0.8059999942779541,
    0.6169999837875366,
    0.7289999723434448
  ],
  "classPrecision": [
    0.39839035272598267,
    0.949483335018158,
    0.7935578227043152,
    0.7292746305465698,
    0.8359550833702087,
    0.7860169410705566,
    0.8531187176704407,
    0.8620320558547974,
    0.9348484873771667,
    0.9516971111297607
  ],
  "classes": [
    "plane",
    "car",
    "bird",
    "cat",
    "deer",
    "dog",
    "frog",
    "horse",
    "ship",
    "truck"
  ]
}