{
  "name": "model",
  "metrics": {
    "train_loss": [
      1.3645147674463012,
      0.9440472659400918,
      0.7139957716519182,
      0.6173950355838645,
      0.48256684382530773,
      0.4352607020092281,
      0.3682914217087356,
      0.31317657397382637,
      0.2272065502633764,
      0.1992936474694447,
      0.14404647642831234,
      0.1345363170734014
    ],
    "train_accuracy": [
      0.5054444444444445,
      0.6672666666666667,
      0.7487777777777778,
      0.7910666666666667,
      0.8327777777777777,
      0.8553555555555555,
      0.8754666666666666,
      0.8906444444444445,
      0.9218,
      0.932,
      0.9552444444444445,
      0.9545111111111111
    ],
    "val_loss": [
      1.3839004993438722,
      0.988408574461937,
      0.7775982931256294,
      0.7201596423983574,
      0.6281903460621834,
      0.6176167443394661,
      0.5707072600722313,
      0.5905591115355492,
      0.5727328903973102,
      0.6279055185616016,
      0.5210133858025074,
      0.6187372436746955
    ],
    "val_accuracy": [
      0.5034,
      0.6512,
      0.7226,
      0.7496,
      0.7836,
      0.791,
      0.801,
      0.8046,
      0.8182,
      0.8244,
      0.836,
      0.8206
    ]
  },
  "accuracy": 0.825,
  "confusion": [
    [
      840.0,
      9.0,
      59.0,
      6.0,
      15.0,
      2.0,
      4.0,
      17.0,
      33.0,
      15.0
    ],
    [
      11.0,
      916.0,
      4.0,
      1.0,
      2.0,
      3.0,
      2.0,
      3.0,
      19.0,
      39.0
    ],
    [
      30.0,
      2.0,
      820.0,
      19.0,
      56.0,
      24.0,
      21.0,
      20.0,
      6.0,
      2.0
    ],
    [
      16.0,
      4.0,
      83.0,
      621.0,
      62.0,
      125.0,
      32.0,
      32.0,
      20.0,
      5.0
    ],
    [
      8.0,
      0.0,
      56.0,
      26.0,
      848.0,
      19.0,
      11.0,
      29.0,
      3.0,
      0.0
    ],
    [
      9.0,
      2.0,
      50.0,
      106.0,
      41.0,
      730.0,
      9.0,
      49.0,
      2.0,
      2.0
    ],
    [
      6.0,
      4.0,
      68.0,
      47.0,
      26.0,
      8.0,
      827.0,
      7.0,
      7.0,
      0.0
    ],
    [
      5.0,
      0.0,
      25.0,
      16.0,
      55.0,
      18.0,
      2.0,
      876.0,
      1.0,
      2.0
    ],
    [
      52.0,
      15.0,
      15.0,
      5.0,
      4.0,
      1.0,
      2.0,
      5.0,
      885.0,
      16.0
    ],
    [
      18.0,
      45.0,
      8.0,
      8.0,
      4.0,
      1.0,
      6.0,
      11.0,
      12.0,
      887.0
    ]
  ],
  "classRecall": [
    0.8399999737739563,
    0.9160000085830688,
    0.8199999928474426,
    0.6209999918937683,
    0.8479999899864197,
    0.7300000190734863,
    0.8270000219345093,
    0.8759999871253967,
    0.8849999904632568,
    0.8870000243186951
  ],
  "classPrecision": [
    0.8442211151123047,
    0.9187562465667725,
    0.6902356743812561,
    0.7263157963752747,
    0.761904776096344,
    0.7841030955314636,
    0.902838408946991,
    0.8350810408592224,
    0.8957489728927612,
    0.9163222908973694
  ],
  "classes": [
    "plane",
    "car",
    "bird",
    "cat",
    "deer",
    "dog",
    "frog",
    "horse",
    "ship",
    "truck"
  ]
}