{
  "name": "model",
  "metrics": {
    "train_loss": [
      1.405684733255343,
      0.9734871946275234,
      0.7501133362000639,
      0.580564464696429,
      0.47391413685611705,
      0.40682609294625843,
      0.3422659201208841,
      0.2673421607945453,
      0.2587526949461211,
      0.17661128538152712,
      0.17412146671929143,
      0.12350096682679247
    ],
    "train_accuracy": [
      0.4835111111111111,
      0.6524,
      0.7361333333333333,
      0.7987555555555556,
      0.8347111111111111,
      0.8629111111111111,
      0.8872222222222222,
      0.9128444444444445,
      0.9113555555555556,
      0.9414666666666667,
      0.9425333333333333,
      0.9599555555555556
    ],
    "val_loss": [
      1.4034726113080978,
      1.0298128858208657,
      0.8324217349290848,
      0.6889282580465078,
      0.6284738771617413,
      0.5823089927434921,
      0.571904132515192,
      0.5445613287389278,
      0.6062526598572731,
      0.5865380972623825,
      0.6065955571830273,
      0.639896011352539
    ],
    "val_accuracy": [
      0.4822,
      0.6314,
      0.71,
      0.7546,
      0.776,
      0.7954,
      0.8074,
      0.8166,
      0.8124,
      0.8228,
      0.8086,
      0.8288
    ]
  },
  "accuracy": 0.8257,
  "confusion": [
    [
      898.0,
      9.0,
      25.0,
      15.0,
      3.0,
      3.0,
      3.0,
      3.0,
      24.0,
      17.0
    ],
    [
      20.0,
      940.0,
      2.0,
      2.0,
      0.0,
      4.0,
      1.0,
      0.0,
      4.0,
      27.0
    ],
    [
      68.0,
      2.0,
      743.0,
      35.0,
      58.0,
      39.0,
      35.0,
      14.0,
      4.0,
      2.0
    ],
    [
      26.0,
      5.0,
      56.0,
      689.0,
      32.0,
      133.0,
      29.0,
      18.0,
      4.0,
      8.0
    ],
    [
      22.0,
      1.0,
      42.0,
      62.0,
      780.0,
      39.0,
      26.0,
      24.0,
      4.0,
      0.0
    ],
    [
      7.0,
      6.0,
      42.0,
      104.0,
      27.0,
      791.0,
      2.0,
      20.0,
      0.0,
      1.0
    ],
    [
      7.0,
      4.0,
      26.0,
      67.0,
      23.0,
      28.0,
      837.0,
      5.0,
      3.0,
      0.0
    ],
    [
      14.0,
      2.0,
      25.0,
      32.0,
      36.0,
      36.0,
      4.0,
      847.0,
      1.0,
      3.0
    ],
    [
      76.0,
      16.0,
      8.0,
      9.0,
      1.0,
      5.0,
      4.0,
      5.0,
      865.0,
      11.0
    ],
    [
      37.0,
      62.0,
      4.0,
      5.0,
      1.0,
      6.0,
      2.0,
      7.0,
      9.0,
      867.0
    ]
  ],
  "classRecall": [
    0.8980000019073486,
    0.9399999976158142,
    0.7429999709129333,
    0.6890000104904175,
    0.7799999713897705,
    0.7910000085830688,
    0.8370000123977661,
    0.847000002861023,
    0.8650000095367432,
    0.8669999837875366
  ],
  "classPrecision": [
    0.7642553448677063,
    0.8978032469749451,
    0.7636176943778992,
    0.6754902005195618,
    0.8116545081138611,
    0.7297047972679138,
    0.8875927925109863,
    0.8981972336769104,
    0.9422658085823059,
    0.9262820482254028
  ],
  "classes": [
    "plane",
    "car",
    "bird",
    "cat",
    "deer",
    "dog",
    "frog",
    "horse",
    "ship",
    "truck"
  ]
}