{
  "name": "model",
  "metrics": {
    "train_loss": [
      0.16937022744479338,
      0.1082216934896829,
      0.07974735027073189,
      0.06490726567809227,
      0.05661011068040055
    ],
    "train_accuracy": [
      0.9508333333333333,
      0.9688333333333333,
      0.977,
      0.9804444444444445,
      0.9833888888888889
    ],
    "val_loss": [
      0.17925403647600335,
      0.12525749143133771,
      0.09935764770241494,
      0.09352055750787258,
      0.08392778338190723
    ],
    "val_accuracy": [
      0.9455,
      0.9636666666666667,
      0.9696666666666667,
      0.9723333333333334,
      0.9776666666666667
    ]
  },
  "accuracy": 0.9755,
  "confusion": [
    [
      968.0,
      1.0,
      1.0,
      0.0,
      0.0,
      1.0,
      5.0,
      1.0,
      1.0,
      2.0
    ],
    [
      0.0,
      1124.0,
      2.0,
      1.0,
      0.0,
      2.0,
      2.0,
      0.0,
      4.0,
      0.0
    ],
    [
      4.0,
      1.0,
      1008.0,
      7.0,
      1.0,
      0.0,
      1.0,
      6.0,
      4.0,
      0.0
    ],
    [
      0.0,
      0.0,
      4.0,
      986.0,
      0.0,
      8.0,
      0.0,
      8.0,
      3.0,
      1.0
    ],
    [
      1.0,
      2.0,
      5.0,
      0.0,
      953.0,
      0.0,
      2.0,
      2.0,
      2.0,
      15.0
    ],
    [
      2.0,
      0.0,
      0.0,
      7.0,
      2.0,
      865.0,
      8.0,
      1.0,
      4.0,
      3.0
    ],
    [
      4.0,
      3.0,
      0.0,
      0.0,
      7.0,
      3.0,
      938.0,
      0.0,
      3.0,
      0.0
    ],
    [
      1.0,
      8.0,
      8.0,
      0.0,
      1.0,
      0.0,
      0.0,
      1003.0,
      1.0,
      6.0
    ],
    [
      4.0,
      1.0,
      3.0,
      4.0,
      4.0,
      5.0,
      6.0,
      3.0,
      941.0,
      3.0
    ],
    [
      3.0,
      3.0,
      1.0,
      7.0,
      15.0,
      1.0,
      0.0,
      8.0,
      2.0,
      969.0
    ]
  ],
  "classRecall": [
    0.9877551198005676,
    0.9903083443641663,
    0.9767441749572754,
    0.9762375950813293,
    0.9704684615135193,
    0.9697309136390686,
    0.9791231751441956,
    0.975680947303772,
    0.966119110584259,
    0.9603567719459534
  ],
  "classPrecision": [
    0.9807497262954712,
    0.9833770990371704,
    0.9767441749572754,
    0.9743083119392395,
    0.9694811701774597,
    0.9774011373519897,
    0.975051999092102,
    0.9718992114067078,
    0.9751295447349548,
    0.9699699878692627
  ],
  "classes": [
    0,
    1,
    2,
    3,
    4,
    5,
    6,
    7,
    8,
    9
  ]
}