{
  "name": "model",
  "metrics": {
    "train_loss": [
      1.3703085173937408,
      0.9764328146861359,
      0.7620641687376932,
      0.7912222882732749,
      0.6393176675350829,
      0.6913264250721444,
      0.48598753762516106,
      0.5288196711546995,
      0.35115177832035854,
      0.4360285261645913,
      0.3887500343420966,
      0.33782217067412357
    ],
    "train_accuracy": [
      0.4978666666666667,
      0.6510666666666667,
      0.7328222222222223,
      0.7306666666666667,
      0.7783333333333333,
      0.7842222222222223,
      0.8423333333333334,
      0.8448,
      0.8872222222222222,
      0.8718222222222223,
      0.8911111111111111,
      0.9078
    ],
    "val_loss": [
      1.3690962344408035,
      1.0119474336504937,
      0.830495736002922,
      0.8940939083695412,
      0.7877729542553424,
      0.8701863572001457,
      0.7431903302669525,
      0.8351118884980678,
      0.7240031659603119,
      0.8822705194354057,
      0.9132013514637947,
      0.9436215341091156
    ],
    "val_accuracy": [
      0.4902,
      0.6306,
      0.7038,
      0.6966,
      0.7234,
      0.725,
      0.762,
      0.7518,
      0.7862,
      0.7644,
      0.7674,
      0.7812
    ]
  },
  "accuracy": 0.7824,
  "confusion": [
    [
      955.0,
      2.0,
      13.0,
      8.0,
      2.0,
      0.0,
      6.0,
      6.0,
      4.0,
      4.0
    ],
    [
      80.0,
      859.0,
      1.0,
      2.0,
      0.0,
      0.0,
      5.0,
      2.0,
      8.0,
      43.0
    ],
    [
      109.0,
      0.0,
      734.0,
      27.0,
      39.0,
      21.0,
      38.0,
      25.0,
      2.0,
      5.0
    ],
    [
      59.0,
      0.0,
      64.0,
      671.0,
      40.0,
      70.0,
      56.0,
      30.0,
      4.0,
      6.0
    ],
    [
      42.0,
      0.0,
      50.0,
      51.0,
      768.0,
      15.0,
      32.0,
      42.0,
      0.0,
      0.0
    ],
    [
      20.0,
      2.0,
      54.0,
      131.0,
      27.0,
      691.0,
      16.0,
      56.0,
      2.0,
      1.0
    ],
    [
      11.0,
      1.0,
      36.0,
      44.0,
      15.0,
      8.0,
      872.0,
      6.0,
      6.0,
      1.0
    ],
    [
      48.0,
      1.0,
      17.0,
      18.0,
      40.0,
      13.0,
      6.0,
      855.0,
      0.0,
      2.0
    ],
    [
      376.0,
      8.0,
      10.0,
      9.0,
      4.0,
      1.0,
      6.0,
      2.0,
      567.0,
      17.0
    ],
    [
      92.0,
      25.0,
      3.0,
      6.0,
      2.0,
      2.0,
      6.0,
      7.0,
      5.0,
      852.0
    ]
  ],
  "classRecall": [
    0.9549999833106995,
    0.859000027179718,
    0.734000027179718,
    0.6710000038146973,
    0.7680000066757202,
    0.6909999847412109,
    0.871999979019165,
    0.8550000190734863,
    0.5669999718666077,
    0.8519999980926514
  ],
  "classPrecision": [
    0.5329241156578064,
    0.9565701484680176,
    0.7474541664123535,
    0.6938986778259277,
    0.81963711977005,
    0.841656506061554,
    0.8360498547554016,
    0.8292919397354126,
    0.9481605291366577,
    0.9151449799537659
  ],
  "classes": [
    "plane",
    "car",
    "bird",
    "cat",
    "deer",
    "dog",
    "frog",
    "horse",
    "ship",
    "truck"
  ]
}