{
  "name": "model",
  "metrics": {
    "train_loss": [
      0.15586884982742688,
      0.11617647248245246,
      0.08640909417404383,
      0.06822274842462833,
      0.0635361805043991
    ],
    "train_accuracy": [
      0.9538148148148148,
      0.9664074074074074,
      0.9745370370370371,
      0.9807592592592592,
      0.9815925925925926
    ],
    "val_loss": [
      0.16202703752416245,
      0.1342214433912267,
      0.1134221800305742,
      0.09409642928933844,
      0.08968810128801047
    ],
    "val_accuracy": [
      0.951,
      0.9595,
      0.9671666666666666,
      0.9725,
      0.9765
    ]
  },
  "accuracy": 0.9752,
  "confusion": [
    [
      967.0,
      1.0,
      0.0,
      0.0,
      1.0,
      3.0,
      4.0,
      1.0,
      2.0,
      1.0
    ],
    [
      0.0,
      1128.0,
      3.0,
      1.0,
      0.0,
      1.0,
      1.0,
      0.0,
      1.0,
      0.0
    ],
    [
      3.0,
      2.0,
      1007.0,
      4.0,
      2.0,
      1.0,
      2.0,
      9.0,
      2.0,
      0.0
    ],
    [
      0.0,
      0.0,
      7.0,
      985.0,
      0.0,
      2.0,
      0.0,
      9.0,
      6.0,
      1.0
    ],
    [
      3.0,
      1.0,
      3.0,
      0.0,
      959.0,
      0.0,
      6.0,
      1.0,
      0.0,
      9.0
    ],
    [
      3.0,
      0.0,
      0.0,
      7.0,
      1.0,
      868.0,
      7.0,
      0.0,
      3.0,
      3.0
    ],
    [
      5.0,
      3.0,
      0.0,
      0.0,
      4.0,
      4.0,
      937.0,
      0.0,
      5.0,
      0.0
    ],
    [
      1.0,
      9.0,
      9.0,
      2.0,
      0.0,
      0.0,
      0.0,
      1004.0,
      0.0,
      3.0
    ],
    [
      3.0,
      2.0,
      1.0,
      8.0,
      2.0,
      5.0,
      4.0,
      4.0,
      940.0,
      5.0
    ],
    [
      3.0,
      7.0,
      0.0,
      8.0,
      17.0,
      2.0,
      0.0,
      10.0,
      5.0,
      957.0
    ]
  ],
  "classRecall": [
    0.9867346882820129,
    0.9938325881958008,
    0.9757751822471619,
    0.9752475023269653,
    0.976578414440155,
    0.9730941653251648,
    0.9780793190002441,
    0.9766536951065063,
    0.9650924205780029,
    0.9484637975692749
  ],
  "classPrecision": [
    0.9787449240684509,
    0.9783174395561218,
    0.977669894695282,
    0.9704433679580688,
    0.9726166129112244,
    0.9796839952468872,
    0.97502601146698,
    0.9672446846961975,
    0.9751037359237671,
    0.9775280952453613
  ],
  "classes": [
    0,
    1,
    2,
    3,
    4,
    5,
    6,
    7,
    8,
    9
  ]
}