{
  "name": "model",
  "metrics": {
    "train_loss": [
      1.2857892276211218,
      0.9326992583545771,
      0.6993163421072743,
      0.590346375818957,
      0.485695886679671,
      0.48745039638809184,
      0.439220924353735,
      0.3216212453659285,
      0.5797771310264414,
      0.31358073952353815,
      0.2609776012091474,
      0.31219055160710757
    ],
    "train_accuracy": [
      0.5382888888888889,
      0.6738444444444445,
      0.7526888888888889,
      0.7939777777777778,
      0.8299777777777778,
      0.8340888888888889,
      0.8511555555555556,
      0.8901333333333333,
      0.8262,
      0.8954222222222222,
      0.9166888888888889,
      0.9078222222222222
    ],
    "val_loss": [
      1.2772046148777008,
      0.9771721750497818,
      0.7758753776550293,
      0.7085075944662094,
      0.6556257620453835,
      0.7038433626294136,
      0.6876577235758304,
      0.5943087745457888,
      1.0104464918375016,
      0.7495633505284787,
      0.7746799942106009,
      0.97759078592062
    ],
    "val_accuracy": [
      0.5378,
      0.6566,
      0.7254,
      0.7472,
      0.7736,
      0.764,
      0.7752,
      0.8036,
      0.7306,
      0.7846,
      0.7934,
      0.7816
    ]
  },
  "accuracy": 0.7805,
  "confusion": [
    [
      967.0,
      3.0,
      5.0,
      10.0,
      2.0,
      0.0,
      2.0,
      2.0,
      7.0,
      2.0
    ],
    [
      70.0,
      877.0,
      0.0,
      4.0,
      1.0,
      1.0,
      0.0,
      1.0,
      8.0,
      38.0
    ],
    [
      195.0,
      1.0,
      575.0,
      65.0,
      48.0,
      46.0,
      42.0,
      22.0,
      2.0,
      4.0
    ],
    [
      60.0,
      4.0,
      20.0,
      690.0,
      32.0,
      127.0,
      29.0,
      22.0,
      8.0,
      8.0
    ],
    [
      66.0,
      1.0,
      15.0,
      56.0,
      752.0,
      37.0,
      40.0,
      28.0,
      4.0,
      1.0
    ],
    [
      31.0,
      5.0,
      8.0,
      116.0,
      28.0,
      774.0,
      5.0,
      26.0,
      4.0,
      3.0
    ],
    [
      27.0,
      4.0,
      20.0,
      87.0,
      19.0,
      18.0,
      812.0,
      4.0,
      5.0,
      4.0
    ],
    [
      72.0,
      1.0,
      10.0,
      31.0,
      43.0,
      24.0,
      4.0,
      810.0,
      1.0,
      4.0
    ],
    [
      174.0,
      9.0,
      5.0,
      7.0,
      1.0,
      3.0,
      1.0,
      3.0,
      784.0,
      13.0
    ],
    [
      180.0,
      37.0,
      3.0,
      5.0,
      2.0,
      2.0,
      1.0,
      1.0,
      5.0,
      764.0
    ]
  ],
  "classRecall": [
    0.9670000076293945,
    0.8769999742507935,
    0.574999988079071,
    0.6899999976158142,
    0.7519999742507935,
    0.7739999890327454,
    0.8119999766349792,
    0.8100000023841858,
    0.7839999794960022,
    0.7639999985694885
  ],
  "classPrecision": [
    0.5249728560447693,
    0.9309978485107422,
    0.8698940873146057,
    0.6442577242851257,
    0.8103448152542114,
    0.75,
    0.867521345615387,
    0.8813928365707397,
    0.9468598961830139,
    0.9084423184394836
  ],
  "classes": [
    "plane",
    "car",
    "bird",
    "cat",
    "deer",
    "dog",
    "frog",
    "horse",
    "ship",
    "truck"
  ]
}