{
  "name": "model",
  "metrics": {
    "train_loss": [
      1.394203270362182,
      0.953593148426576,
      0.7419606648724187,
      0.5884081656959924,
      0.5040793883698907,
      0.3736548129553822,
      0.35085514319044625,
      0.28474403227764095,
      0.2515874826349318,
      0.2069713899188421,
      0.24046299083751033,
      0.25823612845587457
    ],
    "train_accuracy": [
      0.4868,
      0.6672666666666667,
      0.7470222222222223,
      0.7986666666666666,
      0.825,
      0.8743333333333333,
      0.8788,
      0.9061111111111111,
      0.9248888888888889,
      0.9337555555555556,
      0.9192888888888889,
      0.9151111111111111
    ],
    "val_loss": [
      1.3861172139644622,
      1.0122696921229362,
      0.8135383605957032,
      0.6804893262684345,
      0.6616809248924256,
      0.5600881736725569,
      0.5913400538265705,
      0.5855392351746559,
      0.5353950753808021,
      0.564001303166151,
      0.7303566806018352,
      0.7709152720868587
    ],
    "val_accuracy": [
      0.4782,
      0.647,
      0.7168,
      0.7494,
      0.7764,
      0.7996,
      0.8028,
      0.8044,
      0.817,
      0.8212,
      0.7982,
      0.7914
    ]
  },
  "accuracy": 0.785,
  "confusion": [
    [
      954.0,
      2.0,
      6.0,
      7.0,
      3.0,
      1.0,
      2.0,
      5.0,
      11.0,
      9.0
    ],
    [
      56.0,
      874.0,
      0.0,
      2.0,
      2.0,
      2.0,
      3.0,
      0.0,
      11.0,
      50.0
    ],
    [
      147.0,
      3.0,
      647.0,
      50.0,
      31.0,
      57.0,
      39.0,
      16.0,
      6.0,
      4.0
    ],
    [
      77.0,
      2.0,
      26.0,
      669.0,
      28.0,
      133.0,
      45.0,
      11.0,
      3.0,
      6.0
    ],
    [
      38.0,
      1.0,
      44.0,
      84.0,
      678.0,
      46.0,
      60.0,
      42.0,
      7.0,
      0.0
    ],
    [
      23.0,
      0.0,
      13.0,
      143.0,
      10.0,
      774.0,
      12.0,
      19.0,
      2.0,
      4.0
    ],
    [
      19.0,
      2.0,
      20.0,
      47.0,
      7.0,
      26.0,
      869.0,
      3.0,
      5.0,
      2.0
    ],
    [
      37.0,
      0.0,
      13.0,
      45.0,
      20.0,
      50.0,
      3.0,
      827.0,
      1.0,
      4.0
    ],
    [
      239.0,
      4.0,
      7.0,
      4.0,
      3.0,
      3.0,
      7.0,
      2.0,
      726.0,
      5.0
    ],
    [
      86.0,
      42.0,
      2.0,
      3.0,
      1.0,
      4.0,
      11.0,
      5.0,
      14.0,
      832.0
    ]
  ],
  "classRecall": [
    0.9539999961853027,
    0.8740000128746033,
    0.6470000147819519,
    0.6690000295639038,
    0.6779999732971191,
    0.7739999890327454,
    0.8690000176429749,
    0.8270000219345093,
    0.7260000109672546,
    0.8320000171661377
  ],
  "classPrecision": [
    0.5692124366760254,
    0.9397849440574646,
    0.8316195607185364,
    0.6347248554229736,
    0.8659003973007202,
    0.706204354763031,
    0.826831579208374,
    0.8892472982406616,
    0.9236640930175781,
    0.9082969427108765
  ],
  "classes": [
    "plane",
    "car",
    "bird",
    "cat",
    "deer",
    "dog",
    "frog",
    "horse",
    "ship",
    "truck"
  ]
}