{
  "name": "model",
  "metrics": {
    "train_loss": [
      0.15013248618180153,
      0.10836603465132522,
      0.08817346805874346,
      0.07595177867860309,
      0.06840348661484383
    ],
    "train_accuracy": [
      0.9547037037037037,
      0.9687777777777777,
      0.9747407407407407,
      0.9773703703703703,
      0.9796851851851852
    ],
    "val_loss": [
      0.16442273985198202,
      0.12653469730247843,
      0.10878470587603589,
      0.09947084215410212,
      0.0924403845392009
    ],
    "val_accuracy": [
      0.9526666666666667,
      0.9623333333333334,
      0.9696666666666667,
      0.9698333333333333,
      0.9745
    ]
  },
  "accuracy": 0.9732,
  "confusion": [
    [
      964.0,
      0.0,
      2.0,
      0.0,
      0.0,
      1.0,
      8.0,
      3.0,
      2.0,
      0.0
    ],
    [
      0.0,
      1125.0,
      3.0,
      0.0,
      0.0,
      1.0,
      4.0,
      0.0,
      2.0,
      0.0
    ],
    [
      5.0,
      0.0,
      1014.0,
      0.0,
      1.0,
      0.0,
      3.0,
      6.0,
      3.0,
      0.0
    ],
    [
      0.0,
      0.0,
      11.0,
      985.0,
      0.0,
      4.0,
      0.0,
      4.0,
      3.0,
      3.0
    ],
    [
      1.0,
      1.0,
      4.0,
      0.0,
      948.0,
      0.0,
      11.0,
      2.0,
      1.0,
      14.0
    ],
    [
      2.0,
      0.0,
      0.0,
      8.0,
      1.0,
      863.0,
      8.0,
      1.0,
      4.0,
      5.0
    ],
    [
      4.0,
      2.0,
      0.0,
      0.0,
      1.0,
      2.0,
      948.0,
      0.0,
      1.0,
      0.0
    ],
    [
      1.0,
      7.0,
      12.0,
      3.0,
      3.0,
      0.0,
      0.0,
      991.0,
      0.0,
      11.0
    ],
    [
      4.0,
      1.0,
      6.0,
      11.0,
      5.0,
      5.0,
      12.0,
      4.0,
      919.0,
      7.0
    ],
    [
      2.0,
      3.0,
      1.0,
      10.0,
      11.0,
      0.0,
      1.0,
      5.0,
      1.0,
      975.0
    ]
  ],
  "classRecall": [
    0.9836734533309937,
    0.9911894202232361,
    0.9825581312179565,
    0.9752475023269653,
    0.9653767943382263,
    0.9674887657165527,
    0.9895615577697754,
    0.9640077948570251,
    0.9435318112373352,
    0.966303288936615
  ],
  "classPrecision": [
    0.9806714057922363,
    0.9877085089683533,
    0.9629629850387573,
    0.9685348868370056,
    0.977319598197937,
    0.9851598143577576,
    0.9527637958526611,
    0.9753937125205994,
    0.9818376302719116,
    0.9605911374092102
  ],
  "classes": [
    0,
    1,
    2,
    3,
    4,
    5,
    6,
    7,
    8,
    9
  ]
}