{
  "name": "model",
  "metrics": {
    "train_loss": [
      1.3570517403158275,
      0.9705710788680748,
      0.7686954399740155,
      0.6204407825558023,
      0.48917950655926357,
      0.39603601984510367,
      0.3597082939760929,
      0.26648144669492135,
      0.23034666937945242,
      0.234484472502531,
      0.20363945933058858,
      0.19548667865720662
    ],
    "train_accuracy": [
      0.5078666666666667,
      0.6568888888888889,
      0.7331777777777778,
      0.7889555555555555,
      0.8284,
      0.8704,
      0.8773111111111112,
      0.9097111111111111,
      0.9233555555555556,
      0.918,
      0.9256,
      0.9338222222222222
    ],
    "val_loss": [
      1.3572588473558427,
      1.0260084733366965,
      0.8472592577338218,
      0.7198866799473762,
      0.6293519340455532,
      0.5766752228140831,
      0.5793429605662823,
      0.5379490338265895,
      0.5516143798828125,
      0.6161710236221551,
      0.6689346358180046,
      0.6610046267509461
    ],
    "val_accuracy": [
      0.5046,
      0.6422,
      0.7052,
      0.7556,
      0.7828,
      0.7952,
      0.8,
      0.8166,
      0.8226,
      0.8008,
      0.8076,
      0.809
    ]
  },
  "accuracy": 0.8083,
  "confusion": [
    [
      938.0,
      6.0,
      2.0,
      16.0,
      11.0,
      2.0,
      4.0,
      6.0,
      5.0,
      10.0
    ],
    [
      24.0,
      909.0,
      3.0,
      5.0,
      0.0,
      0.0,
      2.0,
      0.0,
      4.0,
      53.0
    ],
    [
      126.0,
      0.0,
      620.0,
      60.0,
      90.0,
      59.0,
      23.0,
      16.0,
      1.0,
      5.0
    ],
    [
      39.0,
      3.0,
      24.0,
      712.0,
      34.0,
      147.0,
      23.0,
      10.0,
      1.0,
      7.0
    ],
    [
      17.0,
      1.0,
      15.0,
      63.0,
      818.0,
      43.0,
      11.0,
      30.0,
      1.0,
      1.0
    ],
    [
      23.0,
      1.0,
      9.0,
      114.0,
      23.0,
      810.0,
      2.0,
      16.0,
      0.0,
      2.0
    ],
    [
      16.0,
      3.0,
      24.0,
      86.0,
      19.0,
      18.0,
      830.0,
      2.0,
      1.0,
      1.0
    ],
    [
      17.0,
      2.0,
      7.0,
      41.0,
      40.0,
      42.0,
      1.0,
      847.0,
      1.0,
      2.0
    ],
    [
      223.0,
      23.0,
      2.0,
      14.0,
      5.0,
      3.0,
      3.0,
      3.0,
      707.0,
      17.0
    ],
    [
      50.0,
      26.0,
      3.0,
      11.0,
      4.0,
      1.0,
      2.0,
      4.0,
      7.0,
      892.0
    ]
  ],
  "classRecall": [
    0.9380000233650208,
    0.9089999794960022,
    0.6200000047683716,
    0.7120000123977661,
    0.8180000185966492,
    0.8100000023841858,
    0.8299999833106995,
    0.847000002861023,
    0.7070000171661377,
    0.8920000195503235
  ],
  "classPrecision": [
    0.6367956399917603,
    0.9332649111747742,
    0.8744710683822632,
    0.6345810890197754,
    0.7835249304771423,
    0.7200000286102295,
    0.9211986660957336,
    0.9068522453308105,
    0.9711538553237915,
    0.9010100960731506
  ],
  "classes": [
    "plane",
    "car",
    "bird",
    "cat",
    "deer",
    "dog",
    "frog",
    "horse",
    "ship",
    "truck"
  ]
}