{
  "name": "model",
  "metrics": {
    "train_loss": [
      0.15750034056356732,
      0.10507256385839381,
      0.089650162279394,
      0.07587285075001242,
      0.057495504583483695
    ],
    "train_accuracy": [
      0.9527037037037037,
      0.9697222222222223,
      0.9737777777777777,
      0.9782777777777778,
      0.9832407407407407
    ],
    "val_loss": [
      0.16839885783005268,
      0.1228256308017893,
      0.11495818459290139,
      0.10292255908171548,
      0.0908950141214944
    ],
    "val_accuracy": [
      0.9498333333333333,
      0.965,
      0.9685,
      0.969,
      0.9758333333333333
    ]
  },
  "accuracy": 0.9763,
  "confusion": [
    [
      972.0,
      0.0,
      1.0,
      0.0,
      0.0,
      1.0,
      3.0,
      1.0,
      2.0,
      0.0
    ],
    [
      0.0,
      1120.0,
      4.0,
      1.0,
      0.0,
      2.0,
      2.0,
      0.0,
      6.0,
      0.0
    ],
    [
      3.0,
      0.0,
      1013.0,
      1.0,
      2.0,
      0.0,
      1.0,
      7.0,
      5.0,
      0.0
    ],
    [
      0.0,
      0.0,
      4.0,
      991.0,
      0.0,
      3.0,
      0.0,
      8.0,
      4.0,
      0.0
    ],
    [
      1.0,
      0.0,
      5.0,
      0.0,
      947.0,
      0.0,
      5.0,
      2.0,
      2.0,
      20.0
    ],
    [
      2.0,
      0.0,
      0.0,
      9.0,
      2.0,
      861.0,
      8.0,
      1.0,
      6.0,
      3.0
    ],
    [
      5.0,
      2.0,
      0.0,
      0.0,
      4.0,
      5.0,
      939.0,
      0.0,
      3.0,
      0.0
    ],
    [
      1.0,
      4.0,
      8.0,
      1.0,
      0.0,
      0.0,
      0.0,
      1009.0,
      1.0,
      4.0
    ],
    [
      3.0,
      0.0,
      2.0,
      4.0,
      4.0,
      5.0,
      5.0,
      4.0,
      944.0,
      3.0
    ],
    [
      4.0,
      2.0,
      1.0,
      8.0,
      10.0,
      3.0,
      1.0,
      8.0,
      5.0,
      967.0
    ]
  ],
  "classRecall": [
    0.9918367266654968,
    0.9867841601371765,
    0.981589138507843,
    0.9811881184577942,
    0.9643584489822388,
    0.9652466177940369,
    0.980167031288147,
    0.981517493724823,
    0.9691991806030273,
    0.9583746194839478
  ],
  "classPrecision": [
    0.9808274507522583,
    0.9929078221321106,
    0.9759151935577393,
    0.9763546586036682,
    0.9772961735725403,
    0.9784091114997864,
    0.9740663766860962,
    0.9701923131942749,
    0.96523517370224,
    0.9699097275733948
  ],
  "classes": [
    0,
    1,
    2,
    3,
    4,
    5,
    6,
    7,
    8,
    9
  ]
}