{
  "name": "model",
  "metrics": {
    "train_loss": [
      1.3418376875871962,
      1.0061312632804567,
      0.7251564213498072,
      0.5853101533244957,
      0.467684474773705,
      0.38022972363978624,
      0.3363150008954108,
      0.24708247599615293,
      0.21965088858269155,
      0.18652084785174916,
      0.20175738700411536,
      0.19328403667631475
    ],
    "train_accuracy": [
      0.4942888888888889,
      0.6470666666666667,
      0.7468222222222223,
      0.7983555555555556,
      0.8426666666666667,
      0.8702,
      0.889,
      0.9170222222222222,
      0.9256888888888889,
      0.9389777777777778,
      0.9334666666666667,
      0.937
    ],
    "val_loss": [
      1.3575294405221938,
      1.0436771601438521,
      0.8131525725126266,
      0.7098019689321518,
      0.6166723310947418,
      0.5638408683240413,
      0.5649398975074291,
      0.548730343580246,
      0.5755261197686196,
      0.5825000181794167,
      0.6954663049429655,
      0.800484874099493
    ],
    "val_accuracy": [
      0.4946,
      0.6284,
      0.708,
      0.7602,
      0.7896,
      0.8078,
      0.8116,
      0.8268,
      0.8184,
      0.826,
      0.8134,
      0.8074
    ]
  },
  "accuracy": 0.8113,
  "confusion": [
    [
      962.0,
      3.0,
      8.0,
      6.0,
      3.0,
      0.0,
      1.0,
      2.0,
      13.0,
      2.0
    ],
    [
      46.0,
      916.0,
      0.0,
      1.0,
      1.0,
      0.0,
      2.0,
      0.0,
      14.0,
      20.0
    ],
    [
      127.0,
      4.0,
      719.0,
      39.0,
      43.0,
      27.0,
      24.0,
      10.0,
      6.0,
      1.0
    ],
    [
      66.0,
      7.0,
      47.0,
      658.0,
      45.0,
      103.0,
      33.0,
      21.0,
      10.0,
      10.0
    ],
    [
      42.0,
      1.0,
      41.0,
      42.0,
      826.0,
      13.0,
      8.0,
      25.0,
      2.0,
      0.0
    ],
    [
      25.0,
      3.0,
      46.0,
      115.0,
      30.0,
      735.0,
      9.0,
      30.0,
      5.0,
      2.0
    ],
    [
      22.0,
      3.0,
      34.0,
      62.0,
      17.0,
      17.0,
      835.0,
      2.0,
      7.0,
      1.0
    ],
    [
      50.0,
      5.0,
      16.0,
      26.0,
      34.0,
      16.0,
      4.0,
      840.0,
      4.0,
      5.0
    ],
    [
      118.0,
      10.0,
      6.0,
      7.0,
      1.0,
      0.0,
      3.0,
      0.0,
      848.0,
      7.0
    ],
    [
      116.0,
      67.0,
      3.0,
      7.0,
      2.0,
      0.0,
      6.0,
      5.0,
      20.0,
      774.0
    ]
  ],
  "classRecall": [
    0.9620000123977661,
    0.9160000085830688,
    0.718999981880188,
    0.6579999923706055,
    0.8259999752044678,
    0.7350000143051147,
    0.8349999785423279,
    0.8399999737739563,
    0.8479999899864197,
    0.7739999890327454
  ],
  "classPrecision": [
    0.6111816763877869,
    0.8989205360412598,
    0.781521737575531,
    0.683281421661377,
    0.8243513107299805,
    0.8068057298660278,
    0.9027026891708374,
    0.8983957171440125,
    0.9128094911575317,
    0.9416058659553528
  ],
  "classes": [
    "plane",
    "car",
    "bird",
    "cat",
    "deer",
    "dog",
    "frog",
    "horse",
    "ship",
    "truck"
  ]
}