{
  "name": "model",
  "metrics": {
    "train_loss": [
      0.16191840761504467,
      0.11246991401176316,
      0.10283110314600558,
      0.0699446542195146,
      0.060641598788429917
    ],
    "train_accuracy": [
      0.9514259259259259,
      0.967,
      0.9697777777777777,
      0.9796111111111111,
      0.9827407407407407
    ],
    "val_loss": [
      0.17090906630805197,
      0.1379463919933806,
      0.11929972168612987,
      0.09649069203024215,
      0.08662226986377797
    ],
    "val_accuracy": [
      0.9491666666666667,
      0.9598333333333333,
      0.9648333333333333,
      0.9718333333333333,
      0.9743333333333334
    ]
  },
  "accuracy": 0.9754,
  "confusion": [
    [
      971.0,
      0.0,
      1.0,
      1.0,
      0.0,
      1.0,
      2.0,
      1.0,
      3.0,
      0.0
    ],
    [
      0.0,
      1125.0,
      4.0,
      0.0,
      0.0,
      1.0,
      2.0,
      0.0,
      3.0,
      0.0
    ],
    [
      3.0,
      0.0,
      1014.0,
      1.0,
      1.0,
      0.0,
      2.0,
      7.0,
      4.0,
      0.0
    ],
    [
      1.0,
      0.0,
      8.0,
      985.0,
      0.0,
      5.0,
      0.0,
      5.0,
      3.0,
      3.0
    ],
    [
      1.0,
      1.0,
      6.0,
      0.0,
      949.0,
      0.0,
      6.0,
      1.0,
      0.0,
      18.0
    ],
    [
      3.0,
      0.0,
      0.0,
      13.0,
      1.0,
      862.0,
      5.0,
      3.0,
      2.0,
      3.0
    ],
    [
      7.0,
      2.0,
      0.0,
      0.0,
      1.0,
      4.0,
      941.0,
      0.0,
      3.0,
      0.0
    ],
    [
      1.0,
      5.0,
      13.0,
      1.0,
      0.0,
      0.0,
      0.0,
      1002.0,
      1.0,
      5.0
    ],
    [
      5.0,
      0.0,
      2.0,
      6.0,
      5.0,
      5.0,
      6.0,
      4.0,
      936.0,
      5.0
    ],
    [
      4.0,
      5.0,
      0.0,
      7.0,
      9.0,
      3.0,
      0.0,
      8.0,
      4.0,
      969.0
    ]
  ],
  "classRecall": [
    0.9908163547515869,
    0.9911894202232361,
    0.9825581312179565,
    0.9752475023269653,
    0.9663951396942139,
    0.9663677215576172,
    0.982254683971405,
    0.9747081995010376,
    0.9609856009483337,
    0.9603567719459534
  ],
  "classPrecision": [
    0.9748995900154114,
    0.9885764718055725,
    0.9675572514533997,
    0.9714003801345825,
    0.9824016690254211,
    0.9784336090087891,
    0.976141095161438,
    0.9718719720840454,
    0.9760167002677917,
    0.9661017060279846
  ],
  "classes": [
    0,
    1,
    2,
    3,
    4,
    5,
    6,
    7,
    8,
    9
  ]
}