{
  "name": "model",
  "metrics": {
    "train_loss": [
      1.3928589637983928,
      0.9822445733642037,
      0.7628977862610058,
      0.6788842922753908,
      0.4898089918053963,
      0.4273859342052178,
      0.4138299921442839,
      0.26516767174259503,
      0.20399607277729295,
      0.18252249639904636,
      0.17856538234363226,
      0.1403082939266989
    ],
    "train_accuracy": [
      0.49706666666666666,
      0.6458666666666667,
      0.7344,
      0.7734,
      0.8326666666666667,
      0.8549111111111111,
      0.8554222222222222,
      0.9078888888888889,
      0.9294666666666667,
      0.9402444444444444,
      0.9408222222222222,
      0.9522666666666667
    ],
    "val_loss": [
      1.4136510908603668,
      1.0332731828093529,
      0.8428437814116478,
      0.7767566233873368,
      0.6300634015351534,
      0.5942029245197773,
      0.6234609708189964,
      0.5563886662013828,
      0.5508946672081947,
      0.5586910620331764,
      0.5822518952190876,
      0.5974174484610557
    ],
    "val_accuracy": [
      0.4892,
      0.6304,
      0.7096,
      0.735,
      0.7846,
      0.793,
      0.7864,
      0.8202,
      0.8262,
      0.8246,
      0.8224,
      0.8244
    ]
  },
  "accuracy": 0.8232,
  "confusion": [
    [
      847.0,
      17.0,
      40.0,
      10.0,
      6.0,
      1.0,
      10.0,
      9.0,
      20.0,
      40.0
    ],
    [
      3.0,
      938.0,
      2.0,
      2.0,
      1.0,
      0.0,
      5.0,
      0.0,
      4.0,
      45.0
    ],
    [
      44.0,
      8.0,
      791.0,
      32.0,
      30.0,
      30.0,
      35.0,
      18.0,
      3.0,
      9.0
    ],
    [
      21.0,
      5.0,
      71.0,
      693.0,
      36.0,
      89.0,
      38.0,
      29.0,
      4.0,
      14.0
    ],
    [
      14.0,
      2.0,
      57.0,
      54.0,
      739.0,
      11.0,
      35.0,
      83.0,
      4.0,
      1.0
    ],
    [
      9.0,
      1.0,
      44.0,
      182.0,
      25.0,
      689.0,
      10.0,
      36.0,
      1.0,
      3.0
    ],
    [
      4.0,
      7.0,
      42.0,
      43.0,
      17.0,
      9.0,
      866.0,
      4.0,
      4.0,
      4.0
    ],
    [
      9.0,
      2.0,
      28.0,
      36.0,
      17.0,
      9.0,
      1.0,
      892.0,
      0.0,
      6.0
    ],
    [
      57.0,
      31.0,
      7.0,
      7.0,
      0.0,
      4.0,
      8.0,
      8.0,
      853.0,
      25.0
    ],
    [
      2.0,
      48.0,
      5.0,
      6.0,
      0.0,
      2.0,
      1.0,
      3.0,
      9.0,
      924.0
    ]
  ],
  "classRecall": [
    0.847000002861023,
    0.9380000233650208,
    0.7910000085830688,
    0.6930000185966492,
    0.7390000224113464,
    0.6890000104904175,
    0.8659999966621399,
    0.8920000195503235,
    0.8529999852180481,
    0.9240000247955322
  ],
  "classPrecision": [
    0.8386138677597046,
    0.8857412934303284,
    0.7276908755302429,
    0.6507042050361633,
    0.8484500646591187,
    0.8163506984710693,
    0.8582755327224731,
    0.8243992328643799,
    0.9456762671470642,
    0.8627451062202454
  ],
  "classes": [
    "plane",
    "car",
    "bird",
    "cat",
    "deer",
    "dog",
    "frog",
    "horse",
    "ship",
    "truck"
  ]
}