{
  "name": "model",
  "metrics": {
    "train_loss": [
      1.301492591811852,
      0.9627649335359986,
      0.7598409149795771,
      0.5874013585800474,
      0.4961876415393569,
      0.38283207309855655,
      0.3284565194679255,
      0.3069481815804135,
      0.28317419219423423,
      0.25644599402916024,
      0.20884736720472574,
      0.3423063142055815
    ],
    "train_accuracy": [
      0.5215777777777778,
      0.6624666666666666,
      0.7374888888888889,
      0.7958222222222222,
      0.8368222222222222,
      0.8722666666666666,
      0.8909333333333334,
      0.8935555555555555,
      0.9002222222222223,
      0.9123111111111111,
      0.9283555555555556,
      0.9004222222222222
    ],
    "val_loss": [
      1.311454400420189,
      0.9876705229282379,
      0.8405473679304123,
      0.7260969892144203,
      0.6576794594526291,
      0.5773169629275798,
      0.5721429049968719,
      0.6023209922015667,
      0.6640245214104652,
      0.664584469795227,
      0.745750667154789,
      0.8933624528348446
    ],
    "val_accuracy": [
      0.5172,
      0.637,
      0.7036,
      0.7412,
      0.7684,
      0.7978,
      0.8012,
      0.7966,
      0.79,
      0.7936,
      0.795,
      0.7746
    ]
  },
  "accuracy": 0.7758,
  "confusion": [
    [
      971.0,
      2.0,
      2.0,
      4.0,
      8.0,
      0.0,
      0.0,
      2.0,
      10.0,
      1.0
    ],
    [
      73.0,
      865.0,
      0.0,
      1.0,
      0.0,
      3.0,
      2.0,
      1.0,
      8.0,
      47.0
    ],
    [
      248.0,
      2.0,
      620.0,
      24.0,
      49.0,
      28.0,
      18.0,
      7.0,
      2.0,
      2.0
    ],
    [
      112.0,
      4.0,
      64.0,
      617.0,
      44.0,
      105.0,
      29.0,
      12.0,
      7.0,
      6.0
    ],
    [
      41.0,
      3.0,
      36.0,
      32.0,
      839.0,
      22.0,
      10.0,
      16.0,
      1.0,
      0.0
    ],
    [
      43.0,
      2.0,
      46.0,
      131.0,
      31.0,
      725.0,
      1.0,
      17.0,
      2.0,
      2.0
    ],
    [
      44.0,
      4.0,
      57.0,
      51.0,
      23.0,
      14.0,
      794.0,
      0.0,
      10.0,
      3.0
    ],
    [
      90.0,
      3.0,
      15.0,
      30.0,
      54.0,
      43.0,
      0.0,
      758.0,
      1.0,
      6.0
    ],
    [
      232.0,
      8.0,
      2.0,
      3.0,
      1.0,
      1.0,
      1.0,
      2.0,
      742.0,
      8.0
    ],
    [
      111.0,
      38.0,
      3.0,
      9.0,
      0.0,
      2.0,
      0.0,
      2.0,
      8.0,
      827.0
    ]
  ],
  "classRecall": [
    0.9710000157356262,
    0.8650000095367432,
    0.6200000047683716,
    0.6169999837875366,
    0.8389999866485596,
    0.7250000238418579,
    0.7940000295639038,
    0.7580000162124634,
    0.7419999837875366,
    0.8270000219345093
  ],
  "classPrecision": [
    0.49414756894111633,
    0.9291085004806519,
    0.7337278127670288,
    0.6840354800224304,
    0.7998093366622925,
    0.7688229084014893,
    0.9286549687385559,
    0.9277845621109009,
    0.9380530714988708,
    0.9168514609336853
  ],
  "classes": [
    "plane",
    "car",
    "bird",
    "cat",
    "deer",
    "dog",
    "frog",
    "horse",
    "ship",
    "truck"
  ]
}