{
  "name": "model",
  "metrics": {
    "train_loss": [
      1.3730524605648085,
      1.0007803206416694,
      0.741003232923421,
      0.5757367961447347,
      0.466393821534108,
      0.410672496072948,
      0.31323567595840857,
      0.27620858199555764,
      0.2281488113062964,
      0.3516848458146507,
      0.2717572473709218,
      0.241845040010627
    ],
    "train_accuracy": [
      0.4978666666666667,
      0.6507333333333334,
      0.7488,
      0.8005777777777778,
      0.8451555555555555,
      0.8619111111111111,
      0.8956444444444445,
      0.9109111111111111,
      0.9263777777777777,
      0.8890222222222223,
      0.9100222222222222,
      0.9262666666666667
    ],
    "val_loss": [
      1.3712987303733826,
      1.0170396625995637,
      0.8131786331534385,
      0.6921410530805587,
      0.6099147766828537,
      0.6116852954030036,
      0.5564937919378281,
      0.5425013668835164,
      0.5339787300676108,
      0.8003397878259421,
      0.7601353295147419,
      0.7803432380780577
    ],
    "val_accuracy": [
      0.4966,
      0.641,
      0.7096,
      0.756,
      0.7876,
      0.7948,
      0.8074,
      0.814,
      0.8248,
      0.7818,
      0.7934,
      0.8046
    ]
  },
  "accuracy": 0.7922,
  "confusion": [
    [
      933.0,
      3.0,
      17.0,
      11.0,
      5.0,
      1.0,
      2.0,
      10.0,
      14.0,
      4.0
    ],
    [
      63.0,
      847.0,
      6.0,
      9.0,
      0.0,
      7.0,
      5.0,
      7.0,
      18.0,
      38.0
    ],
    [
      94.0,
      1.0,
      735.0,
      53.0,
      47.0,
      25.0,
      27.0,
      15.0,
      2.0,
      1.0
    ],
    [
      38.0,
      0.0,
      50.0,
      703.0,
      42.0,
      105.0,
      33.0,
      22.0,
      5.0,
      2.0
    ],
    [
      19.0,
      1.0,
      30.0,
      45.0,
      837.0,
      19.0,
      20.0,
      27.0,
      2.0,
      0.0
    ],
    [
      12.0,
      0.0,
      49.0,
      183.0,
      40.0,
      691.0,
      10.0,
      15.0,
      0.0,
      0.0
    ],
    [
      14.0,
      1.0,
      43.0,
      54.0,
      33.0,
      9.0,
      838.0,
      4.0,
      3.0,
      1.0
    ],
    [
      7.0,
      0.0,
      22.0,
      37.0,
      58.0,
      26.0,
      3.0,
      843.0,
      2.0,
      2.0
    ],
    [
      291.0,
      4.0,
      12.0,
      4.0,
      4.0,
      5.0,
      2.0,
      6.0,
      665.0,
      7.0
    ],
    [
      70.0,
      35.0,
      7.0,
      15.0,
      1.0,
      9.0,
      6.0,
      12.0,
      15.0,
      830.0
    ]
  ],
  "classRecall": [
    0.9330000281333923,
    0.847000002861023,
    0.7350000143051147,
    0.703000009059906,
    0.8370000123977661,
    0.6909999847412109,
    0.8379999995231628,
    0.8429999947547913,
    0.6650000214576721,
    0.8299999833106995
  ],
  "classPrecision": [
    0.6054509878158569,
    0.9495515823364258,
    0.7569515705108643,
    0.6310592293739319,
    0.7844423651695251,
    0.7703455686569214,
    0.8858351111412048,
    0.8772112131118774,
    0.915977954864502,
    0.9378530979156494
  ],
  "classes": [
    "plane",
    "car",
    "bird",
    "cat",
    "deer",
    "dog",
    "frog",
    "horse",
    "ship",
    "truck"
  ]
}