{
  "name": "model",
  "metrics": {
    "train_loss": [
      0.1499121758504219,
      0.11085025135039295,
      0.08270009405805036,
      0.07592410954174485,
      0.06052563363527305
    ],
    "train_accuracy": [
      0.9563518518518519,
      0.9665370370370371,
      0.9758148148148148,
      0.9786296296296296,
      0.9823148148148149
    ],
    "val_loss": [
      0.1605743593040933,
      0.13206372085086843,
      0.10763266468618779,
      0.10046057640872103,
      0.08663744471491651
    ],
    "val_accuracy": [
      0.9515,
      0.963,
      0.969,
      0.97,
      0.9733333333333334
    ]
  },
  "accuracy": 0.9747,
  "confusion": [
    [
      971.0,
      0.0,
      1.0,
      1.0,
      0.0,
      1.0,
      2.0,
      1.0,
      3.0,
      0.0
    ],
    [
      0.0,
      1126.0,
      2.0,
      2.0,
      0.0,
      1.0,
      1.0,
      0.0,
      3.0,
      0.0
    ],
    [
      4.0,
      0.0,
      1011.0,
      1.0,
      2.0,
      0.0,
      1.0,
      8.0,
      5.0,
      0.0
    ],
    [
      0.0,
      0.0,
      8.0,
      980.0,
      0.0,
      6.0,
      0.0,
      8.0,
      6.0,
      2.0
    ],
    [
      1.0,
      0.0,
      5.0,
      0.0,
      959.0,
      0.0,
      4.0,
      3.0,
      2.0,
      8.0
    ],
    [
      2.0,
      0.0,
      0.0,
      7.0,
      3.0,
      868.0,
      6.0,
      1.0,
      3.0,
      2.0
    ],
    [
      6.0,
      3.0,
      0.0,
      1.0,
      4.0,
      2.0,
      938.0,
      0.0,
      4.0,
      0.0
    ],
    [
      2.0,
      6.0,
      11.0,
      0.0,
      0.0,
      0.0,
      0.0,
      1000.0,
      1.0,
      8.0
    ],
    [
      9.0,
      0.0,
      3.0,
      4.0,
      7.0,
      4.0,
      3.0,
      4.0,
      937.0,
      3.0
    ],
    [
      3.0,
      4.0,
      1.0,
      6.0,
      18.0,
      4.0,
      1.0,
      8.0,
      7.0,
      957.0
    ]
  ],
  "classRecall": [
    0.9908163547515869,
    0.9920704960823059,
    0.979651153087616,
    0.9702970385551453,
    0.976578414440155,
    0.9730941653251648,
    0.9791231751441956,
    0.9727626442909241,
    0.9620122909545898,
    0.9484637975692749
  ],
  "classPrecision": [
    0.9729458689689636,
    0.9885864853858948,
    0.9702495336532593,
    0.9780439138412476,
    0.965760350227356,
    0.9796839952468872,
    0.9811715483665466,
    0.9680542349815369,
    0.9649845361709595,
    0.9765306115150452
  ],
  "classes": [
    0,
    1,
    2,
    3,
    4,
    5,
    6,
    7,
    8,
    9
  ]
}