{
  "name": "model",
  "metrics": {
    "train_loss": [
      1.3454577424986796,
      0.9562126310034231,
      0.7375564170493321,
      0.572359820235182,
      0.441554683175954,
      0.39827010670507496,
      0.317443026822399,
      0.3063097514889457,
      0.21223172147504307,
      0.1808096274564212,
      0.15835949973287908,
      0.15013005324131387
    ],
    "train_accuracy": [
      0.5083555555555556,
      0.6608888888888889,
      0.7430444444444444,
      0.8100222222222222,
      0.8535333333333334,
      0.8617333333333334,
      0.8929333333333334,
      0.8937111111111111,
      0.9293333333333333,
      0.9402666666666667,
      0.9464666666666667,
      0.9507333333333333
    ],
    "val_loss": [
      1.3364102751016618,
      0.9909612327814102,
      0.8086817100644111,
      0.6805994004011154,
      0.621199332922697,
      0.6080905854701996,
      0.5770052164793015,
      0.6187902823090553,
      0.5423611119389534,
      0.5467327270656824,
      0.575138098699972,
      0.6112081691622734
    ],
    "val_accuracy": [
      0.5096,
      0.6494,
      0.721,
      0.7662,
      0.7948,
      0.7904,
      0.8132,
      0.7986,
      0.8252,
      0.8208,
      0.8258,
      0.817
    ]
  },
  "accuracy": 0.8157,
  "confusion": [
    [
      886.0,
      10.0,
      37.0,
      19.0,
      7.0,
      6.0,
      4.0,
      5.0,
      14.0,
      12.0
    ],
    [
      16.0,
      930.0,
      3.0,
      7.0,
      2.0,
      4.0,
      1.0,
      0.0,
      8.0,
      29.0
    ],
    [
      65.0,
      4.0,
      740.0,
      42.0,
      42.0,
      43.0,
      42.0,
      15.0,
      5.0,
      2.0
    ],
    [
      23.0,
      4.0,
      55.0,
      642.0,
      36.0,
      132.0,
      70.0,
      25.0,
      4.0,
      9.0
    ],
    [
      14.0,
      3.0,
      43.0,
      29.0,
      741.0,
      53.0,
      52.0,
      62.0,
      2.0,
      1.0
    ],
    [
      8.0,
      6.0,
      44.0,
      123.0,
      21.0,
      752.0,
      19.0,
      23.0,
      3.0,
      1.0
    ],
    [
      5.0,
      1.0,
      35.0,
      23.0,
      9.0,
      8.0,
      912.0,
      6.0,
      1.0,
      0.0
    ],
    [
      15.0,
      1.0,
      19.0,
      30.0,
      21.0,
      42.0,
      1.0,
      863.0,
      1.0,
      7.0
    ],
    [
      99.0,
      18.0,
      12.0,
      14.0,
      4.0,
      0.0,
      7.0,
      2.0,
      822.0,
      22.0
    ],
    [
      31.0,
      71.0,
      7.0,
      4.0,
      4.0,
      2.0,
      4.0,
      3.0,
      5.0,
      869.0
    ]
  ],
  "classRecall": [
    0.8859999775886536,
    0.9300000071525574,
    0.7400000095367432,
    0.6420000195503235,
    0.7409999966621399,
    0.7519999742507935,
    0.9120000004768372,
    0.8629999756813049,
    0.8220000267028809,
    0.8690000176429749
  ],
  "classPrecision": [
    0.7624784708023071,
    0.8874045610427856,
    0.7437185645103455,
    0.6881029009819031,
    0.8354002237319946,
    0.7216890454292297,
    0.8201438784599304,
    0.8595617413520813,
    0.9502890110015869,
    0.9128151535987854
  ],
  "classes": [
    "plane",
    "car",
    "bird",
    "cat",
    "deer",
    "dog",
    "frog",
    "horse",
    "ship",
    "truck"
  ]
}