{
  "name": "model",
  "metrics": {
    "train_loss": [
      1.391105541112748,
      0.9745667878199707,
      0.7111744626679204,
      0.5923185635527427,
      0.4981198234652931,
      0.38877471210435033,
      0.33744845780628646,
      0.27450492457402026,
      0.23708420102907854,
      0.19621728428385474,
      0.1663234097967771,
      0.12056355694816871
    ],
    "train_accuracy": [
      0.5035333333333334,
      0.6514888888888889,
      0.7500222222222223,
      0.7893777777777777,
      0.8302888888888889,
      0.8760444444444444,
      0.8911333333333333,
      0.9081111111111111,
      0.9201333333333334,
      0.9304,
      0.9471333333333334,
      0.9598666666666666
    ],
    "val_loss": [
      1.3956638917326927,
      1.0220246315002441,
      0.7908704623579978,
      0.6857199907302857,
      0.6453555129468441,
      0.5482290223240852,
      0.5544392488896847,
      0.5554364986717701,
      0.5756624199450016,
      0.5705680847167969,
      0.5587234348058701,
      0.5805979073047638
    ],
    "val_accuracy": [
      0.49,
      0.6354,
      0.7108,
      0.7534,
      0.7776,
      0.8048,
      0.8066,
      0.806,
      0.814,
      0.8194,
      0.8248,
      0.829
    ]
  },
  "accuracy": 0.8323,
  "confusion": [
    [
      896.0,
      3.0,
      17.0,
      9.0,
      6.0,
      1.0,
      3.0,
      2.0,
      46.0,
      17.0
    ],
    [
      8.0,
      887.0,
      0.0,
      0.0,
      2.0,
      3.0,
      1.0,
      0.0,
      21.0,
      78.0
    ],
    [
      69.0,
      2.0,
      699.0,
      46.0,
      51.0,
      50.0,
      55.0,
      15.0,
      10.0,
      3.0
    ],
    [
      26.0,
      2.0,
      35.0,
      672.0,
      30.0,
      144.0,
      56.0,
      14.0,
      14.0,
      7.0
    ],
    [
      18.0,
      0.0,
      40.0,
      46.0,
      808.0,
      20.0,
      45.0,
      16.0,
      7.0,
      0.0
    ],
    [
      12.0,
      1.0,
      17.0,
      99.0,
      24.0,
      802.0,
      14.0,
      25.0,
      5.0,
      1.0
    ],
    [
      6.0,
      1.0,
      22.0,
      47.0,
      8.0,
      19.0,
      885.0,
      4.0,
      5.0,
      3.0
    ],
    [
      22.0,
      2.0,
      17.0,
      28.0,
      45.0,
      26.0,
      2.0,
      847.0,
      3.0,
      8.0
    ],
    [
      41.0,
      4.0,
      3.0,
      10.0,
      4.0,
      1.0,
      4.0,
      3.0,
      918.0,
      12.0
    ],
    [
      30.0,
      22.0,
      1.0,
      7.0,
      1.0,
      2.0,
      6.0,
      4.0,
      18.0,
      909.0
    ]
  ],
  "classRecall": [
    0.8960000276565552,
    0.8870000243186951,
    0.6990000009536743,
    0.671999990940094,
    0.8080000281333923,
    0.8019999861717224,
    0.8849999904632568,
    0.847000002861023,
    0.9179999828338623,
    0.9089999794960022
  ],
  "classPrecision": [
    0.7943262457847595,
    0.959956705570221,
    0.8213865756988525,
    0.6970954537391663,
    0.82533198595047,
    0.7509363293647766,
    0.8263305425643921,
    0.9107527136802673,
    0.8767908215522766,
    0.8757225275039673
  ],
  "classes": [
    "plane",
    "car",
    "bird",
    "cat",
    "deer",
    "dog",
    "frog",
    "horse",
    "ship",
    "truck"
  ]
}