{
  "name": "model",
  "metrics": {
    "train_loss": [
      1.38335700400851,
      1.0599576863036915,
      0.7940767219459469,
      0.6135776616124944,
      0.49213773994283244,
      0.441874666816809,
      0.36119995257732546,
      0.325076480650089,
      0.563897044270892,
      0.2715989553623579,
      0.28890243293294177,
      0.32741884057494725
    ],
    "train_accuracy": [
      0.48962222222222224,
      0.6245777777777778,
      0.7237777777777777,
      0.7818444444444445,
      0.8298,
      0.8478888888888889,
      0.8762888888888889,
      0.8848666666666667,
      0.8312888888888889,
      0.9092888888888889,
      0.9068888888888889,
      0.8996
    ],
    "val_loss": [
      1.3786242693662643,
      1.0753076791763305,
      0.8391779825091362,
      0.7340060070157051,
      0.6407654702663421,
      0.6208354257047176,
      0.5882666252553463,
      0.6350996479392051,
      0.9426139950752258,
      0.7491343788802624,
      0.7544448174536228,
      0.8639729231595993
    ],
    "val_accuracy": [
      0.4932,
      0.615,
      0.7012,
      0.7416,
      0.7748,
      0.786,
      0.7998,
      0.796,
      0.7396,
      0.7954,
      0.7878,
      0.7812
    ]
  },
  "accuracy": 0.7729,
  "confusion": [
    [
      974.0,
      1.0,
      1.0,
      5.0,
      2.0,
      2.0,
      1.0,
      1.0,
      11.0,
      2.0
    ],
    [
      71.0,
      881.0,
      1.0,
      4.0,
      2.0,
      2.0,
      1.0,
      0.0,
      18.0,
      20.0
    ],
    [
      240.0,
      2.0,
      554.0,
      74.0,
      28.0,
      59.0,
      23.0,
      13.0,
      4.0,
      3.0
    ],
    [
      78.0,
      4.0,
      25.0,
      661.0,
      22.0,
      160.0,
      17.0,
      16.0,
      12.0,
      5.0
    ],
    [
      95.0,
      1.0,
      25.0,
      69.0,
      719.0,
      33.0,
      14.0,
      40.0,
      3.0,
      1.0
    ],
    [
      37.0,
      1.0,
      19.0,
      114.0,
      11.0,
      787.0,
      5.0,
      23.0,
      3.0,
      0.0
    ],
    [
      43.0,
      0.0,
      21.0,
      83.0,
      18.0,
      19.0,
      803.0,
      7.0,
      6.0,
      0.0
    ],
    [
      55.0,
      0.0,
      9.0,
      41.0,
      18.0,
      52.0,
      0.0,
      818.0,
      2.0,
      5.0
    ],
    [
      203.0,
      3.0,
      3.0,
      6.0,
      0.0,
      3.0,
      2.0,
      1.0,
      775.0,
      4.0
    ],
    [
      134.0,
      74.0,
      1.0,
      5.0,
      0.0,
      4.0,
      1.0,
      1.0,
      23.0,
      757.0
    ]
  ],
  "classRecall": [
    0.9739999771118164,
    0.8809999823570251,
    0.5540000200271606,
    0.6610000133514404,
    0.718999981880188,
    0.7870000004768372,
    0.8029999732971191,
    0.8180000185966492,
    0.7749999761581421,
    0.7570000290870667
  ],
  "classPrecision": [
    0.5046632289886475,
    0.9110651612281799,
    0.8406676650047302,
    0.6224105358123779,
    0.8768292665481567,
    0.7020517587661743,
    0.926182210445404,
    0.8891304135322571,
    0.9043173789978027,
    0.9498118162155151
  ],
  "classes": [
    "plane",
    "car",
    "bird",
    "cat",
    "deer",
    "dog",
    "frog",
    "horse",
    "ship",
    "truck"
  ]
}