{
  "name": "model",
  "metrics": {
    "train_loss": [
      0.15884818884398416,
      0.10936781812141433,
      0.08511191941974287,
      0.07208010899035427,
      0.06355936476360495
    ],
    "train_accuracy": [
      0.9525555555555556,
      0.9684074074074074,
      0.9757222222222223,
      0.9785925925925926,
      0.9806666666666667
    ],
    "val_loss": [
      0.1763888749670475,
      0.13019414594832887,
      0.11655867844820023,
      0.10147859619811495,
      0.09093788147289703
    ],
    "val_accuracy": [
      0.9495,
      0.9621666666666666,
      0.9673333333333334,
      0.971,
      0.974
    ]
  },
  "accuracy": 0.9726,
  "confusion": [
    [
      971.0,
      0.0,
      0.0,
      0.0,
      0.0,
      2.0,
      2.0,
      1.0,
      4.0,
      0.0
    ],
    [
      0.0,
      1118.0,
      3.0,
      1.0,
      0.0,
      1.0,
      4.0,
      0.0,
      8.0,
      0.0
    ],
    [
      5.0,
      1.0,
      1012.0,
      2.0,
      2.0,
      0.0,
      0.0,
      7.0,
      3.0,
      0.0
    ],
    [
      1.0,
      0.0,
      8.0,
      974.0,
      0.0,
      11.0,
      0.0,
      9.0,
      3.0,
      4.0
    ],
    [
      1.0,
      0.0,
      4.0,
      0.0,
      937.0,
      0.0,
      4.0,
      1.0,
      4.0,
      31.0
    ],
    [
      2.0,
      0.0,
      0.0,
      1.0,
      1.0,
      873.0,
      8.0,
      0.0,
      4.0,
      3.0
    ],
    [
      9.0,
      2.0,
      0.0,
      0.0,
      2.0,
      6.0,
      937.0,
      0.0,
      2.0,
      0.0
    ],
    [
      1.0,
      9.0,
      11.0,
      2.0,
      0.0,
      0.0,
      0.0,
      989.0,
      1.0,
      15.0
    ],
    [
      4.0,
      0.0,
      3.0,
      2.0,
      5.0,
      7.0,
      6.0,
      3.0,
      941.0,
      3.0
    ],
    [
      4.0,
      5.0,
      1.0,
      6.0,
      5.0,
      3.0,
      0.0,
      5.0,
      6.0,
      974.0
    ]
  ],
  "classRecall": [
    0.9908163547515869,
    0.9850220084190369,
    0.9806201457977295,
    0.9643564224243164,
    0.9541751742362976,
    0.9786995649337769,
    0.9780793190002441,
    0.9620622396469116,
    0.966119110584259,
    0.9653121829032898
  ],
  "classPrecision": [
    0.9729458689689636,
    0.9850220084190369,
    0.9712092280387878,
    0.9858299493789673,
    0.9842436909675598,
    0.9667773842811584,
    0.97502601146698,
    0.9743842482566833,
    0.9641393423080444,
    0.9456310868263245
  ],
  "classes": [
    0,
    1,
    2,
    3,
    4,
    5,
    6,
    7,
    8,
    9
  ]
}