{
  "name": "model",
  "metrics": {
    "train_loss": [
      1.4560296325521036,
      0.9775565300475467,
      0.729747668585994,
      0.6113943911411546,
      0.48145337851548736,
      0.37979004853828385,
      0.33702422390607273,
      0.3421087826771492,
      0.22505362092686648,
      0.19721955147741194,
      0.14591610979881475,
      0.13277102419471537
    ],
    "train_accuracy": [
      0.47024444444444446,
      0.6541555555555556,
      0.7509555555555556,
      0.7869777777777778,
      0.8329333333333333,
      0.8709777777777777,
      0.8856,
      0.8814,
      0.9245111111111111,
      0.9359777777777778,
      0.9521111111111111,
      0.9548
    ],
    "val_loss": [
      1.463066190481186,
      1.0143877908587455,
      0.8094139948487282,
      0.7270333573222161,
      0.6460569709539413,
      0.5745097167789937,
      0.5514670550823212,
      0.6102435261011123,
      0.5403692507650704,
      0.5492175772786141,
      0.5594274878036231,
      0.6275057725608348
    ],
    "val_accuracy": [
      0.452,
      0.6324,
      0.7126,
      0.7416,
      0.7776,
      0.8044,
      0.8102,
      0.7926,
      0.8202,
      0.8204,
      0.8234,
      0.8194
    ]
  },
  "accuracy": 0.8273,
  "confusion": [
    [
      917.0,
      4.0,
      9.0,
      11.0,
      4.0,
      1.0,
      4.0,
      5.0,
      19.0,
      26.0
    ],
    [
      12.0,
      887.0,
      1.0,
      3.0,
      2.0,
      3.0,
      5.0,
      0.0,
      12.0,
      75.0
    ],
    [
      100.0,
      6.0,
      632.0,
      62.0,
      75.0,
      32.0,
      59.0,
      19.0,
      7.0,
      8.0
    ],
    [
      18.0,
      2.0,
      32.0,
      724.0,
      50.0,
      90.0,
      37.0,
      31.0,
      9.0,
      7.0
    ],
    [
      15.0,
      1.0,
      19.0,
      43.0,
      832.0,
      10.0,
      23.0,
      54.0,
      3.0,
      0.0
    ],
    [
      13.0,
      1.0,
      21.0,
      154.0,
      34.0,
      732.0,
      3.0,
      39.0,
      3.0,
      0.0
    ],
    [
      10.0,
      2.0,
      17.0,
      52.0,
      23.0,
      8.0,
      878.0,
      4.0,
      6.0,
      0.0
    ],
    [
      10.0,
      1.0,
      9.0,
      43.0,
      28.0,
      20.0,
      3.0,
      875.0,
      1.0,
      10.0
    ],
    [
      68.0,
      15.0,
      5.0,
      5.0,
      2.0,
      2.0,
      3.0,
      2.0,
      877.0,
      21.0
    ],
    [
      29.0,
      25.0,
      1.0,
      9.0,
      2.0,
      3.0,
      2.0,
      5.0,
      5.0,
      919.0
    ]
  ],
  "classRecall": [
    0.9169999957084656,
    0.8870000243186951,
    0.6320000290870667,
    0.7239999771118164,
    0.8320000171661377,
    0.7319999933242798,
    0.878000020980835,
    0.875,
    0.8769999742507935,
    0.9190000295639038
  ],
  "classPrecision": [
    0.7692952752113342,
    0.9396186470985413,
    0.8471850156784058,
    0.6546112298965454,
    0.7908745408058167,
    0.8124306201934814,
    0.8633235096931458,
    0.8462282419204712,
    0.9309978485107422,
    0.8621013164520264
  ],
  "classes": [
    "plane",
    "car",
    "bird",
    "cat",
    "deer",
    "dog",
    "frog",
    "horse",
    "ship",
    "truck"
  ]
}