{
  "name": "model",
  "metrics": {
    "train_loss": [
      0.16212561000933015,
      0.11441782428507839,
      0.08187691914359045,
      0.07907686209509159,
      0.07158623604430547
    ],
    "train_accuracy": [
      0.9520740740740741,
      0.9671851851851851,
      0.9758333333333333,
      0.9774074074074074,
      0.9791296296296297
    ],
    "val_loss": [
      0.17204332613247506,
      0.12925366724425175,
      0.10427186614338388,
      0.1059875571902128,
      0.09620732699144394
    ],
    "val_accuracy": [
      0.949,
      0.9646666666666667,
      0.969,
      0.97,
      0.9713333333333334
    ]
  },
  "accuracy": 0.9705,
  "confusion": [
    [
      976.0,
      1.0,
      0.0,
      0.0,
      0.0,
      1.0,
      0.0,
      1.0,
      1.0,
      0.0
    ],
    [
      0.0,
      1129.0,
      4.0,
      0.0,
      0.0,
      1.0,
      1.0,
      0.0,
      0.0,
      0.0
    ],
    [
      7.0,
      3.0,
      1011.0,
      0.0,
      2.0,
      0.0,
      1.0,
      7.0,
      1.0,
      0.0
    ],
    [
      1.0,
      0.0,
      13.0,
      979.0,
      0.0,
      1.0,
      0.0,
      8.0,
      6.0,
      2.0
    ],
    [
      1.0,
      0.0,
      5.0,
      0.0,
      955.0,
      0.0,
      4.0,
      0.0,
      0.0,
      17.0
    ],
    [
      11.0,
      1.0,
      0.0,
      27.0,
      1.0,
      838.0,
      5.0,
      2.0,
      6.0,
      1.0
    ],
    [
      12.0,
      3.0,
      1.0,
      0.0,
      7.0,
      3.0,
      929.0,
      0.0,
      3.0,
      0.0
    ],
    [
      3.0,
      5.0,
      13.0,
      3.0,
      1.0,
      0.0,
      0.0,
      997.0,
      0.0,
      6.0
    ],
    [
      12.0,
      4.0,
      8.0,
      5.0,
      6.0,
      5.0,
      5.0,
      3.0,
      922.0,
      4.0
    ],
    [
      5.0,
      6.0,
      0.0,
      8.0,
      9.0,
      1.0,
      0.0,
      7.0,
      4.0,
      969.0
    ]
  ],
  "classRecall": [
    0.9959183931350708,
    0.9947136640548706,
    0.979651153087616,
    0.9693069458007812,
    0.9725050926208496,
    0.939461886882782,
    0.9697285890579224,
    0.9698443412780762,
    0.9466118812561035,
    0.9603567719459534
  ],
  "classPrecision": [
    0.9494163393974304,
    0.9800347089767456,
    0.9582938551902771,
    0.9579256176948547,
    0.9734964370727539,
    0.9858823418617249,
    0.9830687642097473,
    0.9726829528808594,
    0.9777306318283081,
    0.9699699878692627
  ],
  "classes": [
    0,
    1,
    2,
    3,
    4,
    5,
    6,
    7,
    8,
    9
  ]
}