{
  "name": "model",
  "metrics": {
    "train_loss": [
      1.3369557424025102,
      1.0041961212727157,
      0.8013557734137232,
      0.5971598691222343,
      0.49803989566862583,
      0.4045393593524667,
      0.32511178738522256,
      0.26762546052817593,
      0.21782420431687075,
      0.18407280652106486,
      0.16526618833780626,
      0.1804293557493524
    ],
    "train_accuracy": [
      0.5101777777777777,
      0.6396666666666667,
      0.7207111111111111,
      0.7935555555555556,
      0.826,
      0.8642222222222222,
      0.8936888888888889,
      0.9142666666666667,
      0.9262666666666667,
      0.9350888888888889,
      0.9409333333333333,
      0.9400666666666667
    ],
    "val_loss": [
      1.3470809012651443,
      1.0424571439623833,
      0.8748259782791138,
      0.7258404120802879,
      0.6407548576593399,
      0.5959762670099735,
      0.546389789134264,
      0.5356532886624337,
      0.5587443437427282,
      0.578476819396019,
      0.6172760710120201,
      0.6842960976064205
    ],
    "val_accuracy": [
      0.4996,
      0.621,
      0.6902,
      0.744,
      0.7718,
      0.7946,
      0.8126,
      0.821,
      0.819,
      0.8208,
      0.812,
      0.8116
    ]
  },
  "accuracy": 0.8064,
  "confusion": [
    [
      950.0,
      4.0,
      5.0,
      2.0,
      2.0,
      0.0,
      1.0,
      3.0,
      23.0,
      10.0
    ],
    [
      17.0,
      907.0,
      0.0,
      3.0,
      1.0,
      1.0,
      2.0,
      2.0,
      19.0,
      48.0
    ],
    [
      177.0,
      2.0,
      617.0,
      38.0,
      47.0,
      34.0,
      50.0,
      22.0,
      6.0,
      7.0
    ],
    [
      93.0,
      3.0,
      45.0,
      609.0,
      38.0,
      117.0,
      46.0,
      19.0,
      13.0,
      17.0
    ],
    [
      54.0,
      1.0,
      42.0,
      33.0,
      796.0,
      14.0,
      40.0,
      14.0,
      5.0,
      1.0
    ],
    [
      44.0,
      0.0,
      40.0,
      105.0,
      37.0,
      736.0,
      10.0,
      20.0,
      4.0,
      4.0
    ],
    [
      21.0,
      2.0,
      38.0,
      49.0,
      18.0,
      8.0,
      850.0,
      4.0,
      6.0,
      4.0
    ],
    [
      47.0,
      1.0,
      15.0,
      19.0,
      54.0,
      19.0,
      5.0,
      829.0,
      1.0,
      10.0
    ],
    [
      100.0,
      9.0,
      3.0,
      4.0,
      1.0,
      0.0,
      2.0,
      3.0,
      864.0,
      14.0
    ],
    [
      26.0,
      40.0,
      2.0,
      2.0,
      1.0,
      2.0,
      3.0,
      6.0,
      12.0,
      906.0
    ]
  ],
  "classRecall": [
    0.949999988079071,
    0.9070000052452087,
    0.6169999837875366,
    0.609000027179718,
    0.7960000038146973,
    0.7360000014305115,
    0.8500000238418579,
    0.8289999961853027,
    0.8640000224113464,
    0.906000018119812
  ],
  "classPrecision": [
    0.6213211417198181,
    0.9360164999961853,
    0.7645601034164429,
    0.7048611044883728,
    0.800000011920929,
    0.790547788143158,
    0.8424182534217834,
    0.8991323113441467,
    0.9066107273101807,
    0.8873653411865234
  ],
  "classes": [
    "plane",
    "car",
    "bird",
    "cat",
    "deer",
    "dog",
    "frog",
    "horse",
    "ship",
    "truck"
  ]
}