{
  "name": "model",
  "metrics": {
    "train_loss": [
      0.14978007909563762,
      0.10965002506035623,
      0.09352151021334867,
      0.0703330965518457,
      0.06091949514276679
    ],
    "train_accuracy": [
      0.9559074074074074,
      0.968462962962963,
      0.9725185185185186,
      0.9799629629629629,
      0.9816111111111111
    ],
    "val_loss": [
      0.16036496794921287,
      0.1262604759094563,
      0.11397316017524993,
      0.09751726758289844,
      0.09364454971348986
    ],
    "val_accuracy": [
      0.9516666666666667,
      0.9648333333333333,
      0.9656666666666667,
      0.9725,
      0.9741666666666666
    ]
  },
  "accuracy": 0.9732,
  "confusion": [
    [
      970.0,
      1.0,
      1.0,
      0.0,
      1.0,
      1.0,
      3.0,
      1.0,
      2.0,
      0.0
    ],
    [
      0.0,
      1124.0,
      4.0,
      1.0,
      0.0,
      1.0,
      3.0,
      0.0,
      2.0,
      0.0
    ],
    [
      5.0,
      1.0,
      1007.0,
      1.0,
      4.0,
      0.0,
      2.0,
      8.0,
      4.0,
      0.0
    ],
    [
      0.0,
      0.0,
      8.0,
      988.0,
      0.0,
      2.0,
      0.0,
      6.0,
      3.0,
      3.0
    ],
    [
      0.0,
      1.0,
      3.0,
      0.0,
      944.0,
      0.0,
      5.0,
      3.0,
      0.0,
      26.0
    ],
    [
      3.0,
      1.0,
      0.0,
      18.0,
      2.0,
      855.0,
      4.0,
      0.0,
      5.0,
      4.0
    ],
    [
      5.0,
      3.0,
      0.0,
      0.0,
      8.0,
      4.0,
      936.0,
      0.0,
      2.0,
      0.0
    ],
    [
      3.0,
      8.0,
      11.0,
      1.0,
      0.0,
      0.0,
      0.0,
      987.0,
      4.0,
      14.0
    ],
    [
      5.0,
      3.0,
      1.0,
      8.0,
      5.0,
      3.0,
      2.0,
      2.0,
      941.0,
      4.0
    ],
    [
      3.0,
      4.0,
      0.0,
      7.0,
      8.0,
      3.0,
      0.0,
      4.0,
      0.0,
      980.0
    ]
  ],
  "classRecall": [
    0.9897959232330322,
    0.9903083443641663,
    0.9757751822471619,
    0.9782178401947021,
    0.9613034725189209,
    0.9585201740264893,
    0.9770354628562927,
    0.9601167440414429,
    0.966119110584259,
    0.9712586998939514
  ],
  "classPrecision": [
    0.9758551120758057,
    0.9808027744293213,
    0.9729468822479248,
    0.96484375,
    0.9711934328079224,
    0.9838895201683044,
    0.9801046848297119,
    0.9762611389160156,
    0.9771547317504883,
    0.9505334496498108
  ],
  "classes": [
    0,
    1,
    2,
    3,
    4,
    5,
    6,
    7,
    8,
    9
  ]
}