{
  "name": "model",
  "metrics": {
    "train_loss": [
      1.3816027712415566,
      0.9685323778539896,
      0.769061213020574,
      0.5589118901301514,
      0.45516810642386024,
      0.37156589481640945,
      0.34446677523241803,
      0.3098761959594082,
      0.23489998213269495,
      0.2226356642574749,
      0.17214775083332576,
      0.13744503672404046
    ],
    "train_accuracy": [
      0.4978666666666667,
      0.655,
      0.7301555555555556,
      0.8076,
      0.8499111111111111,
      0.8745333333333334,
      0.8870444444444444,
      0.8945555555555555,
      0.9231333333333334,
      0.9253555555555556,
      0.9406444444444444,
      0.9586222222222223
    ],
    "val_loss": [
      1.3911994814872741,
      1.018508154153824,
      0.8259074330329895,
      0.6980038553476333,
      0.6231769174337387,
      0.5653530403971672,
      0.5770570732653141,
      0.5757047485560178,
      0.5576347813010216,
      0.5957560412585735,
      0.5649565946310758,
      0.5466408742591738
    ],
    "val_accuracy": [
      0.4912,
      0.6262,
      0.6992,
      0.7576,
      0.7862,
      0.803,
      0.8052,
      0.8016,
      0.8186,
      0.8052,
      0.8202,
      0.8188
    ]
  },
  "accuracy": 0.8205,
  "confusion": [
    [
      860.0,
      9.0,
      39.0,
      23.0,
      4.0,
      8.0,
      9.0,
      7.0,
      21.0,
      20.0
    ],
    [
      11.0,
      925.0,
      2.0,
      4.0,
      1.0,
      2.0,
      4.0,
      0.0,
      8.0,
      43.0
    ],
    [
      56.0,
      7.0,
      700.0,
      40.0,
      44.0,
      74.0,
      56.0,
      14.0,
      2.0,
      7.0
    ],
    [
      10.0,
      6.0,
      38.0,
      631.0,
      34.0,
      180.0,
      67.0,
      18.0,
      6.0,
      10.0
    ],
    [
      22.0,
      1.0,
      42.0,
      45.0,
      759.0,
      41.0,
      39.0,
      46.0,
      4.0,
      1.0
    ],
    [
      7.0,
      3.0,
      16.0,
      94.0,
      20.0,
      822.0,
      10.0,
      25.0,
      2.0,
      1.0
    ],
    [
      4.0,
      5.0,
      16.0,
      23.0,
      17.0,
      24.0,
      903.0,
      5.0,
      1.0,
      2.0
    ],
    [
      11.0,
      0.0,
      14.0,
      21.0,
      22.0,
      61.0,
      4.0,
      858.0,
      1.0,
      8.0
    ],
    [
      83.0,
      22.0,
      10.0,
      10.0,
      4.0,
      0.0,
      14.0,
      2.0,
      835.0,
      20.0
    ],
    [
      22.0,
      34.0,
      3.0,
      6.0,
      1.0,
      1.0,
      4.0,
      7.0,
      10.0,
      912.0
    ]
  ],
  "classRecall": [
    0.8600000143051147,
    0.925000011920929,
    0.699999988079071,
    0.6309999823570251,
    0.7590000033378601,
    0.8220000267028809,
    0.902999997138977,
    0.8579999804496765,
    0.8349999785423279,
    0.9120000004768372
  ],
  "classPrecision": [
    0.7918968796730042,
    0.9140316247940063,
    0.7954545617103577,
    0.7034559845924377,
    0.8377483487129211,
    0.6776586771011353,
    0.8135135173797607,
    0.8737270832061768,
    0.9382022619247437,
    0.890625
  ],
  "classes": [
    "plane",
    "car",
    "bird",
    "cat",
    "deer",
    "dog",
    "frog",
    "horse",
    "ship",
    "truck"
  ]
}