{
  "name": "model",
  "metrics": {
    "train_loss": [
      1.3654602637345141,
      1.0548921933566981,
      0.7580026523633436,
      0.5659822082485665,
      0.5047941845418378,
      0.43785649724304676,
      0.33462152058597316,
      0.3308834863657301,
      0.27365142750469124,
      0.1750563240652396,
      0.15700864493423564,
      0.14530409525402568
    ],
    "train_accuracy": [
      0.49655555555555553,
      0.6329111111111111,
      0.7371555555555556,
      0.8064888888888889,
      0.8244666666666667,
      0.8542222222222222,
      0.8863111111111112,
      0.8883555555555556,
      0.9047777777777778,
      0.9414444444444444,
      0.9462,
      0.9486222222222223
    ],
    "val_loss": [
      1.3751581728458404,
      1.1059999600052834,
      0.8364203870296478,
      0.6734088748693466,
      0.6614264212548733,
      0.6048493765294551,
      0.5671418394893408,
      0.5799133781343698,
      0.6228658005595207,
      0.5397744629764929,
      0.595120741520077,
      0.7332835048437119
    ],
    "val_accuracy": [
      0.4974,
      0.6106,
      0.7026,
      0.7644,
      0.7694,
      0.789,
      0.8046,
      0.809,
      0.8014,
      0.8334,
      0.8194,
      0.8178
    ]
  },
  "accuracy": 0.8183,
  "confusion": [
    [
      943.0,
      5.0,
      12.0,
      5.0,
      3.0,
      0.0,
      1.0,
      9.0,
      15.0,
      7.0
    ],
    [
      19.0,
      916.0,
      2.0,
      2.0,
      1.0,
      1.0,
      4.0,
      1.0,
      15.0,
      39.0
    ],
    [
      108.0,
      0.0,
      742.0,
      26.0,
      39.0,
      38.0,
      27.0,
      16.0,
      3.0,
      1.0
    ],
    [
      51.0,
      2.0,
      63.0,
      586.0,
      43.0,
      161.0,
      37.0,
      36.0,
      14.0,
      7.0
    ],
    [
      33.0,
      3.0,
      54.0,
      45.0,
      784.0,
      25.0,
      23.0,
      30.0,
      2.0,
      1.0
    ],
    [
      14.0,
      4.0,
      36.0,
      72.0,
      22.0,
      814.0,
      5.0,
      31.0,
      1.0,
      1.0
    ],
    [
      16.0,
      1.0,
      42.0,
      53.0,
      28.0,
      25.0,
      819.0,
      5.0,
      10.0,
      1.0
    ],
    [
      19.0,
      1.0,
      19.0,
      19.0,
      44.0,
      18.0,
      1.0,
      864.0,
      5.0,
      10.0
    ],
    [
      114.0,
      8.0,
      3.0,
      3.0,
      1.0,
      2.0,
      5.0,
      1.0,
      851.0,
      12.0
    ],
    [
      56.0,
      45.0,
      4.0,
      2.0,
      2.0,
      4.0,
      5.0,
      6.0,
      12.0,
      864.0
    ]
  ],
  "classRecall": [
    0.9430000185966492,
    0.9160000085830688,
    0.7419999837875366,
    0.5860000252723694,
    0.7839999794960022,
    0.8140000104904175,
    0.8190000057220459,
    0.8640000224113464,
    0.8510000109672546,
    0.8640000224113464
  ],
  "classPrecision": [
    0.6868171691894531,
    0.9299492239952087,
    0.7594677805900574,
    0.7207872271537781,
    0.8107548952102661,
    0.748161792755127,
    0.8834951519966125,
    0.8648648858070374,
    0.9170258641242981,
    0.9162248373031616
  ],
  "classes": [
    "plane",
    "car",
    "bird",
    "cat",
    "deer",
    "dog",
    "frog",
    "horse",
    "ship",
    "truck"
  ]
}