{
  "name": "model",
  "metrics": {
    "train_loss": [
      0.15300389473719336,
      0.11470059055605489,
      0.09517170432778473,
      0.07036394627667716,
      0.06011462500274747
    ],
    "train_accuracy": [
      0.9548888888888889,
      0.9666296296296296,
      0.9732777777777778,
      0.9801851851851852,
      0.9827407407407407
    ],
    "val_loss": [
      0.1695036621803933,
      0.13312210768778274,
      0.1157076784429398,
      0.09206407608345468,
      0.09040634682837953
    ],
    "val_accuracy": [
      0.9485,
      0.963,
      0.9665,
      0.9735,
      0.9733333333333334
    ]
  },
  "accuracy": 0.9757,
  "confusion": [
    [
      972.0,
      0.0,
      0.0,
      0.0,
      0.0,
      2.0,
      2.0,
      1.0,
      3.0,
      0.0
    ],
    [
      0.0,
      1124.0,
      4.0,
      1.0,
      0.0,
      1.0,
      2.0,
      0.0,
      3.0,
      0.0
    ],
    [
      3.0,
      0.0,
      1016.0,
      0.0,
      0.0,
      0.0,
      2.0,
      6.0,
      5.0,
      0.0
    ],
    [
      0.0,
      0.0,
      5.0,
      986.0,
      0.0,
      5.0,
      0.0,
      5.0,
      7.0,
      2.0
    ],
    [
      1.0,
      0.0,
      3.0,
      0.0,
      953.0,
      0.0,
      13.0,
      2.0,
      0.0,
      10.0
    ],
    [
      2.0,
      1.0,
      0.0,
      3.0,
      1.0,
      873.0,
      7.0,
      0.0,
      4.0,
      1.0
    ],
    [
      6.0,
      3.0,
      0.0,
      1.0,
      3.0,
      3.0,
      938.0,
      0.0,
      4.0,
      0.0
    ],
    [
      2.0,
      7.0,
      14.0,
      1.0,
      1.0,
      0.0,
      0.0,
      993.0,
      2.0,
      8.0
    ],
    [
      3.0,
      0.0,
      4.0,
      4.0,
      5.0,
      5.0,
      6.0,
      4.0,
      939.0,
      4.0
    ],
    [
      3.0,
      3.0,
      1.0,
      6.0,
      16.0,
      4.0,
      2.0,
      6.0,
      5.0,
      963.0
    ]
  ],
  "classRecall": [
    0.9918367266654968,
    0.9903083443641663,
    0.9844961166381836,
    0.9762375950813293,
    0.9704684615135193,
    0.9786995649337769,
    0.9791231751441956,
    0.9659532904624939,
    0.9640657305717468,
    0.9544103145599365
  ],
  "classPrecision": [
    0.9798387289047241,
    0.9876977205276489,
    0.970391571521759,
    0.9840319156646729,
    0.9734423160552979,
    0.977603554725647,
    0.9650205969810486,
    0.976401150226593,
    0.9660493731498718,
    0.9746963381767273
  ],
  "classes": [
    0,
    1,
    2,
    3,
    4,
    5,
    6,
    7,
    8,
    9
  ]
}