{
  "name": "model",
  "metrics": {
    "train_loss": [
      0.15163156916321172,
      0.11116919477174492,
      0.09027826156184712,
      0.07574129884762433,
      0.06385931584065983
    ],
    "train_accuracy": [
      0.9565370370370371,
      0.9665185185185186,
      0.9732407407407407,
      0.9776296296296296,
      0.9803703703703703
    ],
    "val_loss": [
      0.16035357989529345,
      0.1294981316524617,
      0.11212681277476727,
      0.10161044103826614,
      0.10070345828190763
    ],
    "val_accuracy": [
      0.955,
      0.963,
      0.9691666666666666,
      0.9701666666666666,
      0.9715
    ]
  },
  "accuracy": 0.9743,
  "confusion": [
    [
      968.0,
      0.0,
      1.0,
      1.0,
      0.0,
      1.0,
      5.0,
      2.0,
      2.0,
      0.0
    ],
    [
      0.0,
      1125.0,
      2.0,
      1.0,
      0.0,
      1.0,
      4.0,
      0.0,
      2.0,
      0.0
    ],
    [
      6.0,
      1.0,
      999.0,
      3.0,
      0.0,
      0.0,
      2.0,
      8.0,
      13.0,
      0.0
    ],
    [
      0.0,
      0.0,
      2.0,
      989.0,
      0.0,
      6.0,
      0.0,
      6.0,
      5.0,
      2.0
    ],
    [
      1.0,
      0.0,
      3.0,
      0.0,
      957.0,
      0.0,
      15.0,
      2.0,
      2.0,
      2.0
    ],
    [
      3.0,
      0.0,
      0.0,
      3.0,
      1.0,
      871.0,
      7.0,
      1.0,
      4.0,
      2.0
    ],
    [
      4.0,
      3.0,
      0.0,
      1.0,
      3.0,
      5.0,
      941.0,
      0.0,
      1.0,
      0.0
    ],
    [
      1.0,
      6.0,
      7.0,
      2.0,
      1.0,
      0.0,
      0.0,
      1003.0,
      1.0,
      7.0
    ],
    [
      4.0,
      1.0,
      1.0,
      8.0,
      4.0,
      6.0,
      6.0,
      4.0,
      937.0,
      3.0
    ],
    [
      5.0,
      5.0,
      1.0,
      5.0,
      23.0,
      2.0,
      2.0,
      11.0,
      2.0,
      953.0
    ]
  ],
  "classRecall": [
    0.9877551198005676,
    0.9911894202232361,
    0.9680232405662537,
    0.9792079329490662,
    0.9745417237281799,
    0.976457417011261,
    0.982254683971405,
    0.975680947303772,
    0.9620122909545898,
    0.9444994926452637
  ],
  "classPrecision": [
    0.975806474685669,
    0.9859772324562073,
    0.9832677245140076,
    0.9763079881668091,
    0.9676440954208374,
    0.976457417011261,
    0.958248496055603,
    0.9672130942344666,
    0.9669762849807739,
    0.983488142490387
  ],
  "classes": [
    0,
    1,
    2,
    3,
    4,
    5,
    6,
    7,
    8,
    9
  ]
}