{
  "name": "model",
  "metrics": {
    "train_loss": [
      0.15556470802609954,
      0.104573921384334,
      0.0870166864065162,
      0.07524231320547196,
      0.059650516536934255
    ],
    "train_accuracy": [
      0.9557592592592593,
      0.9695925925925926,
      0.9744814814814815,
      0.9780555555555556,
      0.9828333333333333
    ],
    "val_loss": [
      0.17046526549978458,
      0.1285642039902667,
      0.1111452775670493,
      0.10069784581502701,
      0.08722799457609653
    ],
    "val_accuracy": [
      0.9525,
      0.9645,
      0.9661666666666666,
      0.9711666666666666,
      0.9751666666666666
    ]
  },
  "accuracy": 0.9749,
  "confusion": [
    [
      970.0,
      1.0,
      0.0,
      1.0,
      1.0,
      1.0,
      3.0,
      1.0,
      2.0,
      0.0
    ],
    [
      0.0,
      1126.0,
      2.0,
      1.0,
      0.0,
      1.0,
      3.0,
      1.0,
      1.0,
      0.0
    ],
    [
      5.0,
      1.0,
      1012.0,
      2.0,
      2.0,
      0.0,
      2.0,
      7.0,
      1.0,
      0.0
    ],
    [
      0.0,
      0.0,
      6.0,
      992.0,
      0.0,
      2.0,
      0.0,
      6.0,
      3.0,
      1.0
    ],
    [
      1.0,
      0.0,
      5.0,
      0.0,
      953.0,
      0.0,
      5.0,
      2.0,
      0.0,
      16.0
    ],
    [
      3.0,
      0.0,
      1.0,
      7.0,
      1.0,
      867.0,
      4.0,
      1.0,
      6.0,
      2.0
    ],
    [
      7.0,
      3.0,
      1.0,
      0.0,
      4.0,
      5.0,
      935.0,
      0.0,
      3.0,
      0.0
    ],
    [
      3.0,
      3.0,
      9.0,
      4.0,
      0.0,
      0.0,
      0.0,
      1001.0,
      1.0,
      7.0
    ],
    [
      4.0,
      1.0,
      8.0,
      7.0,
      4.0,
      4.0,
      4.0,
      4.0,
      932.0,
      6.0
    ],
    [
      6.0,
      4.0,
      0.0,
      12.0,
      8.0,
      5.0,
      0.0,
      9.0,
      4.0,
      961.0
    ]
  ],
  "classRecall": [
    0.9897959232330322,
    0.9920704960823059,
    0.9806201457977295,
    0.9821782112121582,
    0.9704684615135193,
    0.9719731211662292,
    0.9759916663169861,
    0.9737353920936584,
    0.9568788409233093,
    0.9524281620979309
  ],
  "classPrecision": [
    0.9709709882736206,
    0.9885864853858948,
    0.969348669052124,
    0.9668616056442261,
    0.9794450402259827,
    0.9796609878540039,
    0.9780334830284119,
    0.9699612259864807,
    0.9779643416404724,
    0.9677743911743164
  ],
  "classes": [
    0,
    1,
    2,
    3,
    4,
    5,
    6,
    7,
    8,
    9
  ]
}