{
  "name": "model",
  "metrics": {
    "train_loss": [
      1.3672820316119627,
      0.9651376456022263,
      0.7364300823008473,
      0.6398561578243971,
      0.532875108955936,
      0.41209468512203207,
      0.32812358866530383,
      0.2599372800270265,
      0.22302737743170423,
      0.1919698059897531,
      0.16796136389232494,
      0.16021506090394474
    ],
    "train_accuracy": [
      0.5020444444444444,
      0.6580444444444444,
      0.7394444444444445,
      0.7758888888888889,
      0.8165555555555556,
      0.8603777777777778,
      0.8893111111111112,
      0.9133555555555556,
      0.9255777777777778,
      0.9348666666666666,
      0.9444,
      0.9489555555555556
    ],
    "val_loss": [
      1.3795934587717056,
      1.002473209798336,
      0.8460724398493766,
      0.7638014644384384,
      0.6788270264863968,
      0.593851663544774,
      0.5463623717427254,
      0.5545650832355022,
      0.5784210458397865,
      0.5753907173871994,
      0.5604402253404259,
      0.5710834559053183
    ],
    "val_accuracy": [
      0.5022,
      0.6436,
      0.7124,
      0.739,
      0.77,
      0.7936,
      0.8112,
      0.8136,
      0.8198,
      0.8246,
      0.8242,
      0.8242
    ]
  },
  "accuracy": 0.817,
  "confusion": [
    [
      847.0,
      7.0,
      31.0,
      13.0,
      6.0,
      2.0,
      11.0,
      5.0,
      55.0,
      23.0
    ],
    [
      7.0,
      912.0,
      4.0,
      5.0,
      1.0,
      2.0,
      7.0,
      0.0,
      11.0,
      51.0
    ],
    [
      72.0,
      2.0,
      745.0,
      41.0,
      28.0,
      15.0,
      77.0,
      10.0,
      7.0,
      3.0
    ],
    [
      33.0,
      5.0,
      67.0,
      698.0,
      18.0,
      74.0,
      63.0,
      15.0,
      16.0,
      11.0
    ],
    [
      13.0,
      3.0,
      66.0,
      64.0,
      711.0,
      27.0,
      72.0,
      37.0,
      7.0,
      0.0
    ],
    [
      19.0,
      3.0,
      48.0,
      129.0,
      21.0,
      722.0,
      20.0,
      27.0,
      5.0,
      6.0
    ],
    [
      6.0,
      0.0,
      22.0,
      37.0,
      6.0,
      4.0,
      918.0,
      0.0,
      4.0,
      3.0
    ],
    [
      16.0,
      8.0,
      30.0,
      45.0,
      24.0,
      41.0,
      11.0,
      806.0,
      5.0,
      14.0
    ],
    [
      31.0,
      8.0,
      13.0,
      7.0,
      1.0,
      0.0,
      10.0,
      1.0,
      915.0,
      14.0
    ],
    [
      15.0,
      50.0,
      4.0,
      4.0,
      2.0,
      2.0,
      8.0,
      1.0,
      18.0,
      896.0
    ]
  ],
  "classRecall": [
    0.847000002861023,
    0.9120000004768372,
    0.7450000047683716,
    0.6980000138282776,
    0.7110000252723694,
    0.722000002861023,
    0.9179999828338623,
    0.8059999942779541,
    0.9150000214576721,
    0.8960000276565552
  ],
  "classPrecision": [
    0.7998111248016357,
    0.913827657699585,
    0.7233009934425354,
    0.6692233681678772,
    0.8691931366920471,
    0.8121484518051147,
    0.7669172883033752,
    0.893569827079773,
    0.8772770762443542,
    0.8775709867477417
  ],
  "classes": [
    "plane",
    "car",
    "bird",
    "cat",
    "deer",
    "dog",
    "frog",
    "horse",
    "ship",
    "truck"
  ]
}