{
  "name": "model",
  "metrics": {
    "train_loss": [
      0.1483706677667973,
      0.1059498973411477,
      0.09210692957635104,
      0.07589905147365696,
      0.06459249586078793
    ],
    "train_accuracy": [
      0.9558148148148148,
      0.9687407407407408,
      0.9725555555555555,
      0.9778518518518519,
      0.9815555555555555
    ],
    "val_loss": [
      0.16553324706693914,
      0.12649010755914322,
      0.11507121968935145,
      0.10209367337062004,
      0.09056938027447843
    ],
    "val_accuracy": [
      0.9498333333333333,
      0.9641666666666666,
      0.9648333333333333,
      0.972,
      0.9756666666666667
    ]
  },
  "accuracy": 0.9743,
  "confusion": [
    [
      970.0,
      1.0,
      1.0,
      0.0,
      0.0,
      1.0,
      1.0,
      2.0,
      2.0,
      2.0
    ],
    [
      0.0,
      1119.0,
      3.0,
      2.0,
      1.0,
      1.0,
      3.0,
      2.0,
      4.0,
      0.0
    ],
    [
      2.0,
      1.0,
      1008.0,
      5.0,
      5.0,
      0.0,
      1.0,
      7.0,
      3.0,
      0.0
    ],
    [
      0.0,
      0.0,
      4.0,
      991.0,
      1.0,
      2.0,
      0.0,
      6.0,
      4.0,
      2.0
    ],
    [
      1.0,
      0.0,
      2.0,
      0.0,
      968.0,
      0.0,
      4.0,
      0.0,
      0.0,
      7.0
    ],
    [
      2.0,
      0.0,
      0.0,
      15.0,
      1.0,
      860.0,
      5.0,
      1.0,
      4.0,
      4.0
    ],
    [
      5.0,
      3.0,
      0.0,
      0.0,
      6.0,
      7.0,
      933.0,
      0.0,
      4.0,
      0.0
    ],
    [
      0.0,
      5.0,
      15.0,
      2.0,
      6.0,
      0.0,
      0.0,
      991.0,
      3.0,
      6.0
    ],
    [
      1.0,
      2.0,
      5.0,
      12.0,
      4.0,
      9.0,
      0.0,
      5.0,
      931.0,
      5.0
    ],
    [
      2.0,
      3.0,
      0.0,
      8.0,
      15.0,
      1.0,
      0.0,
      7.0,
      1.0,
      972.0
    ]
  ],
  "classRecall": [
    0.9897959232330322,
    0.9859030842781067,
    0.9767441749572754,
    0.9811881184577942,
    0.9857434034347534,
    0.9641255736351013,
    0.9739039540290833,
    0.9640077948570251,
    0.9558521509170532,
    0.9633300304412842
  ],
  "classPrecision": [
    0.9867751598358154,
    0.9867724776268005,
    0.9710982441902161,
    0.957487940788269,
    0.9612711071968079,
    0.9761634469032288,
    0.985216498374939,
    0.9706170558929443,
    0.973849356174469,
    0.9739478826522827
  ],
  "classes": [
    0,
    1,
    2,
    3,
    4,
    5,
    6,
    7,
    8,
    9
  ]
}