{
  "name": "model",
  "metrics": {
    "train_loss": [
      0.1532950529219556,
      0.10023739859814892,
      0.09011292124114119,
      0.07511501390734131,
      0.06353346450845777
    ],
    "train_accuracy": [
      0.9551481481481482,
      0.9707962962962963,
      0.9736851851851852,
      0.9777222222222223,
      0.9813148148148149
    ],
    "val_loss": [
      0.1604596457265793,
      0.11785653479238774,
      0.11531750790457776,
      0.10082070236193373,
      0.09555362921921497
    ],
    "val_accuracy": [
      0.9548333333333333,
      0.9668333333333333,
      0.965,
      0.9706666666666667,
      0.9721666666666666
    ]
  },
  "accuracy": 0.9735,
  "confusion": [
    [
      971.0,
      0.0,
      0.0,
      2.0,
      0.0,
      2.0,
      2.0,
      1.0,
      2.0,
      0.0
    ],
    [
      0.0,
      1118.0,
      3.0,
      4.0,
      0.0,
      1.0,
      2.0,
      1.0,
      6.0,
      0.0
    ],
    [
      5.0,
      0.0,
      999.0,
      7.0,
      3.0,
      0.0,
      2.0,
      6.0,
      10.0,
      0.0
    ],
    [
      0.0,
      0.0,
      2.0,
      989.0,
      0.0,
      6.0,
      0.0,
      6.0,
      5.0,
      2.0
    ],
    [
      1.0,
      0.0,
      4.0,
      0.0,
      968.0,
      0.0,
      5.0,
      1.0,
      1.0,
      2.0
    ],
    [
      2.0,
      0.0,
      0.0,
      12.0,
      1.0,
      863.0,
      7.0,
      0.0,
      5.0,
      2.0
    ],
    [
      6.0,
      2.0,
      0.0,
      1.0,
      6.0,
      3.0,
      934.0,
      0.0,
      6.0,
      0.0
    ],
    [
      1.0,
      2.0,
      11.0,
      6.0,
      1.0,
      0.0,
      0.0,
      1002.0,
      0.0,
      5.0
    ],
    [
      3.0,
      0.0,
      1.0,
      6.0,
      4.0,
      4.0,
      7.0,
      4.0,
      940.0,
      5.0
    ],
    [
      4.0,
      4.0,
      0.0,
      9.0,
      26.0,
      4.0,
      0.0,
      7.0,
      4.0,
      951.0
    ]
  ],
  "classRecall": [
    0.9908163547515869,
    0.9850220084190369,
    0.9680232405662537,
    0.9792079329490662,
    0.9857434034347534,
    0.9674887657165527,
    0.9749478101730347,
    0.9747081995010376,
    0.9650924205780029,
    0.9425173401832581
  ],
  "classPrecision": [
    0.9778448939323425,
    0.9928951859474182,
    0.979411780834198,
    0.9546331763267517,
    0.959365725517273,
    0.9773499369621277,
    0.9739311933517456,
    0.9747081995010376,
    0.960163414478302,
    0.9834539890289307
  ],
  "classes": [
    0,
    1,
    2,
    3,
    4,
    5,
    6,
    7,
    8,
    9
  ]
}