{
  "name": "model",
  "metrics": {
    "train_loss": [
      1.3810249827802181,
      0.9331131955100731,
      0.7290767565030943,
      0.5764172677458688,
      0.5205036331476136,
      0.45756548981774936,
      0.33590574308552523,
      0.2701956379566003,
      0.20089635978960854,
      0.1805366602387618,
      0.23191325057467277,
      0.13673706748522818
    ],
    "train_accuracy": [
      0.5054444444444445,
      0.6668,
      0.7444444444444445,
      0.8024222222222223,
      0.8324888888888888,
      0.8538222222222223,
      0.8852666666666666,
      0.9131777777777778,
      0.9318,
      0.941,
      0.919,
      0.9530222222222222
    ],
    "val_loss": [
      1.3837553441524506,
      0.9860400810837746,
      0.8183806672692299,
      0.6897456996142864,
      0.6372436843812466,
      0.6367212235927582,
      0.5755914658308029,
      0.5416003063321113,
      0.5479882222047309,
      0.5623142793774605,
      0.6957352019846439,
      0.6483374148607254
    ],
    "val_accuracy": [
      0.4954,
      0.6524,
      0.7098,
      0.7564,
      0.7804,
      0.7838,
      0.8076,
      0.8182,
      0.8256,
      0.8208,
      0.794,
      0.8172
    ]
  },
  "accuracy": 0.8211,
  "confusion": [
    [
      871.0,
      7.0,
      22.0,
      24.0,
      10.0,
      1.0,
      1.0,
      4.0,
      30.0,
      30.0
    ],
    [
      8.0,
      918.0,
      1.0,
      2.0,
      1.0,
      1.0,
      2.0,
      0.0,
      10.0,
      57.0
    ],
    [
      59.0,
      2.0,
      723.0,
      68.0,
      49.0,
      26.0,
      37.0,
      16.0,
      7.0,
      13.0
    ],
    [
      16.0,
      3.0,
      40.0,
      734.0,
      42.0,
      71.0,
      48.0,
      20.0,
      10.0,
      16.0
    ],
    [
      14.0,
      0.0,
      43.0,
      45.0,
      804.0,
      18.0,
      17.0,
      55.0,
      3.0,
      1.0
    ],
    [
      8.0,
      5.0,
      25.0,
      210.0,
      31.0,
      665.0,
      12.0,
      31.0,
      6.0,
      7.0
    ],
    [
      5.0,
      2.0,
      36.0,
      68.0,
      21.0,
      6.0,
      848.0,
      6.0,
      3.0,
      5.0
    ],
    [
      13.0,
      1.0,
      14.0,
      30.0,
      30.0,
      25.0,
      4.0,
      871.0,
      5.0,
      7.0
    ],
    [
      62.0,
      21.0,
      11.0,
      8.0,
      5.0,
      0.0,
      2.0,
      2.0,
      868.0,
      21.0
    ],
    [
      15.0,
      40.0,
      5.0,
      10.0,
      1.0,
      0.0,
      2.0,
      4.0,
      14.0,
      909.0
    ]
  ],
  "classRecall": [
    0.8709999918937683,
    0.9179999828338623,
    0.7229999899864197,
    0.734000027179718,
    0.8040000200271606,
    0.6650000214576721,
    0.8479999899864197,
    0.8709999918937683,
    0.8679999709129333,
    0.9089999794960022
  ],
  "classPrecision": [
    0.8132586479187012,
    0.9189189076423645,
    0.7858695387840271,
    0.6121768355369568,
    0.8088530898094177,
    0.8179581761360168,
    0.8715313673019409,
    0.8632309436798096,
    0.9079498052597046,
    0.8527204394340515
  ],
  "classes": [
    "plane",
    "car",
    "bird",
    "cat",
    "deer",
    "dog",
    "frog",
    "horse",
    "ship",
    "truck"
  ]
}