{
  "name": "model",
  "metrics": {
    "train_loss": [
      0.15114284407400408,
      0.11734882709504021,
      0.09272951615965479,
      0.07910002464587443,
      0.06361955619898241
    ],
    "train_accuracy": [
      0.9557962962962963,
      0.9659074074074074,
      0.9736666666666667,
      0.9769074074074074,
      0.9810555555555556
    ],
    "val_loss": [
      0.1652864341406112,
      0.1355388491077626,
      0.11532226759702602,
      0.10516937433722172,
      0.09049829246198877
    ],
    "val_accuracy": [
      0.9516666666666667,
      0.9618333333333333,
      0.9675,
      0.968,
      0.9751666666666666
    ]
  },
  "accuracy": 0.9714,
  "confusion": [
    [
      972.0,
      0.0,
      0.0,
      0.0,
      0.0,
      3.0,
      1.0,
      1.0,
      3.0,
      0.0
    ],
    [
      0.0,
      1122.0,
      3.0,
      1.0,
      0.0,
      1.0,
      2.0,
      1.0,
      5.0,
      0.0
    ],
    [
      8.0,
      1.0,
      995.0,
      8.0,
      4.0,
      0.0,
      3.0,
      8.0,
      5.0,
      0.0
    ],
    [
      0.0,
      0.0,
      3.0,
      992.0,
      0.0,
      2.0,
      0.0,
      7.0,
      5.0,
      1.0
    ],
    [
      4.0,
      2.0,
      1.0,
      0.0,
      952.0,
      0.0,
      8.0,
      1.0,
      3.0,
      11.0
    ],
    [
      3.0,
      0.0,
      0.0,
      16.0,
      2.0,
      856.0,
      4.0,
      1.0,
      6.0,
      4.0
    ],
    [
      7.0,
      3.0,
      0.0,
      0.0,
      3.0,
      7.0,
      932.0,
      0.0,
      6.0,
      0.0
    ],
    [
      2.0,
      10.0,
      13.0,
      1.0,
      3.0,
      0.0,
      0.0,
      991.0,
      2.0,
      6.0
    ],
    [
      2.0,
      2.0,
      3.0,
      6.0,
      4.0,
      2.0,
      2.0,
      5.0,
      946.0,
      2.0
    ],
    [
      6.0,
      4.0,
      0.0,
      10.0,
      13.0,
      1.0,
      1.0,
      7.0,
      11.0,
      956.0
    ]
  ],
  "classRecall": [
    0.9918367266654968,
    0.9885462522506714,
    0.9641472697257996,
    0.9821782112121582,
    0.9694501161575317,
    0.9596412777900696,
    0.9728600978851318,
    0.9640077948570251,
    0.9712525606155396,
    0.9474727511405945
  ],
  "classPrecision": [
    0.9681274890899658,
    0.9807692170143127,
    0.9774066805839539,
    0.9593810439109802,
    0.9704383015632629,
    0.9816513657569885,
    0.9779643416404724,
    0.9696673154830933,
    0.9536290168762207,
    0.9755101799964905
  ],
  "classes": [
    0,
    1,
    2,
    3,
    4,
    5,
    6,
    7,
    8,
    9
  ]
}