{
  "name": "model",
  "metrics": {
    "train_loss": [
      1.3025512827390975,
      0.9649762443520806,
      0.7477823133495721,
      0.5781965549527244,
      0.488480648110536,
      0.388969248668714,
      0.34153296713801945,
      0.29272057293829595,
      0.22898731611415066,
      0.20358877277679063,
      0.13748211462304674,
      0.1240180292039771
    ],
    "train_accuracy": [
      0.5235111111111111,
      0.6610666666666667,
      0.7455777777777778,
      0.7991555555555555,
      0.8334444444444444,
      0.8718666666666667,
      0.8930888888888889,
      0.9022222222222223,
      0.9231333333333334,
      0.9301333333333334,
      0.9530222222222222,
      0.9574444444444444
    ],
    "val_loss": [
      1.3141581490635872,
      1.002495077252388,
      0.8193023696541786,
      0.6981711119413376,
      0.6396209053695202,
      0.5948722824454308,
      0.5449318893253803,
      0.5447398759424686,
      0.5507485136389733,
      0.5545091362670064,
      0.6112796626985073,
      0.6488565258681774
    ],
    "val_accuracy": [
      0.5156,
      0.6436,
      0.7106,
      0.7548,
      0.7784,
      0.7956,
      0.807,
      0.81,
      0.813,
      0.8138,
      0.8236,
      0.8234
    ]
  },
  "accuracy": 0.8253,
  "confusion": [
    [
      849.0,
      5.0,
      19.0,
      9.0,
      12.0,
      0.0,
      6.0,
      5.0,
      67.0,
      28.0
    ],
    [
      8.0,
      915.0,
      2.0,
      3.0,
      1.0,
      1.0,
      4.0,
      0.0,
      19.0,
      47.0
    ],
    [
      72.0,
      1.0,
      779.0,
      22.0,
      36.0,
      23.0,
      36.0,
      12.0,
      12.0,
      7.0
    ],
    [
      25.0,
      4.0,
      90.0,
      599.0,
      55.0,
      106.0,
      69.0,
      27.0,
      13.0,
      12.0
    ],
    [
      9.0,
      2.0,
      50.0,
      40.0,
      809.0,
      16.0,
      38.0,
      28.0,
      6.0,
      2.0
    ],
    [
      8.0,
      3.0,
      51.0,
      114.0,
      49.0,
      727.0,
      17.0,
      27.0,
      3.0,
      1.0
    ],
    [
      6.0,
      0.0,
      39.0,
      18.0,
      22.0,
      4.0,
      893.0,
      6.0,
      9.0,
      3.0
    ],
    [
      16.0,
      0.0,
      32.0,
      15.0,
      43.0,
      25.0,
      1.0,
      859.0,
      1.0,
      8.0
    ],
    [
      39.0,
      6.0,
      7.0,
      3.0,
      3.0,
      3.0,
      5.0,
      2.0,
      917.0,
      15.0
    ],
    [
      18.0,
      38.0,
      6.0,
      4.0,
      0.0,
      1.0,
      6.0,
      3.0,
      18.0,
      906.0
    ]
  ],
  "classRecall": [
    0.8489999771118164,
    0.9150000214576721,
    0.7789999842643738,
    0.5989999771118164,
    0.8090000152587891,
    0.7269999980926514,
    0.8930000066757202,
    0.859000027179718,
    0.9169999957084656,
    0.906000018119812
  ],
  "classPrecision": [
    0.808571457862854,
    0.9394250512123108,
    0.7246511578559875,
    0.724304735660553,
    0.7854368686676025,
    0.8024282455444336,
    0.8306976556777954,
    0.8864809274673462,
    0.8610328435897827,
    0.8804664611816406
  ],
  "classes": [
    "plane",
    "car",
    "bird",
    "cat",
    "deer",
    "dog",
    "frog",
    "horse",
    "ship",
    "truck"
  ]
}