{
  "name": "model",
  "metrics": {
    "train_loss": [
      0.15704838267717317,
      0.09824057829332365,
      0.08479984827842828,
      0.07321396953165885,
      0.06247397429658479
    ],
    "train_accuracy": [
      0.953037037037037,
      0.9712592592592593,
      0.9751851851851852,
      0.9791481481481481,
      0.9821851851851852
    ],
    "val_loss": [
      0.1714494267993785,
      0.12080181810133,
      0.11144899438194772,
      0.09977764327158319,
      0.09517819759376506
    ],
    "val_accuracy": [
      0.9485,
      0.9636666666666667,
      0.9693333333333334,
      0.9721666666666666,
      0.9728333333333333
    ]
  },
  "accuracy": 0.9758,
  "confusion": [
    [
      965.0,
      1.0,
      0.0,
      0.0,
      0.0,
      0.0,
      9.0,
      1.0,
      4.0,
      0.0
    ],
    [
      0.0,
      1122.0,
      1.0,
      1.0,
      0.0,
      1.0,
      3.0,
      0.0,
      7.0,
      0.0
    ],
    [
      2.0,
      1.0,
      1008.0,
      4.0,
      1.0,
      0.0,
      2.0,
      6.0,
      8.0,
      0.0
    ],
    [
      0.0,
      1.0,
      4.0,
      990.0,
      0.0,
      1.0,
      0.0,
      4.0,
      8.0,
      2.0
    ],
    [
      0.0,
      0.0,
      4.0,
      0.0,
      961.0,
      0.0,
      6.0,
      0.0,
      1.0,
      10.0
    ],
    [
      3.0,
      0.0,
      0.0,
      10.0,
      1.0,
      864.0,
      5.0,
      0.0,
      6.0,
      3.0
    ],
    [
      4.0,
      3.0,
      0.0,
      0.0,
      3.0,
      6.0,
      936.0,
      0.0,
      6.0,
      0.0
    ],
    [
      1.0,
      9.0,
      11.0,
      1.0,
      1.0,
      1.0,
      0.0,
      982.0,
      4.0,
      18.0
    ],
    [
      2.0,
      0.0,
      3.0,
      1.0,
      3.0,
      2.0,
      2.0,
      2.0,
      958.0,
      1.0
    ],
    [
      1.0,
      2.0,
      0.0,
      6.0,
      14.0,
      3.0,
      1.0,
      3.0,
      7.0,
      972.0
    ]
  ],
  "classRecall": [
    0.9846938848495483,
    0.9885462522506714,
    0.9767441749572754,
    0.9801980257034302,
    0.9786150455474854,
    0.9686098694801331,
    0.9770354628562927,
    0.9552529454231262,
    0.9835729002952576,
    0.9633300304412842
  ],
  "classPrecision": [
    0.9867075681686401,
    0.9850746393203735,
    0.9776915907859802,
    0.9772951602935791,
    0.9766260385513306,
    0.984054684638977,
    0.9709543585777283,
    0.9839679598808289,
    0.9494549036026001,
    0.9662027955055237
  ],
  "classes": [
    0,
    1,
    2,
    3,
    4,
    5,
    6,
    7,
    8,
    9
  ]
}