{
  "name": "model",
  "metrics": {
    "train_loss": [
      0.1534767200490592,
      0.10692853677876611,
      0.08391070047225715,
      0.07304519302569223,
      0.06138595443227774
    ],
    "train_accuracy": [
      0.9554444444444444,
      0.9687037037037037,
      0.9746296296296296,
      0.978925925925926,
      0.9825925925925926
    ],
    "val_loss": [
      0.16845221896754933,
      0.12659013949017575,
      0.10805228051353008,
      0.09777330052345357,
      0.08776827877823343
    ],
    "val_accuracy": [
      0.9526666666666667,
      0.9656666666666667,
      0.9673333333333334,
      0.9733333333333334,
      0.9756666666666667
    ]
  },
  "accuracy": 0.9744,
  "confusion": [
    [
      975.0,
      0.0,
      1.0,
      0.0,
      0.0,
      0.0,
      0.0,
      1.0,
      3.0,
      0.0
    ],
    [
      0.0,
      1125.0,
      3.0,
      0.0,
      0.0,
      1.0,
      2.0,
      0.0,
      4.0,
      0.0
    ],
    [
      5.0,
      2.0,
      1014.0,
      1.0,
      2.0,
      0.0,
      0.0,
      4.0,
      4.0,
      0.0
    ],
    [
      0.0,
      0.0,
      10.0,
      987.0,
      0.0,
      2.0,
      0.0,
      3.0,
      4.0,
      4.0
    ],
    [
      2.0,
      0.0,
      5.0,
      0.0,
      948.0,
      0.0,
      5.0,
      3.0,
      3.0,
      16.0
    ],
    [
      3.0,
      0.0,
      0.0,
      10.0,
      1.0,
      867.0,
      5.0,
      0.0,
      2.0,
      4.0
    ],
    [
      9.0,
      2.0,
      2.0,
      0.0,
      8.0,
      8.0,
      925.0,
      0.0,
      4.0,
      0.0
    ],
    [
      3.0,
      4.0,
      19.0,
      2.0,
      1.0,
      0.0,
      0.0,
      986.0,
      3.0,
      10.0
    ],
    [
      1.0,
      0.0,
      4.0,
      4.0,
      4.0,
      3.0,
      1.0,
      4.0,
      949.0,
      4.0
    ],
    [
      5.0,
      3.0,
      0.0,
      7.0,
      13.0,
      4.0,
      0.0,
      5.0,
      4.0,
      968.0
    ]
  ],
  "classRecall": [
    0.9948979616165161,
    0.9911894202232361,
    0.9825581312179565,
    0.9772277474403381,
    0.9653767943382263,
    0.9719731211662292,
    0.9655532240867615,
    0.9591439962387085,
    0.9743326306343079,
    0.959365725517273
  ],
  "classPrecision": [
    0.9720837473869324,
    0.9903169274330139,
    0.9584121108055115,
    0.9762611389160156,
    0.9703173041343689,
    0.9796609878540039,
    0.9861407279968262,
    0.9801192879676819,
    0.968367338180542,
    0.9622266292572021
  ],
  "classes": [
    0,
    1,
    2,
    3,
    4,
    5,
    6,
    7,
    8,
    9
  ]
}