{
  "name": "model",
  "metrics": {
    "train_loss": [
      0.15926358356224418,
      0.1093709224755589,
      0.0855729033027321,
      0.07307644010746578,
      0.061549187394000275
    ],
    "train_accuracy": [
      0.953037037037037,
      0.9676851851851852,
      0.9755,
      0.9786111111111111,
      0.9810925925925926
    ],
    "val_loss": [
      0.17095130602730083,
      0.12780333857269996,
      0.10395926126140229,
      0.10211112568194562,
      0.09946320645828197
    ],
    "val_accuracy": [
      0.95,
      0.9635,
      0.9706666666666667,
      0.9703333333333334,
      0.9711666666666666
    ]
  },
  "accuracy": 0.9724,
  "confusion": [
    [
      967.0,
      1.0,
      1.0,
      1.0,
      0.0,
      2.0,
      4.0,
      1.0,
      1.0,
      2.0
    ],
    [
      0.0,
      1120.0,
      3.0,
      2.0,
      0.0,
      1.0,
      4.0,
      1.0,
      4.0,
      0.0
    ],
    [
      5.0,
      0.0,
      1010.0,
      3.0,
      0.0,
      0.0,
      5.0,
      3.0,
      6.0,
      0.0
    ],
    [
      1.0,
      0.0,
      6.0,
      974.0,
      0.0,
      19.0,
      0.0,
      5.0,
      5.0,
      0.0
    ],
    [
      0.0,
      0.0,
      6.0,
      0.0,
      948.0,
      0.0,
      9.0,
      2.0,
      0.0,
      17.0
    ],
    [
      3.0,
      0.0,
      0.0,
      2.0,
      1.0,
      876.0,
      6.0,
      1.0,
      2.0,
      1.0
    ],
    [
      5.0,
      2.0,
      0.0,
      0.0,
      2.0,
      6.0,
      941.0,
      0.0,
      2.0,
      0.0
    ],
    [
      2.0,
      7.0,
      13.0,
      2.0,
      1.0,
      0.0,
      0.0,
      991.0,
      3.0,
      9.0
    ],
    [
      5.0,
      0.0,
      4.0,
      3.0,
      4.0,
      9.0,
      7.0,
      4.0,
      936.0,
      2.0
    ],
    [
      4.0,
      3.0,
      1.0,
      4.0,
      14.0,
      11.0,
      2.0,
      4.0,
      5.0,
      961.0
    ]
  ],
  "classRecall": [
    0.9867346882820129,
    0.9867841601371765,
    0.9786821603775024,
    0.9643564224243164,
    0.9653767943382263,
    0.9820627570152283,
    0.982254683971405,
    0.9640077948570251,
    0.9609856009483337,
    0.9524281620979309
  ],
  "classPrecision": [
    0.9747983813285828,
    0.9885260462760925,
    0.967432975769043,
    0.9828456044197083,
    0.977319598197937,
    0.948051929473877,
    0.9621676802635193,
    0.9792490005493164,
    0.9709543585777283,
    0.96875
  ],
  "classes": [
    0,
    1,
    2,
    3,
    4,
    5,
    6,
    7,
    8,
    9
  ]
}