{
  "name": "model",
  "metrics": {
    "train_loss": [
      1.3939993256195025,
      1.0368205093863336,
      0.8396846513179216,
      0.6159484646367756,
      0.5288725961846384,
      0.4468049652535807,
      0.44312149176204746,
      0.3247725053859705,
      0.30881622270680964,
      0.2639995702881027,
      0.19349645879331298,
      0.15180229997812686
    ],
    "train_accuracy": [
      0.4986,
      0.6416888888888889,
      0.7028222222222222,
      0.7839111111111111,
      0.8208888888888889,
      0.8463111111111111,
      0.8473111111111111,
      0.8902222222222222,
      0.8923555555555556,
      0.9083333333333333,
      0.9333333333333333,
      0.9486444444444444
    ],
    "val_loss": [
      1.3950457364320754,
      1.059789878129959,
      0.9148851454257965,
      0.7182242564857007,
      0.6770178064703941,
      0.6365166284143925,
      0.6811999037861824,
      0.6012852337211371,
      0.7274002894759178,
      0.657048013806343,
      0.7430048435926437,
      0.6673928231000901
    ],
    "val_accuracy": [
      0.4978,
      0.6286,
      0.6744,
      0.7458,
      0.77,
      0.7758,
      0.7754,
      0.7956,
      0.7898,
      0.7942,
      0.8008,
      0.8172
    ]
  },
  "accuracy": 0.8154,
  "confusion": [
    [
      913.0,
      7.0,
      14.0,
      24.0,
      11.0,
      4.0,
      3.0,
      2.0,
      13.0,
      9.0
    ],
    [
      27.0,
      917.0,
      1.0,
      4.0,
      1.0,
      1.0,
      2.0,
      0.0,
      12.0,
      35.0
    ],
    [
      92.0,
      2.0,
      696.0,
      46.0,
      72.0,
      49.0,
      22.0,
      10.0,
      8.0,
      3.0
    ],
    [
      20.0,
      5.0,
      38.0,
      676.0,
      61.0,
      142.0,
      34.0,
      11.0,
      5.0,
      8.0
    ],
    [
      18.0,
      3.0,
      32.0,
      55.0,
      838.0,
      23.0,
      11.0,
      16.0,
      4.0,
      0.0
    ],
    [
      16.0,
      2.0,
      28.0,
      125.0,
      43.0,
      759.0,
      8.0,
      15.0,
      2.0,
      2.0
    ],
    [
      13.0,
      4.0,
      40.0,
      60.0,
      24.0,
      9.0,
      842.0,
      2.0,
      4.0,
      2.0
    ],
    [
      28.0,
      3.0,
      13.0,
      31.0,
      62.0,
      44.0,
      1.0,
      813.0,
      2.0,
      3.0
    ],
    [
      103.0,
      13.0,
      8.0,
      19.0,
      5.0,
      1.0,
      2.0,
      1.0,
      840.0,
      8.0
    ],
    [
      41.0,
      61.0,
      5.0,
      10.0,
      6.0,
      2.0,
      1.0,
      3.0,
      11.0,
      860.0
    ]
  ],
  "classRecall": [
    0.9129999876022339,
    0.9169999957084656,
    0.6959999799728394,
    0.6759999990463257,
    0.8379999995231628,
    0.7590000033378601,
    0.8420000076293945,
    0.8130000233650208,
    0.8399999737739563,
    0.8600000143051147
  ],
  "classPrecision": [
    0.7183319926261902,
    0.9016715884208679,
    0.7954285740852356,
    0.6438094973564148,
    0.7462155222892761,
    0.7340425252914429,
    0.9092872738838196,
    0.931271493434906,
    0.9322974681854248,
    0.9247311949729919
  ],
  "classes": [
    "plane",
    "car",
    "bird",
    "cat",
    "deer",
    "dog",
    "frog",
    "horse",
    "ship",
    "truck"
  ]
}