{
  "name": "model",
  "metrics": {
    "train_loss": [
      1.4586697440933099,
      0.9705005755478685,
      0.7080769669264555,
      0.5967162619768218,
      0.4913971920243718,
      0.4204410361972722,
      0.3429163387045264,
      0.2947414127517153,
      0.2383478365161202,
      0.17846726630391044,
      0.18489402151581916,
      0.14064585650339723
    ],
    "train_accuracy": [
      0.4719777777777778,
      0.6598888888888889,
      0.7544444444444445,
      0.7966888888888889,
      0.8363333333333334,
      0.8582888888888889,
      0.8871777777777777,
      0.9048888888888889,
      0.9213777777777777,
      0.9388,
      0.9331111111111111,
      0.9528666666666666
    ],
    "val_loss": [
      1.4853774070739747,
      1.0333188146352768,
      0.7712413519620895,
      0.6943614885210991,
      0.6439067877829074,
      0.576703368127346,
      0.5984020873904228,
      0.5651642553508281,
      0.5515424177050591,
      0.58181634247303,
      0.6614744193851948,
      0.6292096868157386
    ],
    "val_accuracy": [
      0.472,
      0.6444,
      0.7246,
      0.7556,
      0.776,
      0.7982,
      0.8018,
      0.8098,
      0.8122,
      0.8178,
      0.8042,
      0.816
    ]
  },
  "accuracy": 0.8192,
  "confusion": [
    [
      911.0,
      6.0,
      10.0,
      11.0,
      1.0,
      1.0,
      3.0,
      4.0,
      49.0,
      4.0
    ],
    [
      27.0,
      927.0,
      2.0,
      3.0,
      2.0,
      1.0,
      4.0,
      0.0,
      12.0,
      22.0
    ],
    [
      87.0,
      5.0,
      747.0,
      41.0,
      38.0,
      25.0,
      33.0,
      13.0,
      9.0,
      2.0
    ],
    [
      36.0,
      5.0,
      49.0,
      709.0,
      33.0,
      92.0,
      34.0,
      19.0,
      14.0,
      9.0
    ],
    [
      22.0,
      1.0,
      63.0,
      57.0,
      770.0,
      23.0,
      24.0,
      32.0,
      6.0,
      2.0
    ],
    [
      24.0,
      0.0,
      36.0,
      167.0,
      26.0,
      719.0,
      8.0,
      17.0,
      2.0,
      1.0
    ],
    [
      10.0,
      1.0,
      41.0,
      51.0,
      18.0,
      13.0,
      857.0,
      2.0,
      7.0,
      0.0
    ],
    [
      29.0,
      2.0,
      20.0,
      34.0,
      40.0,
      30.0,
      3.0,
      828.0,
      7.0,
      7.0
    ],
    [
      43.0,
      10.0,
      4.0,
      9.0,
      1.0,
      4.0,
      2.0,
      0.0,
      920.0,
      7.0
    ],
    [
      58.0,
      92.0,
      3.0,
      7.0,
      1.0,
      2.0,
      4.0,
      3.0,
      26.0,
      804.0
    ]
  ],
  "classRecall": [
    0.9110000133514404,
    0.9269999861717224,
    0.746999979019165,
    0.7089999914169312,
    0.7699999809265137,
    0.718999981880188,
    0.8569999933242798,
    0.828000009059906,
    0.9200000166893005,
    0.8040000200271606
  ],
  "classPrecision": [
    0.7305533289909363,
    0.8836987614631653,
    0.766153872013092,
    0.6510559916496277,
    0.8279569745063782,
    0.7901098728179932,
    0.8816872239112854,
    0.9019607901573181,
    0.874524712562561,
    0.9370629191398621
  ],
  "classes": [
    "plane",
    "car",
    "bird",
    "cat",
    "deer",
    "dog",
    "frog",
    "horse",
    "ship",
    "truck"
  ]
}