{
  "name": "model",
  "metrics": {
    "train_loss": [
      1.3216101239350708,
      0.9939585439860821,
      0.7440600579773838,
      0.5796916695650328,
      0.500602316449989,
      0.4000194839371199,
      0.36955028577623045,
      0.31348391982134094,
      0.25679452408274467,
      0.3010624986649914,
      0.18761455940759994,
      0.16723399543711406
    ],
    "train_accuracy": [
      0.5142222222222222,
      0.6530666666666667,
      0.7387555555555556,
      0.8033333333333333,
      0.8278,
      0.8656222222222222,
      0.8720444444444444,
      0.8974,
      0.9133555555555556,
      0.8981111111111111,
      0.9378666666666666,
      0.9458444444444445
    ],
    "val_loss": [
      1.3253574162721633,
      1.0312715470790863,
      0.8240314945578575,
      0.6992427036166191,
      0.6558199256658555,
      0.608614057302475,
      0.5934770539402962,
      0.5824534729123115,
      0.5564451534766703,
      0.7126532167196273,
      0.6514481045305729,
      0.6687141329050064
    ],
    "val_accuracy": [
      0.5148,
      0.6404,
      0.7024,
      0.758,
      0.7772,
      0.792,
      0.7916,
      0.7968,
      0.8132,
      0.7884,
      0.8212,
      0.8192
    ]
  },
  "accuracy": 0.8191,
  "confusion": [
    [
      932.0,
      9.0,
      3.0,
      1.0,
      4.0,
      3.0,
      4.0,
      6.0,
      18.0,
      20.0
    ],
    [
      8.0,
      914.0,
      0.0,
      0.0,
      2.0,
      3.0,
      1.0,
      2.0,
      10.0,
      60.0
    ],
    [
      195.0,
      7.0,
      600.0,
      27.0,
      54.0,
      44.0,
      51.0,
      12.0,
      6.0,
      4.0
    ],
    [
      49.0,
      6.0,
      35.0,
      631.0,
      37.0,
      136.0,
      53.0,
      31.0,
      12.0,
      10.0
    ],
    [
      28.0,
      1.0,
      28.0,
      42.0,
      822.0,
      22.0,
      26.0,
      29.0,
      2.0,
      0.0
    ],
    [
      21.0,
      2.0,
      18.0,
      82.0,
      34.0,
      787.0,
      22.0,
      27.0,
      2.0,
      5.0
    ],
    [
      16.0,
      2.0,
      30.0,
      44.0,
      8.0,
      9.0,
      875.0,
      5.0,
      9.0,
      2.0
    ],
    [
      18.0,
      5.0,
      9.0,
      21.0,
      42.0,
      26.0,
      4.0,
      872.0,
      2.0,
      1.0
    ],
    [
      106.0,
      20.0,
      1.0,
      3.0,
      1.0,
      3.0,
      2.0,
      3.0,
      841.0,
      20.0
    ],
    [
      27.0,
      24.0,
      1.0,
      2.0,
      2.0,
      5.0,
      4.0,
      12.0,
      6.0,
      917.0
    ]
  ],
  "classRecall": [
    0.9319999814033508,
    0.9139999747276306,
    0.6000000238418579,
    0.6309999823570251,
    0.8220000267028809,
    0.7870000004768372,
    0.875,
    0.871999979019165,
    0.8410000205039978,
    0.9169999957084656
  ],
  "classPrecision": [
    0.6657142639160156,
    0.9232323169708252,
    0.8275862336158752,
    0.7397421002388,
    0.8170974254608154,
    0.7581888437271118,
    0.8397312760353088,
    0.8728728890419006,
    0.9262114763259888,
    0.8825793862342834
  ],
  "classes": [
    "plane",
    "car",
    "bird",
    "cat",
    "deer",
    "dog",
    "frog",
    "horse",
    "ship",
    "truck"
  ]
}