{
  "name": "model",
  "metrics": {
    "train_loss": [
      1.3878599408675323,
      1.001552191986279,
      0.7624023700640961,
      0.6260103426704352,
      0.5122707884928043,
      0.4668701635673642,
      0.4027734729461372,
      0.3783587455241518,
      0.33245792476968333,
      0.3297594957984984,
      0.25852545649236575,
      0.27705317111262545
    ],
    "train_accuracy": [
      0.49791111111111114,
      0.6438666666666667,
      0.7386444444444444,
      0.7872,
      0.8224,
      0.8404444444444444,
      0.8616,
      0.8696888888888888,
      0.8881777777777777,
      0.8948,
      0.9137555555555555,
      0.9163333333333333
    ],
    "val_loss": [
      1.392809307575226,
      1.0293981619179249,
      0.8281272232532502,
      0.7254353508353233,
      0.6557441510260105,
      0.6283672407269478,
      0.6267852194607257,
      0.6977930828928948,
      0.7015781901776791,
      0.797945998609066,
      0.6744772732257843,
      0.8356218621134758
    ],
    "val_accuracy": [
      0.4878,
      0.6288,
      0.709,
      0.7446,
      0.7652,
      0.778,
      0.7894,
      0.7776,
      0.7794,
      0.7738,
      0.7906,
      0.7878
    ]
  },
  "accuracy": 0.7907,
  "confusion": [
    [
      976.0,
      4.0,
      6.0,
      2.0,
      2.0,
      0.0,
      0.0,
      2.0,
      5.0,
      3.0
    ],
    [
      42.0,
      919.0,
      2.0,
      2.0,
      0.0,
      1.0,
      1.0,
      1.0,
      7.0,
      25.0
    ],
    [
      188.0,
      1.0,
      654.0,
      23.0,
      36.0,
      24.0,
      51.0,
      16.0,
      2.0,
      5.0
    ],
    [
      85.0,
      7.0,
      61.0,
      637.0,
      36.0,
      65.0,
      58.0,
      29.0,
      8.0,
      14.0
    ],
    [
      72.0,
      2.0,
      44.0,
      33.0,
      756.0,
      13.0,
      39.0,
      40.0,
      0.0,
      1.0
    ],
    [
      46.0,
      2.0,
      45.0,
      129.0,
      32.0,
      674.0,
      20.0,
      45.0,
      3.0,
      4.0
    ],
    [
      38.0,
      1.0,
      34.0,
      25.0,
      18.0,
      8.0,
      864.0,
      4.0,
      7.0,
      1.0
    ],
    [
      64.0,
      1.0,
      10.0,
      19.0,
      34.0,
      17.0,
      8.0,
      840.0,
      2.0,
      5.0
    ],
    [
      238.0,
      17.0,
      2.0,
      2.0,
      1.0,
      0.0,
      3.0,
      1.0,
      726.0,
      10.0
    ],
    [
      66.0,
      51.0,
      3.0,
      2.0,
      1.0,
      2.0,
      4.0,
      2.0,
      8.0,
      861.0
    ]
  ],
  "classRecall": [
    0.9760000109672546,
    0.9190000295639038,
    0.6539999842643738,
    0.6370000243186951,
    0.7559999823570251,
    0.6740000247955322,
    0.8640000224113464,
    0.8399999737739563,
    0.7260000109672546,
    0.8610000014305115
  ],
  "classPrecision": [
    0.5377410650253296,
    0.9144278764724731,
    0.7595818638801575,
    0.7288329601287842,
    0.8253275156021118,
    0.8383084535598755,
    0.8244274854660034,
    0.8571428656578064,
    0.9453125,
    0.9268029928207397
  ],
  "classes": [
    "plane",
    "car",
    "bird",
    "cat",
    "deer",
    "dog",
    "frog",
    "horse",
    "ship",
    "truck"
  ]
}