{
  "name": "model",
  "metrics": {
    "train_loss": [
      0.15592130702606874,
      0.10087436761142095,
      0.0809288658598941,
      0.07330913883435289,
      0.06089727550974531
    ],
    "train_accuracy": [
      0.9527222222222222,
      0.9712222222222222,
      0.9766481481481482,
      0.9786111111111111,
      0.9821851851851852
    ],
    "val_loss": [
      0.17302425491048934,
      0.12242559938037649,
      0.11160324315758462,
      0.11000582777914848,
      0.09552060963308558
    ],
    "val_accuracy": [
      0.9453333333333334,
      0.9651666666666666,
      0.9658333333333333,
      0.9678333333333333,
      0.9711666666666666
    ]
  },
  "accuracy": 0.9754,
  "confusion": [
    [
      972.0,
      1.0,
      1.0,
      0.0,
      0.0,
      1.0,
      3.0,
      1.0,
      0.0,
      1.0
    ],
    [
      0.0,
      1130.0,
      0.0,
      1.0,
      0.0,
      1.0,
      2.0,
      0.0,
      1.0,
      0.0
    ],
    [
      4.0,
      0.0,
      999.0,
      5.0,
      2.0,
      1.0,
      1.0,
      12.0,
      7.0,
      1.0
    ],
    [
      2.0,
      0.0,
      5.0,
      972.0,
      0.0,
      22.0,
      0.0,
      7.0,
      2.0,
      0.0
    ],
    [
      1.0,
      0.0,
      4.0,
      0.0,
      955.0,
      0.0,
      4.0,
      2.0,
      0.0,
      16.0
    ],
    [
      2.0,
      0.0,
      0.0,
      3.0,
      1.0,
      877.0,
      7.0,
      0.0,
      1.0,
      1.0
    ],
    [
      6.0,
      3.0,
      1.0,
      0.0,
      7.0,
      5.0,
      936.0,
      0.0,
      0.0,
      0.0
    ],
    [
      3.0,
      6.0,
      5.0,
      0.0,
      0.0,
      0.0,
      0.0,
      1006.0,
      2.0,
      6.0
    ],
    [
      7.0,
      2.0,
      3.0,
      3.0,
      5.0,
      9.0,
      6.0,
      4.0,
      931.0,
      4.0
    ],
    [
      4.0,
      5.0,
      0.0,
      3.0,
      8.0,
      6.0,
      0.0,
      4.0,
      3.0,
      976.0
    ]
  ],
  "classRecall": [
    0.9918367266654968,
    0.9955947399139404,
    0.9680232405662537,
    0.9623762369155884,
    0.9725050926208496,
    0.9831838607788086,
    0.9770354628562927,
    0.9785992503166199,
    0.9558521509170532,
    0.9672943353652954
  ],
  "classPrecision": [
    0.9710289835929871,
    0.9851787090301514,
    0.9813359379768372,
    0.9848024249076843,
    0.976482629776001,
    0.9511930346488953,
    0.9760167002677917,
    0.9710424542427063,
    0.9831045269966125,
    0.9711442589759827
  ],
  "classes": [
    0,
    1,
    2,
    3,
    4,
    5,
    6,
    7,
    8,
    9
  ]
}