{
  "name": "model",
  "metrics": {
    "train_loss": [
      1.3548158210786907,
      0.903038405728611,
      0.7265648003667593,
      0.5365521796047688,
      0.4798041821711443,
      0.4063234956173057,
      0.30287051594562153,
      0.25963752200319007,
      0.20415677710182287,
      0.175045611823655,
      0.15649290787140754,
      0.12260373681783676
    ],
    "train_accuracy": [
      0.5023333333333333,
      0.6769333333333334,
      0.7442888888888889,
      0.8116,
      0.8342888888888889,
      0.8594,
      0.8994888888888889,
      0.9123555555555556,
      0.931,
      0.9375111111111111,
      0.9475111111111111,
      0.9566888888888889
    ],
    "val_loss": [
      1.381156975030899,
      0.9423033416271209,
      0.8116907015442848,
      0.6487062335014343,
      0.617422866076231,
      0.605448491871357,
      0.5474217221140861,
      0.5488440528512001,
      0.5591988824307919,
      0.5932767190039158,
      0.6192294716835022,
      0.6749043069779873
    ],
    "val_accuracy": [
      0.4904,
      0.6642,
      0.7114,
      0.7798,
      0.7876,
      0.7862,
      0.8154,
      0.8218,
      0.824,
      0.8286,
      0.825,
      0.8226
    ]
  },
  "accuracy": 0.8225,
  "confusion": [
    [
      844.0,
      21.0,
      9.0,
      11.0,
      11.0,
      4.0,
      1.0,
      1.0,
      55.0,
      43.0
    ],
    [
      5.0,
      887.0,
      0.0,
      1.0,
      1.0,
      1.0,
      0.0,
      0.0,
      18.0,
      87.0
    ],
    [
      73.0,
      4.0,
      678.0,
      45.0,
      46.0,
      75.0,
      48.0,
      14.0,
      11.0,
      6.0
    ],
    [
      11.0,
      3.0,
      29.0,
      642.0,
      40.0,
      204.0,
      32.0,
      16.0,
      9.0,
      14.0
    ],
    [
      10.0,
      0.0,
      31.0,
      47.0,
      799.0,
      45.0,
      29.0,
      34.0,
      4.0,
      1.0
    ],
    [
      5.0,
      1.0,
      11.0,
      97.0,
      15.0,
      845.0,
      6.0,
      15.0,
      2.0,
      3.0
    ],
    [
      8.0,
      1.0,
      19.0,
      56.0,
      16.0,
      20.0,
      866.0,
      2.0,
      6.0,
      6.0
    ],
    [
      9.0,
      2.0,
      5.0,
      19.0,
      30.0,
      86.0,
      3.0,
      832.0,
      2.0,
      12.0
    ],
    [
      39.0,
      13.0,
      4.0,
      6.0,
      3.0,
      3.0,
      4.0,
      3.0,
      896.0,
      29.0
    ],
    [
      10.0,
      26.0,
      1.0,
      9.0,
      0.0,
      4.0,
      2.0,
      3.0,
      9.0,
      936.0
    ]
  ],
  "classRecall": [
    0.843999981880188,
    0.8870000243186951,
    0.6779999732971191,
    0.6420000195503235,
    0.7990000247955322,
    0.8450000286102295,
    0.8659999966621399,
    0.8320000171661377,
    0.8960000276565552,
    0.9359999895095825
  ],
  "classPrecision": [
    0.8323471546173096,
    0.9258872866630554,
    0.8614993691444397,
    0.6881029009819031,
    0.8314256072044373,
    0.6565656661987305,
    0.8738647699356079,
    0.904347836971283,
    0.8853754997253418,
    0.8232190012931824
  ],
  "classes": [
    "plane",
    "car",
    "bird",
    "cat",
    "deer",
    "dog",
    "frog",
    "horse",
    "ship",
    "truck"
  ]
}