{
  "name": "model",
  "metrics": {
    "train_loss": [
      1.3028787012127312,
      1.0078782000663606,
      0.7411488582464781,
      0.5979530207643454,
      0.4783424437046051,
      0.434736982580613,
      0.3396254529414529,
      0.2944519564678723,
      0.28682765356180345,
      0.19419200345873833,
      0.17004166382618927,
      0.14064154507253657
    ],
    "train_accuracy": [
      0.5221777777777777,
      0.6383555555555556,
      0.7434444444444445,
      0.7907111111111111,
      0.8358666666666666,
      0.8468888888888889,
      0.8868444444444444,
      0.9002444444444444,
      0.9030444444444444,
      0.9321333333333334,
      0.9395555555555556,
      0.9501333333333334
    ],
    "val_loss": [
      1.3300033509731293,
      1.059687328338623,
      0.8159778609871864,
      0.7152365997433663,
      0.6323400810360909,
      0.5990625068545341,
      0.5556558884680272,
      0.5837549187242985,
      0.6369542762637138,
      0.620937854796648,
      0.6263629190623761,
      0.6745051434263587
    ],
    "val_accuracy": [
      0.5102,
      0.6206,
      0.7166,
      0.742,
      0.7828,
      0.7914,
      0.805,
      0.806,
      0.7974,
      0.8126,
      0.8094,
      0.8144
    ]
  },
  "accuracy": 0.811,
  "confusion": [
    [
      780.0,
      17.0,
      74.0,
      23.0,
      21.0,
      8.0,
      13.0,
      6.0,
      34.0,
      24.0
    ],
    [
      3.0,
      943.0,
      2.0,
      1.0,
      0.0,
      3.0,
      8.0,
      0.0,
      9.0,
      31.0
    ],
    [
      29.0,
      4.0,
      792.0,
      39.0,
      31.0,
      38.0,
      46.0,
      14.0,
      3.0,
      4.0
    ],
    [
      13.0,
      6.0,
      67.0,
      625.0,
      42.0,
      149.0,
      75.0,
      6.0,
      9.0,
      8.0
    ],
    [
      2.0,
      1.0,
      100.0,
      36.0,
      737.0,
      29.0,
      60.0,
      32.0,
      2.0,
      1.0
    ],
    [
      4.0,
      4.0,
      46.0,
      112.0,
      26.0,
      770.0,
      21.0,
      12.0,
      3.0,
      2.0
    ],
    [
      2.0,
      0.0,
      30.0,
      26.0,
      9.0,
      8.0,
      911.0,
      5.0,
      4.0,
      5.0
    ],
    [
      12.0,
      3.0,
      32.0,
      25.0,
      39.0,
      78.0,
      3.0,
      800.0,
      2.0,
      6.0
    ],
    [
      31.0,
      15.0,
      15.0,
      11.0,
      8.0,
      3.0,
      11.0,
      1.0,
      885.0,
      20.0
    ],
    [
      8.0,
      77.0,
      4.0,
      8.0,
      6.0,
      7.0,
      4.0,
      1.0,
      18.0,
      867.0
    ]
  ],
  "classRecall": [
    0.7799999713897705,
    0.9430000185966492,
    0.7919999957084656,
    0.625,
    0.7369999885559082,
    0.7699999809265137,
    0.9110000133514404,
    0.800000011920929,
    0.8849999904632568,
    0.8669999837875366
  ],
  "classPrecision": [
    0.8823529481887817,
    0.8813084363937378,
    0.6815834641456604,
    0.6898455023765564,
    0.8019586801528931,
    0.7044830918312073,
    0.7907986044883728,
    0.9122006893157959,
    0.9133126735687256,
    0.8956611752510071
  ],
  "classes": [
    "plane",
    "car",
    "bird",
    "cat",
    "deer",
    "dog",
    "frog",
    "horse",
    "ship",
    "truck"
  ]
}