{
  "name": "model",
  "metrics": {
    "train_loss": [
      0.1469904239691123,
      0.10462407491244906,
      0.08282306422236689,
      0.07182265011046382,
      0.06057950091808681
    ],
    "train_accuracy": [
      0.9575925925925926,
      0.9699074074074074,
      0.975,
      0.9786111111111111,
      0.9819444444444444
    ],
    "val_loss": [
      0.1618499830365181,
      0.12845597487497837,
      0.10885013739003781,
      0.09959449254451914,
      0.09377665643362289
    ],
    "val_accuracy": [
      0.9511666666666667,
      0.9606666666666667,
      0.968,
      0.9711666666666666,
      0.9746666666666667
    ]
  },
  "accuracy": 0.9753,
  "confusion": [
    [
      973.0,
      1.0,
      1.0,
      0.0,
      0.0,
      1.0,
      2.0,
      1.0,
      1.0,
      0.0
    ],
    [
      0.0,
      1125.0,
      4.0,
      0.0,
      0.0,
      1.0,
      3.0,
      0.0,
      2.0,
      0.0
    ],
    [
      6.0,
      0.0,
      1010.0,
      2.0,
      3.0,
      0.0,
      3.0,
      3.0,
      5.0,
      0.0
    ],
    [
      0.0,
      0.0,
      7.0,
      981.0,
      0.0,
      10.0,
      0.0,
      7.0,
      4.0,
      1.0
    ],
    [
      1.0,
      0.0,
      2.0,
      0.0,
      961.0,
      0.0,
      4.0,
      3.0,
      1.0,
      10.0
    ],
    [
      3.0,
      0.0,
      0.0,
      3.0,
      1.0,
      871.0,
      8.0,
      0.0,
      3.0,
      3.0
    ],
    [
      7.0,
      2.0,
      0.0,
      0.0,
      5.0,
      1.0,
      942.0,
      0.0,
      1.0,
      0.0
    ],
    [
      2.0,
      10.0,
      14.0,
      1.0,
      1.0,
      0.0,
      0.0,
      993.0,
      4.0,
      3.0
    ],
    [
      6.0,
      0.0,
      3.0,
      4.0,
      8.0,
      4.0,
      7.0,
      3.0,
      936.0,
      3.0
    ],
    [
      2.0,
      4.0,
      0.0,
      4.0,
      22.0,
      5.0,
      1.0,
      9.0,
      1.0,
      961.0
    ]
  ],
  "classRecall": [
    0.9928571581840515,
    0.9911894202232361,
    0.9786821603775024,
    0.9712871313095093,
    0.9786150455474854,
    0.976457417011261,
    0.9832985401153564,
    0.9659532904624939,
    0.9609856009483337,
    0.9524281620979309
  ],
  "classPrecision": [
    0.9729999899864197,
    0.9851138591766357,
    0.9702209234237671,
    0.9859296679496765,
    0.9600399732589722,
    0.9753639698028564,
    0.9711340069770813,
    0.9744848012924194,
    0.9770354628562927,
    0.9796126484870911
  ],
  "classes": [
    0,
    1,
    2,
    3,
    4,
    5,
    6,
    7,
    8,
    9
  ]
}