{
  "name": "model",
  "metrics": {
    "train_loss": [
      0.1748770432838049,
      0.11354270816661453,
      0.08679975915294123,
      0.07755413862227759,
      0.06233813640798367
    ],
    "train_accuracy": [
      0.9519814814814814,
      0.9699074074074074,
      0.9756296296296296,
      0.9784074074074074,
      0.9827222222222223
    ],
    "val_loss": [
      0.19001793227297195,
      0.1335486722911926,
      0.11231518211833974,
      0.10957063552229962,
      0.09485907757535894
    ],
    "val_accuracy": [
      0.9468333333333333,
      0.9603333333333334,
      0.9665,
      0.967,
      0.9713333333333334
    ]
  },
  "accuracy": 0.9748,
  "confusion": [
    [
      969.0,
      1.0,
      1.0,
      1.0,
      0.0,
      1.0,
      3.0,
      1.0,
      3.0,
      0.0
    ],
    [
      0.0,
      1128.0,
      3.0,
      0.0,
      0.0,
      2.0,
      1.0,
      0.0,
      1.0,
      0.0
    ],
    [
      3.0,
      3.0,
      1007.0,
      2.0,
      1.0,
      1.0,
      2.0,
      8.0,
      5.0,
      0.0
    ],
    [
      0.0,
      0.0,
      7.0,
      979.0,
      0.0,
      11.0,
      0.0,
      9.0,
      3.0,
      1.0
    ],
    [
      0.0,
      2.0,
      4.0,
      0.0,
      946.0,
      0.0,
      9.0,
      4.0,
      2.0,
      15.0
    ],
    [
      3.0,
      0.0,
      1.0,
      3.0,
      2.0,
      870.0,
      4.0,
      1.0,
      6.0,
      2.0
    ],
    [
      6.0,
      3.0,
      1.0,
      0.0,
      4.0,
      8.0,
      934.0,
      0.0,
      2.0,
      0.0
    ],
    [
      2.0,
      9.0,
      10.0,
      0.0,
      0.0,
      0.0,
      0.0,
      997.0,
      4.0,
      6.0
    ],
    [
      7.0,
      0.0,
      3.0,
      4.0,
      3.0,
      3.0,
      3.0,
      3.0,
      948.0,
      0.0
    ],
    [
      3.0,
      6.0,
      0.0,
      3.0,
      10.0,
      5.0,
      1.0,
      5.0,
      6.0,
      970.0
    ]
  ],
  "classRecall": [
    0.9887754917144775,
    0.9938325881958008,
    0.9757751822471619,
    0.9693069458007812,
    0.9633401036262512,
    0.9753363132476807,
    0.9749478101730347,
    0.9698443412780762,
    0.9733059406280518,
    0.9613478779792786
  ],
  "classPrecision": [
    0.9758307933807373,
    0.9791666865348816,
    0.971070408821106,
    0.9868951439857483,
    0.979296088218689,
    0.9655937552452087,
    0.9759665727615356,
    0.9698443412780762,
    0.9673469662666321,
    0.9758551120758057
  ],
  "classes": [
    0,
    1,
    2,
    3,
    4,
    5,
    6,
    7,
    8,
    9
  ]
}