{
  "name": "model",
  "metrics": {
    "train_loss": [
      1.3425848866728218,
      0.9655159401961348,
      0.7120449449020353,
      0.6285879436711018,
      0.5190593342889439,
      0.40966623792932794,
      0.31664537265896797,
      0.27986544760113413,
      0.22200768011283467,
      0.2638515395493331,
      0.1679677506485446,
      0.14652304190464996
    ],
    "train_accuracy": [
      0.5203333333333333,
      0.6580222222222222,
      0.7503555555555556,
      0.7765111111111112,
      0.8190888888888889,
      0.8599333333333333,
      0.8913555555555556,
      0.9051333333333333,
      0.9268444444444445,
      0.9035333333333333,
      0.9422222222222222,
      0.9506222222222223
    ],
    "val_loss": [
      1.3687936127185822,
      1.0023490116000175,
      0.7984528437256813,
      0.7480351120233536,
      0.6552016943693161,
      0.615948798507452,
      0.5474268689751625,
      0.5556685119867325,
      0.5451440036296844,
      0.7190755397081375,
      0.5868755131959915,
      0.6419764966703951
    ],
    "val_accuracy": [
      0.5158,
      0.6436,
      0.7162,
      0.733,
      0.7698,
      0.794,
      0.8192,
      0.8142,
      0.8238,
      0.7984,
      0.8324,
      0.8278
    ]
  },
  "accuracy": 0.8248,
  "confusion": [
    [
      896.0,
      4.0,
      11.0,
      7.0,
      4.0,
      1.0,
      2.0,
      11.0,
      40.0,
      24.0
    ],
    [
      23.0,
      870.0,
      7.0,
      6.0,
      3.0,
      3.0,
      4.0,
      2.0,
      22.0,
      60.0
    ],
    [
      91.0,
      0.0,
      738.0,
      37.0,
      51.0,
      32.0,
      27.0,
      13.0,
      8.0,
      3.0
    ],
    [
      38.0,
      1.0,
      72.0,
      639.0,
      44.0,
      110.0,
      36.0,
      37.0,
      17.0,
      6.0
    ],
    [
      27.0,
      1.0,
      40.0,
      32.0,
      828.0,
      16.0,
      20.0,
      31.0,
      4.0,
      1.0
    ],
    [
      18.0,
      1.0,
      46.0,
      96.0,
      32.0,
      763.0,
      9.0,
      32.0,
      3.0,
      0.0
    ],
    [
      11.0,
      4.0,
      44.0,
      40.0,
      36.0,
      12.0,
      826.0,
      15.0,
      11.0,
      1.0
    ],
    [
      29.0,
      0.0,
      21.0,
      14.0,
      23.0,
      19.0,
      1.0,
      884.0,
      7.0,
      2.0
    ],
    [
      47.0,
      11.0,
      5.0,
      7.0,
      1.0,
      1.0,
      6.0,
      5.0,
      904.0,
      13.0
    ],
    [
      17.0,
      26.0,
      4.0,
      7.0,
      2.0,
      1.0,
      2.0,
      8.0,
      33.0,
      900.0
    ]
  ],
  "classRecall": [
    0.8960000276565552,
    0.8700000047683716,
    0.7379999756813049,
    0.6389999985694885,
    0.828000009059906,
    0.7630000114440918,
    0.8259999752044678,
    0.8840000033378601,
    0.9039999842643738,
    0.8999999761581421
  ],
  "classPrecision": [
    0.7485380172729492,
    0.9477124214172363,
    0.7469635605812073,
    0.7220339179039001,
    0.80859375,
    0.7964509129524231,
    0.8853161931037903,
    0.8516377806663513,
    0.8617731332778931,
    0.8910890817642212
  ],
  "classes": [
    "plane",
    "car",
    "bird",
    "cat",
    "deer",
    "dog",
    "frog",
    "horse",
    "ship",
    "truck"
  ]
}