{
  "name": "model",
  "metrics": {
    "train_loss": [
      0.1668888289940442,
      0.11003196611559081,
      0.09146283799561702,
      0.07270189953341162,
      0.06677211434205209
    ],
    "train_accuracy": [
      0.9557962962962963,
      0.9697962962962963,
      0.9742037037037037,
      0.9792407407407407,
      0.9817777777777777
    ],
    "val_loss": [
      0.1854704296652307,
      0.1308241274128569,
      0.11883400507429813,
      0.10270930034049014,
      0.10088777058619133
    ],
    "val_accuracy": [
      0.9465,
      0.9611666666666666,
      0.967,
      0.9705,
      0.9713333333333334
    ]
  },
  "accuracy": 0.9732,
  "confusion": [
    [
      973.0,
      0.0,
      1.0,
      0.0,
      0.0,
      0.0,
      2.0,
      1.0,
      3.0,
      0.0
    ],
    [
      0.0,
      1115.0,
      2.0,
      4.0,
      0.0,
      2.0,
      3.0,
      1.0,
      8.0,
      0.0
    ],
    [
      15.0,
      0.0,
      995.0,
      0.0,
      3.0,
      0.0,
      0.0,
      9.0,
      10.0,
      0.0
    ],
    [
      1.0,
      0.0,
      4.0,
      977.0,
      0.0,
      14.0,
      0.0,
      9.0,
      3.0,
      2.0
    ],
    [
      2.0,
      1.0,
      8.0,
      0.0,
      945.0,
      0.0,
      3.0,
      3.0,
      2.0,
      18.0
    ],
    [
      4.0,
      0.0,
      0.0,
      2.0,
      0.0,
      878.0,
      3.0,
      1.0,
      1.0,
      3.0
    ],
    [
      9.0,
      2.0,
      0.0,
      0.0,
      3.0,
      6.0,
      935.0,
      0.0,
      3.0,
      0.0
    ],
    [
      3.0,
      6.0,
      12.0,
      1.0,
      0.0,
      0.0,
      0.0,
      997.0,
      3.0,
      6.0
    ],
    [
      6.0,
      0.0,
      1.0,
      4.0,
      7.0,
      8.0,
      1.0,
      4.0,
      937.0,
      6.0
    ],
    [
      5.0,
      2.0,
      0.0,
      4.0,
      7.0,
      3.0,
      1.0,
      6.0,
      1.0,
      980.0
    ]
  ],
  "classRecall": [
    0.9928571581840515,
    0.9823788404464722,
    0.9641472697257996,
    0.9673267602920532,
    0.9623218178749084,
    0.9843049049377441,
    0.9759916663169861,
    0.9698443412780762,
    0.9620122909545898,
    0.9712586998939514
  ],
  "classPrecision": [
    0.9557957053184509,
    0.990230917930603,
    0.9726295471191406,
    0.9848790168762207,
    0.9792746305465698,
    0.9637760519981384,
    0.9862869381904602,
    0.9670222997665405,
    0.9649845361709595,
    0.9655172228813171
  ],
  "classes": [
    0,
    1,
    2,
    3,
    4,
    5,
    6,
    7,
    8,
    9
  ]
}