{
  "name": "model",
  "metrics": {
    "train_loss": [
      1.4219806793738494,
      0.9971563751724634,
      0.8031875609674237,
      0.6176912431520495,
      0.5236350827935067,
      0.6371375323188576,
      0.8562228800728917,
      0.7172649435868318,
      0.926839441569014,
      0.7176102305000479,
      0.5419758084992116,
      1.0362813977355307
    ],
    "train_accuracy": [
      0.4923777777777778,
      0.6560222222222222,
      0.7179555555555556,
      0.7905333333333333,
      0.8181111111111111,
      0.7853333333333333,
      0.7469111111111111,
      0.7899111111111111,
      0.7592222222222222,
      0.8138888888888889,
      0.8471333333333333,
      0.7773333333333333
    ],
    "val_loss": [
      1.4371292620897294,
      1.0479834124445915,
      0.8988433018326759,
      0.7400024890899658,
      0.6952462241053581,
      0.8476657040417195,
      1.184754529595375,
      1.0866747304797173,
      1.2991294234991073,
      1.2158128872513772,
      1.0556524083018304,
      1.6534823775291443
    ],
    "val_accuracy": [
      0.4848,
      0.6312,
      0.6846,
      0.7468,
      0.7634,
      0.7216,
      0.6786,
      0.7076,
      0.6794,
      0.7168,
      0.728,
      0.674
    ]
  },
  "accuracy": 0.6768,
  "confusion": [
    [
      994.0,
      0.0,
      0.0,
      2.0,
      0.0,
      0.0,
      1.0,
      1.0,
      1.0,
      1.0
    ],
    [
      151.0,
      814.0,
      0.0,
      0.0,
      0.0,
      1.0,
      3.0,
      0.0,
      5.0,
      26.0
    ],
    [
      427.0,
      6.0,
      396.0,
      23.0,
      47.0,
      40.0,
      41.0,
      16.0,
      1.0,
      3.0
    ],
    [
      234.0,
      6.0,
      13.0,
      519.0,
      32.0,
      90.0,
      82.0,
      13.0,
      4.0,
      7.0
    ],
    [
      207.0,
      0.0,
      14.0,
      24.0,
      690.0,
      14.0,
      27.0,
      23.0,
      1.0,
      0.0
    ],
    [
      125.0,
      2.0,
      10.0,
      73.0,
      23.0,
      723.0,
      16.0,
      23.0,
      1.0,
      4.0
    ],
    [
      85.0,
      3.0,
      8.0,
      17.0,
      12.0,
      12.0,
      856.0,
      1.0,
      2.0,
      4.0
    ],
    [
      119.0,
      1.0,
      4.0,
      21.0,
      25.0,
      31.0,
      5.0,
      791.0,
      2.0,
      1.0
    ],
    [
      677.0,
      5.0,
      1.0,
      1.0,
      0.0,
      1.0,
      3.0,
      1.0,
      307.0,
      4.0
    ],
    [
      276.0,
      34.0,
      0.0,
      3.0,
      1.0,
      1.0,
      1.0,
      2.0,
      4.0,
      678.0
    ]
  ],
  "classRecall": [
    0.9940000176429749,
    0.8140000104904175,
    0.3959999978542328,
    0.5189999938011169,
    0.6899999976158142,
    0.7229999899864197,
    0.8560000061988831,
    0.7910000085830688,
    0.3070000112056732,
    0.6779999732971191
  ],
  "classPrecision": [
    0.3016692101955414,
    0.9345579743385315,
    0.8878923654556274,
    0.7598828673362732,
    0.8313252925872803,
    0.7918948531150818,
    0.8270531296730042,
    0.9081515669822693,
    0.9359756112098694,
    0.9313187003135681
  ],
  "classes": [
    "plane",
    "car",
    "bird",
    "cat",
    "deer",
    "dog",
    "frog",
    "horse",
    "ship",
    "truck"
  ]
}