{
  "name": "model",
  "metrics": {
    "train_loss": [
      0.1436994701703366,
      0.10181214816215055,
      0.0853543512267171,
      0.06759471526828494,
      0.06494229610113347
    ],
    "train_accuracy": [
      0.9570555555555555,
      0.9707407407407408,
      0.9755370370370371,
      0.9802407407407407,
      0.980537037037037
    ],
    "val_loss": [
      0.15595867778075503,
      0.12549774091135948,
      0.11252376143919661,
      0.09432074479124647,
      0.10062770747599449
    ],
    "val_accuracy": [
      0.9525,
      0.9626666666666667,
      0.9675,
      0.9713333333333334,
      0.9718333333333333
    ]
  },
  "accuracy": 0.9744,
  "confusion": [
    [
      972.0,
      0.0,
      1.0,
      0.0,
      0.0,
      1.0,
      2.0,
      1.0,
      3.0,
      0.0
    ],
    [
      0.0,
      1125.0,
      2.0,
      1.0,
      0.0,
      1.0,
      2.0,
      3.0,
      1.0,
      0.0
    ],
    [
      5.0,
      0.0,
      1010.0,
      2.0,
      1.0,
      0.0,
      3.0,
      9.0,
      2.0,
      0.0
    ],
    [
      0.0,
      0.0,
      8.0,
      974.0,
      0.0,
      16.0,
      0.0,
      9.0,
      3.0,
      0.0
    ],
    [
      1.0,
      0.0,
      3.0,
      0.0,
      960.0,
      0.0,
      7.0,
      4.0,
      2.0,
      5.0
    ],
    [
      3.0,
      0.0,
      0.0,
      1.0,
      3.0,
      873.0,
      8.0,
      0.0,
      3.0,
      1.0
    ],
    [
      7.0,
      3.0,
      0.0,
      1.0,
      1.0,
      2.0,
      942.0,
      0.0,
      2.0,
      0.0
    ],
    [
      3.0,
      1.0,
      9.0,
      0.0,
      1.0,
      0.0,
      0.0,
      1007.0,
      2.0,
      5.0
    ],
    [
      6.0,
      1.0,
      2.0,
      5.0,
      5.0,
      5.0,
      8.0,
      6.0,
      934.0,
      2.0
    ],
    [
      4.0,
      5.0,
      0.0,
      6.0,
      26.0,
      8.0,
      1.0,
      11.0,
      1.0,
      947.0
    ]
  ],
  "classRecall": [
    0.9918367266654968,
    0.9911894202232361,
    0.9786821603775024,
    0.9643564224243164,
    0.9775967597961426,
    0.9786995649337769,
    0.9832985401153564,
    0.9795719981193542,
    0.9589322209358215,
    0.9385530352592468
  ],
  "classPrecision": [
    0.9710289835929871,
    0.9911894202232361,
    0.9758453965187073,
    0.9838383793830872,
    0.9628886580467224,
    0.9635761380195618,
    0.9681397676467896,
    0.9590476155281067,
    0.9800629615783691,
    0.9864583611488342
  ],
  "classes": [
    0,
    1,
    2,
    3,
    4,
    5,
    6,
    7,
    8,
    9
  ]
}