{
  "name": "model",
  "metrics": {
    "train_loss": [
      1.305821509862488,
      0.9997073809870265,
      0.6793039905923334,
      0.6046858059073036,
      0.45602280875159934,
      0.43140067549591715,
      0.3515749809924852,
      0.2825143348679624,
      0.19830697258426386,
      0.18193068492903627,
      0.20097983704710548,
      0.1451364020732316
    ],
    "train_accuracy": [
      0.5356444444444445,
      0.638,
      0.7591333333333333,
      0.7888,
      0.8434,
      0.8511111111111112,
      0.8745111111111111,
      0.9027777777777778,
      0.9316666666666666,
      0.9402222222222222,
      0.9284444444444444,
      0.9508666666666666
    ],
    "val_loss": [
      1.3193112850189208,
      1.049648542702198,
      0.756661194562912,
      0.7156987331807614,
      0.6356334589421749,
      0.6435960829257965,
      0.5947991400957108,
      0.5744314901530743,
      0.5415315814316273,
      0.5826226159930229,
      0.6479548141360283,
      0.6923433348536492
    ],
    "val_accuracy": [
      0.524,
      0.6136,
      0.7254,
      0.7432,
      0.787,
      0.7878,
      0.797,
      0.8142,
      0.8314,
      0.8174,
      0.809,
      0.8212
    ]
  },
  "accuracy": 0.82,
  "confusion": [
    [
      938.0,
      8.0,
      7.0,
      4.0,
      4.0,
      2.0,
      2.0,
      6.0,
      17.0,
      12.0
    ],
    [
      9.0,
      921.0,
      1.0,
      3.0,
      2.0,
      2.0,
      3.0,
      0.0,
      10.0,
      49.0
    ],
    [
      142.0,
      4.0,
      663.0,
      59.0,
      59.0,
      18.0,
      23.0,
      23.0,
      6.0,
      3.0
    ],
    [
      37.0,
      4.0,
      36.0,
      700.0,
      42.0,
      102.0,
      34.0,
      28.0,
      6.0,
      11.0
    ],
    [
      29.0,
      3.0,
      38.0,
      39.0,
      816.0,
      15.0,
      15.0,
      40.0,
      5.0,
      0.0
    ],
    [
      10.0,
      2.0,
      32.0,
      163.0,
      30.0,
      710.0,
      9.0,
      43.0,
      1.0,
      0.0
    ],
    [
      12.0,
      6.0,
      28.0,
      54.0,
      33.0,
      14.0,
      841.0,
      4.0,
      2.0,
      6.0
    ],
    [
      24.0,
      4.0,
      7.0,
      26.0,
      32.0,
      21.0,
      1.0,
      882.0,
      0.0,
      3.0
    ],
    [
      111.0,
      16.0,
      3.0,
      9.0,
      2.0,
      1.0,
      1.0,
      3.0,
      836.0,
      18.0
    ],
    [
      37.0,
      44.0,
      1.0,
      9.0,
      0.0,
      2.0,
      1.0,
      4.0,
      9.0,
      893.0
    ]
  ],
  "classRecall": [
    0.9380000233650208,
    0.9210000038146973,
    0.6629999876022339,
    0.699999988079071,
    0.8159999847412109,
    0.7099999785423279,
    0.8410000205039978,
    0.8820000290870667,
    0.8360000252723694,
    0.8930000066757202
  ],
  "classPrecision": [
    0.6953298449516296,
    0.9100790619850159,
    0.8125,
    0.6566604375839233,
    0.800000011920929,
    0.8004509806632996,
    0.9043010473251343,
    0.8538238406181335,
    0.9372197389602661,
    0.897487461566925
  ],
  "classes": [
    "plane",
    "car",
    "bird",
    "cat",
    "deer",
    "dog",
    "frog",
    "horse",
    "ship",
    "truck"
  ]
}