{
  "name": "model",
  "metrics": {
    "train_loss": [
      1.3266002457927575,
      0.972242140465162,
      0.7333329636603594,
      0.5680131027474999,
      0.5152932529083707,
      0.4187540505081415,
      0.3458165802823549,
      0.3226849780079316,
      0.26918095987374807,
      0.2109873893840069,
      0.20905117263001474,
      0.15729626966640353
    ],
    "train_accuracy": [
      0.5164222222222222,
      0.6517555555555555,
      0.7370666666666666,
      0.8040444444444445,
      0.8224222222222223,
      0.8591777777777778,
      0.8800444444444444,
      0.8865333333333333,
      0.9072,
      0.9276222222222222,
      0.9304888888888889,
      0.9492444444444444
    ],
    "val_loss": [
      1.335652980208397,
      0.9908456563949585,
      0.8139221101999283,
      0.6954897031188011,
      0.6941268265247345,
      0.5914620373398065,
      0.6216902919113636,
      0.6250818759202957,
      0.6520395778119564,
      0.6136873070150614,
      0.6799503972753882,
      0.7175956852734089
    ],
    "val_accuracy": [
      0.5072,
      0.6472,
      0.711,
      0.7574,
      0.771,
      0.792,
      0.7972,
      0.7972,
      0.8058,
      0.813,
      0.8066,
      0.8174
    ]
  },
  "accuracy": 0.8169,
  "confusion": [
    [
      935.0,
      4.0,
      6.0,
      11.0,
      2.0,
      1.0,
      1.0,
      4.0,
      16.0,
      20.0
    ],
    [
      31.0,
      869.0,
      0.0,
      1.0,
      0.0,
      2.0,
      0.0,
      0.0,
      14.0,
      83.0
    ],
    [
      120.0,
      7.0,
      671.0,
      48.0,
      45.0,
      32.0,
      53.0,
      18.0,
      4.0,
      2.0
    ],
    [
      46.0,
      2.0,
      32.0,
      731.0,
      29.0,
      97.0,
      37.0,
      13.0,
      5.0,
      8.0
    ],
    [
      33.0,
      0.0,
      47.0,
      36.0,
      805.0,
      17.0,
      30.0,
      23.0,
      4.0,
      5.0
    ],
    [
      14.0,
      3.0,
      36.0,
      154.0,
      30.0,
      730.0,
      12.0,
      17.0,
      1.0,
      3.0
    ],
    [
      13.0,
      4.0,
      26.0,
      48.0,
      19.0,
      6.0,
      872.0,
      3.0,
      4.0,
      5.0
    ],
    [
      30.0,
      3.0,
      19.0,
      37.0,
      33.0,
      29.0,
      2.0,
      843.0,
      1.0,
      3.0
    ],
    [
      145.0,
      8.0,
      2.0,
      7.0,
      1.0,
      2.0,
      10.0,
      0.0,
      811.0,
      14.0
    ],
    [
      36.0,
      24.0,
      6.0,
      9.0,
      1.0,
      2.0,
      2.0,
      1.0,
      17.0,
      902.0
    ]
  ],
  "classRecall": [
    0.9350000023841858,
    0.8690000176429749,
    0.6710000038146973,
    0.7310000061988831,
    0.8050000071525574,
    0.7300000190734863,
    0.871999979019165,
    0.8429999947547913,
    0.8109999895095825,
    0.9020000100135803
  ],
  "classPrecision": [
    0.6664291024208069,
    0.9404761791229248,
    0.7940828204154968,
    0.6756007671356201,
    0.8341968655586243,
    0.7952069640159607,
    0.8557409048080444,
    0.914316713809967,
    0.9247434139251709,
    0.8631578683853149
  ],
  "classes": [
    "plane",
    "car",
    "bird",
    "cat",
    "deer",
    "dog",
    "frog",
    "horse",
    "ship",
    "truck"
  ]
}