{
  "name": "model",
  "metrics": {
    "train_loss": [
      0.16007958219267462,
      0.10238574042704433,
      0.07807867137287076,
      0.06553437686591493,
      0.06056320051755315
    ],
    "train_accuracy": [
      0.9535185185185185,
      0.9692037037037037,
      0.977,
      0.9801296296296297,
      0.9819074074074075
    ],
    "val_loss": [
      0.17372594963996968,
      0.126279270633104,
      0.10435215221282015,
      0.09649193928913867,
      0.09199439381506849
    ],
    "val_accuracy": [
      0.9486666666666667,
      0.9628333333333333,
      0.9675,
      0.9721666666666666,
      0.9721666666666666
    ]
  },
  "accuracy": 0.9753,
  "confusion": [
    [
      970.0,
      1.0,
      1.0,
      1.0,
      0.0,
      1.0,
      3.0,
      1.0,
      2.0,
      0.0
    ],
    [
      0.0,
      1124.0,
      3.0,
      2.0,
      0.0,
      1.0,
      2.0,
      1.0,
      2.0,
      0.0
    ],
    [
      3.0,
      4.0,
      1003.0,
      4.0,
      2.0,
      0.0,
      2.0,
      8.0,
      5.0,
      1.0
    ],
    [
      0.0,
      0.0,
      6.0,
      985.0,
      0.0,
      3.0,
      0.0,
      9.0,
      7.0,
      0.0
    ],
    [
      1.0,
      0.0,
      2.0,
      0.0,
      954.0,
      0.0,
      7.0,
      0.0,
      1.0,
      17.0
    ],
    [
      2.0,
      0.0,
      0.0,
      21.0,
      1.0,
      855.0,
      3.0,
      1.0,
      5.0,
      4.0
    ],
    [
      5.0,
      3.0,
      1.0,
      1.0,
      4.0,
      3.0,
      937.0,
      0.0,
      4.0,
      0.0
    ],
    [
      1.0,
      4.0,
      7.0,
      1.0,
      0.0,
      0.0,
      0.0,
      1011.0,
      0.0,
      4.0
    ],
    [
      5.0,
      2.0,
      1.0,
      4.0,
      4.0,
      6.0,
      0.0,
      5.0,
      944.0,
      3.0
    ],
    [
      4.0,
      2.0,
      0.0,
      9.0,
      10.0,
      1.0,
      1.0,
      9.0,
      3.0,
      970.0
    ]
  ],
  "classRecall": [
    0.9897959232330322,
    0.9903083443641663,
    0.9718992114067078,
    0.9752475023269653,
    0.9714867472648621,
    0.9585201740264893,
    0.9780793190002441,
    0.9834630489349365,
    0.9691991806030273,
    0.9613478779792786
  ],
  "classPrecision": [
    0.9788092970848083,
    0.9859648942947388,
    0.9794921875,
    0.9581711888313293,
    0.9784615635871887,
    0.982758641242981,
    0.981151819229126,
    0.9674640893936157,
    0.9701952934265137,
    0.9709709882736206
  ],
  "classes": [
    0,
    1,
    2,
    3,
    4,
    5,
    6,
    7,
    8,
    9
  ]
}