{
  "name": "model",
  "metrics": {
    "train_loss": [
      1.406177013435147,
      0.9766124825585972,
      0.7383306147530675,
      0.5874401931227609,
      0.5770513098686934,
      0.4528044584122571,
      0.43425801066173747,
      0.360530819108879,
      0.33663462204012,
      0.303564322181046,
      0.21907558124935764,
      0.23643419271419672
    ],
    "train_accuracy": [
      0.4885333333333333,
      0.6609333333333334,
      0.7458666666666667,
      0.7943555555555556,
      0.7962,
      0.8403777777777778,
      0.8524,
      0.8768444444444444,
      0.8846888888888889,
      0.8996222222222222,
      0.9235333333333333,
      0.9214888888888889
    ],
    "val_loss": [
      1.439078363776207,
      1.0295288547873498,
      0.8154353126883507,
      0.686859006807208,
      0.7443487524986268,
      0.6626294650137424,
      0.679048852622509,
      0.6874300576746464,
      0.7250104777514934,
      0.7495055988430976,
      0.737043185159564,
      0.8988920837640763
    ],
    "val_accuracy": [
      0.4754,
      0.6502,
      0.7188,
      0.7562,
      0.7422,
      0.7768,
      0.7704,
      0.7816,
      0.7768,
      0.7864,
      0.79,
      0.7802
    ]
  },
  "accuracy": 0.791,
  "confusion": [
    [
      956.0,
      0.0,
      15.0,
      4.0,
      4.0,
      1.0,
      2.0,
      2.0,
      16.0,
      0.0
    ],
    [
      54.0,
      870.0,
      2.0,
      3.0,
      0.0,
      2.0,
      6.0,
      0.0,
      41.0,
      22.0
    ],
    [
      123.0,
      2.0,
      733.0,
      26.0,
      36.0,
      34.0,
      25.0,
      13.0,
      6.0,
      2.0
    ],
    [
      59.0,
      2.0,
      78.0,
      615.0,
      44.0,
      114.0,
      40.0,
      21.0,
      18.0,
      9.0
    ],
    [
      50.0,
      1.0,
      61.0,
      36.0,
      795.0,
      24.0,
      7.0,
      22.0,
      2.0,
      2.0
    ],
    [
      25.0,
      1.0,
      58.0,
      89.0,
      29.0,
      756.0,
      10.0,
      22.0,
      8.0,
      2.0
    ],
    [
      21.0,
      0.0,
      52.0,
      34.0,
      21.0,
      17.0,
      837.0,
      1.0,
      15.0,
      2.0
    ],
    [
      65.0,
      0.0,
      28.0,
      19.0,
      44.0,
      37.0,
      3.0,
      799.0,
      3.0,
      2.0
    ],
    [
      184.0,
      2.0,
      5.0,
      6.0,
      3.0,
      0.0,
      3.0,
      2.0,
      794.0,
      1.0
    ],
    [
      149.0,
      51.0,
      4.0,
      9.0,
      1.0,
      3.0,
      0.0,
      2.0,
      26.0,
      755.0
    ]
  ],
  "classRecall": [
    0.9559999704360962,
    0.8700000047683716,
    0.7329999804496765,
    0.6150000095367432,
    0.7950000166893005,
    0.7559999823570251,
    0.8370000123977661,
    0.7990000247955322,
    0.7940000295639038,
    0.7549999952316284
  ],
  "classPrecision": [
    0.5670225620269775,
    0.9364908337593079,
    0.7075289487838745,
    0.731272280216217,
    0.8137154579162598,
    0.7651821970939636,
    0.8971061110496521,
    0.9038461446762085,
    0.854682445526123,
    0.9473024010658264
  ],
  "classes": [
    "plane",
    "car",
    "bird",
    "cat",
    "deer",
    "dog",
    "frog",
    "horse",
    "ship",
    "truck"
  ]
}