{
  "name": "model",
  "metrics": {
    "train_loss": [
      0.15494577904448126,
      0.10540817426826575,
      0.0853508365455291,
      0.07461837896750578,
      0.05965551719846319
    ],
    "train_accuracy": [
      0.9542592592592593,
      0.9689074074074074,
      0.9752592592592593,
      0.9776666666666667,
      0.9818703703703704
    ],
    "val_loss": [
      0.16840258969905528,
      0.12368951817142203,
      0.11194414637507276,
      0.10721230411783178,
      0.09298298468298101
    ],
    "val_accuracy": [
      0.9485,
      0.9646666666666667,
      0.9688333333333333,
      0.968,
      0.9733333333333334
    ]
  },
  "accuracy": 0.9739,
  "confusion": [
    [
      971.0,
      0.0,
      1.0,
      0.0,
      0.0,
      2.0,
      3.0,
      1.0,
      2.0,
      0.0
    ],
    [
      0.0,
      1123.0,
      2.0,
      2.0,
      0.0,
      2.0,
      3.0,
      0.0,
      3.0,
      0.0
    ],
    [
      4.0,
      2.0,
      1008.0,
      3.0,
      2.0,
      0.0,
      3.0,
      8.0,
      2.0,
      0.0
    ],
    [
      0.0,
      0.0,
      6.0,
      982.0,
      0.0,
      15.0,
      0.0,
      4.0,
      3.0,
      0.0
    ],
    [
      1.0,
      1.0,
      3.0,
      0.0,
      961.0,
      0.0,
      8.0,
      2.0,
      1.0,
      5.0
    ],
    [
      3.0,
      0.0,
      0.0,
      4.0,
      1.0,
      869.0,
      8.0,
      2.0,
      4.0,
      1.0
    ],
    [
      6.0,
      2.0,
      0.0,
      0.0,
      4.0,
      4.0,
      940.0,
      0.0,
      2.0,
      0.0
    ],
    [
      1.0,
      4.0,
      11.0,
      6.0,
      1.0,
      0.0,
      0.0,
      997.0,
      1.0,
      7.0
    ],
    [
      8.0,
      0.0,
      1.0,
      9.0,
      5.0,
      10.0,
      4.0,
      3.0,
      932.0,
      2.0
    ],
    [
      4.0,
      4.0,
      0.0,
      5.0,
      17.0,
      9.0,
      1.0,
      8.0,
      5.0,
      956.0
    ]
  ],
  "classRecall": [
    0.9908163547515869,
    0.9894273281097412,
    0.9767441749572754,
    0.9722772240638733,
    0.9786150455474854,
    0.9742152690887451,
    0.9812108278274536,
    0.9698443412780762,
    0.9568788409233093,
    0.9474727511405945
  ],
  "classPrecision": [
    0.9729458689689636,
    0.9885563254356384,
    0.9767441749572754,
    0.9713155031204224,
    0.9697275757789612,
    0.9538968205451965,
    0.969072163105011,
    0.9726829528808594,
    0.9759162068367004,
    0.9845520257949829
  ],
  "classes": [
    0,
    1,
    2,
    3,
    4,
    5,
    6,
    7,
    8,
    9
  ]
}