{
  "name": "model",
  "metrics": {
    "train_loss": [
      0.16085186297012166,
      0.11478450358514254,
      0.0881058170385129,
      0.07235786285013031,
      0.06354497433573855
    ],
    "train_accuracy": [
      0.9529074074074074,
      0.9682407407407407,
      0.9757962962962963,
      0.979574074074074,
      0.983462962962963
    ],
    "val_loss": [
      0.1766142764307083,
      0.13556653086809403,
      0.11183514965182924,
      0.09752574673992523,
      0.09210200393770604
    ],
    "val_accuracy": [
      0.9466666666666667,
      0.9613333333333334,
      0.9676666666666667,
      0.9706666666666667,
      0.975
    ]
  },
  "accuracy": 0.9764,
  "confusion": [
    [
      971.0,
      0.0,
      0.0,
      1.0,
      0.0,
      2.0,
      3.0,
      1.0,
      2.0,
      0.0
    ],
    [
      0.0,
      1124.0,
      4.0,
      0.0,
      0.0,
      1.0,
      2.0,
      0.0,
      4.0,
      0.0
    ],
    [
      7.0,
      1.0,
      1012.0,
      0.0,
      2.0,
      0.0,
      1.0,
      5.0,
      3.0,
      1.0
    ],
    [
      0.0,
      0.0,
      6.0,
      987.0,
      0.0,
      4.0,
      0.0,
      7.0,
      4.0,
      2.0
    ],
    [
      1.0,
      1.0,
      3.0,
      0.0,
      963.0,
      0.0,
      4.0,
      1.0,
      1.0,
      8.0
    ],
    [
      4.0,
      0.0,
      0.0,
      6.0,
      1.0,
      864.0,
      6.0,
      1.0,
      5.0,
      5.0
    ],
    [
      7.0,
      3.0,
      1.0,
      0.0,
      1.0,
      3.0,
      941.0,
      0.0,
      2.0,
      0.0
    ],
    [
      1.0,
      8.0,
      14.0,
      2.0,
      0.0,
      0.0,
      0.0,
      991.0,
      4.0,
      8.0
    ],
    [
      2.0,
      0.0,
      2.0,
      6.0,
      5.0,
      2.0,
      1.0,
      4.0,
      947.0,
      5.0
    ],
    [
      4.0,
      5.0,
      0.0,
      11.0,
      12.0,
      3.0,
      1.0,
      5.0,
      4.0,
      964.0
    ]
  ],
  "classRecall": [
    0.9908163547515869,
    0.9903083443641663,
    0.9806201457977295,
    0.9772277474403381,
    0.9806517362594604,
    0.9686098694801331,
    0.982254683971405,
    0.9640077948570251,
    0.9722792506217957,
    0.9554013609886169
  ],
  "classPrecision": [
    0.9739217758178711,
    0.9842382073402405,
    0.9712092280387878,
    0.974333643913269,
    0.9786585569381714,
    0.9829351305961609,
    0.9812304377555847,
    0.9763546586036682,
    0.9702869057655334,
    0.9707955718040466
  ],
  "classes": [
    0,
    1,
    2,
    3,
    4,
    5,
    6,
    7,
    8,
    9
  ]
}