{
  "name": "model",
  "metrics": {
    "train_loss": [
      1.376211716370149,
      0.9370821858332916,
      0.7648309643634341,
      0.6099033986472271,
      0.5647386747666381,
      0.5539611512795091,
      0.3932878161272542,
      0.3142228728498925,
      0.24994460823522371,
      0.20312510458329183,
      0.24152463623745876,
      0.2195997478186407
    ],
    "train_accuracy": [
      0.5157555555555555,
      0.6674222222222223,
      0.7322666666666666,
      0.7917111111111111,
      0.8020666666666667,
      0.8101555555555555,
      0.8622888888888889,
      0.8910444444444444,
      0.9177111111111111,
      0.9340666666666667,
      0.9172,
      0.9255333333333333
    ],
    "val_loss": [
      1.395328414440155,
      0.9742659121751786,
      0.8541170254349708,
      0.7172984331846237,
      0.7513167157769203,
      0.7335659310221672,
      0.6272256098687649,
      0.6093859389424324,
      0.5564562149345875,
      0.6011619105935097,
      0.6939945727586746,
      0.7753249652683735
    ],
    "val_accuracy": [
      0.5106,
      0.652,
      0.7008,
      0.748,
      0.7506,
      0.745,
      0.7864,
      0.7926,
      0.8106,
      0.8144,
      0.79,
      0.8012
    ]
  },
  "accuracy": 0.8028,
  "confusion": [
    [
      956.0,
      7.0,
      14.0,
      7.0,
      2.0,
      0.0,
      0.0,
      4.0,
      9.0,
      1.0
    ],
    [
      28.0,
      910.0,
      2.0,
      4.0,
      1.0,
      0.0,
      4.0,
      1.0,
      12.0,
      38.0
    ],
    [
      119.0,
      0.0,
      710.0,
      28.0,
      32.0,
      29.0,
      45.0,
      33.0,
      1.0,
      3.0
    ],
    [
      52.0,
      3.0,
      72.0,
      644.0,
      28.0,
      83.0,
      70.0,
      37.0,
      8.0,
      3.0
    ],
    [
      41.0,
      1.0,
      54.0,
      42.0,
      729.0,
      12.0,
      36.0,
      84.0,
      1.0,
      0.0
    ],
    [
      23.0,
      1.0,
      48.0,
      133.0,
      22.0,
      711.0,
      20.0,
      40.0,
      1.0,
      1.0
    ],
    [
      19.0,
      1.0,
      49.0,
      35.0,
      10.0,
      6.0,
      860.0,
      11.0,
      5.0,
      4.0
    ],
    [
      22.0,
      1.0,
      18.0,
      19.0,
      17.0,
      18.0,
      7.0,
      895.0,
      1.0,
      2.0
    ],
    [
      163.0,
      10.0,
      6.0,
      4.0,
      0.0,
      1.0,
      7.0,
      7.0,
      798.0,
      4.0
    ],
    [
      102.0,
      46.0,
      2.0,
      5.0,
      3.0,
      0.0,
      3.0,
      14.0,
      10.0,
      815.0
    ]
  ],
  "classRecall": [
    0.9559999704360962,
    0.9100000262260437,
    0.7099999785423279,
    0.6439999938011169,
    0.7289999723434448,
    0.7110000252723694,
    0.8600000143051147,
    0.8949999809265137,
    0.7979999780654907,
    0.8149999976158142
  ],
  "classPrecision": [
    0.6268852353096008,
    0.9285714030265808,
    0.728205144405365,
    0.69923996925354,
    0.8637440800666809,
    0.8267441987991333,
    0.8174905180931091,
    0.7948490381240845,
    0.9432623982429504,
    0.9357060790061951
  ],
  "classes": [
    "plane",
    "car",
    "bird",
    "cat",
    "deer",
    "dog",
    "frog",
    "horse",
    "ship",
    "truck"
  ]
}