{
  "name": "model",
  "metrics": {
    "train_loss": [
      0.15891132579666178,
      0.11056159142298862,
      0.08200166758670696,
      0.07294778611678718,
      0.05851451817997047
    ],
    "train_accuracy": [
      0.9527222222222222,
      0.9682962962962963,
      0.975,
      0.978037037037037,
      0.9828148148148148
    ],
    "val_loss": [
      0.17178398370742798,
      0.13547803239619477,
      0.1152908943910548,
      0.10333283735003243,
      0.09106458959348024
    ],
    "val_accuracy": [
      0.9476666666666667,
      0.9593333333333334,
      0.9668333333333333,
      0.9705,
      0.9748333333333333
    ]
  },
  "accuracy": 0.9733,
  "confusion": [
    [
      971.0,
      1.0,
      2.0,
      1.0,
      1.0,
      1.0,
      1.0,
      1.0,
      1.0,
      0.0
    ],
    [
      0.0,
      1124.0,
      3.0,
      2.0,
      0.0,
      1.0,
      3.0,
      0.0,
      2.0,
      0.0
    ],
    [
      3.0,
      2.0,
      1004.0,
      10.0,
      1.0,
      0.0,
      0.0,
      8.0,
      4.0,
      0.0
    ],
    [
      0.0,
      0.0,
      3.0,
      992.0,
      0.0,
      4.0,
      0.0,
      5.0,
      4.0,
      2.0
    ],
    [
      1.0,
      1.0,
      7.0,
      0.0,
      947.0,
      0.0,
      4.0,
      2.0,
      3.0,
      17.0
    ],
    [
      2.0,
      0.0,
      0.0,
      10.0,
      1.0,
      866.0,
      6.0,
      1.0,
      5.0,
      1.0
    ],
    [
      5.0,
      3.0,
      1.0,
      1.0,
      7.0,
      3.0,
      933.0,
      0.0,
      5.0,
      0.0
    ],
    [
      1.0,
      10.0,
      9.0,
      5.0,
      0.0,
      0.0,
      0.0,
      994.0,
      0.0,
      9.0
    ],
    [
      4.0,
      2.0,
      2.0,
      8.0,
      5.0,
      3.0,
      3.0,
      3.0,
      937.0,
      7.0
    ],
    [
      3.0,
      7.0,
      0.0,
      8.0,
      13.0,
      3.0,
      0.0,
      7.0,
      3.0,
      965.0
    ]
  ],
  "classRecall": [
    0.9908163547515869,
    0.9903083443641663,
    0.9728682041168213,
    0.9821782112121582,
    0.9643584489822388,
    0.9708520174026489,
    0.9739039540290833,
    0.966926097869873,
    0.9620122909545898,
    0.9563924670219421
  ],
  "classPrecision": [
    0.9808080792427063,
    0.9773913025856018,
    0.9738118052482605,
    0.9566056132316589,
    0.9712820649147034,
    0.9829738736152649,
    0.9821052551269531,
    0.973555326461792,
    0.9719917178153992,
    0.9640359878540039
  ],
  "classes": [
    0,
    1,
    2,
    3,
    4,
    5,
    6,
    7,
    8,
    9
  ]
}