{
  "name": "model",
  "metrics": {
    "train_loss": [
      0.1565666987132546,
      0.10827272391538202,
      0.08173793819799172,
      0.07878857908187814,
      0.06514342931337584
    ],
    "train_accuracy": [
      0.9540740740740741,
      0.9685925925925926,
      0.9753148148148149,
      0.9774074074074074,
      0.9812037037037037
    ],
    "val_loss": [
      0.17487041525384214,
      0.13323710565554334,
      0.10885758610798958,
      0.11577655866425088,
      0.10136110113656267
    ],
    "val_accuracy": [
      0.948,
      0.96,
      0.967,
      0.9673333333333334,
      0.9721666666666666
    ]
  },
  "accuracy": 0.9731,
  "confusion": [
    [
      973.0,
      1.0,
      0.0,
      0.0,
      0.0,
      2.0,
      2.0,
      1.0,
      0.0,
      1.0
    ],
    [
      0.0,
      1127.0,
      2.0,
      1.0,
      0.0,
      2.0,
      2.0,
      0.0,
      1.0,
      0.0
    ],
    [
      8.0,
      3.0,
      996.0,
      3.0,
      4.0,
      0.0,
      4.0,
      9.0,
      5.0,
      0.0
    ],
    [
      2.0,
      0.0,
      3.0,
      988.0,
      0.0,
      5.0,
      0.0,
      7.0,
      5.0,
      0.0
    ],
    [
      2.0,
      1.0,
      1.0,
      0.0,
      958.0,
      0.0,
      6.0,
      2.0,
      0.0,
      12.0
    ],
    [
      7.0,
      0.0,
      0.0,
      7.0,
      1.0,
      862.0,
      8.0,
      3.0,
      1.0,
      3.0
    ],
    [
      7.0,
      3.0,
      0.0,
      0.0,
      3.0,
      4.0,
      941.0,
      0.0,
      0.0,
      0.0
    ],
    [
      3.0,
      8.0,
      7.0,
      2.0,
      2.0,
      0.0,
      0.0,
      1003.0,
      0.0,
      3.0
    ],
    [
      13.0,
      1.0,
      2.0,
      5.0,
      5.0,
      9.0,
      8.0,
      5.0,
      920.0,
      6.0
    ],
    [
      5.0,
      6.0,
      0.0,
      7.0,
      16.0,
      3.0,
      0.0,
      8.0,
      1.0,
      963.0
    ]
  ],
  "classRecall": [
    0.9928571581840515,
    0.992951512336731,
    0.9651162624359131,
    0.9782178401947021,
    0.9755600690841675,
    0.9663677215576172,
    0.982254683971405,
    0.975680947303772,
    0.9445585012435913,
    0.9544103145599365
  ],
  "classPrecision": [
    0.9539215564727783,
    0.9800000190734863,
    0.9851632118225098,
    0.9753208160400391,
    0.9686552286148071,
    0.9718151092529297,
    0.969103991985321,
    0.9662812948226929,
    0.986066460609436,
    0.9746963381767273
  ],
  "classes": [
    0,
    1,
    2,
    3,
    4,
    5,
    6,
    7,
    8,
    9
  ]
}