{
  "name": "model",
  "metrics": {
    "train_loss": [
      0.15469272879627644,
      0.10575659781853311,
      0.08285294084090263,
      0.06953457203777551,
      0.06261902998126513
    ],
    "train_accuracy": [
      0.9552222222222222,
      0.9685185185185186,
      0.9754259259259259,
      0.9801481481481481,
      0.9812222222222222
    ],
    "val_loss": [
      0.1723519061157044,
      0.12548834283618218,
      0.10728966761776741,
      0.09763046774141332,
      0.09206634829256763
    ],
    "val_accuracy": [
      0.9501666666666667,
      0.9616666666666667,
      0.9676666666666667,
      0.972,
      0.9741666666666666
    ]
  },
  "accuracy": 0.974,
  "confusion": [
    [
      970.0,
      1.0,
      1.0,
      0.0,
      0.0,
      1.0,
      4.0,
      2.0,
      1.0,
      0.0
    ],
    [
      0.0,
      1126.0,
      3.0,
      1.0,
      0.0,
      2.0,
      1.0,
      0.0,
      2.0,
      0.0
    ],
    [
      5.0,
      0.0,
      1006.0,
      4.0,
      5.0,
      0.0,
      3.0,
      7.0,
      2.0,
      0.0
    ],
    [
      0.0,
      0.0,
      2.0,
      991.0,
      0.0,
      4.0,
      0.0,
      8.0,
      5.0,
      0.0
    ],
    [
      1.0,
      1.0,
      3.0,
      0.0,
      964.0,
      0.0,
      6.0,
      1.0,
      1.0,
      5.0
    ],
    [
      3.0,
      1.0,
      0.0,
      14.0,
      1.0,
      861.0,
      5.0,
      1.0,
      3.0,
      3.0
    ],
    [
      5.0,
      3.0,
      0.0,
      0.0,
      3.0,
      3.0,
      942.0,
      0.0,
      2.0,
      0.0
    ],
    [
      1.0,
      8.0,
      10.0,
      2.0,
      2.0,
      0.0,
      0.0,
      998.0,
      0.0,
      7.0
    ],
    [
      6.0,
      2.0,
      6.0,
      8.0,
      5.0,
      6.0,
      6.0,
      4.0,
      926.0,
      5.0
    ],
    [
      3.0,
      6.0,
      0.0,
      9.0,
      19.0,
      2.0,
      1.0,
      10.0,
      3.0,
      956.0
    ]
  ],
  "classRecall": [
    0.9897959232330322,
    0.9920704960823059,
    0.9748061895370483,
    0.9811881184577942,
    0.981670081615448,
    0.9652466177940369,
    0.9832985401153564,
    0.9708171486854553,
    0.9507187008857727,
    0.9474727511405945
  ],
  "classPrecision": [
    0.9758551120758057,
    0.9808362126350403,
    0.9757516980171204,
    0.9630709290504456,
    0.9649649858474731,
    0.979522168636322,
    0.9731404781341553,
    0.9679922461509705,
    0.9798941612243652,
    0.9795082211494446
  ],
  "classes": [
    0,
    1,
    2,
    3,
    4,
    5,
    6,
    7,
    8,
    9
  ]
}