{
  "name": "model",
  "metrics": {
    "train_loss": [
      0.14772812458046522,
      0.1299707960443333,
      0.08729598526864961,
      0.0823960186542846,
      0.06708498038483951
    ],
    "train_accuracy": [
      0.9573333333333334,
      0.9641296296296297,
      0.9755185185185186,
      0.9781851851851852,
      0.9820925925925926
    ],
    "val_loss": [
      0.16231705470288055,
      0.15659882429432362,
      0.11743547093678028,
      0.11348386822228736,
      0.09478630830949926
    ],
    "val_accuracy": [
      0.952,
      0.9531666666666667,
      0.9648333333333333,
      0.9675,
      0.9713333333333334
    ]
  },
  "accuracy": 0.9735,
  "confusion": [
    [
      972.0,
      1.0,
      1.0,
      2.0,
      0.0,
      1.0,
      2.0,
      1.0,
      0.0,
      0.0
    ],
    [
      0.0,
      1125.0,
      2.0,
      1.0,
      0.0,
      1.0,
      1.0,
      0.0,
      5.0,
      0.0
    ],
    [
      6.0,
      2.0,
      1001.0,
      8.0,
      4.0,
      0.0,
      2.0,
      6.0,
      3.0,
      0.0
    ],
    [
      0.0,
      0.0,
      1.0,
      996.0,
      0.0,
      3.0,
      0.0,
      4.0,
      2.0,
      4.0
    ],
    [
      2.0,
      1.0,
      3.0,
      0.0,
      956.0,
      0.0,
      5.0,
      3.0,
      0.0,
      12.0
    ],
    [
      3.0,
      0.0,
      0.0,
      10.0,
      1.0,
      871.0,
      3.0,
      0.0,
      2.0,
      2.0
    ],
    [
      8.0,
      3.0,
      0.0,
      0.0,
      8.0,
      9.0,
      927.0,
      0.0,
      3.0,
      0.0
    ],
    [
      1.0,
      6.0,
      8.0,
      5.0,
      3.0,
      0.0,
      0.0,
      992.0,
      2.0,
      11.0
    ],
    [
      6.0,
      1.0,
      1.0,
      12.0,
      5.0,
      11.0,
      2.0,
      2.0,
      931.0,
      3.0
    ],
    [
      5.0,
      4.0,
      0.0,
      13.0,
      9.0,
      6.0,
      0.0,
      6.0,
      2.0,
      964.0
    ]
  ],
  "classRecall": [
    0.9918367266654968,
    0.9911894202232361,
    0.9699612259864807,
    0.986138641834259,
    0.9735234379768372,
    0.976457417011261,
    0.9676409363746643,
    0.9649805426597595,
    0.9558521509170532,
    0.9554013609886169
  ],
  "classPrecision": [
    0.9690927267074585,
    0.9842519760131836,
    0.9842674732208252,
    0.9512894153594971,
    0.9695740342140198,
    0.965631902217865,
    0.9840764403343201,
    0.9783037304878235,
    0.9800000190734863,
    0.9678714871406555
  ],
  "classes": [
    0,
    1,
    2,
    3,
    4,
    5,
    6,
    7,
    8,
    9
  ]
}