{
  "name": "model",
  "metrics": {
    "train_loss": [
      1.3891956098377705,
      0.9503995808349415,
      0.7389582666483793,
      0.5876248861578378,
      0.49776176253164356,
      0.4506129434501583,
      0.3798354571177201,
      0.3329958399673077,
      0.24736355901272458,
      0.20941305329853838,
      0.24555170711722563,
      0.14634137646168133
    ],
    "train_accuracy": [
      0.5016222222222222,
      0.6602444444444444,
      0.7389333333333333,
      0.8005111111111111,
      0.8256,
      0.8436222222222223,
      0.8660666666666667,
      0.8830222222222223,
      0.9170888888888888,
      0.9264,
      0.9173555555555556,
      0.9531555555555555
    ],
    "val_loss": [
      1.3974763572216033,
      1.0028916031122208,
      0.8058148056268692,
      0.691454391181469,
      0.6718889527022839,
      0.6496379218995572,
      0.6401394464075565,
      0.6347796820104122,
      0.5691309913992881,
      0.6240978486835956,
      0.6372294895350933,
      0.6329215805977583
    ],
    "val_accuracy": [
      0.4964,
      0.6396,
      0.7074,
      0.7646,
      0.7772,
      0.7748,
      0.7832,
      0.7964,
      0.8086,
      0.8166,
      0.7966,
      0.8192
    ]
  },
  "accuracy": 0.8218,
  "confusion": [
    [
      949.0,
      5.0,
      7.0,
      7.0,
      8.0,
      1.0,
      2.0,
      3.0,
      6.0,
      12.0
    ],
    [
      22.0,
      890.0,
      0.0,
      5.0,
      0.0,
      2.0,
      4.0,
      0.0,
      8.0,
      69.0
    ],
    [
      116.0,
      1.0,
      692.0,
      30.0,
      37.0,
      42.0,
      55.0,
      19.0,
      3.0,
      5.0
    ],
    [
      34.0,
      2.0,
      45.0,
      640.0,
      33.0,
      164.0,
      47.0,
      24.0,
      4.0,
      7.0
    ],
    [
      26.0,
      0.0,
      41.0,
      34.0,
      785.0,
      37.0,
      34.0,
      41.0,
      1.0,
      1.0
    ],
    [
      13.0,
      3.0,
      31.0,
      80.0,
      19.0,
      803.0,
      9.0,
      38.0,
      2.0,
      2.0
    ],
    [
      15.0,
      2.0,
      21.0,
      34.0,
      22.0,
      21.0,
      878.0,
      3.0,
      4.0,
      0.0
    ],
    [
      28.0,
      0.0,
      10.0,
      26.0,
      36.0,
      28.0,
      2.0,
      865.0,
      1.0,
      4.0
    ],
    [
      121.0,
      7.0,
      3.0,
      8.0,
      6.0,
      2.0,
      5.0,
      0.0,
      833.0,
      15.0
    ],
    [
      42.0,
      32.0,
      1.0,
      13.0,
      2.0,
      2.0,
      5.0,
      9.0,
      11.0,
      883.0
    ]
  ],
  "classRecall": [
    0.9490000009536743,
    0.8899999856948853,
    0.6919999718666077,
    0.6399999856948853,
    0.7850000262260437,
    0.8029999732971191,
    0.878000020980835,
    0.8650000095367432,
    0.8330000042915344,
    0.8830000162124634
  ],
  "classPrecision": [
    0.6947291493415833,
    0.9447982907295227,
    0.8131610155105591,
    0.7297605276107788,
    0.8280590772628784,
    0.728675127029419,
    0.8434197902679443,
    0.8632734417915344,
    0.9541809558868408,
    0.8847695589065552
  ],
  "classes": [
    "plane",
    "car",
    "bird",
    "cat",
    "deer",
    "dog",
    "frog",
    "horse",
    "ship",
    "truck"
  ]
}