{
  "name": "model",
  "metrics": {
    "train_loss": [
      1.3863887576894327,
      0.9828626467761669,
      0.7194557885893367,
      0.6602083773098208,
      0.47770702246237884,
      0.4362440524114804,
      0.3525723730721934,
      0.3475772924721241,
      0.2882148877886886,
      0.3006977819922296,
      0.22912757522003216,
      0.19642262895252893
    ],
    "train_accuracy": [
      0.48877777777777776,
      0.6524222222222222,
      0.7484888888888889,
      0.7700222222222223,
      0.8348888888888889,
      0.8450666666666666,
      0.8817777777777778,
      0.8746222222222222,
      0.9000222222222222,
      0.8953111111111111,
      0.9182888888888889,
      0.9322
    ],
    "val_loss": [
      1.4093468964099884,
      1.0487365156412125,
      0.7997825086116791,
      0.7701160356402397,
      0.6207225665450096,
      0.6309877216815949,
      0.5565057478845119,
      0.6279139928519726,
      0.6018230732530355,
      0.7465066537261009,
      0.6596171282231807,
      0.6623108945786953
    ],
    "val_accuracy": [
      0.4724,
      0.6302,
      0.7218,
      0.735,
      0.7776,
      0.7822,
      0.8068,
      0.794,
      0.8028,
      0.7828,
      0.7996,
      0.8104
    ]
  },
  "accuracy": 0.8127,
  "confusion": [
    [
      950.0,
      9.0,
      4.0,
      5.0,
      7.0,
      1.0,
      3.0,
      2.0,
      14.0,
      5.0
    ],
    [
      21.0,
      945.0,
      0.0,
      0.0,
      3.0,
      2.0,
      0.0,
      0.0,
      11.0,
      18.0
    ],
    [
      155.0,
      3.0,
      633.0,
      36.0,
      70.0,
      30.0,
      36.0,
      23.0,
      10.0,
      4.0
    ],
    [
      60.0,
      7.0,
      41.0,
      640.0,
      67.0,
      88.0,
      40.0,
      39.0,
      9.0,
      9.0
    ],
    [
      28.0,
      1.0,
      37.0,
      21.0,
      845.0,
      11.0,
      15.0,
      38.0,
      4.0,
      0.0
    ],
    [
      39.0,
      3.0,
      28.0,
      125.0,
      42.0,
      701.0,
      5.0,
      55.0,
      2.0,
      0.0
    ],
    [
      20.0,
      2.0,
      19.0,
      32.0,
      35.0,
      12.0,
      866.0,
      6.0,
      5.0,
      3.0
    ],
    [
      30.0,
      3.0,
      14.0,
      22.0,
      32.0,
      18.0,
      1.0,
      877.0,
      1.0,
      2.0
    ],
    [
      92.0,
      18.0,
      4.0,
      4.0,
      3.0,
      0.0,
      4.0,
      4.0,
      863.0,
      8.0
    ],
    [
      64.0,
      99.0,
      4.0,
      4.0,
      4.0,
      1.0,
      2.0,
      6.0,
      9.0,
      807.0
    ]
  ],
  "classRecall": [
    0.949999988079071,
    0.9449999928474426,
    0.6330000162124634,
    0.6399999856948853,
    0.8450000286102295,
    0.7009999752044678,
    0.8659999966621399,
    0.8769999742507935,
    0.8629999756813049,
    0.8069999814033508
  ],
  "classPrecision": [
    0.6511309146881104,
    0.8669725060462952,
    0.8073979616165161,
    0.7199100255966187,
    0.762635350227356,
    0.8113425970077515,
    0.8909465074539185,
    0.8352380990982056,
    0.9299569129943848,
    0.9427570104598999
  ],
  "classes": [
    "plane",
    "car",
    "bird",
    "cat",
    "deer",
    "dog",
    "frog",
    "horse",
    "ship",
    "truck"
  ]
}