{
  "name": "model",
  "metrics": {
    "train_loss": [
      1.2920419191094963,
      0.9521919939328324,
      0.7320843223821033,
      0.5886947061358527,
      0.47815107367932796,
      0.4091627256606113,
      0.3459603685293008,
      0.305713598955084,
      0.2306300204628232,
      0.210597659799863,
      0.23556770289062776,
      0.1356488785981624
    ],
    "train_accuracy": [
      0.5273777777777777,
      0.6592444444444444,
      0.7433555555555555,
      0.7933111111111111,
      0.8328888888888889,
      0.8576444444444444,
      0.8797555555555555,
      0.8943333333333333,
      0.9196,
      0.9245111111111111,
      0.9154666666666667,
      0.9513777777777778
    ],
    "val_loss": [
      1.3109633892774581,
      1.0096353515982628,
      0.8114659339189529,
      0.7002993613481522,
      0.6431182250380516,
      0.6012268230319023,
      0.5890913121402264,
      0.5684965757653118,
      0.5710167951881886,
      0.6258929774165154,
      0.6866738699376583,
      0.6296869536279701
    ],
    "val_accuracy": [
      0.5138,
      0.6312,
      0.706,
      0.7526,
      0.7764,
      0.7844,
      0.8048,
      0.8002,
      0.8168,
      0.8128,
      0.7976,
      0.82
    ]
  },
  "accuracy": 0.8206,
  "confusion": [
    [
      931.0,
      3.0,
      13.0,
      8.0,
      7.0,
      1.0,
      4.0,
      4.0,
      18.0,
      11.0
    ],
    [
      25.0,
      897.0,
      1.0,
      1.0,
      2.0,
      0.0,
      1.0,
      1.0,
      6.0,
      66.0
    ],
    [
      88.0,
      1.0,
      707.0,
      32.0,
      79.0,
      37.0,
      42.0,
      7.0,
      4.0,
      3.0
    ],
    [
      28.0,
      3.0,
      47.0,
      670.0,
      55.0,
      126.0,
      39.0,
      16.0,
      8.0,
      8.0
    ],
    [
      22.0,
      1.0,
      31.0,
      49.0,
      845.0,
      22.0,
      13.0,
      16.0,
      1.0,
      0.0
    ],
    [
      12.0,
      1.0,
      31.0,
      118.0,
      40.0,
      773.0,
      7.0,
      12.0,
      3.0,
      3.0
    ],
    [
      10.0,
      1.0,
      30.0,
      51.0,
      50.0,
      22.0,
      825.0,
      2.0,
      2.0,
      7.0
    ],
    [
      31.0,
      2.0,
      21.0,
      32.0,
      73.0,
      39.0,
      1.0,
      791.0,
      2.0,
      8.0
    ],
    [
      89.0,
      16.0,
      3.0,
      10.0,
      3.0,
      2.0,
      4.0,
      1.0,
      849.0,
      23.0
    ],
    [
      25.0,
      28.0,
      7.0,
      8.0,
      1.0,
      1.0,
      1.0,
      4.0,
      7.0,
      918.0
    ]
  ],
  "classRecall": [
    0.9309999942779541,
    0.8970000147819519,
    0.7070000171661377,
    0.6700000166893005,
    0.8450000286102295,
    0.7730000019073486,
    0.824999988079071,
    0.7910000085830688,
    0.8489999771118164,
    0.9179999828338623
  ],
  "classPrecision": [
    0.7383029460906982,
    0.9412382245063782,
    0.793490469455719,
    0.684371829032898,
    0.7316017150878906,
    0.7556207180023193,
    0.880469560623169,
    0.9262295365333557,
    0.9433333277702332,
    0.8767908215522766
  ],
  "classes": [
    "plane",
    "car",
    "bird",
    "cat",
    "deer",
    "dog",
    "frog",
    "horse",
    "ship",
    "truck"
  ]
}