{
  "name": "model",
  "metrics": {
    "train_loss": [
      1.3376066884533926,
      0.9674772984263572,
      0.7391829196025025,
      0.6090886540372263,
      0.48635503209450026,
      0.4185580107468096,
      0.3621884140355343,
      0.26009481645781884,
      0.25030995355072344,
      0.20121588894504716,
      0.14641848583282394,
      0.13519458784933455
    ],
    "train_accuracy": [
      0.5081111111111111,
      0.6525555555555556,
      0.7352666666666666,
      0.7853777777777777,
      0.8320888888888889,
      0.8572666666666666,
      0.8777555555555555,
      0.9090666666666667,
      0.9154,
      0.9308666666666666,
      0.9508666666666666,
      0.9542666666666667
    ],
    "val_loss": [
      1.365193521976471,
      1.005147334933281,
      0.8197960063815117,
      0.7259794190526009,
      0.6386635087430477,
      0.6141717337071896,
      0.5715334624052048,
      0.5792098980396986,
      0.6324464738368988,
      0.6169263370335102,
      0.5748966008424758,
      0.6178331524133682
    ],
    "val_accuracy": [
      0.5036,
      0.624,
      0.7086,
      0.7466,
      0.774,
      0.7842,
      0.8024,
      0.8116,
      0.8164,
      0.8148,
      0.8264,
      0.8262
    ]
  },
  "accuracy": 0.8233,
  "confusion": [
    [
      886.0,
      9.0,
      24.0,
      9.0,
      5.0,
      4.0,
      9.0,
      8.0,
      20.0,
      26.0
    ],
    [
      13.0,
      908.0,
      2.0,
      2.0,
      1.0,
      2.0,
      2.0,
      1.0,
      9.0,
      60.0
    ],
    [
      66.0,
      4.0,
      717.0,
      30.0,
      37.0,
      61.0,
      56.0,
      21.0,
      3.0,
      5.0
    ],
    [
      18.0,
      5.0,
      49.0,
      608.0,
      33.0,
      190.0,
      48.0,
      28.0,
      4.0,
      17.0
    ],
    [
      15.0,
      1.0,
      44.0,
      40.0,
      765.0,
      50.0,
      31.0,
      51.0,
      1.0,
      2.0
    ],
    [
      8.0,
      3.0,
      39.0,
      64.0,
      15.0,
      815.0,
      14.0,
      37.0,
      1.0,
      4.0
    ],
    [
      10.0,
      5.0,
      28.0,
      35.0,
      15.0,
      18.0,
      873.0,
      7.0,
      1.0,
      8.0
    ],
    [
      12.0,
      0.0,
      14.0,
      15.0,
      25.0,
      39.0,
      2.0,
      888.0,
      0.0,
      5.0
    ],
    [
      63.0,
      20.0,
      11.0,
      9.0,
      2.0,
      6.0,
      8.0,
      3.0,
      853.0,
      25.0
    ],
    [
      14.0,
      42.0,
      1.0,
      7.0,
      0.0,
      3.0,
      2.0,
      6.0,
      5.0,
      920.0
    ]
  ],
  "classRecall": [
    0.8859999775886536,
    0.9079999923706055,
    0.7170000076293945,
    0.6079999804496765,
    0.7649999856948853,
    0.8149999976158142,
    0.8730000257492065,
    0.8880000114440918,
    0.8529999852180481,
    0.9200000166893005
  ],
  "classPrecision": [
    0.8018099665641785,
    0.9107322096824646,
    0.7717976570129395,
    0.742368757724762,
    0.8518930673599243,
    0.686026930809021,
    0.8354067206382751,
    0.845714271068573,
    0.9509475827217102,
    0.858208954334259
  ],
  "classes": [
    "plane",
    "car",
    "bird",
    "cat",
    "deer",
    "dog",
    "frog",
    "horse",
    "ship",
    "truck"
  ]
}