{
  "name": "model",
  "metrics": {
    "train_loss": [
      1.3506707728586413,
      0.9505365677177906,
      0.7805888156660579,
      0.6716543720527128,
      0.5748540080067787,
      0.5588545237921856,
      0.44849630766971543,
      0.36585372559387574,
      0.22445925312455406,
      0.2582708692008799,
      0.1910733692982996,
      0.18673576447393067
    ],
    "train_accuracy": [
      0.4945777777777778,
      0.6612888888888889,
      0.7272444444444445,
      0.7727333333333334,
      0.8022888888888889,
      0.8054222222222223,
      0.8462888888888889,
      0.873,
      0.9234,
      0.9118222222222222,
      0.9359333333333333,
      0.9391111111111111
    ],
    "val_loss": [
      1.3796253263950349,
      0.9736523851752281,
      0.8476825743913651,
      0.7940792813897133,
      0.7436651676893234,
      0.7762092337012291,
      0.7167145259678364,
      0.6478484071791172,
      0.5833809956908226,
      0.6698380559682846,
      0.600748724117875,
      0.7248567417263985
    ],
    "val_accuracy": [
      0.4848,
      0.647,
      0.6966,
      0.7324,
      0.754,
      0.7394,
      0.7708,
      0.7886,
      0.819,
      0.802,
      0.8102,
      0.8076
    ]
  },
  "accuracy": 0.8114,
  "confusion": [
    [
      918.0,
      6.0,
      9.0,
      19.0,
      9.0,
      8.0,
      6.0,
      10.0,
      3.0,
      12.0
    ],
    [
      15.0,
      922.0,
      0.0,
      5.0,
      3.0,
      1.0,
      2.0,
      2.0,
      2.0,
      48.0
    ],
    [
      93.0,
      1.0,
      650.0,
      69.0,
      60.0,
      54.0,
      49.0,
      21.0,
      0.0,
      3.0
    ],
    [
      11.0,
      2.0,
      32.0,
      728.0,
      43.0,
      121.0,
      42.0,
      15.0,
      1.0,
      5.0
    ],
    [
      13.0,
      1.0,
      26.0,
      55.0,
      821.0,
      21.0,
      37.0,
      25.0,
      1.0,
      0.0
    ],
    [
      5.0,
      0.0,
      15.0,
      144.0,
      29.0,
      783.0,
      9.0,
      13.0,
      0.0,
      2.0
    ],
    [
      9.0,
      1.0,
      14.0,
      65.0,
      12.0,
      18.0,
      877.0,
      2.0,
      1.0,
      1.0
    ],
    [
      7.0,
      0.0,
      9.0,
      44.0,
      45.0,
      34.0,
      5.0,
      854.0,
      0.0,
      2.0
    ],
    [
      230.0,
      28.0,
      2.0,
      24.0,
      4.0,
      5.0,
      12.0,
      7.0,
      667.0,
      21.0
    ],
    [
      23.0,
      43.0,
      2.0,
      16.0,
      4.0,
      2.0,
      6.0,
      7.0,
      3.0,
      894.0
    ]
  ],
  "classRecall": [
    0.9179999828338623,
    0.921999990940094,
    0.6499999761581421,
    0.7279999852180481,
    0.8209999799728394,
    0.7829999923706055,
    0.8769999742507935,
    0.8539999723434448,
    0.6669999957084656,
    0.8939999938011169
  ],
  "classPrecision": [
    0.6933534741401672,
    0.9183266758918762,
    0.8563899993896484,
    0.6227545142173767,
    0.7970873713493347,
    0.7478510141372681,
    0.839234471321106,
    0.8933054208755493,
    0.983775794506073,
    0.9048582911491394
  ],
  "classes": [
    "plane",
    "car",
    "bird",
    "cat",
    "deer",
    "dog",
    "frog",
    "horse",
    "ship",
    "truck"
  ]
}