{
  "name": "model",
  "metrics": {
    "train_loss": [
      1.394196516410871,
      1.062286800281568,
      0.7492149257185784,
      0.6356404344127937,
      0.5193018157204444,
      0.4402073780921372,
      0.33255399704318156,
      0.27103135853328486,
      0.27048327574845066,
      0.18925824187780646,
      0.14647754239426417,
      0.1468007918447256
    ],
    "train_accuracy": [
      0.49366666666666664,
      0.6377555555555555,
      0.7436,
      0.7824,
      0.8230222222222222,
      0.8553333333333333,
      0.8936666666666667,
      0.9157777777777778,
      0.9140444444444444,
      0.9414,
      0.9536,
      0.9496888888888889
    ],
    "val_loss": [
      1.4098280400037766,
      1.1007690519094466,
      0.8327640160918236,
      0.7592549562454224,
      0.6828144684433937,
      0.6451103888452053,
      0.5527447886765003,
      0.5473245590925216,
      0.5647717870771884,
      0.5636969096958637,
      0.5722710989415646,
      0.6276877783238888
    ],
    "val_accuracy": [
      0.4886,
      0.6236,
      0.7108,
      0.7418,
      0.7574,
      0.7854,
      0.7998,
      0.8136,
      0.8056,
      0.8156,
      0.8172,
      0.8204
    ]
  },
  "accuracy": 0.8198,
  "confusion": [
    [
      922.0,
      3.0,
      9.0,
      8.0,
      4.0,
      2.0,
      1.0,
      7.0,
      36.0,
      8.0
    ],
    [
      37.0,
      905.0,
      2.0,
      3.0,
      2.0,
      2.0,
      1.0,
      1.0,
      12.0,
      35.0
    ],
    [
      93.0,
      6.0,
      700.0,
      45.0,
      64.0,
      46.0,
      19.0,
      16.0,
      6.0,
      5.0
    ],
    [
      51.0,
      6.0,
      44.0,
      638.0,
      37.0,
      140.0,
      33.0,
      25.0,
      13.0,
      13.0
    ],
    [
      32.0,
      0.0,
      22.0,
      37.0,
      846.0,
      21.0,
      12.0,
      19.0,
      6.0,
      5.0
    ],
    [
      22.0,
      2.0,
      16.0,
      90.0,
      33.0,
      789.0,
      11.0,
      30.0,
      3.0,
      4.0
    ],
    [
      16.0,
      2.0,
      29.0,
      45.0,
      34.0,
      15.0,
      830.0,
      6.0,
      21.0,
      2.0
    ],
    [
      30.0,
      2.0,
      14.0,
      30.0,
      51.0,
      26.0,
      1.0,
      840.0,
      0.0,
      6.0
    ],
    [
      91.0,
      10.0,
      4.0,
      6.0,
      2.0,
      1.0,
      4.0,
      2.0,
      864.0,
      16.0
    ],
    [
      65.0,
      36.0,
      5.0,
      4.0,
      2.0,
      3.0,
      2.0,
      3.0,
      16.0,
      864.0
    ]
  ],
  "classRecall": [
    0.921999990940094,
    0.9049999713897705,
    0.699999988079071,
    0.6380000114440918,
    0.8460000157356262,
    0.7889999747276306,
    0.8299999833106995,
    0.8399999737739563,
    0.8640000224113464,
    0.8640000224113464
  ],
  "classPrecision": [
    0.6784400343894958,
    0.9310699701309204,
    0.8284023404121399,
    0.7041942477226257,
    0.7869767546653748,
    0.7550238966941833,
    0.9080962538719177,
    0.8851422667503357,
    0.8843398094177246,
    0.9018788933753967
  ],
  "classes": [
    "plane",
    "car",
    "bird",
    "cat",
    "deer",
    "dog",
    "frog",
    "horse",
    "ship",
    "truck"
  ]
}