{
  "name": "model",
  "metrics": {
    "train_loss": [
      0.15519126892195775,
      0.10056118979184972,
      0.08428036124926608,
      0.0712636703519389,
      0.06265303373592795
    ],
    "train_accuracy": [
      0.9549074074074074,
      0.9708888888888889,
      0.9755370370370371,
      0.9793148148148149,
      0.981537037037037
    ],
    "val_loss": [
      0.17202451634914318,
      0.12290092755822425,
      0.10865846942079828,
      0.10096907140092647,
      0.09799646189872255
    ],
    "val_accuracy": [
      0.949,
      0.9621666666666666,
      0.967,
      0.9718333333333333,
      0.9701666666666666
    ]
  },
  "accuracy": 0.9739,
  "confusion": [
    [
      973.0,
      1.0,
      0.0,
      2.0,
      0.0,
      1.0,
      1.0,
      1.0,
      1.0,
      0.0
    ],
    [
      0.0,
      1122.0,
      4.0,
      1.0,
      0.0,
      2.0,
      1.0,
      2.0,
      3.0,
      0.0
    ],
    [
      2.0,
      0.0,
      1017.0,
      1.0,
      2.0,
      0.0,
      0.0,
      8.0,
      2.0,
      0.0
    ],
    [
      0.0,
      0.0,
      3.0,
      992.0,
      0.0,
      4.0,
      0.0,
      6.0,
      5.0,
      0.0
    ],
    [
      1.0,
      3.0,
      5.0,
      0.0,
      942.0,
      0.0,
      3.0,
      3.0,
      0.0,
      25.0
    ],
    [
      3.0,
      0.0,
      0.0,
      19.0,
      1.0,
      857.0,
      1.0,
      1.0,
      4.0,
      6.0
    ],
    [
      7.0,
      3.0,
      1.0,
      0.0,
      5.0,
      6.0,
      930.0,
      0.0,
      6.0,
      0.0
    ],
    [
      1.0,
      6.0,
      10.0,
      0.0,
      0.0,
      0.0,
      0.0,
      1002.0,
      0.0,
      9.0
    ],
    [
      4.0,
      2.0,
      7.0,
      10.0,
      5.0,
      4.0,
      1.0,
      5.0,
      932.0,
      4.0
    ],
    [
      4.0,
      4.0,
      0.0,
      9.0,
      7.0,
      2.0,
      0.0,
      8.0,
      3.0,
      972.0
    ]
  ],
  "classRecall": [
    0.9928571581840515,
    0.9885462522506714,
    0.9854651093482971,
    0.9821782112121582,
    0.9592667818069458,
    0.9607623219490051,
    0.9707724452018738,
    0.9747081995010376,
    0.9568788409233093,
    0.9633300304412842
  ],
  "classPrecision": [
    0.9778894186019897,
    0.9833479523658752,
    0.9713466763496399,
    0.9593810439109802,
    0.9792099595069885,
    0.9783105254173279,
    0.9925293326377869,
    0.9671814441680908,
    0.9748954176902771,
    0.9566929340362549
  ],
  "classes": [
    0,
    1,
    2,
    3,
    4,
    5,
    6,
    7,
    8,
    9
  ]
}