{
  "name": "model",
  "metrics": {
    "train_loss": [
      0.1491262036865639,
      0.10406515327551495,
      0.08158187409730461,
      0.06962435047905804,
      0.061494828100311816
    ],
    "train_accuracy": [
      0.9553333333333334,
      0.9691481481481482,
      0.9762037037037037,
      0.9794259259259259,
      0.9819814814814815
    ],
    "val_loss": [
      0.16216019334945272,
      0.13018204676026993,
      0.11131324206895017,
      0.100763118885299,
      0.09964504013670251
    ],
    "val_accuracy": [
      0.9516666666666667,
      0.962,
      0.966,
      0.971,
      0.9716666666666667
    ]
  },
  "accuracy": 0.9737,
  "confusion": [
    [
      967.0,
      1.0,
      1.0,
      1.0,
      0.0,
      0.0,
      7.0,
      1.0,
      2.0,
      0.0
    ],
    [
      0.0,
      1129.0,
      3.0,
      0.0,
      0.0,
      1.0,
      1.0,
      0.0,
      1.0,
      0.0
    ],
    [
      3.0,
      0.0,
      1010.0,
      4.0,
      1.0,
      0.0,
      3.0,
      5.0,
      5.0,
      1.0
    ],
    [
      0.0,
      0.0,
      5.0,
      992.0,
      0.0,
      2.0,
      0.0,
      4.0,
      5.0,
      2.0
    ],
    [
      1.0,
      0.0,
      4.0,
      0.0,
      955.0,
      0.0,
      6.0,
      1.0,
      1.0,
      14.0
    ],
    [
      4.0,
      0.0,
      0.0,
      19.0,
      1.0,
      851.0,
      7.0,
      1.0,
      5.0,
      4.0
    ],
    [
      6.0,
      3.0,
      0.0,
      1.0,
      2.0,
      1.0,
      941.0,
      0.0,
      4.0,
      0.0
    ],
    [
      1.0,
      9.0,
      14.0,
      4.0,
      4.0,
      0.0,
      0.0,
      983.0,
      1.0,
      12.0
    ],
    [
      3.0,
      0.0,
      2.0,
      8.0,
      5.0,
      4.0,
      4.0,
      3.0,
      940.0,
      5.0
    ],
    [
      6.0,
      3.0,
      1.0,
      7.0,
      14.0,
      3.0,
      1.0,
      4.0,
      1.0,
      969.0
    ]
  ],
  "classRecall": [
    0.9867346882820129,
    0.9947136640548706,
    0.9786821603775024,
    0.9821782112121582,
    0.9725050926208496,
    0.9540358781814575,
    0.982254683971405,
    0.9562256932258606,
    0.9650924205780029,
    0.9603567719459534
  ],
  "classPrecision": [
    0.975782036781311,
    0.9860262274742126,
    0.9711538553237915,
    0.9575289487838745,
    0.9725050926208496,
    0.9872390031814575,
    0.9701030850410461,
    0.9810379147529602,
    0.9740932583808899,
    0.9622641801834106
  ],
  "classes": [
    0,
    1,
    2,
    3,
    4,
    5,
    6,
    7,
    8,
    9
  ]
}