{
  "name": "model",
  "metrics": {
    "train_loss": [
      0.15046842253250534,
      0.10697292547973129,
      0.08425217014582942,
      0.07609531107486636,
      0.06517035934756293
    ],
    "train_accuracy": [
      0.9556111111111111,
      0.9694074074074074,
      0.9766666666666667,
      0.9771296296296297,
      0.9810925925925926
    ],
    "val_loss": [
      0.1644560417279284,
      0.12550171421087802,
      0.10814906371400711,
      0.11017766626591378,
      0.09682817824501941
    ],
    "val_accuracy": [
      0.9486666666666667,
      0.9628333333333333,
      0.9688333333333333,
      0.9675,
      0.9696666666666667
    ]
  },
  "accuracy": 0.9721,
  "confusion": [
    [
      975.0,
      0.0,
      0.0,
      2.0,
      0.0,
      0.0,
      0.0,
      1.0,
      2.0,
      0.0
    ],
    [
      0.0,
      1122.0,
      3.0,
      0.0,
      0.0,
      2.0,
      3.0,
      1.0,
      4.0,
      0.0
    ],
    [
      7.0,
      0.0,
      1000.0,
      5.0,
      3.0,
      0.0,
      0.0,
      10.0,
      6.0,
      1.0
    ],
    [
      1.0,
      0.0,
      7.0,
      984.0,
      0.0,
      2.0,
      0.0,
      9.0,
      4.0,
      3.0
    ],
    [
      3.0,
      1.0,
      2.0,
      0.0,
      947.0,
      0.0,
      6.0,
      1.0,
      1.0,
      21.0
    ],
    [
      12.0,
      0.0,
      0.0,
      12.0,
      2.0,
      853.0,
      2.0,
      2.0,
      4.0,
      5.0
    ],
    [
      11.0,
      3.0,
      1.0,
      0.0,
      6.0,
      4.0,
      930.0,
      0.0,
      3.0,
      0.0
    ],
    [
      2.0,
      5.0,
      10.0,
      1.0,
      0.0,
      0.0,
      0.0,
      1002.0,
      1.0,
      7.0
    ],
    [
      4.0,
      0.0,
      3.0,
      5.0,
      4.0,
      4.0,
      2.0,
      4.0,
      941.0,
      7.0
    ],
    [
      5.0,
      5.0,
      0.0,
      8.0,
      10.0,
      0.0,
      0.0,
      10.0,
      4.0,
      967.0
    ]
  ],
  "classRecall": [
    0.9948979616165161,
    0.9885462522506714,
    0.9689922332763672,
    0.9742574095726013,
    0.9643584489822388,
    0.9562780261039734,
    0.9707724452018738,
    0.9747081995010376,
    0.966119110584259,
    0.9583746194839478
  ],
  "classPrecision": [
    0.9558823704719543,
    0.9876760840415955,
    0.9746588468551636,
    0.9675516486167908,
    0.9742798209190369,
    0.9861271381378174,
    0.9862142205238342,
    0.9634615182876587,
    0.9701030850410461,
    0.9564787149429321
  ],
  "classes": [
    0,
    1,
    2,
    3,
    4,
    5,
    6,
    7,
    8,
    9
  ]
}