{
  "name": "model",
  "metrics": {
    "train_loss": [
      1.3332703259180894,
      1.031430052424019,
      0.7642561046575959,
      0.6242646779018369,
      0.5057537407529625,
      0.4160790243609385,
      0.33154173305427487,
      0.33505391342226754,
      0.23262108070775867,
      0.4087504562921822,
      0.41216071762821893,
      0.5872273540801622
    ],
    "train_accuracy": [
      0.5164888888888889,
      0.6523111111111111,
      0.7368222222222223,
      0.7911333333333334,
      0.8344666666666667,
      0.8672888888888889,
      0.8965333333333333,
      0.8884666666666666,
      0.9270666666666667,
      0.8701555555555556,
      0.8728444444444444,
      0.8440888888888889
    ],
    "val_loss": [
      1.3521376192569732,
      1.0504433564841746,
      0.8504968374967575,
      0.7315751358866691,
      0.6592846669256687,
      0.5884362705051899,
      0.56090322509408,
      0.6040293738245964,
      0.5496268101036549,
      0.7781344570219517,
      0.8927309826016426,
      1.127827787399292
    ],
    "val_accuracy": [
      0.5018,
      0.6332,
      0.706,
      0.7456,
      0.771,
      0.7994,
      0.8128,
      0.7984,
      0.8138,
      0.7616,
      0.7536,
      0.73
    ]
  },
  "accuracy": 0.7309,
  "confusion": [
    [
      989.0,
      2.0,
      2.0,
      1.0,
      0.0,
      0.0,
      0.0,
      2.0,
      4.0,
      0.0
    ],
    [
      139.0,
      823.0,
      0.0,
      1.0,
      1.0,
      2.0,
      2.0,
      0.0,
      10.0,
      22.0
    ],
    [
      311.0,
      2.0,
      522.0,
      27.0,
      40.0,
      51.0,
      28.0,
      18.0,
      0.0,
      1.0
    ],
    [
      154.0,
      2.0,
      30.0,
      538.0,
      17.0,
      170.0,
      37.0,
      37.0,
      8.0,
      7.0
    ],
    [
      108.0,
      2.0,
      29.0,
      36.0,
      736.0,
      28.0,
      24.0,
      37.0,
      0.0,
      0.0
    ],
    [
      60.0,
      4.0,
      22.0,
      48.0,
      22.0,
      810.0,
      4.0,
      25.0,
      3.0,
      2.0
    ],
    [
      91.0,
      2.0,
      16.0,
      21.0,
      20.0,
      18.0,
      822.0,
      5.0,
      5.0,
      0.0
    ],
    [
      56.0,
      2.0,
      13.0,
      14.0,
      47.0,
      39.0,
      1.0,
      827.0,
      1.0,
      0.0
    ],
    [
      340.0,
      7.0,
      3.0,
      1.0,
      0.0,
      0.0,
      2.0,
      3.0,
      643.0,
      1.0
    ],
    [
      337.0,
      38.0,
      2.0,
      4.0,
      2.0,
      5.0,
      3.0,
      3.0,
      7.0,
      599.0
    ]
  ],
  "classRecall": [
    0.9890000224113464,
    0.8230000138282776,
    0.5220000147819519,
    0.5379999876022339,
    0.7360000014305115,
    0.8100000023841858,
    0.8220000267028809,
    0.8270000219345093,
    0.6430000066757202,
    0.5989999771118164
  ],
  "classPrecision": [
    0.3825918734073639,
    0.9309954643249512,
    0.8169013857841492,
    0.7785817384719849,
    0.8316383957862854,
    0.7212823033332825,
    0.8905742168426514,
    0.8641588091850281,
    0.9441996812820435,
    0.9477847814559937
  ],
  "classes": [
    "plane",
    "car",
    "bird",
    "cat",
    "deer",
    "dog",
    "frog",
    "horse",
    "ship",
    "truck"
  ]
}