{
  "name": "model",
  "metrics": {
    "train_loss": [
      0.15348396546503096,
      0.1122918632190445,
      0.08854712835089326,
      0.07478074667869374,
      0.06466725216052932
    ],
    "train_accuracy": [
      0.9537037037037037,
      0.9672962962962963,
      0.9747037037037037,
      0.9774444444444444,
      0.9803703703703703
    ],
    "val_loss": [
      0.17381593141149967,
      0.14203899306185702,
      0.11947425391445769,
      0.10778377756000833,
      0.09952781515869688
    ],
    "val_accuracy": [
      0.9461666666666667,
      0.9585,
      0.966,
      0.9673333333333334,
      0.9691666666666666
    ]
  },
  "accuracy": 0.9738,
  "confusion": [
    [
      975.0,
      1.0,
      0.0,
      0.0,
      0.0,
      1.0,
      0.0,
      1.0,
      2.0,
      0.0
    ],
    [
      0.0,
      1122.0,
      3.0,
      2.0,
      0.0,
      3.0,
      2.0,
      1.0,
      2.0,
      0.0
    ],
    [
      9.0,
      2.0,
      1001.0,
      5.0,
      3.0,
      0.0,
      0.0,
      9.0,
      2.0,
      1.0
    ],
    [
      0.0,
      0.0,
      5.0,
      983.0,
      0.0,
      6.0,
      0.0,
      9.0,
      3.0,
      4.0
    ],
    [
      1.0,
      0.0,
      2.0,
      0.0,
      964.0,
      0.0,
      4.0,
      1.0,
      0.0,
      10.0
    ],
    [
      6.0,
      0.0,
      0.0,
      8.0,
      1.0,
      866.0,
      4.0,
      1.0,
      2.0,
      4.0
    ],
    [
      10.0,
      2.0,
      0.0,
      0.0,
      2.0,
      12.0,
      931.0,
      0.0,
      1.0,
      0.0
    ],
    [
      2.0,
      6.0,
      8.0,
      0.0,
      2.0,
      0.0,
      0.0,
      1003.0,
      1.0,
      6.0
    ],
    [
      9.0,
      1.0,
      1.0,
      5.0,
      7.0,
      15.0,
      4.0,
      4.0,
      920.0,
      8.0
    ],
    [
      6.0,
      3.0,
      0.0,
      6.0,
      12.0,
      2.0,
      0.0,
      6.0,
      1.0,
      973.0
    ]
  ],
  "classRecall": [
    0.9948979616165161,
    0.9885462522506714,
    0.9699612259864807,
    0.9732673168182373,
    0.981670081615448,
    0.9708520174026489,
    0.9718163013458252,
    0.975680947303772,
    0.9445585012435913,
    0.9643211364746094
  ],
  "classPrecision": [
    0.9577603340148926,
    0.9868074059486389,
    0.9813725352287292,
    0.9742318987846375,
    0.9727547764778137,
    0.9569060802459717,
    0.9851852059364319,
    0.9690821170806885,
    0.9850106835365295,
    0.9671968221664429
  ],
  "classes": [
    0,
    1,
    2,
    3,
    4,
    5,
    6,
    7,
    8,
    9
  ]
}