{
  "name": "model",
  "metrics": {
    "train_loss": [
      0.14642735105890656,
      0.10562714108517526,
      0.08768920365597399,
      0.06960550380508763,
      0.06210711394476382
    ],
    "train_accuracy": [
      0.9558888888888889,
      0.9686296296296296,
      0.974,
      0.9795925925925926,
      0.9817407407407407
    ],
    "val_loss": [
      0.15983023589595835,
      0.12968248620312264,
      0.1189544529039809,
      0.10377902680254997,
      0.09752124266580064
    ],
    "val_accuracy": [
      0.9501666666666667,
      0.9616666666666667,
      0.9665,
      0.9705,
      0.9718333333333333
    ]
  },
  "accuracy": 0.9734,
  "confusion": [
    [
      970.0,
      1.0,
      1.0,
      1.0,
      0.0,
      1.0,
      3.0,
      1.0,
      2.0,
      0.0
    ],
    [
      0.0,
      1126.0,
      3.0,
      1.0,
      0.0,
      1.0,
      1.0,
      1.0,
      2.0,
      0.0
    ],
    [
      4.0,
      0.0,
      1013.0,
      0.0,
      0.0,
      0.0,
      1.0,
      10.0,
      4.0,
      0.0
    ],
    [
      0.0,
      0.0,
      5.0,
      983.0,
      0.0,
      4.0,
      0.0,
      12.0,
      4.0,
      2.0
    ],
    [
      1.0,
      0.0,
      5.0,
      0.0,
      954.0,
      0.0,
      12.0,
      5.0,
      1.0,
      4.0
    ],
    [
      4.0,
      0.0,
      0.0,
      10.0,
      2.0,
      862.0,
      4.0,
      2.0,
      7.0,
      1.0
    ],
    [
      6.0,
      3.0,
      0.0,
      0.0,
      1.0,
      4.0,
      937.0,
      0.0,
      7.0,
      0.0
    ],
    [
      1.0,
      7.0,
      8.0,
      0.0,
      0.0,
      0.0,
      0.0,
      1008.0,
      1.0,
      3.0
    ],
    [
      3.0,
      1.0,
      3.0,
      5.0,
      4.0,
      6.0,
      5.0,
      7.0,
      938.0,
      2.0
    ],
    [
      5.0,
      5.0,
      0.0,
      10.0,
      22.0,
      2.0,
      3.0,
      13.0,
      6.0,
      943.0
    ]
  ],
  "classRecall": [
    0.9897959232330322,
    0.9920704960823059,
    0.981589138507843,
    0.9732673168182373,
    0.9714867472648621,
    0.9663677215576172,
    0.9780793190002441,
    0.9805447459220886,
    0.9630390405654907,
    0.9345887303352356
  ],
  "classPrecision": [
    0.9758551120758057,
    0.9851268529891968,
    0.9759151935577393,
    0.9732673168182373,
    0.9704985022544861,
    0.9795454740524292,
    0.9699792861938477,
    0.9518413543701172,
    0.9650205969810486,
    0.9874345660209656
  ],
  "classes": [
    0,
    1,
    2,
    3,
    4,
    5,
    6,
    7,
    8,
    9
  ]
}