{
  "name": "model",
  "metrics": {
    "train_loss": [
      0.16249856340447308,
      0.10490859432755065,
      0.08124845726989316,
      0.06961846763987571,
      0.058542396449506
    ],
    "train_accuracy": [
      0.9511666666666667,
      0.9686481481481481,
      0.9768703703703704,
      0.9794814814814815,
      0.9826481481481482
    ],
    "val_loss": [
      0.18128014308341006,
      0.12816256253009148,
      0.10681351157341232,
      0.10399005641328528,
      0.09316210028655986
    ],
    "val_accuracy": [
      0.9445,
      0.962,
      0.9683333333333334,
      0.9711666666666666,
      0.9723333333333334
    ]
  },
  "accuracy": 0.9749,
  "confusion": [
    [
      968.0,
      0.0,
      0.0,
      0.0,
      0.0,
      3.0,
      3.0,
      2.0,
      3.0,
      1.0
    ],
    [
      0.0,
      1125.0,
      3.0,
      2.0,
      0.0,
      1.0,
      2.0,
      0.0,
      2.0,
      0.0
    ],
    [
      4.0,
      1.0,
      1006.0,
      4.0,
      2.0,
      1.0,
      1.0,
      10.0,
      3.0,
      0.0
    ],
    [
      0.0,
      0.0,
      4.0,
      989.0,
      0.0,
      8.0,
      0.0,
      5.0,
      3.0,
      1.0
    ],
    [
      0.0,
      1.0,
      5.0,
      0.0,
      952.0,
      0.0,
      6.0,
      1.0,
      1.0,
      16.0
    ],
    [
      2.0,
      0.0,
      0.0,
      4.0,
      1.0,
      874.0,
      6.0,
      1.0,
      3.0,
      1.0
    ],
    [
      4.0,
      3.0,
      0.0,
      0.0,
      10.0,
      5.0,
      936.0,
      0.0,
      0.0,
      0.0
    ],
    [
      1.0,
      7.0,
      10.0,
      4.0,
      1.0,
      0.0,
      0.0,
      999.0,
      0.0,
      6.0
    ],
    [
      4.0,
      1.0,
      6.0,
      6.0,
      4.0,
      7.0,
      7.0,
      2.0,
      933.0,
      4.0
    ],
    [
      2.0,
      3.0,
      0.0,
      8.0,
      11.0,
      6.0,
      1.0,
      6.0,
      5.0,
      967.0
    ]
  ],
  "classRecall": [
    0.9877551198005676,
    0.9911894202232361,
    0.9748061895370483,
    0.9792079329490662,
    0.9694501161575317,
    0.9798206090927124,
    0.9770354628562927,
    0.9717898964881897,
    0.9579055309295654,
    0.9583746194839478
  ],
  "classPrecision": [
    0.982741117477417,
    0.9859772324562073,
    0.9729207158088684,
    0.9724680185317993,
    0.9704383015632629,
    0.9657458662986755,
    0.9729729890823364,
    0.9736841917037964,
    0.9790136218070984,
    0.9708835482597351
  ],
  "classes": [
    0,
    1,
    2,
    3,
    4,
    5,
    6,
    7,
    8,
    9
  ]
}