{
  "name": "model",
  "metrics": {
    "train_loss": [
      0.1476444787924041,
      0.10577926347341159,
      0.088016044891382,
      0.07272847254773805,
      0.06520995433702712
    ],
    "train_accuracy": [
      0.9559444444444445,
      0.9702592592592593,
      0.9748148148148148,
      0.9792777777777778,
      0.9813703703703703
    ],
    "val_loss": [
      0.1593387837105609,
      0.12798552754077505,
      0.11875364118988843,
      0.10117305189054063,
      0.0982156229066722
    ],
    "val_accuracy": [
      0.952,
      0.965,
      0.9666666666666667,
      0.9705,
      0.9723333333333334
    ]
  },
  "accuracy": 0.9734,
  "confusion": [
    [
      972.0,
      0.0,
      1.0,
      0.0,
      0.0,
      2.0,
      2.0,
      1.0,
      2.0,
      0.0
    ],
    [
      0.0,
      1125.0,
      3.0,
      1.0,
      0.0,
      2.0,
      1.0,
      0.0,
      3.0,
      0.0
    ],
    [
      7.0,
      1.0,
      1001.0,
      6.0,
      6.0,
      0.0,
      4.0,
      4.0,
      3.0,
      0.0
    ],
    [
      0.0,
      0.0,
      5.0,
      979.0,
      1.0,
      13.0,
      0.0,
      4.0,
      6.0,
      2.0
    ],
    [
      1.0,
      2.0,
      0.0,
      0.0,
      950.0,
      0.0,
      7.0,
      0.0,
      2.0,
      20.0
    ],
    [
      4.0,
      0.0,
      0.0,
      2.0,
      1.0,
      873.0,
      6.0,
      1.0,
      4.0,
      1.0
    ],
    [
      5.0,
      3.0,
      0.0,
      0.0,
      6.0,
      4.0,
      937.0,
      0.0,
      3.0,
      0.0
    ],
    [
      2.0,
      8.0,
      14.0,
      12.0,
      1.0,
      0.0,
      0.0,
      977.0,
      3.0,
      11.0
    ],
    [
      5.0,
      1.0,
      3.0,
      3.0,
      4.0,
      4.0,
      4.0,
      3.0,
      945.0,
      2.0
    ],
    [
      5.0,
      5.0,
      0.0,
      5.0,
      7.0,
      5.0,
      0.0,
      4.0,
      3.0,
      975.0
    ]
  ],
  "classRecall": [
    0.9918367266654968,
    0.9911894202232361,
    0.9699612259864807,
    0.9693069458007812,
    0.9674134254455566,
    0.9786995649337769,
    0.9780793190002441,
    0.9503890872001648,
    0.9702258706092834,
    0.966303288936615
  ],
  "classPrecision": [
    0.9710289835929871,
    0.9825327396392822,
    0.9746835231781006,
    0.971230149269104,
    0.9733606576919556,
    0.9667773842811584,
    0.97502601146698,
    0.9828974008560181,
    0.9702258706092834,
    0.9643917083740234
  ],
  "classes": [
    0,
    1,
    2,
    3,
    4,
    5,
    6,
    7,
    8,
    9
  ]
}