{
  "name": "model",
  "metrics": {
    "train_loss": [
      0.16481470494085296,
      0.11537302687093262,
      0.09009792386902876,
      0.07325336112645212,
      0.06640293094731196
    ],
    "train_accuracy": [
      0.9531481481481482,
      0.9677962962962963,
      0.975037037037037,
      0.9807777777777777,
      0.9822037037037037
    ],
    "val_loss": [
      0.18044480229628848,
      0.13723569609066275,
      0.10958589225056324,
      0.10009928412259893,
      0.0979067068150703
    ],
    "val_accuracy": [
      0.949,
      0.9608333333333333,
      0.9698333333333333,
      0.9715,
      0.9713333333333334
    ]
  },
  "accuracy": 0.974,
  "confusion": [
    [
      975.0,
      1.0,
      0.0,
      0.0,
      0.0,
      0.0,
      0.0,
      1.0,
      3.0,
      0.0
    ],
    [
      0.0,
      1126.0,
      3.0,
      0.0,
      0.0,
      1.0,
      2.0,
      0.0,
      3.0,
      0.0
    ],
    [
      6.0,
      3.0,
      1007.0,
      0.0,
      2.0,
      0.0,
      0.0,
      10.0,
      3.0,
      1.0
    ],
    [
      0.0,
      0.0,
      5.0,
      985.0,
      0.0,
      8.0,
      0.0,
      7.0,
      3.0,
      2.0
    ],
    [
      2.0,
      0.0,
      5.0,
      0.0,
      942.0,
      0.0,
      3.0,
      2.0,
      0.0,
      28.0
    ],
    [
      5.0,
      0.0,
      0.0,
      6.0,
      1.0,
      865.0,
      4.0,
      1.0,
      4.0,
      6.0
    ],
    [
      13.0,
      3.0,
      0.0,
      0.0,
      4.0,
      4.0,
      931.0,
      0.0,
      3.0,
      0.0
    ],
    [
      2.0,
      6.0,
      8.0,
      1.0,
      0.0,
      0.0,
      0.0,
      1004.0,
      0.0,
      7.0
    ],
    [
      9.0,
      2.0,
      1.0,
      10.0,
      4.0,
      5.0,
      2.0,
      4.0,
      931.0,
      6.0
    ],
    [
      6.0,
      3.0,
      0.0,
      6.0,
      9.0,
      3.0,
      0.0,
      7.0,
      1.0,
      974.0
    ]
  ],
  "classRecall": [
    0.9948979616165161,
    0.9920704960823059,
    0.9757751822471619,
    0.9752475023269653,
    0.9592667818069458,
    0.9697309136390686,
    0.9718163013458252,
    0.9766536951065063,
    0.9558521509170532,
    0.9653121829032898
  ],
  "classPrecision": [
    0.9577603340148926,
    0.9842657446861267,
    0.9786199927330017,
    0.9771825671195984,
    0.9792099595069885,
    0.9762979745864868,
    0.9883227348327637,
    0.969111979007721,
    0.9789695143699646,
    0.951171875
  ],
  "classes": [
    0,
    1,
    2,
    3,
    4,
    5,
    6,
    7,
    8,
    9
  ]
}