{
  "name": "model",
  "metrics": {
    "train_loss": [
      1.3919916051355274,
      0.9507229612632231,
      0.7305393516170707,
      0.5874824075197632,
      0.45637334476817737,
      0.38865828996693547,
      0.33610005905343726,
      0.2629102682483129,
      0.22059660652567717,
      0.16870276365344497,
      0.15183168749155646,
      0.1264768743104386
    ],
    "train_accuracy": [
      0.49444444444444446,
      0.6556,
      0.7426222222222222,
      0.7948444444444445,
      0.8430444444444445,
      0.8630666666666666,
      0.8870888888888889,
      0.9083777777777777,
      0.9247333333333333,
      0.9422,
      0.9502666666666667,
      0.9555555555555556
    ],
    "val_loss": [
      1.4264643728733062,
      0.9946428328752518,
      0.8387465894222259,
      0.7004098743200302,
      0.602210133522749,
      0.5801806680858135,
      0.5812146291136742,
      0.5568861208856106,
      0.5860290132462979,
      0.5873982690274715,
      0.6051178961992264,
      0.6693751387298107
    ],
    "val_accuracy": [
      0.4784,
      0.6312,
      0.7098,
      0.7568,
      0.7922,
      0.7952,
      0.8022,
      0.819,
      0.8156,
      0.8216,
      0.8184,
      0.8272
    ]
  },
  "accuracy": 0.8223,
  "confusion": [
    [
      866.0,
      10.0,
      25.0,
      17.0,
      5.0,
      8.0,
      1.0,
      2.0,
      40.0,
      26.0
    ],
    [
      8.0,
      917.0,
      2.0,
      3.0,
      2.0,
      1.0,
      0.0,
      0.0,
      4.0,
      63.0
    ],
    [
      61.0,
      10.0,
      699.0,
      46.0,
      38.0,
      84.0,
      33.0,
      14.0,
      7.0,
      8.0
    ],
    [
      16.0,
      6.0,
      38.0,
      660.0,
      25.0,
      182.0,
      27.0,
      22.0,
      9.0,
      15.0
    ],
    [
      17.0,
      4.0,
      43.0,
      49.0,
      767.0,
      48.0,
      30.0,
      34.0,
      7.0,
      1.0
    ],
    [
      9.0,
      3.0,
      16.0,
      103.0,
      19.0,
      826.0,
      5.0,
      15.0,
      3.0,
      1.0
    ],
    [
      6.0,
      1.0,
      29.0,
      63.0,
      18.0,
      11.0,
      857.0,
      4.0,
      6.0,
      5.0
    ],
    [
      15.0,
      6.0,
      15.0,
      32.0,
      24.0,
      53.0,
      1.0,
      832.0,
      4.0,
      18.0
    ],
    [
      43.0,
      17.0,
      9.0,
      13.0,
      2.0,
      4.0,
      0.0,
      2.0,
      876.0,
      34.0
    ],
    [
      16.0,
      36.0,
      6.0,
      8.0,
      0.0,
      2.0,
      2.0,
      2.0,
      5.0,
      923.0
    ]
  ],
  "classRecall": [
    0.8659999966621399,
    0.9169999957084656,
    0.6990000009536743,
    0.6600000262260437,
    0.7670000195503235,
    0.8259999752044678,
    0.8569999933242798,
    0.8320000171661377,
    0.8759999871253967,
    0.9229999780654907
  ],
  "classPrecision": [
    0.8192998766899109,
    0.907920777797699,
    0.7925170063972473,
    0.6639838814735413,
    0.852222204208374,
    0.677604615688324,
    0.8964434862136841,
    0.8975188732147217,
    0.9115504622459412,
    0.8436928987503052
  ],
  "classes": [
    "plane",
    "car",
    "bird",
    "cat",
    "deer",
    "dog",
    "frog",
    "horse",
    "ship",
    "truck"
  ]
}