{
  "name": "model",
  "metrics": {
    "train_loss": [
      1.3479291227730839,
      0.9422282635826956,
      0.7482099714265629,
      0.5931264541365884,
      0.49438378282568674,
      0.4048932242122563,
      0.338957396843894,
      0.2723446187817238,
      0.23618018586950545,
      0.17957217498174446,
      0.1561419109771536,
      0.13833249906416645
    ],
    "train_accuracy": [
      0.5051777777777777,
      0.6610888888888888,
      0.7402888888888889,
      0.7895333333333333,
      0.8265555555555556,
      0.8620444444444444,
      0.8818,
      0.9058222222222222,
      0.9175111111111112,
      0.9374888888888889,
      0.9458444444444445,
      0.9526444444444444
    ],
    "val_loss": [
      1.380600568652153,
      1.012407822906971,
      0.8229117065668106,
      0.7148743689060211,
      0.6380038972944021,
      0.590166600048542,
      0.5873294085264206,
      0.5771017856895924,
      0.5589473765343428,
      0.5596190948970616,
      0.594291490316391,
      0.6485223338007927
    ],
    "val_accuracy": [
      0.4884,
      0.6398,
      0.7154,
      0.7504,
      0.774,
      0.7972,
      0.8036,
      0.8134,
      0.819,
      0.8224,
      0.8268,
      0.8248
    ]
  },
  "accuracy": 0.8259,
  "confusion": [
    [
      877.0,
      10.0,
      34.0,
      4.0,
      7.0,
      4.0,
      1.0,
      6.0,
      38.0,
      19.0
    ],
    [
      12.0,
      930.0,
      1.0,
      3.0,
      1.0,
      2.0,
      0.0,
      1.0,
      13.0,
      37.0
    ],
    [
      54.0,
      6.0,
      777.0,
      32.0,
      54.0,
      39.0,
      13.0,
      11.0,
      3.0,
      11.0
    ],
    [
      26.0,
      8.0,
      68.0,
      630.0,
      48.0,
      129.0,
      24.0,
      30.0,
      16.0,
      21.0
    ],
    [
      8.0,
      1.0,
      44.0,
      21.0,
      846.0,
      11.0,
      14.0,
      46.0,
      7.0,
      2.0
    ],
    [
      11.0,
      6.0,
      54.0,
      96.0,
      39.0,
      752.0,
      6.0,
      30.0,
      2.0,
      4.0
    ],
    [
      15.0,
      12.0,
      54.0,
      36.0,
      27.0,
      18.0,
      812.0,
      8.0,
      12.0,
      6.0
    ],
    [
      11.0,
      4.0,
      24.0,
      20.0,
      27.0,
      32.0,
      1.0,
      865.0,
      6.0,
      10.0
    ],
    [
      61.0,
      14.0,
      6.0,
      7.0,
      2.0,
      1.0,
      1.0,
      4.0,
      885.0,
      19.0
    ],
    [
      15.0,
      72.0,
      5.0,
      6.0,
      0.0,
      2.0,
      1.0,
      3.0,
      11.0,
      885.0
    ]
  ],
  "classRecall": [
    0.8769999742507935,
    0.9300000071525574,
    0.7770000100135803,
    0.6299999952316284,
    0.8460000157356262,
    0.7519999742507935,
    0.8119999766349792,
    0.8650000095367432,
    0.8849999904632568,
    0.8849999904632568
  ],
  "classPrecision": [
    0.804587185382843,
    0.8748824000358582,
    0.728209912776947,
    0.7368420958518982,
    0.8049476742744446,
    0.7595959305763245,
    0.9301260113716125,
    0.8615537881851196,
    0.8912386894226074,
    0.8727810382843018
  ],
  "classes": [
    "plane",
    "car",
    "bird",
    "cat",
    "deer",
    "dog",
    "frog",
    "horse",
    "ship",
    "truck"
  ]
}