{
  "name": "model",
  "metrics": {
    "train_loss": [
      0.14779791824290114,
      0.1205816758372843,
      0.08226900629840474,
      0.0701649810884907,
      0.061966269363106286
    ],
    "train_accuracy": [
      0.9552037037037037,
      0.9637592592592592,
      0.9752037037037037,
      0.9788148148148148,
      0.9811111111111112
    ],
    "val_loss": [
      0.16484309685357074,
      0.14152032644190687,
      0.1144965352054606,
      0.11003786135227123,
      0.09794217962375347
    ],
    "val_accuracy": [
      0.9495,
      0.9575,
      0.965,
      0.9685,
      0.9703333333333334
    ]
  },
  "accuracy": 0.9733,
  "confusion": [
    [
      972.0,
      1.0,
      1.0,
      0.0,
      0.0,
      1.0,
      2.0,
      1.0,
      2.0,
      0.0
    ],
    [
      0.0,
      1126.0,
      4.0,
      0.0,
      0.0,
      1.0,
      1.0,
      1.0,
      2.0,
      0.0
    ],
    [
      4.0,
      0.0,
      1003.0,
      4.0,
      7.0,
      0.0,
      2.0,
      7.0,
      5.0,
      0.0
    ],
    [
      0.0,
      0.0,
      9.0,
      986.0,
      0.0,
      2.0,
      0.0,
      4.0,
      9.0,
      0.0
    ],
    [
      1.0,
      1.0,
      0.0,
      0.0,
      964.0,
      0.0,
      5.0,
      3.0,
      2.0,
      6.0
    ],
    [
      4.0,
      0.0,
      1.0,
      14.0,
      1.0,
      847.0,
      5.0,
      1.0,
      12.0,
      7.0
    ],
    [
      7.0,
      3.0,
      0.0,
      0.0,
      9.0,
      3.0,
      930.0,
      0.0,
      6.0,
      0.0
    ],
    [
      2.0,
      6.0,
      16.0,
      1.0,
      0.0,
      0.0,
      0.0,
      995.0,
      0.0,
      8.0
    ],
    [
      4.0,
      1.0,
      2.0,
      4.0,
      4.0,
      3.0,
      1.0,
      3.0,
      945.0,
      7.0
    ],
    [
      4.0,
      3.0,
      0.0,
      7.0,
      18.0,
      1.0,
      0.0,
      8.0,
      3.0,
      965.0
    ]
  ],
  "classRecall": [
    0.9918367266654968,
    0.9920704960823059,
    0.9718992114067078,
    0.9762375950813293,
    0.981670081615448,
    0.9495515823364258,
    0.9707724452018738,
    0.9678988456726074,
    0.9702258706092834,
    0.9563924670219421
  ],
  "classPrecision": [
    0.9739478826522827,
    0.9868536591529846,
    0.9681467413902283,
    0.9704724550247192,
    0.9611166715621948,
    0.9871794581413269,
    0.9830867052078247,
    0.9726295471191406,
    0.9584178328514099,
    0.9718025922775269
  ],
  "classes": [
    0,
    1,
    2,
    3,
    4,
    5,
    6,
    7,
    8,
    9
  ]
}