{
  "name": "model",
  "metrics": {
    "train_loss": [
      1.4346625415438956,
      0.9113789527592334,
      0.7912851661782373,
      0.5805331305177375,
      0.5111625092950735,
      0.4282865540378473,
      0.34574218310246413,
      0.2721858533861285,
      0.25177746113728394,
      0.18305152260952376,
      0.16116853028705175,
      0.15573220081966033
    ],
    "train_accuracy": [
      0.4810888888888889,
      0.6781111111111111,
      0.7230222222222222,
      0.7991777777777778,
      0.8254666666666667,
      0.8637111111111111,
      0.8825111111111111,
      0.9086666666666666,
      0.9164666666666667,
      0.9373555555555556,
      0.9478888888888889,
      0.946
    ],
    "val_loss": [
      1.4503381371498107,
      0.9693517401814461,
      0.8603239223361016,
      0.6812751315534115,
      0.6570105671882629,
      0.5956267960369587,
      0.5452777482569218,
      0.5392292818054557,
      0.5552428029477596,
      0.5689933463931084,
      0.5647320032119751,
      0.6282088279724121
    ],
    "val_accuracy": [
      0.4714,
      0.6616,
      0.6948,
      0.7628,
      0.7788,
      0.8038,
      0.8118,
      0.817,
      0.822,
      0.8278,
      0.8244,
      0.8198
    ]
  },
  "accuracy": 0.8175,
  "confusion": [
    [
      907.0,
      4.0,
      24.0,
      10.0,
      4.0,
      3.0,
      3.0,
      6.0,
      31.0,
      8.0
    ],
    [
      14.0,
      909.0,
      2.0,
      6.0,
      2.0,
      0.0,
      4.0,
      0.0,
      8.0,
      55.0
    ],
    [
      64.0,
      0.0,
      790.0,
      48.0,
      25.0,
      13.0,
      31.0,
      19.0,
      7.0,
      3.0
    ],
    [
      32.0,
      4.0,
      46.0,
      766.0,
      23.0,
      53.0,
      20.0,
      39.0,
      12.0,
      5.0
    ],
    [
      22.0,
      2.0,
      76.0,
      96.0,
      727.0,
      16.0,
      24.0,
      31.0,
      6.0,
      0.0
    ],
    [
      21.0,
      2.0,
      67.0,
      197.0,
      20.0,
      620.0,
      14.0,
      48.0,
      7.0,
      4.0
    ],
    [
      11.0,
      2.0,
      46.0,
      98.0,
      8.0,
      3.0,
      818.0,
      7.0,
      6.0,
      1.0
    ],
    [
      20.0,
      0.0,
      24.0,
      33.0,
      28.0,
      9.0,
      0.0,
      877.0,
      3.0,
      6.0
    ],
    [
      71.0,
      10.0,
      8.0,
      9.0,
      1.0,
      0.0,
      2.0,
      1.0,
      890.0,
      8.0
    ],
    [
      34.0,
      34.0,
      7.0,
      12.0,
      0.0,
      0.0,
      1.0,
      5.0,
      36.0,
      871.0
    ]
  ],
  "classRecall": [
    0.9070000052452087,
    0.9089999794960022,
    0.7900000214576721,
    0.765999972820282,
    0.7269999980926514,
    0.6200000047683716,
    0.8180000185966492,
    0.8769999742507935,
    0.8899999856948853,
    0.8709999918937683
  ],
  "classPrecision": [
    0.7583612203598022,
    0.9400206804275513,
    0.7247706651687622,
    0.6007843017578125,
    0.8675417900085449,
    0.8647140860557556,
    0.8920392394065857,
    0.8489835262298584,
    0.8846918344497681,
    0.9063475728034973
  ],
  "classes": [
    "plane",
    "car",
    "bird",
    "cat",
    "deer",
    "dog",
    "frog",
    "horse",
    "ship",
    "truck"
  ]
}