{
  "name": "model",
  "metrics": {
    "train_loss": [
      0.1643560482409752,
      0.10590611701010245,
      0.09007126532751025,
      0.06876083031093692,
      0.07319691834167988
    ],
    "train_accuracy": [
      0.9500185185185185,
      0.9693888888888889,
      0.9745,
      0.9793518518518518,
      0.977925925925926
    ],
    "val_loss": [
      0.18235355591837396,
      0.13120846339362732,
      0.11765792300092413,
      0.10394917250155135,
      0.10549734687393016
    ],
    "val_accuracy": [
      0.9446666666666667,
      0.962,
      0.9656666666666667,
      0.9691666666666666,
      0.9678333333333333
    ]
  },
  "accuracy": 0.9688,
  "confusion": [
    [
      970.0,
      0.0,
      0.0,
      1.0,
      0.0,
      2.0,
      4.0,
      1.0,
      2.0,
      0.0
    ],
    [
      0.0,
      1125.0,
      2.0,
      0.0,
      0.0,
      1.0,
      3.0,
      1.0,
      3.0,
      0.0
    ],
    [
      10.0,
      3.0,
      990.0,
      4.0,
      5.0,
      0.0,
      4.0,
      10.0,
      6.0,
      0.0
    ],
    [
      2.0,
      0.0,
      6.0,
      983.0,
      0.0,
      4.0,
      0.0,
      7.0,
      5.0,
      3.0
    ],
    [
      1.0,
      0.0,
      1.0,
      0.0,
      967.0,
      0.0,
      8.0,
      1.0,
      1.0,
      3.0
    ],
    [
      3.0,
      1.0,
      0.0,
      11.0,
      1.0,
      852.0,
      14.0,
      2.0,
      7.0,
      1.0
    ],
    [
      4.0,
      3.0,
      0.0,
      0.0,
      6.0,
      3.0,
      939.0,
      0.0,
      3.0,
      0.0
    ],
    [
      2.0,
      6.0,
      8.0,
      0.0,
      3.0,
      0.0,
      0.0,
      1003.0,
      3.0,
      3.0
    ],
    [
      1.0,
      0.0,
      2.0,
      3.0,
      5.0,
      2.0,
      3.0,
      3.0,
      954.0,
      1.0
    ],
    [
      3.0,
      5.0,
      0.0,
      7.0,
      69.0,
      4.0,
      0.0,
      11.0,
      5.0,
      905.0
    ]
  ],
  "classRecall": [
    0.9897959232330322,
    0.9911894202232361,
    0.9593023061752319,
    0.9732673168182373,
    0.9847250580787659,
    0.9551569223403931,
    0.980167031288147,
    0.975680947303772,
    0.9794661402702332,
    0.8969276547431946
  ],
  "classPrecision": [
    0.9738956093788147,
    0.9842519760131836,
    0.9811694622039795,
    0.9742318987846375,
    0.9157196879386902,
    0.981566846370697,
    0.9630769491195679,
    0.9653512835502625,
    0.9646106958389282,
    0.9879912734031677
  ],
  "classes": [
    0,
    1,
    2,
    3,
    4,
    5,
    6,
    7,
    8,
    9
  ]
}