{
  "name": "model",
  "metrics": {
    "train_loss": [
      0.14962499923297862,
      0.1013722423313989,
      0.08401082850268808,
      0.06702902309499434,
      0.06409594513281686
    ],
    "train_accuracy": [
      0.9559074074074074,
      0.9713703703703703,
      0.9755370370370371,
      0.9807962962962963,
      0.9805185185185186
    ],
    "val_loss": [
      0.1717236265540123,
      0.1236843133860446,
      0.11281532841794034,
      0.09947548247873783,
      0.1038979654933544
    ],
    "val_accuracy": [
      0.9481666666666667,
      0.9616666666666667,
      0.9673333333333334,
      0.9716666666666667,
      0.9703333333333334
    ]
  },
  "accuracy": 0.9726,
  "confusion": [
    [
      974.0,
      0.0,
      0.0,
      0.0,
      0.0,
      1.0,
      1.0,
      1.0,
      3.0,
      0.0
    ],
    [
      0.0,
      1124.0,
      2.0,
      1.0,
      0.0,
      0.0,
      1.0,
      0.0,
      7.0,
      0.0
    ],
    [
      3.0,
      3.0,
      1017.0,
      2.0,
      0.0,
      0.0,
      1.0,
      4.0,
      2.0,
      0.0
    ],
    [
      0.0,
      0.0,
      9.0,
      987.0,
      0.0,
      5.0,
      0.0,
      4.0,
      4.0,
      1.0
    ],
    [
      2.0,
      1.0,
      5.0,
      0.0,
      949.0,
      0.0,
      3.0,
      3.0,
      2.0,
      17.0
    ],
    [
      6.0,
      1.0,
      0.0,
      11.0,
      2.0,
      860.0,
      5.0,
      0.0,
      4.0,
      3.0
    ],
    [
      9.0,
      3.0,
      0.0,
      0.0,
      7.0,
      5.0,
      928.0,
      0.0,
      6.0,
      0.0
    ],
    [
      4.0,
      10.0,
      11.0,
      7.0,
      2.0,
      0.0,
      0.0,
      984.0,
      1.0,
      9.0
    ],
    [
      4.0,
      0.0,
      5.0,
      9.0,
      4.0,
      5.0,
      0.0,
      2.0,
      942.0,
      3.0
    ],
    [
      6.0,
      7.0,
      0.0,
      10.0,
      14.0,
      1.0,
      0.0,
      5.0,
      5.0,
      961.0
    ]
  ],
  "classRecall": [
    0.9938775300979614,
    0.9903083443641663,
    0.9854651093482971,
    0.9772277474403381,
    0.9663951396942139,
    0.9641255736351013,
    0.968684732913971,
    0.957198441028595,
    0.9671458005905151,
    0.9524281620979309
  ],
  "classPrecision": [
    0.966269850730896,
    0.9782419204711914,
    0.9694947600364685,
    0.9610515832901001,
    0.9703476428985596,
    0.9806157350540161,
    0.9882854223251343,
    0.981056809425354,
    0.9651639461517334,
    0.9668008089065552
  ],
  "classes": [
    0,
    1,
    2,
    3,
    4,
    5,
    6,
    7,
    8,
    9
  ]
}