{
  "name": "model",
  "metrics": {
    "train_loss": [
      0.15710085040726368,
      0.11975269046528221,
      0.08667687764082334,
      0.07124615828970103,
      0.06117888423614204
    ],
    "train_accuracy": [
      0.9522222222222222,
      0.9638333333333333,
      0.9743518518518518,
      0.9785925925925926,
      0.9820555555555556
    ],
    "val_loss": [
      0.17095144552753327,
      0.1451744092430206,
      0.11270391441723134,
      0.10536890801914195,
      0.09309455538366704
    ],
    "val_accuracy": [
      0.9465,
      0.9566666666666667,
      0.9656666666666667,
      0.9698333333333333,
      0.9735
    ]
  },
  "accuracy": 0.9748,
  "confusion": [
    [
      971.0,
      1.0,
      1.0,
      0.0,
      0.0,
      2.0,
      2.0,
      1.0,
      2.0,
      0.0
    ],
    [
      0.0,
      1123.0,
      2.0,
      1.0,
      0.0,
      1.0,
      6.0,
      0.0,
      2.0,
      0.0
    ],
    [
      3.0,
      0.0,
      1004.0,
      4.0,
      1.0,
      0.0,
      3.0,
      7.0,
      10.0,
      0.0
    ],
    [
      0.0,
      0.0,
      6.0,
      976.0,
      0.0,
      13.0,
      0.0,
      6.0,
      5.0,
      4.0
    ],
    [
      0.0,
      0.0,
      1.0,
      0.0,
      959.0,
      0.0,
      10.0,
      2.0,
      1.0,
      9.0
    ],
    [
      2.0,
      0.0,
      0.0,
      2.0,
      1.0,
      868.0,
      12.0,
      1.0,
      3.0,
      3.0
    ],
    [
      5.0,
      2.0,
      1.0,
      0.0,
      5.0,
      1.0,
      941.0,
      0.0,
      3.0,
      0.0
    ],
    [
      1.0,
      6.0,
      11.0,
      1.0,
      0.0,
      0.0,
      0.0,
      1004.0,
      0.0,
      5.0
    ],
    [
      2.0,
      1.0,
      2.0,
      2.0,
      4.0,
      6.0,
      4.0,
      4.0,
      945.0,
      4.0
    ],
    [
      4.0,
      7.0,
      0.0,
      9.0,
      16.0,
      3.0,
      1.0,
      9.0,
      3.0,
      957.0
    ]
  ],
  "classRecall": [
    0.9908163547515869,
    0.9894273281097412,
    0.9728682041168213,
    0.9663366079330444,
    0.976578414440155,
    0.9730941653251648,
    0.982254683971405,
    0.9766536951065063,
    0.9702258706092834,
    0.9484637975692749
  ],
  "classPrecision": [
    0.9827935099601746,
    0.9850876927375793,
    0.9766536951065063,
    0.9809045195579529,
    0.9726166129112244,
    0.9709172248840332,
    0.9611848592758179,
    0.9709864854812622,
    0.9702258706092834,
    0.9745417237281799
  ],
  "classes": [
    0,
    1,
    2,
    3,
    4,
    5,
    6,
    7,
    8,
    9
  ]
}