{
  "name": "model",
  "metrics": {
    "train_loss": [
      1.3633451197635045,
      0.9630437191914428,
      0.7052943510088053,
      0.5627160522748124,
      0.47768552592870867,
      0.4058863701383499,
      0.40349433228204196,
      0.27626977501098404,
      0.24173028646460312,
      0.196077098921788,
      0.1704133035488088,
      0.14226823944640768
    ],
    "train_accuracy": [
      0.4986888888888889,
      0.6586222222222222,
      0.7498444444444444,
      0.8014444444444444,
      0.8323111111111111,
      0.8633111111111111,
      0.8591555555555556,
      0.9061111111111111,
      0.9188666666666667,
      0.9336888888888889,
      0.9422,
      0.9516444444444444
    ],
    "val_loss": [
      1.3801704227924347,
      1.0113811880350112,
      0.774225815013051,
      0.6814727783203125,
      0.6220408797264099,
      0.6027431823313236,
      0.6135676994919776,
      0.5737164497375489,
      0.5787901662290096,
      0.5638580329716205,
      0.6054218782112002,
      0.6713254667818547
    ],
    "val_accuracy": [
      0.4924,
      0.6444,
      0.7246,
      0.762,
      0.7874,
      0.7928,
      0.784,
      0.8102,
      0.8132,
      0.8198,
      0.8246,
      0.821
    ]
  },
  "accuracy": 0.8231,
  "confusion": [
    [
      943.0,
      3.0,
      11.0,
      10.0,
      6.0,
      2.0,
      3.0,
      0.0,
      13.0,
      9.0
    ],
    [
      39.0,
      902.0,
      0.0,
      3.0,
      2.0,
      0.0,
      3.0,
      1.0,
      6.0,
      44.0
    ],
    [
      83.0,
      2.0,
      754.0,
      38.0,
      48.0,
      36.0,
      20.0,
      13.0,
      3.0,
      3.0
    ],
    [
      38.0,
      2.0,
      60.0,
      681.0,
      45.0,
      108.0,
      39.0,
      15.0,
      6.0,
      6.0
    ],
    [
      23.0,
      0.0,
      57.0,
      37.0,
      829.0,
      16.0,
      13.0,
      23.0,
      2.0,
      0.0
    ],
    [
      12.0,
      1.0,
      47.0,
      127.0,
      30.0,
      753.0,
      7.0,
      21.0,
      1.0,
      1.0
    ],
    [
      12.0,
      2.0,
      42.0,
      48.0,
      22.0,
      20.0,
      844.0,
      4.0,
      4.0,
      2.0
    ],
    [
      12.0,
      0.0,
      26.0,
      29.0,
      39.0,
      30.0,
      0.0,
      857.0,
      1.0,
      6.0
    ],
    [
      155.0,
      11.0,
      7.0,
      6.0,
      4.0,
      2.0,
      5.0,
      2.0,
      793.0,
      15.0
    ],
    [
      47.0,
      45.0,
      7.0,
      0.0,
      5.0,
      2.0,
      2.0,
      9.0,
      8.0,
      875.0
    ]
  ],
  "classRecall": [
    0.9430000185966492,
    0.9020000100135803,
    0.7540000081062317,
    0.6809999942779541,
    0.8289999961853027,
    0.753000020980835,
    0.843999981880188,
    0.8569999933242798,
    0.7929999828338623,
    0.875
  ],
  "classPrecision": [
    0.6913489699363708,
    0.9318181872367859,
    0.745796263217926,
    0.6956077814102173,
    0.8048543930053711,
    0.7770897746086121,
    0.9017093777656555,
    0.9068782925605774,
    0.9474313259124756,
    0.9105098843574524
  ],
  "classes": [
    "plane",
    "car",
    "bird",
    "cat",
    "deer",
    "dog",
    "frog",
    "horse",
    "ship",
    "truck"
  ]
}