{
  "name": "model",
  "metrics": {
    "train_loss": [
      1.4194899512962862,
      1.1096612926233898,
      0.743317646059123,
      0.664564975198697,
      0.5170100173828277,
      0.3960930046371438,
      0.33960615064610133,
      0.29135252509943466,
      0.22593174066225236,
      0.1927743704608557,
      0.183869573647495,
      0.14816018984526058
    ],
    "train_accuracy": [
      0.46704444444444443,
      0.6133333333333333,
      0.7458666666666667,
      0.7682,
      0.8189333333333333,
      0.8673555555555555,
      0.8819111111111111,
      0.9026,
      0.9219333333333334,
      0.9339111111111111,
      0.9340444444444445,
      0.9482222222222222
    ],
    "val_loss": [
      1.4339478403329848,
      1.1276327222585678,
      0.820290456712246,
      0.7724871531128883,
      0.676838818192482,
      0.5890269003808498,
      0.5894653797149658,
      0.5636933721601963,
      0.5815019398927689,
      0.5931010238826275,
      0.6534962475299835,
      0.631978433765471
    ],
    "val_accuracy": [
      0.4574,
      0.6018,
      0.7174,
      0.7334,
      0.7616,
      0.7932,
      0.8016,
      0.8144,
      0.8162,
      0.8226,
      0.8138,
      0.8194
    ]
  },
  "accuracy": 0.817,
  "confusion": [
    [
      864.0,
      10.0,
      47.0,
      23.0,
      5.0,
      2.0,
      9.0,
      6.0,
      19.0,
      15.0
    ],
    [
      10.0,
      938.0,
      2.0,
      6.0,
      4.0,
      0.0,
      3.0,
      1.0,
      6.0,
      30.0
    ],
    [
      46.0,
      3.0,
      723.0,
      51.0,
      84.0,
      32.0,
      32.0,
      18.0,
      4.0,
      7.0
    ],
    [
      15.0,
      3.0,
      59.0,
      675.0,
      64.0,
      92.0,
      61.0,
      20.0,
      7.0,
      4.0
    ],
    [
      4.0,
      1.0,
      27.0,
      38.0,
      830.0,
      34.0,
      23.0,
      38.0,
      2.0,
      3.0
    ],
    [
      2.0,
      1.0,
      39.0,
      149.0,
      45.0,
      698.0,
      15.0,
      47.0,
      1.0,
      3.0
    ],
    [
      5.0,
      1.0,
      31.0,
      42.0,
      27.0,
      8.0,
      876.0,
      6.0,
      3.0,
      1.0
    ],
    [
      13.0,
      3.0,
      18.0,
      27.0,
      34.0,
      20.0,
      3.0,
      880.0,
      0.0,
      2.0
    ],
    [
      70.0,
      38.0,
      15.0,
      15.0,
      5.0,
      5.0,
      12.0,
      5.0,
      816.0,
      19.0
    ],
    [
      21.0,
      75.0,
      4.0,
      10.0,
      2.0,
      1.0,
      4.0,
      5.0,
      8.0,
      870.0
    ]
  ],
  "classRecall": [
    0.8640000224113464,
    0.9380000233650208,
    0.7229999899864197,
    0.675000011920929,
    0.8299999833106995,
    0.6980000138282776,
    0.8759999871253967,
    0.8799999952316284,
    0.8159999847412109,
    0.8700000047683716
  ],
  "classPrecision": [
    0.822857141494751,
    0.8741845488548279,
    0.7492228150367737,
    0.6515443921089172,
    0.7545454502105713,
    0.7825112342834473,
    0.8439306616783142,
    0.8576998114585876,
    0.9422633051872253,
    0.9119496941566467
  ],
  "classes": [
    "plane",
    "car",
    "bird",
    "cat",
    "deer",
    "dog",
    "frog",
    "horse",
    "ship",
    "truck"
  ]
}