{
  "name": "model",
  "metrics": {
    "train_loss": [
      1.350689270618287,
      0.9570366233925928,
      0.7398962769657373,
      0.6546947553923185,
      0.471243666738949,
      0.45436342246830463,
      0.3308575634251941,
      0.3422073309563778,
      0.2510558213107288,
      0.20757987290959468,
      0.1824994130822068,
      0.13852023443376477
    ],
    "train_accuracy": [
      0.5146,
      0.6608666666666667,
      0.7401333333333333,
      0.7748888888888888,
      0.8373777777777778,
      0.8462222222222222,
      0.8889555555555556,
      0.8801333333333333,
      0.9135111111111112,
      0.9272,
      0.9376888888888889,
      0.9530222222222222
    ],
    "val_loss": [
      1.376927986741066,
      0.9976706743240357,
      0.8098880633711815,
      0.7490740418434143,
      0.6224354237318039,
      0.6264168605208397,
      0.5357440553605557,
      0.6300990678369999,
      0.5730940699577332,
      0.6108945220708847,
      0.6311576522886753,
      0.6292856149375439
    ],
    "val_accuracy": [
      0.5092,
      0.6542,
      0.7164,
      0.7418,
      0.7816,
      0.7868,
      0.818,
      0.7944,
      0.8088,
      0.8166,
      0.8156,
      0.8264
    ]
  },
  "accuracy": 0.8234,
  "confusion": [
    [
      878.0,
      9.0,
      11.0,
      11.0,
      3.0,
      3.0,
      4.0,
      5.0,
      54.0,
      22.0
    ],
    [
      14.0,
      928.0,
      1.0,
      3.0,
      1.0,
      0.0,
      3.0,
      0.0,
      15.0,
      35.0
    ],
    [
      89.0,
      8.0,
      687.0,
      47.0,
      33.0,
      43.0,
      70.0,
      7.0,
      10.0,
      6.0
    ],
    [
      26.0,
      8.0,
      37.0,
      709.0,
      37.0,
      94.0,
      52.0,
      8.0,
      9.0,
      20.0
    ],
    [
      24.0,
      2.0,
      37.0,
      54.0,
      769.0,
      39.0,
      43.0,
      21.0,
      6.0,
      5.0
    ],
    [
      13.0,
      3.0,
      20.0,
      148.0,
      21.0,
      759.0,
      16.0,
      12.0,
      3.0,
      5.0
    ],
    [
      7.0,
      4.0,
      24.0,
      32.0,
      10.0,
      8.0,
      904.0,
      3.0,
      5.0,
      3.0
    ],
    [
      20.0,
      1.0,
      17.0,
      40.0,
      39.0,
      61.0,
      11.0,
      798.0,
      2.0,
      11.0
    ],
    [
      40.0,
      12.0,
      5.0,
      11.0,
      1.0,
      0.0,
      4.0,
      0.0,
      917.0,
      10.0
    ],
    [
      12.0,
      65.0,
      2.0,
      7.0,
      2.0,
      2.0,
      3.0,
      1.0,
      21.0,
      885.0
    ]
  ],
  "classRecall": [
    0.878000020980835,
    0.9279999732971191,
    0.6869999766349792,
    0.7089999914169312,
    0.7689999938011169,
    0.7590000033378601,
    0.9039999842643738,
    0.7979999780654907,
    0.9169999957084656,
    0.8849999904632568
  ],
  "classPrecision": [
    0.7818343639373779,
    0.892307698726654,
    0.8168846368789673,
    0.6676082611083984,
    0.8395196795463562,
    0.7522299289703369,
    0.8144144415855408,
    0.9333333373069763,
    0.8800383806228638,
    0.8832335472106934
  ],
  "classes": [
    "plane",
    "car",
    "bird",
    "cat",
    "deer",
    "dog",
    "frog",
    "horse",
    "ship",
    "truck"
  ]
}