{
  "name": "model",
  "metrics": {
    "train_loss": [
      0.16321828836901775,
      0.1043341575870158,
      0.09125325868073939,
      0.07331008847882327,
      0.06084895694089868
    ],
    "train_accuracy": [
      0.9522407407407407,
      0.9691666666666666,
      0.9736296296296296,
      0.9784444444444444,
      0.9827777777777778
    ],
    "val_loss": [
      0.1772698519077707,
      0.12890336599121702,
      0.11829176846336811,
      0.1054111908170137,
      0.09458235778073047
    ],
    "val_accuracy": [
      0.9461666666666667,
      0.9618333333333333,
      0.9635,
      0.9695,
      0.9725
    ]
  },
  "accuracy": 0.9761,
  "confusion": [
    [
      972.0,
      0.0,
      0.0,
      0.0,
      0.0,
      1.0,
      3.0,
      1.0,
      3.0,
      0.0
    ],
    [
      0.0,
      1121.0,
      4.0,
      1.0,
      0.0,
      0.0,
      1.0,
      2.0,
      6.0,
      0.0
    ],
    [
      10.0,
      0.0,
      997.0,
      2.0,
      4.0,
      1.0,
      3.0,
      8.0,
      7.0,
      0.0
    ],
    [
      0.0,
      0.0,
      4.0,
      983.0,
      0.0,
      8.0,
      0.0,
      8.0,
      4.0,
      3.0
    ],
    [
      1.0,
      1.0,
      2.0,
      0.0,
      955.0,
      0.0,
      7.0,
      3.0,
      2.0,
      11.0
    ],
    [
      3.0,
      0.0,
      0.0,
      3.0,
      1.0,
      870.0,
      4.0,
      1.0,
      8.0,
      2.0
    ],
    [
      6.0,
      3.0,
      0.0,
      1.0,
      7.0,
      3.0,
      933.0,
      0.0,
      5.0,
      0.0
    ],
    [
      1.0,
      2.0,
      8.0,
      0.0,
      0.0,
      0.0,
      0.0,
      1012.0,
      1.0,
      4.0
    ],
    [
      3.0,
      0.0,
      1.0,
      7.0,
      3.0,
      4.0,
      2.0,
      4.0,
      947.0,
      3.0
    ],
    [
      5.0,
      4.0,
      0.0,
      4.0,
      10.0,
      3.0,
      0.0,
      8.0,
      4.0,
      971.0
    ]
  ],
  "classRecall": [
    0.9918367266654968,
    0.9876651763916016,
    0.9660852551460266,
    0.9732673168182373,
    0.9725050926208496,
    0.9753363132476807,
    0.9739039540290833,
    0.9844357967376709,
    0.9722792506217957,
    0.962338924407959
  ],
  "classPrecision": [
    0.9710289835929871,
    0.9911582469940186,
    0.9812992215156555,
    0.982017993927002,
    0.9744898080825806,
    0.9775280952453613,
    0.9790136218070984,
    0.9665711522102356,
    0.9594731330871582,
    0.9768611788749695
  ],
  "classes": [
    0,
    1,
    2,
    3,
    4,
    5,
    6,
    7,
    8,
    9
  ]
}