{
  "name": "model",
  "metrics": {
    "train_loss": [
      1.3617943227291107,
      0.9441199062222784,
      0.7295058103786274,
      0.6178200825710188,
      0.5019894381138411,
      0.3789068283936517,
      0.3373622704635967,
      0.26478066286918794,
      0.22362129847434434,
      0.16899235402657228,
      0.15042376926761458,
      0.14059030570470812
    ],
    "train_accuracy": [
      0.5033555555555556,
      0.6605777777777778,
      0.7402888888888889,
      0.7839333333333334,
      0.8279333333333333,
      0.8698666666666667,
      0.8844666666666666,
      0.9116222222222222,
      0.9256444444444445,
      0.9419777777777778,
      0.9478444444444445,
      0.9534222222222222
    ],
    "val_loss": [
      1.3935494393110275,
      1.0001278832554816,
      0.8096894145011901,
      0.7252770289778709,
      0.6391667552292347,
      0.5682718560099602,
      0.562931789457798,
      0.5259542271494866,
      0.5422319687902928,
      0.5532558143138886,
      0.5835395991802216,
      0.6183899909257888
    ],
    "val_accuracy": [
      0.4878,
      0.6418,
      0.7122,
      0.747,
      0.7868,
      0.802,
      0.818,
      0.8206,
      0.8254,
      0.8322,
      0.8312,
      0.8222
    ]
  },
  "accuracy": 0.8197,
  "confusion": [
    [
      849.0,
      11.0,
      23.0,
      33.0,
      15.0,
      5.0,
      9.0,
      7.0,
      31.0,
      17.0
    ],
    [
      11.0,
      874.0,
      2.0,
      11.0,
      2.0,
      5.0,
      7.0,
      0.0,
      4.0,
      84.0
    ],
    [
      53.0,
      1.0,
      708.0,
      65.0,
      63.0,
      61.0,
      34.0,
      10.0,
      3.0,
      2.0
    ],
    [
      8.0,
      1.0,
      28.0,
      706.0,
      55.0,
      149.0,
      32.0,
      14.0,
      1.0,
      6.0
    ],
    [
      7.0,
      0.0,
      30.0,
      59.0,
      841.0,
      26.0,
      23.0,
      13.0,
      1.0,
      0.0
    ],
    [
      2.0,
      0.0,
      22.0,
      111.0,
      39.0,
      805.0,
      3.0,
      13.0,
      2.0,
      3.0
    ],
    [
      4.0,
      0.0,
      27.0,
      64.0,
      24.0,
      22.0,
      853.0,
      4.0,
      1.0,
      1.0
    ],
    [
      8.0,
      1.0,
      12.0,
      30.0,
      81.0,
      62.0,
      1.0,
      798.0,
      0.0,
      7.0
    ],
    [
      48.0,
      27.0,
      9.0,
      23.0,
      8.0,
      6.0,
      4.0,
      2.0,
      848.0,
      25.0
    ],
    [
      15.0,
      23.0,
      6.0,
      14.0,
      3.0,
      3.0,
      5.0,
      5.0,
      11.0,
      915.0
    ]
  ],
  "classRecall": [
    0.8489999771118164,
    0.8740000128746033,
    0.7080000042915344,
    0.7059999704360962,
    0.8410000205039978,
    0.8050000071525574,
    0.8529999852180481,
    0.7979999780654907,
    0.8479999899864197,
    0.9150000214576721
  ],
  "classPrecision": [
    0.8447760939598083,
    0.9317697286605835,
    0.8166090250015259,
    0.6326164603233337,
    0.7435897588729858,
    0.7036713361740112,
    0.8784757852554321,
    0.9214780330657959,
    0.9401330351829529,
    0.8632075190544128
  ],
  "classes": [
    "plane",
    "car",
    "bird",
    "cat",
    "deer",
    "dog",
    "frog",
    "horse",
    "ship",
    "truck"
  ]
}