{
  "name": "model",
  "metrics": {
    "train_loss": [
      1.3737838854166595,
      0.9414276577193629,
      0.7166418443349275,
      0.6046625146303665,
      0.4905772061002525,
      0.40295600141821936,
      0.30184921101582324,
      0.28250291841951286,
      0.2093060667287897,
      0.1995049171911722,
      0.15450296661054547,
      0.12947500904556364
    ],
    "train_accuracy": [
      0.49595555555555554,
      0.6624444444444444,
      0.7452666666666666,
      0.7888444444444445,
      0.8314666666666667,
      0.8562888888888889,
      0.8967555555555555,
      0.8992444444444444,
      0.9294,
      0.9298888888888889,
      0.9464666666666667,
      0.9564222222222222
    ],
    "val_loss": [
      1.3998862266540528,
      0.9795843027532101,
      0.8183189392089844,
      0.730156072974205,
      0.6237275842577219,
      0.6125723332166672,
      0.5474332109093666,
      0.591170747578144,
      0.5431269789114594,
      0.6136038362979889,
      0.6256591789424419,
      0.6563992001116276
    ],
    "val_accuracy": [
      0.4828,
      0.642,
      0.7288,
      0.746,
      0.7836,
      0.7884,
      0.8172,
      0.8074,
      0.8238,
      0.8186,
      0.8278,
      0.825
    ]
  },
  "accuracy": 0.818,
  "confusion": [
    [
      771.0,
      14.0,
      35.0,
      30.0,
      7.0,
      2.0,
      7.0,
      13.0,
      105.0,
      16.0
    ],
    [
      4.0,
      914.0,
      2.0,
      1.0,
      1.0,
      1.0,
      5.0,
      1.0,
      35.0,
      36.0
    ],
    [
      45.0,
      3.0,
      761.0,
      43.0,
      33.0,
      38.0,
      37.0,
      23.0,
      15.0,
      2.0
    ],
    [
      9.0,
      5.0,
      43.0,
      684.0,
      26.0,
      114.0,
      57.0,
      31.0,
      25.0,
      6.0
    ],
    [
      5.0,
      0.0,
      77.0,
      59.0,
      735.0,
      23.0,
      43.0,
      47.0,
      9.0,
      2.0
    ],
    [
      2.0,
      9.0,
      44.0,
      126.0,
      20.0,
      719.0,
      22.0,
      50.0,
      6.0,
      2.0
    ],
    [
      2.0,
      2.0,
      38.0,
      33.0,
      5.0,
      9.0,
      899.0,
      5.0,
      7.0,
      0.0
    ],
    [
      8.0,
      1.0,
      26.0,
      20.0,
      32.0,
      27.0,
      6.0,
      871.0,
      4.0,
      5.0
    ],
    [
      17.0,
      6.0,
      11.0,
      6.0,
      1.0,
      0.0,
      2.0,
      2.0,
      944.0,
      11.0
    ],
    [
      12.0,
      40.0,
      7.0,
      9.0,
      2.0,
      0.0,
      3.0,
      9.0,
      36.0,
      882.0
    ]
  ],
  "classRecall": [
    0.7710000276565552,
    0.9139999747276306,
    0.7609999775886536,
    0.6840000152587891,
    0.7350000143051147,
    0.718999981880188,
    0.8989999890327454,
    0.8709999918937683,
    0.9440000057220459,
    0.8820000290870667
  ],
  "classPrecision": [
    0.8811428546905518,
    0.9195170998573303,
    0.7289271950721741,
    0.6765578389167786,
    0.8526682257652283,
    0.7706323862075806,
    0.8316373825073242,
    0.8279467821121216,
    0.7959527969360352,
    0.9168398976325989
  ],
  "classes": [
    "plane",
    "car",
    "bird",
    "cat",
    "deer",
    "dog",
    "frog",
    "horse",
    "ship",
    "truck"
  ]
}