{
  "name": "model",
  "metrics": {
    "train_loss": [
      1.4180971417914738,
      1.061298025602644,
      0.9978529316457835,
      1.4389401550658725,
      1.3660630163821308,
      1.6564248207617889,
      1.1408544455400922,
      1.615012676878409,
      1.26727854358879,
      1.225453176281669,
      1.984481748532165,
      0.9722166835245761
    ],
    "train_accuracy": [
      0.5018,
      0.6211333333333333,
      0.6526222222222222,
      0.5788666666666666,
      0.5982666666666666,
      0.5788222222222222,
      0.7032222222222222,
      0.6463333333333333,
      0.7140888888888889,
      0.7275777777777778,
      0.6581555555555556,
      0.7966
    ],
    "val_loss": [
      1.445177859067917,
      1.1248681664466857,
      1.0676788881421089,
      1.5788614183664322,
      1.5530676275491715,
      1.8973653703927993,
      1.4146105170249939,
      1.9736018791794776,
      1.7476492837071418,
      1.7893124312162398,
      2.609365463256836,
      1.6058313310146333
    ],
    "val_accuracy": [
      0.487,
      0.5976,
      0.6278,
      0.5412,
      0.5572,
      0.5324,
      0.6404,
      0.5782,
      0.6306,
      0.631,
      0.5702,
      0.6856
    ]
  },
  "accuracy": 0.683,
  "confusion": [
    [
      987.0,
      0.0,
      2.0,
      5.0,
      1.0,
      0.0,
      2.0,
      1.0,
      2.0,
      0.0
    ],
    [
      379.0,
      596.0,
      1.0,
      4.0,
      2.0,
      1.0,
      3.0,
      1.0,
      4.0,
      9.0
    ],
    [
      301.0,
      0.0,
      568.0,
      36.0,
      36.0,
      27.0,
      22.0,
      4.0,
      5.0,
      1.0
    ],
    [
      120.0,
      2.0,
      34.0,
      627.0,
      36.0,
      117.0,
      43.0,
      17.0,
      3.0,
      1.0
    ],
    [
      119.0,
      0.0,
      41.0,
      42.0,
      736.0,
      16.0,
      16.0,
      29.0,
      1.0,
      0.0
    ],
    [
      43.0,
      1.0,
      47.0,
      127.0,
      29.0,
      728.0,
      8.0,
      16.0,
      1.0,
      0.0
    ],
    [
      65.0,
      0.0,
      35.0,
      37.0,
      27.0,
      8.0,
      825.0,
      2.0,
      1.0,
      0.0
    ],
    [
      129.0,
      1.0,
      18.0,
      25.0,
      45.0,
      33.0,
      1.0,
      748.0,
      0.0,
      0.0
    ],
    [
      448.0,
      0.0,
      2.0,
      4.0,
      0.0,
      3.0,
      3.0,
      1.0,
      539.0,
      0.0
    ],
    [
      475.0,
      29.0,
      3.0,
      7.0,
      2.0,
      2.0,
      2.0,
      3.0,
      1.0,
      476.0
    ]
  ],
  "classRecall": [
    0.9869999885559082,
    0.5960000157356262,
    0.5680000185966492,
    0.6269999742507935,
    0.7360000014305115,
    0.7279999852180481,
    0.824999988079071,
    0.7480000257492065,
    0.5389999747276306,
    0.47600001096725464
  ],
  "classPrecision": [
    0.3219178020954132,
    0.9475357532501221,
    0.7563248872756958,
    0.6859956383705139,
    0.8052516579627991,
    0.7786096334457397,
    0.8918918967247009,
    0.9099756479263306,
    0.9676840305328369,
    0.977412760257721
  ],
  "classes": [
    "plane",
    "car",
    "bird",
    "cat",
    "deer",
    "dog",
    "frog",
    "horse",
    "ship",
    "truck"
  ]
}