{
  "name": "model",
  "metrics": {
    "train_loss": [
      1.4428995962847362,
      1.0335707889700478,
      0.7731855696236546,
      0.654866463674063,
      0.5590455687858842,
      0.4380247231403535,
      0.36128031415864825,
      0.34240030006251554,
      0.2592316275801171,
      0.24311382810331203,
      0.17493173251436514,
      0.27705173469571903
    ],
    "train_accuracy": [
      0.48346666666666666,
      0.6424444444444445,
      0.7391777777777778,
      0.7805333333333333,
      0.8132,
      0.8532,
      0.8839333333333333,
      0.8901777777777777,
      0.9181555555555555,
      0.9265333333333333,
      0.9462,
      0.9118444444444445
    ],
    "val_loss": [
      1.456794911623001,
      1.0744401648640634,
      0.8423651933670044,
      0.7581388026475906,
      0.6873765826225281,
      0.6136267006397247,
      0.5765116758644581,
      0.5566553965210914,
      0.5608974985778332,
      0.5773414760828018,
      0.562059860676527,
      0.7167305558919906
    ],
    "val_accuracy": [
      0.4762,
      0.6248,
      0.7114,
      0.7408,
      0.7696,
      0.7944,
      0.8056,
      0.8058,
      0.8174,
      0.8142,
      0.823,
      0.792
    ]
  },
  "accuracy": 0.7886,
  "confusion": [
    [
      960.0,
      3.0,
      8.0,
      6.0,
      3.0,
      0.0,
      0.0,
      7.0,
      10.0,
      3.0
    ],
    [
      65.0,
      887.0,
      1.0,
      3.0,
      3.0,
      2.0,
      2.0,
      0.0,
      7.0,
      30.0
    ],
    [
      189.0,
      2.0,
      640.0,
      30.0,
      35.0,
      43.0,
      38.0,
      12.0,
      5.0,
      6.0
    ],
    [
      82.0,
      2.0,
      40.0,
      622.0,
      27.0,
      131.0,
      47.0,
      24.0,
      11.0,
      14.0
    ],
    [
      49.0,
      0.0,
      55.0,
      46.0,
      745.0,
      27.0,
      32.0,
      41.0,
      1.0,
      4.0
    ],
    [
      37.0,
      1.0,
      36.0,
      108.0,
      19.0,
      744.0,
      13.0,
      38.0,
      2.0,
      2.0
    ],
    [
      36.0,
      3.0,
      21.0,
      37.0,
      11.0,
      9.0,
      873.0,
      2.0,
      6.0,
      2.0
    ],
    [
      54.0,
      0.0,
      10.0,
      15.0,
      30.0,
      18.0,
      1.0,
      868.0,
      0.0,
      4.0
    ],
    [
      157.0,
      8.0,
      1.0,
      5.0,
      1.0,
      1.0,
      2.0,
      5.0,
      812.0,
      8.0
    ],
    [
      199.0,
      42.0,
      1.0,
      5.0,
      1.0,
      0.0,
      2.0,
      6.0,
      9.0,
      735.0
    ]
  ],
  "classRecall": [
    0.9599999785423279,
    0.8870000243186951,
    0.6399999856948853,
    0.621999979019165,
    0.7450000047683716,
    0.7440000176429749,
    0.8730000257492065,
    0.8679999709129333,
    0.8119999766349792,
    0.7350000143051147
  ],
  "classPrecision": [
    0.5251641273498535,
    0.9356539845466614,
    0.7872079014778137,
    0.7092360258102417,
    0.8514285683631897,
    0.763076901435852,
    0.8643564581871033,
    0.8654037714004517,
    0.9409038424491882,
    0.9096534848213196
  ],
  "classes": [
    "plane",
    "car",
    "bird",
    "cat",
    "deer",
    "dog",
    "frog",
    "horse",
    "ship",
    "truck"
  ]
}