{
  "name": "model",
  "metrics": {
    "train_loss": [
      1.3942283943972804,
      0.9957040180875496,
      0.8523432495580479,
      0.5994747572324493,
      0.525508574040776,
      0.5226727129722183,
      0.4664282871579582,
      0.34845359513366764,
      0.4607615029354664,
      0.3168739590116523,
      0.3948486320335757,
      0.36581226434050634
    ],
    "train_accuracy": [
      0.4842666666666667,
      0.6383555555555556,
      0.6961555555555555,
      0.7910666666666667,
      0.8124444444444444,
      0.8149777777777778,
      0.8338666666666666,
      0.8742,
      0.8568666666666667,
      0.8916444444444445,
      0.8768,
      0.8792
    ],
    "val_loss": [
      1.4126963376998902,
      1.0425848245620728,
      0.9229223489761352,
      0.699122928828001,
      0.6809462293982506,
      0.7351214542984963,
      0.7560955293476581,
      0.6889660060405731,
      0.8874818533658981,
      0.79467628672719,
      0.9819489598274231,
      1.037252815067768
    ],
    "val_accuracy": [
      0.4754,
      0.6206,
      0.6564,
      0.7538,
      0.7664,
      0.7568,
      0.7648,
      0.7806,
      0.7736,
      0.7914,
      0.7698,
      0.7594
    ]
  },
  "accuracy": 0.7674,
  "confusion": [
    [
      404.0,
      18.0,
      118.0,
      47.0,
      79.0,
      0.0,
      2.0,
      27.0,
      230.0,
      75.0
    ],
    [
      1.0,
      951.0,
      2.0,
      6.0,
      4.0,
      1.0,
      0.0,
      1.0,
      11.0,
      23.0
    ],
    [
      9.0,
      2.0,
      715.0,
      88.0,
      94.0,
      28.0,
      28.0,
      19.0,
      16.0,
      1.0
    ],
    [
      2.0,
      8.0,
      30.0,
      802.0,
      60.0,
      33.0,
      28.0,
      24.0,
      8.0,
      5.0
    ],
    [
      0.0,
      0.0,
      26.0,
      69.0,
      872.0,
      6.0,
      8.0,
      16.0,
      3.0,
      0.0
    ],
    [
      1.0,
      1.0,
      22.0,
      349.0,
      62.0,
      528.0,
      6.0,
      28.0,
      3.0,
      0.0
    ],
    [
      2.0,
      3.0,
      26.0,
      105.0,
      48.0,
      5.0,
      803.0,
      2.0,
      6.0,
      0.0
    ],
    [
      2.0,
      1.0,
      9.0,
      39.0,
      86.0,
      13.0,
      1.0,
      843.0,
      2.0,
      4.0
    ],
    [
      2.0,
      24.0,
      7.0,
      15.0,
      8.0,
      1.0,
      4.0,
      1.0,
      923.0,
      15.0
    ],
    [
      0.0,
      108.0,
      6.0,
      14.0,
      11.0,
      2.0,
      4.0,
      10.0,
      12.0,
      833.0
    ]
  ],
  "classRecall": [
    0.40400001406669617,
    0.9509999752044678,
    0.7149999737739563,
    0.8019999861717224,
    0.871999979019165,
    0.527999997138977,
    0.8029999732971191,
    0.8429999947547913,
    0.9229999780654907,
    0.8330000042915344
  ],
  "classPrecision": [
    0.9550827145576477,
    0.852150559425354,
    0.7440166473388672,
    0.5228161811828613,
    0.6586102843284607,
    0.8557536602020264,
    0.9083710312843323,
    0.8681771159172058,
    0.7602965235710144,
    0.8713389039039612
  ],
  "classes": [
    "plane",
    "car",
    "bird",
    "cat",
    "deer",
    "dog",
    "frog",
    "horse",
    "ship",
    "truck"
  ]
}