{
  "name": "model",
  "metrics": {
    "train_loss": [
      0.15096552915412104,
      0.1127379254230532,
      0.08536156941805546,
      0.07410169645958531,
      0.064410474370962
    ],
    "train_accuracy": [
      0.9568888888888889,
      0.9656111111111111,
      0.9762037037037037,
      0.9785925925925926,
      0.9814814814814815
    ],
    "val_loss": [
      0.15845945287258068,
      0.12531337379775148,
      0.09912651753489007,
      0.09848328862101474,
      0.09129087755733982
    ],
    "val_accuracy": [
      0.9533333333333334,
      0.962,
      0.9711666666666666,
      0.9701666666666666,
      0.9731666666666666
    ]
  },
  "accuracy": 0.9735,
  "confusion": [
    [
      972.0,
      0.0,
      0.0,
      0.0,
      0.0,
      3.0,
      2.0,
      1.0,
      1.0,
      1.0
    ],
    [
      0.0,
      1121.0,
      4.0,
      3.0,
      0.0,
      2.0,
      3.0,
      0.0,
      2.0,
      0.0
    ],
    [
      6.0,
      0.0,
      1012.0,
      0.0,
      2.0,
      0.0,
      2.0,
      8.0,
      2.0,
      0.0
    ],
    [
      0.0,
      0.0,
      11.0,
      967.0,
      0.0,
      18.0,
      0.0,
      6.0,
      6.0,
      2.0
    ],
    [
      2.0,
      0.0,
      3.0,
      0.0,
      949.0,
      0.0,
      5.0,
      2.0,
      1.0,
      20.0
    ],
    [
      3.0,
      0.0,
      0.0,
      1.0,
      1.0,
      879.0,
      4.0,
      1.0,
      2.0,
      1.0
    ],
    [
      6.0,
      2.0,
      0.0,
      0.0,
      3.0,
      10.0,
      935.0,
      0.0,
      2.0,
      0.0
    ],
    [
      2.0,
      9.0,
      14.0,
      1.0,
      0.0,
      0.0,
      0.0,
      995.0,
      0.0,
      7.0
    ],
    [
      5.0,
      0.0,
      3.0,
      3.0,
      3.0,
      6.0,
      3.0,
      5.0,
      941.0,
      5.0
    ],
    [
      6.0,
      4.0,
      0.0,
      11.0,
      7.0,
      5.0,
      2.0,
      6.0,
      4.0,
      964.0
    ]
  ],
  "classRecall": [
    0.9918367266654968,
    0.9876651763916016,
    0.9806201457977295,
    0.9574257135391235,
    0.9663951396942139,
    0.9854260087013245,
    0.9759916663169861,
    0.9678988456726074,
    0.966119110584259,
    0.9554013609886169
  ],
  "classPrecision": [
    0.970059871673584,
    0.9867957830429077,
    0.9665711522102356,
    0.9807302355766296,
    0.9834197163581848,
    0.9523293375968933,
    0.9780334830284119,
    0.9716796875,
    0.9791883230209351,
    0.9639999866485596
  ],
  "classes": [
    0,
    1,
    2,
    3,
    4,
    5,
    6,
    7,
    8,
    9
  ]
}