{
  "name": "model",
  "metrics": {
    "train_loss": [
      1.3436306474561042,
      1.0627907018431209,
      0.9412471138956872,
      0.7904722368852659,
      0.7038097004829482,
      0.5543389452452009,
      0.47502666288478806,
      0.365909440908581,
      0.3427493764002892,
      0.31958843932741066,
      0.3600888524246825,
      0.3043707733846862
    ],
    "train_accuracy": [
      0.5117333333333334,
      0.6156666666666667,
      0.6543111111111111,
      0.7198444444444444,
      0.7575555555555555,
      0.8014,
      0.8289111111111112,
      0.8658444444444444,
      0.8811111111111111,
      0.8913777777777778,
      0.8858,
      0.8991111111111111
    ],
    "val_loss": [
      1.364613401889801,
      1.091609962284565,
      1.0229777678847314,
      0.8969253554940224,
      0.8853469759225845,
      0.7475299194455147,
      0.6951922073960304,
      0.6738530918955803,
      0.7280237562023103,
      0.784539245441556,
      0.8736519776284695,
      0.8495890073478222
    ],
    "val_accuracy": [
      0.4992,
      0.5958,
      0.6346,
      0.6882,
      0.7106,
      0.7576,
      0.7654,
      0.7798,
      0.7902,
      0.784,
      0.7804,
      0.7884
    ]
  },
  "accuracy": 0.7825,
  "confusion": [
    [
      484.0,
      43.0,
      262.0,
      5.0,
      5.0,
      4.0,
      3.0,
      8.0,
      66.0,
      120.0
    ],
    [
      1.0,
      906.0,
      2.0,
      0.0,
      0.0,
      2.0,
      0.0,
      0.0,
      13.0,
      76.0
    ],
    [
      7.0,
      14.0,
      831.0,
      9.0,
      30.0,
      66.0,
      18.0,
      12.0,
      4.0,
      9.0
    ],
    [
      17.0,
      9.0,
      85.0,
      484.0,
      37.0,
      275.0,
      35.0,
      15.0,
      18.0,
      25.0
    ],
    [
      2.0,
      3.0,
      86.0,
      30.0,
      756.0,
      56.0,
      22.0,
      37.0,
      4.0,
      4.0
    ],
    [
      6.0,
      2.0,
      38.0,
      30.0,
      19.0,
      873.0,
      5.0,
      17.0,
      0.0,
      10.0
    ],
    [
      2.0,
      6.0,
      63.0,
      51.0,
      11.0,
      32.0,
      813.0,
      5.0,
      8.0,
      9.0
    ],
    [
      5.0,
      6.0,
      36.0,
      8.0,
      25.0,
      63.0,
      1.0,
      840.0,
      2.0,
      14.0
    ],
    [
      6.0,
      29.0,
      26.0,
      5.0,
      3.0,
      4.0,
      2.0,
      0.0,
      905.0,
      20.0
    ],
    [
      1.0,
      34.0,
      3.0,
      2.0,
      0.0,
      4.0,
      3.0,
      4.0,
      16.0,
      933.0
    ]
  ],
  "classRecall": [
    0.48399999737739563,
    0.906000018119812,
    0.8309999704360962,
    0.48399999737739563,
    0.7559999823570251,
    0.8730000257492065,
    0.8130000233650208,
    0.8399999737739563,
    0.9049999713897705,
    0.9330000281333923
  ],
  "classPrecision": [
    0.9114877581596375,
    0.8612167239189148,
    0.5803072452545166,
    0.7756410241127014,
    0.8532731533050537,
    0.6330674290657043,
    0.9013303518295288,
    0.89552241563797,
    0.873552143573761,
    0.7647541165351868
  ],
  "classes": [
    "plane",
    "car",
    "bird",
    "cat",
    "deer",
    "dog",
    "frog",
    "horse",
    "ship",
    "truck"
  ]
}