{
  "name": "model",
  "metrics": {
    "train_loss": [
      1.3403632688251408,
      0.9886546656489372,
      0.7425468357449229,
      0.6151892233809287,
      0.48495910435237666,
      0.4494458000090989,
      0.3881227061660452,
      0.324627908708697,
      0.29839062182740733,
      0.19466762725179168,
      0.19188275171274488,
      0.16464656284502285
    ],
    "train_accuracy": [
      0.5099333333333333,
      0.6508666666666667,
      0.7385777777777778,
      0.7857111111111111,
      0.8372888888888889,
      0.8462666666666666,
      0.8604666666666667,
      0.886,
      0.8898444444444444,
      0.9323555555555556,
      0.9307333333333333,
      0.9411333333333334
    ],
    "val_loss": [
      1.348545742034912,
      1.024518495798111,
      0.8287168174982071,
      0.7110383614897728,
      0.6213462755084038,
      0.6166371300816536,
      0.6178201407194137,
      0.5789445675909519,
      0.6517048984766006,
      0.5765088118612767,
      0.6955561675131321,
      0.7052118768915534
    ],
    "val_accuracy": [
      0.5022,
      0.6288,
      0.7106,
      0.7434,
      0.7888,
      0.791,
      0.781,
      0.8064,
      0.7986,
      0.8164,
      0.8104,
      0.8086
    ]
  },
  "accuracy": 0.8136,
  "confusion": [
    [
      816.0,
      29.0,
      35.0,
      30.0,
      14.0,
      0.0,
      0.0,
      11.0,
      40.0,
      25.0
    ],
    [
      2.0,
      974.0,
      2.0,
      3.0,
      1.0,
      1.0,
      0.0,
      1.0,
      3.0,
      13.0
    ],
    [
      34.0,
      9.0,
      729.0,
      79.0,
      83.0,
      27.0,
      8.0,
      21.0,
      8.0,
      2.0
    ],
    [
      18.0,
      11.0,
      34.0,
      730.0,
      52.0,
      114.0,
      12.0,
      12.0,
      7.0,
      10.0
    ],
    [
      8.0,
      1.0,
      24.0,
      52.0,
      859.0,
      23.0,
      4.0,
      23.0,
      6.0,
      0.0
    ],
    [
      5.0,
      5.0,
      27.0,
      153.0,
      36.0,
      742.0,
      3.0,
      22.0,
      3.0,
      4.0
    ],
    [
      10.0,
      8.0,
      55.0,
      112.0,
      74.0,
      10.0,
      709.0,
      3.0,
      8.0,
      11.0
    ],
    [
      7.0,
      1.0,
      9.0,
      48.0,
      61.0,
      28.0,
      1.0,
      839.0,
      1.0,
      5.0
    ],
    [
      22.0,
      39.0,
      16.0,
      11.0,
      1.0,
      4.0,
      2.0,
      3.0,
      892.0,
      10.0
    ],
    [
      4.0,
      113.0,
      3.0,
      11.0,
      1.0,
      1.0,
      1.0,
      6.0,
      14.0,
      846.0
    ]
  ],
  "classRecall": [
    0.8159999847412109,
    0.9739999771118164,
    0.7289999723434448,
    0.7300000190734863,
    0.859000027179718,
    0.7419999837875366,
    0.7089999914169312,
    0.8389999866485596,
    0.8920000195503235,
    0.8460000157356262
  ],
  "classPrecision": [
    0.8812094926834106,
    0.8184874057769775,
    0.7805139422416687,
    0.5939788222312927,
    0.7267343401908875,
    0.7810526490211487,
    0.958108127117157,
    0.8916046619415283,
    0.9083502888679504,
    0.9136068820953369
  ],
  "classes": [
    "plane",
    "car",
    "bird",
    "cat",
    "deer",
    "dog",
    "frog",
    "horse",
    "ship",
    "truck"
  ]
}