{
  "name": "model",
  "metrics": {
    "train_loss": [
      0.1583109738490593,
      0.11216059456010001,
      0.09167429140738048,
      0.07932289915768456,
      0.06670091841016759
    ],
    "train_accuracy": [
      0.9545370370370371,
      0.9682222222222222,
      0.9725,
      0.9765370370370371,
      0.981037037037037
    ],
    "val_loss": [
      0.16775491841612977,
      0.1279782495917158,
      0.1074344340236263,
      0.10559372865456215,
      0.09613741260576755
    ],
    "val_accuracy": [
      0.952,
      0.9638333333333333,
      0.9673333333333334,
      0.968,
      0.9736666666666667
    ]
  },
  "accuracy": 0.9728,
  "confusion": [
    [
      957.0,
      0.0,
      2.0,
      1.0,
      0.0,
      7.0,
      7.0,
      1.0,
      2.0,
      3.0
    ],
    [
      0.0,
      1124.0,
      0.0,
      4.0,
      0.0,
      1.0,
      2.0,
      1.0,
      3.0,
      0.0
    ],
    [
      3.0,
      2.0,
      1009.0,
      7.0,
      1.0,
      0.0,
      2.0,
      7.0,
      1.0,
      0.0
    ],
    [
      0.0,
      0.0,
      3.0,
      994.0,
      0.0,
      2.0,
      0.0,
      7.0,
      4.0,
      0.0
    ],
    [
      0.0,
      0.0,
      4.0,
      0.0,
      950.0,
      0.0,
      5.0,
      2.0,
      0.0,
      21.0
    ],
    [
      2.0,
      1.0,
      0.0,
      16.0,
      1.0,
      865.0,
      2.0,
      0.0,
      3.0,
      2.0
    ],
    [
      5.0,
      3.0,
      0.0,
      0.0,
      9.0,
      4.0,
      933.0,
      0.0,
      4.0,
      0.0
    ],
    [
      0.0,
      7.0,
      9.0,
      4.0,
      2.0,
      1.0,
      0.0,
      995.0,
      0.0,
      10.0
    ],
    [
      6.0,
      1.0,
      3.0,
      15.0,
      7.0,
      6.0,
      4.0,
      3.0,
      926.0,
      3.0
    ],
    [
      2.0,
      3.0,
      0.0,
      8.0,
      11.0,
      4.0,
      1.0,
      4.0,
      1.0,
      975.0
    ]
  ],
  "classRecall": [
    0.9765306115150452,
    0.9903083443641663,
    0.9777131676673889,
    0.9841583967208862,
    0.9674134254455566,
    0.9697309136390686,
    0.9739039540290833,
    0.9678988456726074,
    0.9507187008857727,
    0.966303288936615
  ],
  "classPrecision": [
    0.9815384745597839,
    0.9851008057594299,
    0.9796116352081299,
    0.9475691318511963,
    0.9683995842933655,
    0.9719101190567017,
    0.9759414196014404,
    0.9754902124404907,
    0.9809321761131287,
    0.9615384340286255
  ],
  "classes": [
    0,
    1,
    2,
    3,
    4,
    5,
    6,
    7,
    8,
    9
  ]
}