{
  "name": "model",
  "metrics": {
    "train_loss": [
      0.16159145710592587,
      0.12558151551155966,
      0.08547114846583509,
      0.07937380995257136,
      0.06859469505896465
    ],
    "train_accuracy": [
      0.953925925925926,
      0.9638333333333333,
      0.9751111111111112,
      0.9763703703703703,
      0.9794814814814815
    ],
    "val_loss": [
      0.17317795357171525,
      0.14245296650110406,
      0.10585174848266105,
      0.09644428549453299,
      0.0980263926247333
    ],
    "val_accuracy": [
      0.9491666666666667,
      0.9588333333333333,
      0.9696666666666667,
      0.9713333333333334,
      0.9701666666666666
    ]
  },
  "accuracy": 0.9722,
  "confusion": [
    [
      961.0,
      1.0,
      1.0,
      0.0,
      0.0,
      4.0,
      6.0,
      4.0,
      1.0,
      2.0
    ],
    [
      0.0,
      1130.0,
      2.0,
      1.0,
      0.0,
      1.0,
      1.0,
      0.0,
      0.0,
      0.0
    ],
    [
      1.0,
      3.0,
      999.0,
      7.0,
      7.0,
      0.0,
      2.0,
      10.0,
      3.0,
      0.0
    ],
    [
      0.0,
      0.0,
      3.0,
      987.0,
      0.0,
      8.0,
      0.0,
      6.0,
      4.0,
      2.0
    ],
    [
      0.0,
      0.0,
      0.0,
      0.0,
      971.0,
      0.0,
      6.0,
      0.0,
      0.0,
      5.0
    ],
    [
      2.0,
      0.0,
      0.0,
      5.0,
      1.0,
      876.0,
      2.0,
      1.0,
      3.0,
      2.0
    ],
    [
      4.0,
      3.0,
      0.0,
      0.0,
      7.0,
      9.0,
      932.0,
      0.0,
      3.0,
      0.0
    ],
    [
      1.0,
      10.0,
      11.0,
      3.0,
      0.0,
      0.0,
      0.0,
      1000.0,
      0.0,
      3.0
    ],
    [
      4.0,
      4.0,
      4.0,
      9.0,
      7.0,
      13.0,
      2.0,
      5.0,
      918.0,
      8.0
    ],
    [
      0.0,
      6.0,
      0.0,
      8.0,
      22.0,
      8.0,
      1.0,
      13.0,
      3.0,
      948.0
    ]
  ],
  "classRecall": [
    0.9806122183799744,
    0.9955947399139404,
    0.9680232405662537,
    0.9772277474403381,
    0.9887983798980713,
    0.9820627570152283,
    0.9728600978851318,
    0.9727626442909241,
    0.9425051212310791,
    0.9395440816879272
  ],
  "classPrecision": [
    0.9876670241355896,
    0.9766637682914734,
    0.979411780834198,
    0.9676470756530762,
    0.9566502571105957,
    0.9532099962234497,
    0.9789915680885315,
    0.962463915348053,
    0.9818181991577148,
    0.977319598197937
  ],
  "classes": [
    0,
    1,
    2,
    3,
    4,
    5,
    6,
    7,
    8,
    9
  ]
}