{
  "name": "model",
  "metrics": {
    "train_loss": [
      1.3863607042215087,
      1.0708601444282315,
      0.8593585366721858,
      0.7135005640712652,
      0.5377084924416109,
      0.5242579875683243,
      0.45440941041504795,
      0.45162705289707944,
      0.36462080745365133,
      0.33648152302273293,
      0.31878016715530644,
      0.2857047434769232
    ],
    "train_accuracy": [
      0.4948444444444444,
      0.6096222222222222,
      0.6946888888888889,
      0.7508888888888889,
      0.8066,
      0.8147777777777778,
      0.8441555555555555,
      0.8474444444444444,
      0.8783111111111112,
      0.8919333333333334,
      0.9008666666666667,
      0.9088888888888889
    ],
    "val_loss": [
      1.4058133244514466,
      1.101653738319874,
      0.9394213184714317,
      0.8172520563006401,
      0.7094474181532859,
      0.7113222777843475,
      0.7217851758003235,
      0.7858342789113522,
      0.7333101909607649,
      0.7995217964053154,
      0.8339306274428964,
      0.8861936081666499
    ],
    "val_accuracy": [
      0.4836,
      0.5916,
      0.6666,
      0.7162,
      0.7598,
      0.759,
      0.7782,
      0.77,
      0.7862,
      0.7876,
      0.7984,
      0.7942
    ]
  },
  "accuracy": 0.7949,
  "confusion": [
    [
      466.0,
      38.0,
      195.0,
      14.0,
      33.0,
      7.0,
      13.0,
      27.0,
      153.0,
      54.0
    ],
    [
      1.0,
      950.0,
      2.0,
      3.0,
      0.0,
      1.0,
      1.0,
      4.0,
      9.0,
      29.0
    ],
    [
      3.0,
      2.0,
      790.0,
      17.0,
      45.0,
      42.0,
      71.0,
      10.0,
      13.0,
      7.0
    ],
    [
      4.0,
      7.0,
      67.0,
      595.0,
      63.0,
      126.0,
      84.0,
      16.0,
      17.0,
      21.0
    ],
    [
      0.0,
      2.0,
      64.0,
      20.0,
      812.0,
      10.0,
      52.0,
      30.0,
      7.0,
      3.0
    ],
    [
      0.0,
      6.0,
      48.0,
      80.0,
      51.0,
      739.0,
      25.0,
      35.0,
      6.0,
      10.0
    ],
    [
      1.0,
      1.0,
      28.0,
      12.0,
      10.0,
      14.0,
      918.0,
      1.0,
      9.0,
      6.0
    ],
    [
      2.0,
      4.0,
      30.0,
      27.0,
      35.0,
      19.0,
      2.0,
      865.0,
      6.0,
      10.0
    ],
    [
      3.0,
      32.0,
      14.0,
      2.0,
      3.0,
      2.0,
      6.0,
      1.0,
      922.0,
      15.0
    ],
    [
      2.0,
      67.0,
      5.0,
      2.0,
      2.0,
      3.0,
      6.0,
      5.0,
      16.0,
      892.0
    ]
  ],
  "classRecall": [
    0.4659999907016754,
    0.949999988079071,
    0.7900000214576721,
    0.5950000286102295,
    0.8119999766349792,
    0.7390000224113464,
    0.9179999828338623,
    0.8650000095367432,
    0.921999990940094,
    0.8920000195503235
  ],
  "classPrecision": [
    0.9668049812316895,
    0.8566275835037231,
    0.6355591416358948,
    0.7707253694534302,
    0.7703984975814819,
    0.7673935890197754,
    0.7792869210243225,
    0.8702213168144226,
    0.7962003350257874,
    0.8519579768180847
  ],
  "classes": [
    "plane",
    "car",
    "bird",
    "cat",
    "deer",
    "dog",
    "frog",
    "horse",
    "ship",
    "truck"
  ]
}