{
  "name": "model",
  "metrics": {
    "train_loss": [
      1.5211314342238687,
      1.1803023437546059,
      0.9484863980588588,
      0.8177265866066922,
      0.8531831215051088,
      0.7651529372246428,
      0.6753017727962949,
      0.6147582783279094,
      0.6589425129985268,
      0.5696243799122219,
      0.7668006525120952,
      0.6484134058806706
    ],
    "train_accuracy": [
      0.45815555555555554,
      0.6075555555555555,
      0.6856222222222222,
      0.7374888888888889,
      0.7499555555555556,
      0.7880888888888888,
      0.7976888888888889,
      0.8300666666666666,
      0.8342444444444445,
      0.8525111111111111,
      0.8564222222222222,
      0.8718888888888889
    ],
    "val_loss": [
      1.5225371658802032,
      1.2163296073675156,
      1.0486514136195182,
      0.9373253177851438,
      1.0116187604144216,
      0.9533052064478398,
      0.9389867782592773,
      1.0094745248556136,
      1.0741012692451477,
      1.0842908680438996,
      1.470386590063572,
      1.4025073796510696
    ],
    "val_accuracy": [
      0.4474,
      0.5938,
      0.6554,
      0.7006,
      0.7086,
      0.7374,
      0.7416,
      0.7586,
      0.7584,
      0.7578,
      0.76,
      0.7666
    ]
  },
  "accuracy": 0.7626,
  "confusion": [
    [
      167.0,
      10.0,
      297.0,
      35.0,
      79.0,
      6.0,
      10.0,
      34.0,
      143.0,
      219.0
    ],
    [
      0.0,
      874.0,
      5.0,
      2.0,
      3.0,
      1.0,
      7.0,
      3.0,
      16.0,
      89.0
    ],
    [
      1.0,
      2.0,
      766.0,
      23.0,
      71.0,
      42.0,
      53.0,
      30.0,
      7.0,
      5.0
    ],
    [
      0.0,
      2.0,
      57.0,
      621.0,
      56.0,
      128.0,
      59.0,
      48.0,
      7.0,
      22.0
    ],
    [
      0.0,
      0.0,
      40.0,
      32.0,
      820.0,
      13.0,
      26.0,
      61.0,
      2.0,
      6.0
    ],
    [
      0.0,
      0.0,
      35.0,
      89.0,
      38.0,
      748.0,
      24.0,
      54.0,
      2.0,
      10.0
    ],
    [
      0.0,
      2.0,
      41.0,
      29.0,
      28.0,
      9.0,
      884.0,
      1.0,
      2.0,
      4.0
    ],
    [
      0.0,
      0.0,
      21.0,
      18.0,
      37.0,
      17.0,
      3.0,
      891.0,
      3.0,
      10.0
    ],
    [
      1.0,
      8.0,
      17.0,
      10.0,
      2.0,
      0.0,
      9.0,
      6.0,
      909.0,
      38.0
    ],
    [
      0.0,
      21.0,
      5.0,
      3.0,
      2.0,
      0.0,
      6.0,
      5.0,
      12.0,
      946.0
    ]
  ],
  "classRecall": [
    0.16699999570846558,
    0.8740000128746033,
    0.765999972820282,
    0.6209999918937683,
    0.8199999928474426,
    0.7480000257492065,
    0.8840000033378601,
    0.890999972820282,
    0.9089999794960022,
    0.9459999799728394
  ],
  "classPrecision": [
    0.9881656765937805,
    0.9510337114334106,
    0.5965732336044312,
    0.7204176187515259,
    0.7218309640884399,
    0.7759336233139038,
    0.8177613615989685,
    0.7864077687263489,
    0.824116051197052,
    0.7012602090835571
  ],
  "classes": [
    "plane",
    "car",
    "bird",
    "cat",
    "deer",
    "dog",
    "frog",
    "horse",
    "ship",
    "truck"
  ]
}