{
  "name": "model",
  "metrics": {
    "train_loss": [
      0.15348095111372348,
      0.11195417665721963,
      0.08383207128414116,
      0.07216423351352955,
      0.06087024699702365
    ],
    "train_accuracy": [
      0.9553703703703704,
      0.9682777777777778,
      0.9756481481481482,
      0.9796481481481482,
      0.9822777777777778
    ],
    "val_loss": [
      0.16391765690864402,
      0.12662165366271708,
      0.10121278655021748,
      0.09211758975969984,
      0.09124093312532344
    ],
    "val_accuracy": [
      0.9528333333333333,
      0.9636666666666667,
      0.9698333333333333,
      0.9728333333333333,
      0.9731666666666666
    ]
  },
  "accuracy": 0.9741,
  "confusion": [
    [
      969.0,
      1.0,
      1.0,
      0.0,
      0.0,
      3.0,
      3.0,
      1.0,
      1.0,
      1.0
    ],
    [
      0.0,
      1125.0,
      2.0,
      1.0,
      0.0,
      1.0,
      2.0,
      0.0,
      4.0,
      0.0
    ],
    [
      4.0,
      2.0,
      1004.0,
      4.0,
      2.0,
      0.0,
      0.0,
      8.0,
      8.0,
      0.0
    ],
    [
      0.0,
      0.0,
      6.0,
      986.0,
      0.0,
      7.0,
      0.0,
      7.0,
      4.0,
      0.0
    ],
    [
      1.0,
      0.0,
      4.0,
      0.0,
      949.0,
      0.0,
      5.0,
      2.0,
      2.0,
      19.0
    ],
    [
      3.0,
      0.0,
      0.0,
      15.0,
      1.0,
      858.0,
      6.0,
      1.0,
      5.0,
      3.0
    ],
    [
      7.0,
      3.0,
      1.0,
      0.0,
      4.0,
      7.0,
      934.0,
      0.0,
      2.0,
      0.0
    ],
    [
      0.0,
      3.0,
      11.0,
      3.0,
      1.0,
      0.0,
      0.0,
      1001.0,
      2.0,
      7.0
    ],
    [
      1.0,
      0.0,
      6.0,
      6.0,
      4.0,
      3.0,
      4.0,
      4.0,
      945.0,
      1.0
    ],
    [
      2.0,
      5.0,
      1.0,
      6.0,
      11.0,
      2.0,
      1.0,
      9.0,
      2.0,
      970.0
    ]
  ],
  "classRecall": [
    0.9887754917144775,
    0.9911894202232361,
    0.9728682041168213,
    0.9762375950813293,
    0.9663951396942139,
    0.9618834257125854,
    0.9749478101730347,
    0.9737353920936584,
    0.9702258706092834,
    0.9613478779792786
  ],
  "classPrecision": [
    0.9817629456520081,
    0.9877085089683533,
    0.969111979007721,
    0.9657198786735535,
    0.9763374328613281,
    0.9738932847976685,
    0.9780104756355286,
    0.969022274017334,
    0.9692307710647583,
    0.9690309762954712
  ],
  "classes": [
    0,
    1,
    2,
    3,
    4,
    5,
    6,
    7,
    8,
    9
  ]
}