{
  "name": "model",
  "metrics": {
    "train_loss": [
      0.15227506981535827,
      0.11721009721370387,
      0.09140636135660712,
      0.07007843626098116,
      0.06921592671799327
    ],
    "train_accuracy": [
      0.9557777777777777,
      0.9671481481481482,
      0.9737037037037037,
      0.978574074074074,
      0.9793518518518518
    ],
    "val_loss": [
      0.16386136983303315,
      0.13496091089984205,
      0.1114374725742543,
      0.09152078287715608,
      0.09926464085645498
    ],
    "val_accuracy": [
      0.953,
      0.9621666666666666,
      0.9685,
      0.9735,
      0.9701666666666666
    ]
  },
  "accuracy": 0.9715,
  "confusion": [
    [
      972.0,
      0.0,
      0.0,
      1.0,
      0.0,
      2.0,
      1.0,
      1.0,
      3.0,
      0.0
    ],
    [
      0.0,
      1124.0,
      1.0,
      3.0,
      0.0,
      0.0,
      1.0,
      1.0,
      5.0,
      0.0
    ],
    [
      2.0,
      2.0,
      982.0,
      17.0,
      2.0,
      0.0,
      1.0,
      12.0,
      14.0,
      0.0
    ],
    [
      0.0,
      0.0,
      1.0,
      1000.0,
      0.0,
      0.0,
      0.0,
      5.0,
      4.0,
      0.0
    ],
    [
      3.0,
      0.0,
      4.0,
      0.0,
      946.0,
      0.0,
      4.0,
      3.0,
      3.0,
      19.0
    ],
    [
      2.0,
      1.0,
      0.0,
      22.0,
      1.0,
      857.0,
      3.0,
      2.0,
      4.0,
      0.0
    ],
    [
      6.0,
      3.0,
      0.0,
      1.0,
      7.0,
      4.0,
      931.0,
      0.0,
      6.0,
      0.0
    ],
    [
      1.0,
      5.0,
      5.0,
      5.0,
      0.0,
      0.0,
      0.0,
      1007.0,
      1.0,
      4.0
    ],
    [
      2.0,
      1.0,
      2.0,
      8.0,
      3.0,
      6.0,
      2.0,
      4.0,
      943.0,
      3.0
    ],
    [
      4.0,
      3.0,
      0.0,
      14.0,
      9.0,
      6.0,
      0.0,
      16.0,
      4.0,
      953.0
    ]
  ],
  "classRecall": [
    0.9918367266654968,
    0.9903083443641663,
    0.9515503644943237,
    0.9900990128517151,
    0.9633401036262512,
    0.9607623219490051,
    0.9718163013458252,
    0.9795719981193542,
    0.9681724905967712,
    0.9444994926452637
  ],
  "classPrecision": [
    0.9798387289047241,
    0.9868305325508118,
    0.9869346618652344,
    0.9337068200111389,
    0.9772727489471436,
    0.9794285893440247,
    0.9872746467590332,
    0.9581351280212402,
    0.9554204940795898,
    0.9734423160552979
  ],
  "classes": [
    0,
    1,
    2,
    3,
    4,
    5,
    6,
    7,
    8,
    9
  ]
}