{
  "name": "model",
  "metrics": {
    "train_loss": [
      0.14631028386865746,
      0.10705812249809363,
      0.08768095631787987,
      0.07540400232347302,
      0.06167598511313057
    ],
    "train_accuracy": [
      0.957462962962963,
      0.9688148148148148,
      0.9743148148148149,
      0.9776851851851852,
      0.9816851851851852
    ],
    "val_loss": [
      0.15781264989934068,
      0.13410314870007495,
      0.10801090325843146,
      0.10360977521285097,
      0.09243877707643712
    ],
    "val_accuracy": [
      0.9545,
      0.9635,
      0.9696666666666667,
      0.9706666666666667,
      0.9741666666666666
    ]
  },
  "accuracy": 0.974,
  "confusion": [
    [
      963.0,
      0.0,
      2.0,
      2.0,
      1.0,
      5.0,
      3.0,
      1.0,
      1.0,
      2.0
    ],
    [
      0.0,
      1123.0,
      4.0,
      2.0,
      0.0,
      0.0,
      3.0,
      1.0,
      2.0,
      0.0
    ],
    [
      1.0,
      1.0,
      1019.0,
      0.0,
      2.0,
      0.0,
      1.0,
      6.0,
      2.0,
      0.0
    ],
    [
      0.0,
      0.0,
      8.0,
      985.0,
      0.0,
      8.0,
      0.0,
      5.0,
      4.0,
      0.0
    ],
    [
      1.0,
      2.0,
      2.0,
      0.0,
      951.0,
      0.0,
      6.0,
      1.0,
      0.0,
      19.0
    ],
    [
      3.0,
      0.0,
      0.0,
      9.0,
      2.0,
      866.0,
      4.0,
      1.0,
      6.0,
      1.0
    ],
    [
      6.0,
      3.0,
      1.0,
      1.0,
      7.0,
      8.0,
      928.0,
      0.0,
      4.0,
      0.0
    ],
    [
      1.0,
      8.0,
      13.0,
      3.0,
      3.0,
      0.0,
      0.0,
      994.0,
      1.0,
      5.0
    ],
    [
      3.0,
      1.0,
      4.0,
      9.0,
      4.0,
      4.0,
      4.0,
      6.0,
      935.0,
      4.0
    ],
    [
      2.0,
      4.0,
      0.0,
      7.0,
      8.0,
      4.0,
      0.0,
      5.0,
      3.0,
      976.0
    ]
  ],
  "classRecall": [
    0.9826530814170837,
    0.9894273281097412,
    0.9874030947685242,
    0.9752475023269653,
    0.9684317708015442,
    0.9708520174026489,
    0.968684732913971,
    0.966926097869873,
    0.9599589109420776,
    0.9672943353652954
  ],
  "classPrecision": [
    0.9826530814170837,
    0.9833624958992004,
    0.967711329460144,
    0.9675834774971008,
    0.9723926186561584,
    0.9675977826118469,
    0.9778714179992676,
    0.9745097756385803,
    0.9759916663169861,
    0.9692155122756958
  ],
  "classes": [
    0,
    1,
    2,
    3,
    4,
    5,
    6,
    7,
    8,
    9
  ]
}