{
  "name": "model",
  "metrics": {
    "train_loss": [
      1.43071527000178,
      1.0637168466028841,
      0.812247202985666,
      0.7184996057132428,
      0.5582988471300765,
      0.5737172023985874,
      0.45083168775520543,
      0.3995058785023337,
      0.39758275470442395,
      0.3262565147809007,
      0.3144085313701494,
      0.4821280663071031
    ],
    "train_accuracy": [
      0.4781111111111111,
      0.6158888888888889,
      0.7132,
      0.7405555555555555,
      0.8025555555555556,
      0.7857333333333333,
      0.8393555555555555,
      0.8578888888888889,
      0.8621555555555556,
      0.8878666666666667,
      0.8961111111111111,
      0.8624888888888889
    ],
    "val_loss": [
      1.4236955791711807,
      1.091685488820076,
      0.8771991685032845,
      0.7999063625931739,
      0.7137811034917831,
      0.795928992331028,
      0.6541983641684055,
      0.7705186806619168,
      0.7485301459208131,
      0.7594796404242515,
      0.855570837855339,
      1.1210975751280785
    ],
    "val_accuracy": [
      0.4772,
      0.5988,
      0.6838,
      0.705,
      0.7576,
      0.7252,
      0.778,
      0.7804,
      0.7784,
      0.7846,
      0.788,
      0.7532
    ]
  },
  "accuracy": 0.7506,
  "confusion": [
    [
      241.0,
      28.0,
      186.0,
      11.0,
      99.0,
      1.0,
      4.0,
      26.0,
      366.0,
      38.0
    ],
    [
      0.0,
      934.0,
      2.0,
      2.0,
      2.0,
      0.0,
      0.0,
      3.0,
      28.0,
      29.0
    ],
    [
      0.0,
      9.0,
      790.0,
      40.0,
      64.0,
      15.0,
      26.0,
      29.0,
      20.0,
      7.0
    ],
    [
      0.0,
      8.0,
      87.0,
      704.0,
      51.0,
      45.0,
      29.0,
      35.0,
      28.0,
      13.0
    ],
    [
      0.0,
      1.0,
      44.0,
      52.0,
      803.0,
      13.0,
      8.0,
      73.0,
      6.0,
      0.0
    ],
    [
      1.0,
      5.0,
      68.0,
      223.0,
      32.0,
      576.0,
      6.0,
      71.0,
      15.0,
      3.0
    ],
    [
      0.0,
      6.0,
      55.0,
      87.0,
      55.0,
      7.0,
      763.0,
      9.0,
      15.0,
      3.0
    ],
    [
      0.0,
      5.0,
      20.0,
      23.0,
      43.0,
      15.0,
      0.0,
      880.0,
      10.0,
      4.0
    ],
    [
      1.0,
      12.0,
      12.0,
      3.0,
      6.0,
      0.0,
      3.0,
      2.0,
      947.0,
      14.0
    ],
    [
      0.0,
      64.0,
      7.0,
      4.0,
      5.0,
      0.0,
      2.0,
      16.0,
      34.0,
      868.0
    ]
  ],
  "classRecall": [
    0.2409999966621399,
    0.9340000152587891,
    0.7900000214576721,
    0.7039999961853027,
    0.8029999732971191,
    0.5759999752044678,
    0.7630000114440918,
    0.8799999952316284,
    0.9470000267028809,
    0.8679999709129333
  ],
  "classPrecision": [
    0.991769552230835,
    0.871268630027771,
    0.6215578317642212,
    0.61270672082901,
    0.692241370677948,
    0.8571428656578064,
    0.9072532653808594,
    0.7692307829856873,
    0.644656240940094,
    0.886618971824646
  ],
  "classes": [
    "plane",
    "car",
    "bird",
    "cat",
    "deer",
    "dog",
    "frog",
    "horse",
    "ship",
    "truck"
  ]
}