{
  "name": "model",
  "metrics": {
    "train_loss": [
      0.14734682182547465,
      0.11345316723465779,
      0.08207141868748054,
      0.08012028911892519,
      0.0716573361117587
    ],
    "train_accuracy": [
      0.9567037037037037,
      0.9670740740740741,
      0.9760185185185185,
      0.9767222222222223,
      0.9799629629629629
    ],
    "val_loss": [
      0.15887308517035018,
      0.1277576741227444,
      0.09477197660252135,
      0.10384456024683536,
      0.10168393277265925
    ],
    "val_accuracy": [
      0.9528333333333333,
      0.963,
      0.972,
      0.9716666666666667,
      0.9721666666666666
    ]
  },
  "accuracy": 0.9739,
  "confusion": [
    [
      958.0,
      1.0,
      1.0,
      0.0,
      0.0,
      3.0,
      10.0,
      5.0,
      1.0,
      1.0
    ],
    [
      0.0,
      1129.0,
      4.0,
      0.0,
      0.0,
      1.0,
      1.0,
      0.0,
      0.0,
      0.0
    ],
    [
      3.0,
      3.0,
      1005.0,
      2.0,
      2.0,
      2.0,
      4.0,
      8.0,
      3.0,
      0.0
    ],
    [
      0.0,
      0.0,
      6.0,
      981.0,
      0.0,
      5.0,
      0.0,
      11.0,
      6.0,
      1.0
    ],
    [
      0.0,
      2.0,
      2.0,
      0.0,
      957.0,
      0.0,
      9.0,
      1.0,
      0.0,
      11.0
    ],
    [
      2.0,
      1.0,
      0.0,
      9.0,
      1.0,
      867.0,
      4.0,
      1.0,
      2.0,
      5.0
    ],
    [
      3.0,
      3.0,
      0.0,
      0.0,
      2.0,
      6.0,
      942.0,
      0.0,
      2.0,
      0.0
    ],
    [
      1.0,
      11.0,
      14.0,
      1.0,
      0.0,
      0.0,
      0.0,
      999.0,
      0.0,
      2.0
    ],
    [
      3.0,
      2.0,
      2.0,
      3.0,
      8.0,
      5.0,
      8.0,
      5.0,
      933.0,
      5.0
    ],
    [
      1.0,
      8.0,
      0.0,
      4.0,
      12.0,
      2.0,
      2.0,
      11.0,
      1.0,
      968.0
    ]
  ],
  "classRecall": [
    0.9775510430335999,
    0.9947136640548706,
    0.9738371968269348,
    0.9712871313095093,
    0.9745417237281799,
    0.9719731211662292,
    0.9832985401153564,
    0.9717898964881897,
    0.9579055309295654,
    0.959365725517273
  ],
  "classPrecision": [
    0.9866117238998413,
    0.9732758402824402,
    0.9719535708427429,
    0.9810000061988831,
    0.9745417237281799,
    0.9730639457702637,
    0.9612244963645935,
    0.9596541523933411,
    0.9841772317886353,
    0.9748237729072571
  ],
  "classes": [
    0,
    1,
    2,
    3,
    4,
    5,
    6,
    7,
    8,
    9
  ]
}