{
  "name": "model",
  "metrics": {
    "train_loss": [
      0.15474066612756507,
      0.11268699226538999,
      0.09116382355982729,
      0.07899304483333046,
      0.0657510720844429
    ],
    "train_accuracy": [
      0.9563703703703703,
      0.9663333333333334,
      0.9728703703703704,
      0.9765370370370371,
      0.9805185185185186
    ],
    "val_loss": [
      0.16340844666070126,
      0.12673673017861994,
      0.11242499380828218,
      0.10803875794753115,
      0.09718543279202695
    ],
    "val_accuracy": [
      0.9505,
      0.9613333333333334,
      0.9683333333333334,
      0.9668333333333333,
      0.9721666666666666
    ]
  },
  "accuracy": 0.9738,
  "confusion": [
    [
      960.0,
      1.0,
      1.0,
      0.0,
      0.0,
      2.0,
      11.0,
      3.0,
      0.0,
      2.0
    ],
    [
      0.0,
      1126.0,
      2.0,
      1.0,
      0.0,
      0.0,
      4.0,
      0.0,
      2.0,
      0.0
    ],
    [
      5.0,
      2.0,
      1001.0,
      4.0,
      2.0,
      0.0,
      5.0,
      10.0,
      3.0,
      0.0
    ],
    [
      0.0,
      0.0,
      4.0,
      991.0,
      0.0,
      3.0,
      0.0,
      9.0,
      3.0,
      0.0
    ],
    [
      0.0,
      0.0,
      4.0,
      0.0,
      958.0,
      0.0,
      10.0,
      1.0,
      2.0,
      7.0
    ],
    [
      2.0,
      1.0,
      0.0,
      15.0,
      1.0,
      854.0,
      13.0,
      2.0,
      3.0,
      1.0
    ],
    [
      3.0,
      3.0,
      0.0,
      0.0,
      2.0,
      2.0,
      946.0,
      0.0,
      2.0,
      0.0
    ],
    [
      2.0,
      6.0,
      12.0,
      1.0,
      0.0,
      1.0,
      0.0,
      1000.0,
      1.0,
      5.0
    ],
    [
      5.0,
      2.0,
      3.0,
      6.0,
      3.0,
      7.0,
      8.0,
      5.0,
      933.0,
      2.0
    ],
    [
      2.0,
      5.0,
      0.0,
      6.0,
      13.0,
      2.0,
      1.0,
      9.0,
      2.0,
      969.0
    ]
  ],
  "classRecall": [
    0.9795918464660645,
    0.9920704960823059,
    0.9699612259864807,
    0.9811881184577942,
    0.9755600690841675,
    0.9573991298675537,
    0.9874739050865173,
    0.9727626442909241,
    0.9579055309295654,
    0.9603567719459534
  ],
  "classPrecision": [
    0.9805924296379089,
    0.9825479984283447,
    0.9746835231781006,
    0.9677734375,
    0.9785495400428772,
    0.9804822206497192,
    0.9478957653045654,
    0.962463915348053,
    0.9810725450515747,
    0.982758641242981
  ],
  "classes": [
    0,
    1,
    2,
    3,
    4,
    5,
    6,
    7,
    8,
    9
  ]
}