{
  "name": "model",
  "metrics": {
    "train_loss": [
      0.15623894310446007,
      0.10824280820116047,
      0.08851169858357352,
      0.07244022254792365,
      0.06693172168926782
    ],
    "train_accuracy": [
      0.9522962962962963,
      0.9682037037037037,
      0.9745185185185186,
      0.9784074074074074,
      0.9804444444444445
    ],
    "val_loss": [
      0.16378727713797955,
      0.12760368790081206,
      0.11162896700044896,
      0.096794091601004,
      0.09423895034582373
    ],
    "val_accuracy": [
      0.9506666666666667,
      0.9636666666666667,
      0.9671666666666666,
      0.972,
      0.9748333333333333
    ]
  },
  "accuracy": 0.9731,
  "confusion": [
    [
      951.0,
      0.0,
      4.0,
      0.0,
      1.0,
      2.0,
      4.0,
      12.0,
      2.0,
      4.0
    ],
    [
      0.0,
      1122.0,
      3.0,
      1.0,
      0.0,
      0.0,
      1.0,
      0.0,
      8.0,
      0.0
    ],
    [
      0.0,
      1.0,
      1008.0,
      1.0,
      6.0,
      0.0,
      1.0,
      9.0,
      5.0,
      1.0
    ],
    [
      0.0,
      0.0,
      8.0,
      985.0,
      0.0,
      4.0,
      0.0,
      5.0,
      6.0,
      2.0
    ],
    [
      0.0,
      1.0,
      1.0,
      0.0,
      942.0,
      0.0,
      6.0,
      2.0,
      1.0,
      29.0
    ],
    [
      2.0,
      0.0,
      0.0,
      12.0,
      1.0,
      859.0,
      6.0,
      2.0,
      9.0,
      1.0
    ],
    [
      4.0,
      3.0,
      0.0,
      1.0,
      7.0,
      2.0,
      938.0,
      0.0,
      3.0,
      0.0
    ],
    [
      0.0,
      5.0,
      9.0,
      1.0,
      0.0,
      0.0,
      0.0,
      1005.0,
      0.0,
      8.0
    ],
    [
      1.0,
      0.0,
      2.0,
      6.0,
      4.0,
      6.0,
      2.0,
      4.0,
      942.0,
      7.0
    ],
    [
      2.0,
      4.0,
      1.0,
      5.0,
      6.0,
      1.0,
      0.0,
      9.0,
      2.0,
      979.0
    ]
  ],
  "classRecall": [
    0.9704081416130066,
    0.9885462522506714,
    0.9767441749572754,
    0.9752475023269653,
    0.9592667818069458,
    0.963004469871521,
    0.9791231751441956,
    0.9776264429092407,
    0.9671458005905151,
    0.9702675938606262
  ],
  "classPrecision": [
    0.9906250238418579,
    0.9876760840415955,
    0.9729729890823364,
    0.9733201861381531,
    0.974146842956543,
    0.9828375577926636,
    0.9791231751441956,
    0.9589694738388062,
    0.9631901979446411,
    0.9495635032653809
  ],
  "classes": [
    0,
    1,
    2,
    3,
    4,
    5,
    6,
    7,
    8,
    9
  ]
}