{
  "name": "model",
  "metrics": {
    "train_loss": [
      0.15721400285148507,
      0.11007231100290236,
      0.0888316966107742,
      0.0900784965595716,
      0.07582534642965132
    ],
    "train_accuracy": [
      0.9528333333333333,
      0.967462962962963,
      0.9741851851851852,
      0.975037037037037,
      0.9779074074074074
    ],
    "val_loss": [
      0.16413232684135437,
      0.12614605734322934,
      0.11004523033315831,
      0.11806563303825703,
      0.10507944977267626
    ],
    "val_accuracy": [
      0.9505,
      0.9623333333333334,
      0.9666666666666667,
      0.9695,
      0.9696666666666667
    ]
  },
  "accuracy": 0.971,
  "confusion": [
    [
      927.0,
      0.0,
      4.0,
      1.0,
      0.0,
      19.0,
      18.0,
      5.0,
      3.0,
      3.0
    ],
    [
      0.0,
      1123.0,
      3.0,
      2.0,
      0.0,
      1.0,
      2.0,
      0.0,
      4.0,
      0.0
    ],
    [
      0.0,
      0.0,
      1005.0,
      4.0,
      4.0,
      1.0,
      2.0,
      9.0,
      7.0,
      0.0
    ],
    [
      0.0,
      0.0,
      4.0,
      987.0,
      0.0,
      7.0,
      0.0,
      7.0,
      3.0,
      2.0
    ],
    [
      0.0,
      0.0,
      3.0,
      0.0,
      950.0,
      0.0,
      6.0,
      3.0,
      0.0,
      20.0
    ],
    [
      1.0,
      0.0,
      0.0,
      8.0,
      0.0,
      874.0,
      3.0,
      2.0,
      2.0,
      2.0
    ],
    [
      1.0,
      3.0,
      0.0,
      1.0,
      5.0,
      8.0,
      936.0,
      0.0,
      4.0,
      0.0
    ],
    [
      0.0,
      9.0,
      7.0,
      2.0,
      0.0,
      1.0,
      0.0,
      1002.0,
      1.0,
      6.0
    ],
    [
      1.0,
      0.0,
      3.0,
      10.0,
      4.0,
      8.0,
      4.0,
      3.0,
      938.0,
      3.0
    ],
    [
      1.0,
      8.0,
      0.0,
      6.0,
      7.0,
      6.0,
      1.0,
      10.0,
      2.0,
      968.0
    ]
  ],
  "classRecall": [
    0.9459183812141418,
    0.9894273281097412,
    0.9738371968269348,
    0.9772277474403381,
    0.9674134254455566,
    0.9798206090927124,
    0.9770354628562927,
    0.9747081995010376,
    0.9630390405654907,
    0.959365725517273
  ],
  "classPrecision": [
    0.9957035183906555,
    0.9825021624565125,
    0.9766764044761658,
    0.9666993021965027,
    0.9793814420700073,
    0.9448648691177368,
    0.9629629850387573,
    0.9625360369682312,
    0.9730290174484253,
    0.9641434550285339
  ],
  "classes": [
    0,
    1,
    2,
    3,
    4,
    5,
    6,
    7,
    8,
    9
  ]
}