{
  "name": "model",
  "metrics": {
    "train_loss": [
      0.14392079982765338,
      0.12470296557145237,
      0.08991587332171781,
      0.07700610261022056,
      0.062408654170410964
    ],
    "train_accuracy": [
      0.957037037037037,
      0.9636666666666667,
      0.9737777777777777,
      0.9779444444444444,
      0.9814444444444445
    ],
    "val_loss": [
      0.15110931402825295,
      0.14563697814307314,
      0.10958303071241429,
      0.10151773873478809,
      0.09144132081022922
    ],
    "val_accuracy": [
      0.9561666666666667,
      0.9581666666666667,
      0.967,
      0.9695,
      0.9733333333333334
    ]
  },
  "accuracy": 0.9746,
  "confusion": [
    [
      954.0,
      0.0,
      3.0,
      2.0,
      1.0,
      5.0,
      8.0,
      2.0,
      1.0,
      4.0
    ],
    [
      0.0,
      1122.0,
      4.0,
      1.0,
      0.0,
      2.0,
      2.0,
      1.0,
      3.0,
      0.0
    ],
    [
      1.0,
      0.0,
      1017.0,
      2.0,
      3.0,
      1.0,
      1.0,
      4.0,
      2.0,
      1.0
    ],
    [
      0.0,
      0.0,
      7.0,
      986.0,
      0.0,
      6.0,
      0.0,
      5.0,
      4.0,
      2.0
    ],
    [
      0.0,
      0.0,
      2.0,
      0.0,
      951.0,
      1.0,
      5.0,
      0.0,
      0.0,
      23.0
    ],
    [
      2.0,
      0.0,
      0.0,
      5.0,
      1.0,
      874.0,
      5.0,
      0.0,
      2.0,
      3.0
    ],
    [
      4.0,
      3.0,
      1.0,
      0.0,
      6.0,
      7.0,
      934.0,
      0.0,
      3.0,
      0.0
    ],
    [
      1.0,
      5.0,
      13.0,
      5.0,
      0.0,
      1.0,
      0.0,
      994.0,
      0.0,
      9.0
    ],
    [
      2.0,
      1.0,
      3.0,
      6.0,
      5.0,
      7.0,
      4.0,
      3.0,
      939.0,
      4.0
    ],
    [
      0.0,
      3.0,
      0.0,
      7.0,
      6.0,
      9.0,
      2.0,
      6.0,
      1.0,
      975.0
    ]
  ],
  "classRecall": [
    0.9734693765640259,
    0.9885462522506714,
    0.9854651093482971,
    0.9762375950813293,
    0.9684317708015442,
    0.9798206090927124,
    0.9749478101730347,
    0.966926097869873,
    0.9640657305717468,
    0.966303288936615
  ],
  "classPrecision": [
    0.9896265268325806,
    0.9894179701805115,
    0.9685714244842529,
    0.9723865985870361,
    0.9773895144462585,
    0.9572836756706238,
    0.9719042778015137,
    0.9793103337287903,
    0.9832460880279541,
    0.9549461603164673
  ],
  "classes": [
    0,
    1,
    2,
    3,
    4,
    5,
    6,
    7,
    8,
    9
  ]
}