{
  "name": "model",
  "metrics": {
    "train_loss": [
      1.3819636607711965,
      1.122391994365237,
      0.9584322280504487,
      0.7799224531786009,
      0.7254217643798753,
      0.5986446772109378,
      0.5128052276982502,
      0.5234390096315606,
      0.45944760739803314,
      0.41658440909602423,
      0.4592282502403991,
      0.4443574037233537
    ],
    "train_accuracy": [
      0.48715555555555556,
      0.6075777777777778,
      0.6671333333333334,
      0.7257111111111111,
      0.7664888888888889,
      0.7909777777777778,
      0.8315777777777777,
      0.8315333333333333,
      0.8519777777777777,
      0.8694888888888889,
      0.865,
      0.8711333333333333
    ],
    "val_loss": [
      1.378875669836998,
      1.1604306146502494,
      1.034002275764942,
      0.9245683521032333,
      0.8880688972771168,
      0.8315090477466583,
      0.8300326719880105,
      0.8548000231385231,
      0.8957756102085114,
      0.9326716214418411,
      1.1466626092791556,
      1.233735305070877
    ],
    "val_accuracy": [
      0.4828,
      0.5908,
      0.632,
      0.6854,
      0.7178,
      0.737,
      0.7562,
      0.756,
      0.764,
      0.7646,
      0.7498,
      0.7556
    ]
  },
  "accuracy": 0.7603,
  "confusion": [
    [
      317.0,
      37.0,
      296.0,
      99.0,
      14.0,
      3.0,
      2.0,
      12.0,
      183.0,
      37.0
    ],
    [
      0.0,
      962.0,
      1.0,
      12.0,
      3.0,
      1.0,
      1.0,
      0.0,
      5.0,
      15.0
    ],
    [
      0.0,
      2.0,
      801.0,
      99.0,
      33.0,
      23.0,
      18.0,
      13.0,
      8.0,
      3.0
    ],
    [
      0.0,
      1.0,
      51.0,
      833.0,
      17.0,
      56.0,
      22.0,
      12.0,
      4.0,
      4.0
    ],
    [
      0.0,
      3.0,
      57.0,
      96.0,
      721.0,
      54.0,
      27.0,
      40.0,
      2.0,
      0.0
    ],
    [
      1.0,
      1.0,
      33.0,
      242.0,
      14.0,
      685.0,
      4.0,
      18.0,
      1.0,
      1.0
    ],
    [
      0.0,
      5.0,
      45.0,
      121.0,
      12.0,
      6.0,
      804.0,
      1.0,
      4.0,
      2.0
    ],
    [
      2.0,
      2.0,
      30.0,
      84.0,
      19.0,
      57.0,
      1.0,
      803.0,
      0.0,
      2.0
    ],
    [
      3.0,
      34.0,
      13.0,
      37.0,
      1.0,
      0.0,
      3.0,
      1.0,
      890.0,
      18.0
    ],
    [
      1.0,
      155.0,
      7.0,
      28.0,
      0.0,
      3.0,
      1.0,
      6.0,
      12.0,
      787.0
    ]
  ],
  "classRecall": [
    0.31700000166893005,
    0.9620000123977661,
    0.8009999990463257,
    0.8330000042915344,
    0.7210000157356262,
    0.6850000023841858,
    0.8040000200271606,
    0.8029999732971191,
    0.8899999856948853,
    0.7870000004768372
  ],
  "classPrecision": [
    0.9783950448036194,
    0.80033278465271,
    0.600449800491333,
    0.5045427083969116,
    0.8645083904266357,
    0.7713963985443115,
    0.9105322957038879,
    0.8863134384155273,
    0.8025248050689697,
    0.9056386947631836
  ],
  "classes": [
    "plane",
    "car",
    "bird",
    "cat",
    "deer",
    "dog",
    "frog",
    "horse",
    "ship",
    "truck"
  ]
}