{
  "name": "model",
  "metrics": {
    "train_loss": [
      0.14930866509499427,
      0.10263183275546649,
      0.09241146481291378,
      0.08103958891607574,
      0.07849083478690536
    ],
    "train_accuracy": [
      0.9558333333333333,
      0.9711111111111111,
      0.9727222222222223,
      0.9762037037037037,
      0.977462962962963
    ],
    "val_loss": [
      0.15737657867213514,
      0.11758295117699086,
      0.10980368336226712,
      0.10667045739419917,
      0.10351641733754188
    ],
    "val_accuracy": [
      0.9536666666666667,
      0.9661666666666666,
      0.9665,
      0.9676666666666667,
      0.9706666666666667
    ]
  },
  "accuracy": 0.97,
  "confusion": [
    [
      975.0,
      1.0,
      0.0,
      2.0,
      0.0,
      1.0,
      0.0,
      1.0,
      0.0,
      0.0
    ],
    [
      0.0,
      1128.0,
      2.0,
      1.0,
      0.0,
      1.0,
      2.0,
      0.0,
      1.0,
      0.0
    ],
    [
      8.0,
      3.0,
      1000.0,
      4.0,
      4.0,
      0.0,
      2.0,
      8.0,
      3.0,
      0.0
    ],
    [
      0.0,
      0.0,
      5.0,
      980.0,
      0.0,
      17.0,
      0.0,
      6.0,
      2.0,
      0.0
    ],
    [
      3.0,
      0.0,
      2.0,
      0.0,
      964.0,
      0.0,
      7.0,
      2.0,
      1.0,
      3.0
    ],
    [
      2.0,
      0.0,
      0.0,
      1.0,
      1.0,
      883.0,
      3.0,
      0.0,
      1.0,
      1.0
    ],
    [
      11.0,
      3.0,
      0.0,
      0.0,
      1.0,
      7.0,
      935.0,
      0.0,
      1.0,
      0.0
    ],
    [
      3.0,
      11.0,
      8.0,
      3.0,
      0.0,
      0.0,
      0.0,
      999.0,
      0.0,
      4.0
    ],
    [
      14.0,
      3.0,
      4.0,
      5.0,
      7.0,
      11.0,
      6.0,
      4.0,
      918.0,
      2.0
    ],
    [
      7.0,
      8.0,
      0.0,
      7.0,
      35.0,
      23.0,
      0.0,
      9.0,
      2.0,
      918.0
    ]
  ],
  "classRecall": [
    0.9948979616165161,
    0.9938325881958008,
    0.9689922332763672,
    0.9702970385551453,
    0.981670081615448,
    0.9899103045463562,
    0.9759916663169861,
    0.9717898964881897,
    0.9425051212310791,
    0.9098116755485535
  ],
  "classPrecision": [
    0.9530791640281677,
    0.9749351739883423,
    0.9794319272041321,
    0.9770687818527222,
    0.9525691866874695,
    0.9363732933998108,
    0.9790576100349426,
    0.9708454608917236,
    0.9881592988967896,
    0.9892241358757019
  ],
  "classes": [
    0,
    1,
    2,
    3,
    4,
    5,
    6,
    7,
    8,
    9
  ]
}