{
  "name": "model",
  "metrics": {
    "train_loss": [
      0.15372085378845157,
      0.10279910248302594,
      0.09263184075398256,
      0.07162720862317,
      0.06671408471326958
    ],
    "train_accuracy": [
      0.9542222222222222,
      0.97,
      0.9728148148148148,
      0.9791296296296297,
      0.9799629629629629
    ],
    "val_loss": [
      0.1599866175588141,
      0.11548980246198938,
      0.10862006928692473,
      0.09862612655505221,
      0.09343594863535241
    ],
    "val_accuracy": [
      0.9528333333333333,
      0.9653333333333334,
      0.9696666666666667,
      0.9723333333333334,
      0.9716666666666667
    ]
  },
  "accuracy": 0.9746,
  "confusion": [
    [
      963.0,
      0.0,
      1.0,
      0.0,
      0.0,
      3.0,
      6.0,
      1.0,
      6.0,
      0.0
    ],
    [
      0.0,
      1123.0,
      2.0,
      3.0,
      0.0,
      0.0,
      4.0,
      0.0,
      3.0,
      0.0
    ],
    [
      3.0,
      0.0,
      1014.0,
      2.0,
      2.0,
      1.0,
      2.0,
      5.0,
      3.0,
      0.0
    ],
    [
      0.0,
      0.0,
      7.0,
      983.0,
      0.0,
      8.0,
      0.0,
      4.0,
      4.0,
      4.0
    ],
    [
      0.0,
      0.0,
      5.0,
      0.0,
      967.0,
      0.0,
      5.0,
      0.0,
      1.0,
      4.0
    ],
    [
      2.0,
      0.0,
      0.0,
      2.0,
      1.0,
      879.0,
      5.0,
      0.0,
      2.0,
      1.0
    ],
    [
      3.0,
      3.0,
      0.0,
      0.0,
      4.0,
      11.0,
      934.0,
      0.0,
      3.0,
      0.0
    ],
    [
      3.0,
      10.0,
      14.0,
      3.0,
      3.0,
      0.0,
      0.0,
      986.0,
      3.0,
      6.0
    ],
    [
      0.0,
      1.0,
      3.0,
      4.0,
      4.0,
      6.0,
      4.0,
      2.0,
      948.0,
      2.0
    ],
    [
      3.0,
      4.0,
      0.0,
      6.0,
      24.0,
      9.0,
      2.0,
      6.0,
      6.0,
      949.0
    ]
  ],
  "classRecall": [
    0.9826530814170837,
    0.9894273281097412,
    0.9825581312179565,
    0.9732673168182373,
    0.9847250580787659,
    0.9854260087013245,
    0.9749478101730347,
    0.9591439962387085,
    0.9733059406280518,
    0.9405351877212524
  ],
  "classPrecision": [
    0.9856704473495483,
    0.9842243790626526,
    0.9694072604179382,
    0.980059802532196,
    0.9621890783309937,
    0.9585605263710022,
    0.9708939790725708,
    0.9820716977119446,
    0.9683350324630737,
    0.9824016690254211
  ],
  "classes": [
    0,
    1,
    2,
    3,
    4,
    5,
    6,
    7,
    8,
    9
  ]
}