{
  "name": "model",
  "metrics": {
    "train_loss": [
      1.3952347761528059,
      1.16243261014196,
      0.9141355019740083,
      0.8110176947983828,
      0.8503984521058473,
      0.6372201281853698,
      0.6702568229626525,
      0.6755880356173624,
      0.6846284902739254,
      0.6693290715867822,
      0.5360498357648876,
      0.7127025055445053
    ],
    "train_accuracy": [
      0.48015555555555556,
      0.6004,
      0.6994888888888889,
      0.7385333333333334,
      0.7518444444444444,
      0.8002888888888889,
      0.8171777777777778,
      0.8185111111111111,
      0.8275111111111111,
      0.8451333333333333,
      0.8717555555555555,
      0.8521555555555556
    ],
    "val_loss": [
      1.4123372822999953,
      1.2052347242832184,
      0.992711316049099,
      0.94657197073102,
      1.1115377694368362,
      0.9059000492095948,
      1.0310132578015327,
      1.0871131286025046,
      1.1785447865724563,
      1.217180348932743,
      1.1837860092520713,
      1.419992795586586
    ],
    "val_accuracy": [
      0.4632,
      0.5816,
      0.6688,
      0.7036,
      0.7044,
      0.7436,
      0.7492,
      0.7486,
      0.7438,
      0.7516,
      0.772,
      0.7516
    ]
  },
  "accuracy": 0.7472,
  "confusion": [
    [
      118.0,
      28.0,
      379.0,
      10.0,
      63.0,
      3.0,
      7.0,
      10.0,
      308.0,
      74.0
    ],
    [
      1.0,
      934.0,
      6.0,
      3.0,
      1.0,
      0.0,
      5.0,
      0.0,
      28.0,
      22.0
    ],
    [
      0.0,
      5.0,
      767.0,
      33.0,
      85.0,
      31.0,
      39.0,
      8.0,
      26.0,
      6.0
    ],
    [
      0.0,
      9.0,
      83.0,
      633.0,
      99.0,
      51.0,
      64.0,
      11.0,
      40.0,
      10.0
    ],
    [
      0.0,
      1.0,
      42.0,
      30.0,
      854.0,
      11.0,
      34.0,
      15.0,
      13.0,
      0.0
    ],
    [
      0.0,
      4.0,
      46.0,
      139.0,
      66.0,
      666.0,
      24.0,
      26.0,
      24.0,
      5.0
    ],
    [
      0.0,
      2.0,
      26.0,
      36.0,
      22.0,
      1.0,
      894.0,
      3.0,
      14.0,
      2.0
    ],
    [
      0.0,
      3.0,
      36.0,
      37.0,
      80.0,
      17.0,
      9.0,
      787.0,
      17.0,
      14.0
    ],
    [
      0.0,
      9.0,
      3.0,
      3.0,
      5.0,
      0.0,
      4.0,
      1.0,
      967.0,
      8.0
    ],
    [
      1.0,
      60.0,
      4.0,
      4.0,
      7.0,
      0.0,
      7.0,
      1.0,
      64.0,
      852.0
    ]
  ],
  "classRecall": [
    0.11800000071525574,
    0.9340000152587891,
    0.7670000195503235,
    0.6330000162124634,
    0.8539999723434448,
    0.6660000085830688,
    0.8939999938011169,
    0.7870000004768372,
    0.9670000076293945,
    0.8519999980926514
  ],
  "classPrecision": [
    0.9833333492279053,
    0.885308027267456,
    0.5510057210922241,
    0.6821120977401733,
    0.6661466360092163,
    0.8538461327552795,
    0.8224471211433411,
    0.9129930138587952,
    0.6442371606826782,
    0.8580060601234436
  ],
  "classes": [
    "plane",
    "car",
    "bird",
    "cat",
    "deer",
    "dog",
    "frog",
    "horse",
    "ship",
    "truck"
  ]
}