{
  "name": "model",
  "metrics": {
    "train_loss": [
      0.15938580978961917,
      0.10472121577868812,
      0.09219484869390726,
      0.0730675904574623,
      0.06324889180272535
    ],
    "train_accuracy": [
      0.9534444444444444,
      0.9697222222222223,
      0.9727222222222223,
      0.9786481481481482,
      0.981537037037037
    ],
    "val_loss": [
      0.17116855259271377,
      0.11449023502621244,
      0.11089989011909099,
      0.09006226165814603,
      0.08959393502470661
    ],
    "val_accuracy": [
      0.9485,
      0.9655,
      0.9683333333333334,
      0.9733333333333334,
      0.974
    ]
  },
  "accuracy": 0.9747,
  "confusion": [
    [
      964.0,
      1.0,
      1.0,
      0.0,
      0.0,
      5.0,
      5.0,
      1.0,
      2.0,
      1.0
    ],
    [
      0.0,
      1125.0,
      2.0,
      1.0,
      0.0,
      0.0,
      3.0,
      1.0,
      3.0,
      0.0
    ],
    [
      3.0,
      0.0,
      1003.0,
      7.0,
      4.0,
      0.0,
      3.0,
      8.0,
      4.0,
      0.0
    ],
    [
      0.0,
      0.0,
      1.0,
      990.0,
      0.0,
      6.0,
      0.0,
      7.0,
      6.0,
      0.0
    ],
    [
      0.0,
      0.0,
      2.0,
      0.0,
      956.0,
      0.0,
      6.0,
      2.0,
      0.0,
      16.0
    ],
    [
      2.0,
      0.0,
      0.0,
      5.0,
      2.0,
      873.0,
      6.0,
      0.0,
      2.0,
      2.0
    ],
    [
      2.0,
      3.0,
      0.0,
      0.0,
      7.0,
      6.0,
      938.0,
      0.0,
      2.0,
      0.0
    ],
    [
      2.0,
      8.0,
      12.0,
      1.0,
      4.0,
      0.0,
      0.0,
      996.0,
      1.0,
      4.0
    ],
    [
      0.0,
      3.0,
      2.0,
      12.0,
      5.0,
      7.0,
      3.0,
      4.0,
      935.0,
      3.0
    ],
    [
      1.0,
      3.0,
      0.0,
      8.0,
      16.0,
      4.0,
      1.0,
      6.0,
      3.0,
      967.0
    ]
  ],
  "classRecall": [
    0.9836734533309937,
    0.9911894202232361,
    0.9718992114067078,
    0.9801980257034302,
    0.9735234379768372,
    0.9786995649337769,
    0.9791231751441956,
    0.9688715934753418,
    0.9599589109420776,
    0.9583746194839478
  ],
  "classPrecision": [
    0.9897330403327942,
    0.9842519760131836,
    0.9804496765136719,
    0.966796875,
    0.9617705941200256,
    0.9689233899116516,
    0.9720207452774048,
    0.9717073440551758,
    0.9759916663169861,
    0.9738166928291321
  ],
  "classes": [
    0,
    1,
    2,
    3,
    4,
    5,
    6,
    7,
    8,
    9
  ]
}