{
  "name": "model",
  "metrics": {
    "train_loss": [
      0.1680428990961816,
      0.11972694948174377,
      0.11802348724491364,
      0.08248908542785176,
      0.06474862827685489
    ],
    "train_accuracy": [
      0.9527962962962963,
      0.9657222222222223,
      0.9644814814814815,
      0.9757037037037037,
      0.981
    ],
    "val_loss": [
      0.1748131974897486,
      0.1373110924787978,
      0.13352469513390927,
      0.10844323213430161,
      0.09348746173163043
    ],
    "val_accuracy": [
      0.951,
      0.9613333333333334,
      0.9595,
      0.9705,
      0.9743333333333334
    ]
  },
  "accuracy": 0.9742,
  "confusion": [
    [
      967.0,
      0.0,
      2.0,
      0.0,
      0.0,
      5.0,
      3.0,
      1.0,
      2.0,
      0.0
    ],
    [
      0.0,
      1121.0,
      4.0,
      0.0,
      0.0,
      0.0,
      2.0,
      0.0,
      8.0,
      0.0
    ],
    [
      3.0,
      1.0,
      1014.0,
      2.0,
      1.0,
      0.0,
      2.0,
      8.0,
      1.0,
      0.0
    ],
    [
      0.0,
      0.0,
      6.0,
      972.0,
      0.0,
      20.0,
      0.0,
      6.0,
      4.0,
      2.0
    ],
    [
      1.0,
      0.0,
      4.0,
      0.0,
      954.0,
      0.0,
      6.0,
      2.0,
      1.0,
      14.0
    ],
    [
      2.0,
      0.0,
      0.0,
      3.0,
      1.0,
      875.0,
      6.0,
      1.0,
      3.0,
      1.0
    ],
    [
      5.0,
      3.0,
      0.0,
      1.0,
      2.0,
      5.0,
      942.0,
      0.0,
      0.0,
      0.0
    ],
    [
      1.0,
      6.0,
      16.0,
      2.0,
      0.0,
      1.0,
      0.0,
      995.0,
      1.0,
      6.0
    ],
    [
      5.0,
      0.0,
      4.0,
      4.0,
      3.0,
      6.0,
      6.0,
      3.0,
      939.0,
      4.0
    ],
    [
      3.0,
      3.0,
      0.0,
      8.0,
      12.0,
      6.0,
      1.0,
      8.0,
      5.0,
      963.0
    ]
  ],
  "classRecall": [
    0.9867346882820129,
    0.9876651763916016,
    0.9825581312179565,
    0.9623762369155884,
    0.9714867472648621,
    0.9809417128562927,
    0.9832985401153564,
    0.9678988456726074,
    0.9640657305717468,
    0.9544103145599365
  ],
  "classPrecision": [
    0.9797365665435791,
    0.9885361790657043,
    0.9657142758369446,
    0.9798387289047241,
    0.9804727435112,
    0.9531590342521667,
    0.9731404781341553,
    0.9716796875,
    0.9740663766860962,
    0.9727272987365723
  ],
  "classes": [
    0,
    1,
    2,
    3,
    4,
    5,
    6,
    7,
    8,
    9
  ]
}