{
  "name": "model",
  "metrics": {
    "train_loss": [
      0.15626669363493886,
      0.10728621843019367,
      0.08527938143672395,
      0.08395112578434896,
      0.06972067568106886
    ],
    "train_accuracy": [
      0.9531296296296297,
      0.9692592592592593,
      0.9758518518518519,
      0.9755370370370371,
      0.9795
    ],
    "val_loss": [
      0.16811448747807362,
      0.11787556246557135,
      0.1085550383208914,
      0.11310065014565245,
      0.09816202230038161
    ],
    "val_accuracy": [
      0.9485,
      0.9665,
      0.9698333333333333,
      0.9675,
      0.972
    ]
  },
  "accuracy": 0.97,
  "confusion": [
    [
      971.0,
      1.0,
      1.0,
      1.0,
      0.0,
      1.0,
      3.0,
      1.0,
      1.0,
      0.0
    ],
    [
      0.0,
      1128.0,
      2.0,
      1.0,
      0.0,
      1.0,
      2.0,
      0.0,
      1.0,
      0.0
    ],
    [
      2.0,
      6.0,
      998.0,
      5.0,
      9.0,
      0.0,
      4.0,
      7.0,
      1.0,
      0.0
    ],
    [
      0.0,
      2.0,
      5.0,
      991.0,
      0.0,
      3.0,
      0.0,
      5.0,
      2.0,
      2.0
    ],
    [
      0.0,
      0.0,
      2.0,
      0.0,
      971.0,
      0.0,
      4.0,
      1.0,
      0.0,
      4.0
    ],
    [
      2.0,
      0.0,
      0.0,
      28.0,
      2.0,
      850.0,
      4.0,
      1.0,
      3.0,
      2.0
    ],
    [
      6.0,
      2.0,
      0.0,
      1.0,
      8.0,
      2.0,
      936.0,
      0.0,
      3.0,
      0.0
    ],
    [
      1.0,
      15.0,
      12.0,
      0.0,
      2.0,
      1.0,
      0.0,
      992.0,
      0.0,
      5.0
    ],
    [
      4.0,
      4.0,
      7.0,
      11.0,
      7.0,
      6.0,
      5.0,
      4.0,
      919.0,
      7.0
    ],
    [
      2.0,
      7.0,
      0.0,
      9.0,
      33.0,
      4.0,
      1.0,
      8.0,
      1.0,
      944.0
    ]
  ],
  "classRecall": [
    0.9908163547515869,
    0.9938325881958008,
    0.9670542478561401,
    0.9811881184577942,
    0.9887983798980713,
    0.9529147744178772,
    0.9770354628562927,
    0.9649805426597595,
    0.9435318112373352,
    0.935579776763916
  ],
  "classPrecision": [
    0.9827935099601746,
    0.9682403206825256,
    0.9717624187469482,
    0.946513831615448,
    0.940891444683075,
    0.97926265001297,
    0.9760167002677917,
    0.9735034108161926,
    0.9871106147766113,
    0.9792531132698059
  ],
  "classes": [
    0,
    1,
    2,
    3,
    4,
    5,
    6,
    7,
    8,
    9
  ]
}