{
  "name": "model",
  "metrics": {
    "train_loss": [
      1.5230323381044648,
      1.1809482074935327,
      1.0443750000135466,
      0.745036190545017,
      0.605842614885081,
      0.5822095600041476,
      0.6328720687465235,
      0.6075129106810148,
      0.6210864604535428,
      0.637480476278473,
      0.6560595113445412,
      0.6693894981660626
    ],
    "train_accuracy": [
      0.4654888888888889,
      0.6098,
      0.6729777777777778,
      0.7538888888888889,
      0.7985777777777778,
      0.8147777777777778,
      0.8090444444444445,
      0.8167333333333333,
      0.8469555555555556,
      0.8444444444444444,
      0.8588888888888889,
      0.8735777777777778
    ],
    "val_loss": [
      1.5749173939228058,
      1.2136314019560814,
      1.1218753293156625,
      0.8673095300793647,
      0.7909044787287712,
      0.8320015370845795,
      0.9310628920793533,
      1.0247288793325424,
      1.061811016499996,
      1.2395689904689788,
      1.2630262777209282,
      1.3952065110206604
    ],
    "val_accuracy": [
      0.4508,
      0.5896,
      0.6464,
      0.7174,
      0.7512,
      0.7606,
      0.7496,
      0.7412,
      0.7658,
      0.7534,
      0.7606,
      0.7716
    ]
  },
  "accuracy": 0.7713,
  "confusion": [
    [
      169.0,
      16.0,
      329.0,
      32.0,
      87.0,
      1.0,
      6.0,
      22.0,
      230.0,
      108.0
    ],
    [
      1.0,
      882.0,
      2.0,
      3.0,
      3.0,
      3.0,
      7.0,
      2.0,
      22.0,
      75.0
    ],
    [
      1.0,
      1.0,
      802.0,
      30.0,
      60.0,
      20.0,
      40.0,
      32.0,
      8.0,
      6.0
    ],
    [
      0.0,
      6.0,
      63.0,
      668.0,
      64.0,
      85.0,
      50.0,
      44.0,
      12.0,
      8.0
    ],
    [
      0.0,
      2.0,
      35.0,
      20.0,
      867.0,
      11.0,
      31.0,
      29.0,
      3.0,
      2.0
    ],
    [
      1.0,
      4.0,
      59.0,
      132.0,
      35.0,
      679.0,
      14.0,
      70.0,
      2.0,
      4.0
    ],
    [
      0.0,
      1.0,
      35.0,
      29.0,
      24.0,
      2.0,
      899.0,
      5.0,
      2.0,
      3.0
    ],
    [
      0.0,
      1.0,
      13.0,
      19.0,
      46.0,
      16.0,
      4.0,
      886.0,
      7.0,
      8.0
    ],
    [
      0.0,
      9.0,
      15.0,
      8.0,
      9.0,
      3.0,
      6.0,
      1.0,
      929.0,
      20.0
    ],
    [
      0.0,
      30.0,
      7.0,
      9.0,
      3.0,
      0.0,
      2.0,
      2.0,
      15.0,
      932.0
    ]
  ],
  "classRecall": [
    0.16899999976158142,
    0.8820000290870667,
    0.8019999861717224,
    0.6679999828338623,
    0.8669999837875366,
    0.6790000200271606,
    0.8989999890327454,
    0.8859999775886536,
    0.9290000200271606,
    0.9319999814033508
  ],
  "classPrecision": [
    0.9825581312179565,
    0.9264705777168274,
    0.5897058844566345,
    0.703157901763916,
    0.7237061858177185,
    0.8280487656593323,
    0.8489140868186951,
    0.8106129765510559,
    0.7552845478057861,
    0.7993139028549194
  ],
  "classes": [
    "plane",
    "car",
    "bird",
    "cat",
    "deer",
    "dog",
    "frog",
    "horse",
    "ship",
    "truck"
  ]
}