{
  "name": "model",
  "metrics": {
    "train_loss": [
      1.4385538924146781,
      1.1025503425096923,
      0.9398419318551366,
      0.7386217660016634,
      0.7056975927711888,
      0.5937373454428532,
      0.4888731247576123,
      0.5244939252734184,
      0.4753114548511803,
      0.49139229695058684,
      0.4288474461910399,
      0.4112512915903194
    ],
    "train_accuracy": [
      0.4692,
      0.5989333333333333,
      0.6746,
      0.7340888888888889,
      0.7492222222222222,
      0.7996222222222222,
      0.8293555555555555,
      0.8263111111111111,
      0.8451111111111111,
      0.8559111111111111,
      0.8756888888888889,
      0.8758444444444444
    ],
    "val_loss": [
      1.4566852480173111,
      1.1460201486945152,
      1.014840240776539,
      0.8225067734718323,
      0.838700494915247,
      0.8125041261315346,
      0.7884898394346237,
      0.8494401060044765,
      0.8435994416475296,
      0.9973408356308937,
      0.9992335650882523,
      1.0276280254125596
    ],
    "val_accuracy": [
      0.4566,
      0.583,
      0.6524,
      0.7038,
      0.7132,
      0.744,
      0.7618,
      0.7544,
      0.7594,
      0.7588,
      0.7712,
      0.7692
    ]
  },
  "accuracy": 0.764,
  "confusion": [
    [
      302.0,
      21.0,
      209.0,
      40.0,
      25.0,
      1.0,
      3.0,
      25.0,
      260.0,
      114.0
    ],
    [
      0.0,
      883.0,
      2.0,
      3.0,
      1.0,
      1.0,
      0.0,
      1.0,
      7.0,
      102.0
    ],
    [
      1.0,
      5.0,
      737.0,
      86.0,
      68.0,
      28.0,
      25.0,
      26.0,
      15.0,
      9.0
    ],
    [
      1.0,
      6.0,
      51.0,
      810.0,
      39.0,
      31.0,
      18.0,
      16.0,
      14.0,
      14.0
    ],
    [
      0.0,
      0.0,
      35.0,
      85.0,
      784.0,
      6.0,
      5.0,
      77.0,
      8.0,
      0.0
    ],
    [
      0.0,
      0.0,
      31.0,
      310.0,
      22.0,
      588.0,
      3.0,
      35.0,
      5.0,
      6.0
    ],
    [
      1.0,
      4.0,
      28.0,
      106.0,
      30.0,
      14.0,
      793.0,
      6.0,
      8.0,
      10.0
    ],
    [
      2.0,
      2.0,
      15.0,
      53.0,
      23.0,
      14.0,
      0.0,
      879.0,
      3.0,
      9.0
    ],
    [
      2.0,
      15.0,
      6.0,
      7.0,
      3.0,
      0.0,
      0.0,
      2.0,
      927.0,
      38.0
    ],
    [
      0.0,
      22.0,
      2.0,
      12.0,
      0.0,
      2.0,
      2.0,
      7.0,
      16.0,
      937.0
    ]
  ],
  "classRecall": [
    0.3019999861717224,
    0.8830000162124634,
    0.7369999885559082,
    0.8100000023841858,
    0.7839999794960022,
    0.5879999995231628,
    0.7929999828338623,
    0.8790000081062317,
    0.9269999861717224,
    0.9369999766349792
  ],
  "classPrecision": [
    0.9773463010787964,
    0.9217119216918945,
    0.6603942513465881,
    0.5357142686843872,
    0.787939727306366,
    0.8583941459655762,
    0.9340400695800781,
    0.8184357285499573,
    0.7339667677879333,
    0.756255030632019
  ],
  "classes": [
    "plane",
    "car",
    "bird",
    "cat",
    "deer",
    "dog",
    "frog",
    "horse",
    "ship",
    "truck"
  ]
}