{
  "name": "model",
  "metrics": {
    "train_loss": [
      1.4557896358045666,
      1.2419029342179948,
      0.8614066568287936,
      0.7469687853855166,
      0.6066176139495589,
      0.5799278911541809,
      0.6622282015159726,
      0.6066648115149953,
      0.5925358693030748,
      0.5455682427537712,
      0.4420819543725388,
      0.44336617492478003
    ],
    "train_accuracy": [
      0.47731111111111113,
      0.5942222222222222,
      0.6965333333333333,
      0.7395111111111111,
      0.7891333333333334,
      0.8037333333333333,
      0.8073555555555556,
      0.8125111111111111,
      0.8292888888888889,
      0.8527777777777777,
      0.8742,
      0.8818888888888889
    ],
    "val_loss": [
      1.482320436835289,
      1.2531699284911155,
      0.9404393628239631,
      0.8484124466776848,
      0.7772316858172417,
      0.8132775545120239,
      0.931410263478756,
      0.9891207620501519,
      1.0735211759805678,
      1.0446445994079112,
      1.0391760021448135,
      1.1290663516731
    ],
    "val_accuracy": [
      0.4682,
      0.5772,
      0.6684,
      0.7066,
      0.7414,
      0.7454,
      0.7518,
      0.7484,
      0.7462,
      0.768,
      0.7724,
      0.7744
    ]
  },
  "accuracy": 0.7745,
  "confusion": [
    [
      316.0,
      38.0,
      224.0,
      36.0,
      74.0,
      3.0,
      10.0,
      27.0,
      247.0,
      25.0
    ],
    [
      0.0,
      955.0,
      2.0,
      1.0,
      3.0,
      0.0,
      5.0,
      1.0,
      11.0,
      22.0
    ],
    [
      4.0,
      2.0,
      771.0,
      39.0,
      86.0,
      17.0,
      62.0,
      10.0,
      7.0,
      2.0
    ],
    [
      4.0,
      9.0,
      53.0,
      677.0,
      68.0,
      106.0,
      58.0,
      14.0,
      10.0,
      1.0
    ],
    [
      0.0,
      2.0,
      41.0,
      31.0,
      868.0,
      11.0,
      35.0,
      9.0,
      1.0,
      2.0
    ],
    [
      0.0,
      3.0,
      47.0,
      135.0,
      42.0,
      729.0,
      16.0,
      19.0,
      7.0,
      2.0
    ],
    [
      0.0,
      3.0,
      20.0,
      39.0,
      25.0,
      7.0,
      900.0,
      2.0,
      4.0,
      0.0
    ],
    [
      1.0,
      3.0,
      24.0,
      34.0,
      91.0,
      31.0,
      4.0,
      804.0,
      5.0,
      3.0
    ],
    [
      2.0,
      23.0,
      10.0,
      9.0,
      9.0,
      0.0,
      8.0,
      4.0,
      924.0,
      11.0
    ],
    [
      0.0,
      113.0,
      9.0,
      20.0,
      3.0,
      2.0,
      6.0,
      8.0,
      38.0,
      801.0
    ]
  ],
  "classRecall": [
    0.3160000145435333,
    0.9549999833106995,
    0.7710000276565552,
    0.6769999861717224,
    0.8679999709129333,
    0.7289999723434448,
    0.8999999761581421,
    0.8040000200271606,
    0.9240000247955322,
    0.8009999990463257
  ],
  "classPrecision": [
    0.966360867023468,
    0.8297132849693298,
    0.6419650316238403,
    0.6630753874778748,
    0.6840031743049622,
    0.804635763168335,
    0.8152173757553101,
    0.8953229188919067,
    0.7368420958518982,
    0.9217491149902344
  ],
  "classes": [
    "plane",
    "car",
    "bird",
    "cat",
    "deer",
    "dog",
    "frog",
    "horse",
    "ship",
    "truck"
  ]
}