{
  "name": "model",
  "metrics": {
    "train_loss": [
      0.15111069849988013,
      0.10438660771908212,
      0.09024725338859016,
      0.06844152900791987,
      0.06380000449408076
    ],
    "train_accuracy": [
      0.9564444444444444,
      0.9687222222222223,
      0.975,
      0.9797592592592592,
      0.9817592592592592
    ],
    "val_loss": [
      0.16089312161536926,
      0.11933317526857903,
      0.10671906204933816,
      0.09079330141081456,
      0.08159183338284492
    ],
    "val_accuracy": [
      0.9541666666666667,
      0.9641666666666666,
      0.9703333333333334,
      0.9721666666666666,
      0.975
    ]
  },
  "accuracy": 0.9724,
  "confusion": [
    [
      971.0,
      0.0,
      0.0,
      0.0,
      0.0,
      0.0,
      4.0,
      1.0,
      4.0,
      0.0
    ],
    [
      0.0,
      1126.0,
      4.0,
      0.0,
      0.0,
      0.0,
      1.0,
      0.0,
      4.0,
      0.0
    ],
    [
      3.0,
      1.0,
      1007.0,
      1.0,
      3.0,
      0.0,
      2.0,
      8.0,
      6.0,
      1.0
    ],
    [
      0.0,
      0.0,
      5.0,
      975.0,
      0.0,
      9.0,
      0.0,
      8.0,
      7.0,
      6.0
    ],
    [
      2.0,
      0.0,
      2.0,
      0.0,
      958.0,
      0.0,
      10.0,
      0.0,
      1.0,
      9.0
    ],
    [
      3.0,
      0.0,
      0.0,
      4.0,
      1.0,
      865.0,
      9.0,
      1.0,
      7.0,
      2.0
    ],
    [
      5.0,
      3.0,
      0.0,
      0.0,
      4.0,
      5.0,
      937.0,
      0.0,
      4.0,
      0.0
    ],
    [
      2.0,
      16.0,
      14.0,
      2.0,
      7.0,
      0.0,
      0.0,
      976.0,
      1.0,
      10.0
    ],
    [
      4.0,
      0.0,
      1.0,
      4.0,
      4.0,
      3.0,
      4.0,
      4.0,
      947.0,
      3.0
    ],
    [
      3.0,
      5.0,
      0.0,
      6.0,
      17.0,
      5.0,
      1.0,
      5.0,
      5.0,
      962.0
    ]
  ],
  "classRecall": [
    0.9908163547515869,
    0.9920704960823059,
    0.9757751822471619,
    0.9653465151786804,
    0.9755600690841675,
    0.9697309136390686,
    0.9780793190002441,
    0.9494163393974304,
    0.9722792506217957,
    0.9534192085266113
  ],
  "classPrecision": [
    0.9778448939323425,
    0.9782797694206238,
    0.9748305678367615,
    0.9828628897666931,
    0.9637826681137085,
    0.9751973152160645,
    0.9679751992225647,
    0.9730807542800903,
    0.9604462385177612,
    0.9687814712524414
  ],
  "classes": [
    0,
    1,
    2,
    3,
    4,
    5,
    6,
    7,
    8,
    9
  ]
}