{
  "name": "model",
  "metrics": {
    "train_loss": [
      1.3648241924291307,
      1.0674279415133325,
      0.8519152020188895,
      0.6990434048189358,
      0.5268150437623262,
      0.4448593178425323,
      0.3906393586234613,
      0.2944102666171437,
      0.3562273878858171,
      0.23358682786453178,
      0.1884739837947894,
      0.17682669322345068
    ],
    "train_accuracy": [
      0.4974,
      0.6118444444444444,
      0.6919111111111111,
      0.7533555555555556,
      0.8140444444444445,
      0.8432888888888889,
      0.8617555555555556,
      0.8976222222222222,
      0.8758444444444444,
      0.9191555555555555,
      0.9314666666666667,
      0.9371555555555555
    ],
    "val_loss": [
      1.376444548368454,
      1.1027309224009514,
      0.9229982063174248,
      0.8170211061835289,
      0.665699316561222,
      0.6220708116889,
      0.6343773670494557,
      0.5820396296679974,
      0.7310545794665814,
      0.6643681406974793,
      0.6533133946359158,
      0.6747470095753669
    ],
    "val_accuracy": [
      0.4916,
      0.5974,
      0.6674,
      0.7108,
      0.7678,
      0.785,
      0.7892,
      0.8138,
      0.7828,
      0.8084,
      0.8076,
      0.8072
    ]
  },
  "accuracy": 0.811,
  "confusion": [
    [
      647.0,
      18.0,
      95.0,
      9.0,
      11.0,
      1.0,
      4.0,
      7.0,
      172.0,
      36.0
    ],
    [
      3.0,
      958.0,
      3.0,
      1.0,
      1.0,
      0.0,
      1.0,
      0.0,
      10.0,
      23.0
    ],
    [
      18.0,
      6.0,
      783.0,
      28.0,
      59.0,
      22.0,
      31.0,
      32.0,
      16.0,
      5.0
    ],
    [
      11.0,
      2.0,
      57.0,
      633.0,
      48.0,
      106.0,
      57.0,
      50.0,
      30.0,
      6.0
    ],
    [
      2.0,
      2.0,
      31.0,
      22.0,
      844.0,
      14.0,
      14.0,
      61.0,
      10.0,
      0.0
    ],
    [
      5.0,
      1.0,
      46.0,
      115.0,
      33.0,
      688.0,
      16.0,
      85.0,
      8.0,
      3.0
    ],
    [
      0.0,
      2.0,
      32.0,
      39.0,
      36.0,
      7.0,
      856.0,
      15.0,
      11.0,
      2.0
    ],
    [
      5.0,
      1.0,
      18.0,
      15.0,
      35.0,
      10.0,
      2.0,
      903.0,
      6.0,
      5.0
    ],
    [
      6.0,
      21.0,
      7.0,
      4.0,
      0.0,
      0.0,
      3.0,
      2.0,
      940.0,
      17.0
    ],
    [
      2.0,
      74.0,
      7.0,
      8.0,
      1.0,
      3.0,
      2.0,
      9.0,
      36.0,
      858.0
    ]
  ],
  "classRecall": [
    0.6470000147819519,
    0.9580000042915344,
    0.7829999923706055,
    0.6330000162124634,
    0.843999981880188,
    0.6880000233650208,
    0.8560000061988831,
    0.902999997138977,
    0.9399999976158142,
    0.8579999804496765
  ],
  "classPrecision": [
    0.9256080389022827,
    0.8829492926597595,
    0.7256719470024109,
    0.7242562770843506,
    0.7902621626853943,
    0.8084606528282166,
    0.8681541681289673,
    0.7757731676101685,
    0.7586763501167297,
    0.8984293341636658
  ],
  "classes": [
    "plane",
    "car",
    "bird",
    "cat",
    "deer",
    "dog",
    "frog",
    "horse",
    "ship",
    "truck"
  ]
}