{
  "name": "model",
  "metrics": {
    "train_loss": [
      1.3778911175375634,
      1.0646586998958478,
      0.8110705615783279,
      0.6448873436417092,
      0.6519328157671473,
      0.612027426758273,
      0.5643371761861172,
      0.5064136749133468,
      0.5293138929727402,
      0.5825560294430364,
      0.6293579721823335,
      0.461823883889751
    ],
    "train_accuracy": [
      0.49017777777777777,
      0.6140222222222222,
      0.7210666666666666,
      0.7681111111111111,
      0.7809111111111111,
      0.7904222222222222,
      0.8169333333333333,
      0.8386666666666667,
      0.8541333333333333,
      0.8523333333333334,
      0.8424222222222222,
      0.8867555555555555
    ],
    "val_loss": [
      1.3861216753721237,
      1.101576252281666,
      0.875888254493475,
      0.753143896907568,
      0.806489247083664,
      0.872875465452671,
      0.8657126531004906,
      0.8960179254412651,
      1.003578844666481,
      1.1339083947241306,
      1.3107654720544815,
      1.2446242600679398
    ],
    "val_accuracy": [
      0.4812,
      0.5952,
      0.6916,
      0.7252,
      0.741,
      0.7366,
      0.7454,
      0.7618,
      0.7652,
      0.7538,
      0.7356,
      0.775
    ]
  },
  "accuracy": 0.7659,
  "confusion": [
    [
      230.0,
      22.0,
      279.0,
      31.0,
      49.0,
      7.0,
      3.0,
      29.0,
      263.0,
      87.0
    ],
    [
      0.0,
      888.0,
      6.0,
      5.0,
      2.0,
      6.0,
      3.0,
      1.0,
      17.0,
      72.0
    ],
    [
      1.0,
      1.0,
      745.0,
      86.0,
      50.0,
      46.0,
      32.0,
      14.0,
      20.0,
      5.0
    ],
    [
      0.0,
      6.0,
      34.0,
      723.0,
      32.0,
      132.0,
      20.0,
      28.0,
      16.0,
      9.0
    ],
    [
      0.0,
      1.0,
      47.0,
      69.0,
      807.0,
      31.0,
      14.0,
      20.0,
      10.0,
      1.0
    ],
    [
      0.0,
      0.0,
      37.0,
      131.0,
      31.0,
      758.0,
      3.0,
      33.0,
      2.0,
      5.0
    ],
    [
      0.0,
      3.0,
      26.0,
      89.0,
      39.0,
      15.0,
      805.0,
      10.0,
      9.0,
      4.0
    ],
    [
      1.0,
      3.0,
      19.0,
      35.0,
      50.0,
      30.0,
      5.0,
      846.0,
      3.0,
      8.0
    ],
    [
      2.0,
      16.0,
      7.0,
      8.0,
      4.0,
      3.0,
      1.0,
      3.0,
      942.0,
      14.0
    ],
    [
      0.0,
      38.0,
      3.0,
      7.0,
      3.0,
      1.0,
      1.0,
      7.0,
      25.0,
      915.0
    ]
  ],
  "classRecall": [
    0.23000000417232513,
    0.8880000114440918,
    0.7450000047683716,
    0.7229999899864197,
    0.8069999814033508,
    0.7580000162124634,
    0.8050000071525574,
    0.8460000157356262,
    0.9419999718666077,
    0.9150000214576721
  ],
  "classPrecision": [
    0.9829059839248657,
    0.907975435256958,
    0.6192851066589355,
    0.6106418967247009,
    0.7563261389732361,
    0.736637532711029,
    0.9075535535812378,
    0.8536831736564636,
    0.7207344770431519,
    0.8169642686843872
  ],
  "classes": [
    "plane",
    "car",
    "bird",
    "cat",
    "deer",
    "dog",
    "frog",
    "horse",
    "ship",
    "truck"
  ]
}