{
  "name": "model",
  "metrics": {
    "train_loss": [
      1.4293398958715526,
      1.003913407975977,
      0.7647770470516249,
      0.6240090897137468,
      0.5497603954069994,
      0.5512638050554828,
      0.4054920596747913,
      0.42159613996574824,
      0.3534234101799401,
      0.518822018311105,
      0.4498861071399667,
      0.38223358552733605
    ],
    "train_accuracy": [
      0.4606222222222222,
      0.6298222222222222,
      0.7313555555555555,
      0.7758444444444444,
      0.8037555555555556,
      0.7988444444444445,
      0.8555111111111111,
      0.8477555555555556,
      0.8692666666666666,
      0.8310222222222222,
      0.8619555555555556,
      0.8727555555555555
    ],
    "val_loss": [
      1.4431958764791488,
      1.0269644379615783,
      0.8273438677191735,
      0.7234306320548057,
      0.7004689767956733,
      0.7484043523669243,
      0.648361149430275,
      0.7091956250369549,
      0.6772736253216862,
      0.9171743461862206,
      0.8908976413309574,
      0.9554060667753219
    ],
    "val_accuracy": [
      0.449,
      0.6132,
      0.6916,
      0.7354,
      0.7552,
      0.7492,
      0.7868,
      0.7798,
      0.788,
      0.756,
      0.7664,
      0.7722
    ]
  },
  "accuracy": 0.7741,
  "confusion": [
    [
      536.0,
      15.0,
      186.0,
      11.0,
      20.0,
      14.0,
      6.0,
      18.0,
      171.0,
      23.0
    ],
    [
      1.0,
      917.0,
      7.0,
      2.0,
      2.0,
      7.0,
      1.0,
      3.0,
      20.0,
      40.0
    ],
    [
      14.0,
      2.0,
      766.0,
      8.0,
      37.0,
      103.0,
      49.0,
      16.0,
      5.0,
      0.0
    ],
    [
      5.0,
      2.0,
      45.0,
      322.0,
      41.0,
      488.0,
      61.0,
      20.0,
      10.0,
      6.0
    ],
    [
      2.0,
      0.0,
      57.0,
      12.0,
      735.0,
      119.0,
      24.0,
      47.0,
      4.0,
      0.0
    ],
    [
      3.0,
      0.0,
      22.0,
      11.0,
      16.0,
      918.0,
      7.0,
      19.0,
      3.0,
      1.0
    ],
    [
      1.0,
      4.0,
      18.0,
      6.0,
      21.0,
      69.0,
      871.0,
      3.0,
      5.0,
      2.0
    ],
    [
      2.0,
      0.0,
      32.0,
      3.0,
      19.0,
      94.0,
      2.0,
      848.0,
      0.0,
      0.0
    ],
    [
      8.0,
      8.0,
      23.0,
      4.0,
      2.0,
      4.0,
      4.0,
      2.0,
      936.0,
      9.0
    ],
    [
      2.0,
      42.0,
      13.0,
      2.0,
      2.0,
      11.0,
      5.0,
      13.0,
      18.0,
      892.0
    ]
  ],
  "classRecall": [
    0.5360000133514404,
    0.9169999957084656,
    0.765999972820282,
    0.32199999690055847,
    0.7350000143051147,
    0.9179999828338623,
    0.8709999918937683,
    0.8479999899864197,
    0.9359999895095825,
    0.8920000195503235
  ],
  "classPrecision": [
    0.9337978959083557,
    0.926262617111206,
    0.6552609205245972,
    0.8451443314552307,
    0.8212290406227112,
    0.5024630427360535,
    0.8456310629844666,
    0.8574317693710327,
    0.7986348271369934,
    0.9167523384094238
  ],
  "classes": [
    "plane",
    "car",
    "bird",
    "cat",
    "deer",
    "dog",
    "frog",
    "horse",
    "ship",
    "truck"
  ]
}