{
  "name": "model",
  "metrics": {
    "train_loss": [
      0.15234817347325985,
      0.11601476280804353,
      0.08709826196821945,
      0.06844470152516642,
      0.06397057118079674
    ],
    "train_accuracy": [
      0.9560925925925926,
      0.9649814814814814,
      0.9745185185185186,
      0.9805,
      0.9812037037037037
    ],
    "val_loss": [
      0.16320062920134118,
      0.12969218083518616,
      0.10605672477407659,
      0.08893537933522082,
      0.09017865248817078
    ],
    "val_accuracy": [
      0.9535,
      0.9618333333333333,
      0.9686666666666667,
      0.9726666666666667,
      0.974
    ]
  },
  "accuracy": 0.9732,
  "confusion": [
    [
      966.0,
      0.0,
      1.0,
      0.0,
      1.0,
      5.0,
      2.0,
      4.0,
      1.0,
      0.0
    ],
    [
      0.0,
      1127.0,
      3.0,
      1.0,
      0.0,
      1.0,
      2.0,
      0.0,
      1.0,
      0.0
    ],
    [
      3.0,
      3.0,
      1009.0,
      3.0,
      1.0,
      1.0,
      0.0,
      10.0,
      2.0,
      0.0
    ],
    [
      0.0,
      0.0,
      2.0,
      991.0,
      0.0,
      5.0,
      0.0,
      6.0,
      4.0,
      2.0
    ],
    [
      0.0,
      1.0,
      4.0,
      0.0,
      964.0,
      0.0,
      5.0,
      1.0,
      0.0,
      7.0
    ],
    [
      3.0,
      0.0,
      0.0,
      18.0,
      1.0,
      859.0,
      5.0,
      2.0,
      2.0,
      2.0
    ],
    [
      5.0,
      3.0,
      0.0,
      0.0,
      8.0,
      7.0,
      935.0,
      0.0,
      0.0,
      0.0
    ],
    [
      1.0,
      4.0,
      12.0,
      3.0,
      0.0,
      0.0,
      0.0,
      1004.0,
      0.0,
      4.0
    ],
    [
      4.0,
      2.0,
      5.0,
      13.0,
      6.0,
      7.0,
      4.0,
      5.0,
      923.0,
      5.0
    ],
    [
      2.0,
      4.0,
      0.0,
      11.0,
      22.0,
      3.0,
      1.0,
      9.0,
      3.0,
      954.0
    ]
  ],
  "classRecall": [
    0.9857142567634583,
    0.992951512336731,
    0.9777131676673889,
    0.9811881184577942,
    0.981670081615448,
    0.963004469871521,
    0.9759916663169861,
    0.9766536951065063,
    0.9476386308670044,
    0.9454905986785889
  ],
  "classPrecision": [
    0.9817073345184326,
    0.9851398468017578,
    0.9739382266998291,
    0.9528846144676208,
    0.9611166715621948,
    0.9673423171043396,
    0.9800838828086853,
    0.9644572734832764,
    0.9861111044883728,
    0.9794661402702332
  ],
  "classes": [
    0,
    1,
    2,
    3,
    4,
    5,
    6,
    7,
    8,
    9
  ]
}