{
  "name": "model",
  "metrics": {
    "train_loss": [
      1.4112376601181247,
      1.0629752083596857,
      0.8943496598777446,
      0.6624025295234539,
      0.5505312665958296,
      0.5841478209265254,
      0.42656828776340594,
      0.35987144111740316,
      0.45866998708383605,
      0.31152071232314815,
      0.2754082221072167,
      0.25852993107400835
    ],
    "train_accuracy": [
      0.4744888888888889,
      0.6110888888888889,
      0.6846666666666666,
      0.7686888888888889,
      0.8076888888888889,
      0.7983111111111111,
      0.8472444444444445,
      0.8727111111111111,
      0.8494888888888888,
      0.8927333333333334,
      0.9071777777777777,
      0.9085555555555556
    ],
    "val_loss": [
      1.4426759779453278,
      1.114139087498188,
      0.9888297781348229,
      0.7778228148818016,
      0.737268739938736,
      0.8281759932637215,
      0.692399088293314,
      0.7000626057386399,
      0.9663424879312515,
      0.757430911064148,
      0.7755331661552191,
      0.8940922290086746
    ],
    "val_accuracy": [
      0.4602,
      0.594,
      0.6572,
      0.723,
      0.759,
      0.7386,
      0.7782,
      0.7954,
      0.754,
      0.7906,
      0.7882,
      0.7884
    ]
  },
  "accuracy": 0.788,
  "confusion": [
    [
      508.0,
      17.0,
      175.0,
      48.0,
      23.0,
      5.0,
      18.0,
      9.0,
      134.0,
      63.0
    ],
    [
      0.0,
      940.0,
      4.0,
      2.0,
      2.0,
      0.0,
      2.0,
      1.0,
      17.0,
      32.0
    ],
    [
      7.0,
      7.0,
      749.0,
      54.0,
      52.0,
      20.0,
      82.0,
      15.0,
      6.0,
      8.0
    ],
    [
      1.0,
      7.0,
      53.0,
      710.0,
      34.0,
      46.0,
      95.0,
      14.0,
      17.0,
      23.0
    ],
    [
      0.0,
      0.0,
      32.0,
      60.0,
      800.0,
      8.0,
      58.0,
      34.0,
      3.0,
      5.0
    ],
    [
      0.0,
      5.0,
      31.0,
      240.0,
      34.0,
      591.0,
      55.0,
      29.0,
      7.0,
      8.0
    ],
    [
      0.0,
      8.0,
      15.0,
      29.0,
      16.0,
      3.0,
      920.0,
      1.0,
      3.0,
      5.0
    ],
    [
      2.0,
      3.0,
      33.0,
      37.0,
      46.0,
      16.0,
      5.0,
      840.0,
      4.0,
      14.0
    ],
    [
      3.0,
      13.0,
      12.0,
      14.0,
      0.0,
      2.0,
      7.0,
      2.0,
      933.0,
      14.0
    ],
    [
      0.0,
      70.0,
      5.0,
      3.0,
      0.0,
      0.0,
      3.0,
      5.0,
      25.0,
      889.0
    ]
  ],
  "classRecall": [
    0.5080000162124634,
    0.9399999976158142,
    0.7490000128746033,
    0.7099999785423279,
    0.800000011920929,
    0.5910000205039978,
    0.9200000166893005,
    0.8399999737739563,
    0.9330000281333923,
    0.8889999985694885
  ],
  "classPrecision": [
    0.9750480055809021,
    0.8785046935081482,
    0.6753832101821899,
    0.5931495428085327,
    0.794438898563385,
    0.855282187461853,
    0.7389557957649231,
    0.8842105269432068,
    0.8120104670524597,
    0.837888777256012
  ],
  "classes": [
    "plane",
    "car",
    "bird",
    "cat",
    "deer",
    "dog",
    "frog",
    "horse",
    "ship",
    "truck"
  ]
}