{
  "name": "model",
  "metrics": {
    "train_loss": [
      1.3317358862947335,
      1.0174040509895845,
      0.9473719610409304,
      0.750193093818697,
      0.7365659951994364,
      0.7218958352777091,
      0.6519173850220713,
      0.672127633609555,
      0.5828398893248629,
      0.6161001357249916,
      0.6112406470982189,
      0.6741907061077654
    ],
    "train_accuracy": [
      0.515,
      0.6312444444444445,
      0.6546222222222222,
      0.7468444444444444,
      0.7576444444444445,
      0.7835111111111112,
      0.8009111111111111,
      0.8126444444444444,
      0.8387777777777777,
      0.8429777777777778,
      0.8652888888888889,
      0.8586444444444444
    ],
    "val_loss": [
      1.3509259134531022,
      1.053993359208107,
      1.0329921215772628,
      0.872654590010643,
      0.9318960785865784,
      0.9708170384168625,
      0.9953524604439735,
      1.0782423824071885,
      1.0444833748042583,
      1.189832293987274,
      1.2568067073822022,
      1.3738923013210296
    ],
    "val_accuracy": [
      0.5072,
      0.6058,
      0.6432,
      0.712,
      0.7136,
      0.7342,
      0.7334,
      0.7442,
      0.754,
      0.7494,
      0.76,
      0.7564
    ]
  },
  "accuracy": 0.7463,
  "confusion": [
    [
      80.0,
      1.0,
      348.0,
      73.0,
      83.0,
      15.0,
      1.0,
      40.0,
      284.0,
      75.0
    ],
    [
      0.0,
      800.0,
      5.0,
      11.0,
      6.0,
      7.0,
      5.0,
      1.0,
      44.0,
      121.0
    ],
    [
      0.0,
      1.0,
      708.0,
      63.0,
      69.0,
      82.0,
      38.0,
      31.0,
      6.0,
      2.0
    ],
    [
      0.0,
      1.0,
      39.0,
      704.0,
      33.0,
      155.0,
      38.0,
      20.0,
      5.0,
      5.0
    ],
    [
      0.0,
      1.0,
      17.0,
      67.0,
      798.0,
      39.0,
      22.0,
      53.0,
      3.0,
      0.0
    ],
    [
      0.0,
      0.0,
      15.0,
      121.0,
      25.0,
      800.0,
      14.0,
      22.0,
      2.0,
      1.0
    ],
    [
      0.0,
      0.0,
      26.0,
      55.0,
      26.0,
      16.0,
      865.0,
      3.0,
      5.0,
      4.0
    ],
    [
      0.0,
      1.0,
      10.0,
      17.0,
      30.0,
      65.0,
      0.0,
      874.0,
      1.0,
      2.0
    ],
    [
      0.0,
      5.0,
      13.0,
      23.0,
      8.0,
      4.0,
      2.0,
      11.0,
      912.0,
      22.0
    ],
    [
      0.0,
      14.0,
      5.0,
      12.0,
      1.0,
      5.0,
      3.0,
      9.0,
      29.0,
      922.0
    ]
  ],
  "classRecall": [
    0.07999999821186066,
    0.800000011920929,
    0.7080000042915344,
    0.7039999961853027,
    0.7979999780654907,
    0.800000011920929,
    0.8650000095367432,
    0.8740000128746033,
    0.9120000004768372,
    0.921999990940094
  ],
  "classPrecision": [
    1.0,
    0.9708737730979919,
    0.5969645977020264,
    0.614310622215271,
    0.7395736575126648,
    0.6734007000923157,
    0.8755060434341431,
    0.8214285969734192,
    0.706429123878479,
    0.7989601492881775
  ],
  "classes": [
    "plane",
    "car",
    "bird",
    "cat",
    "deer",
    "dog",
    "frog",
    "horse",
    "ship",
    "truck"
  ]
}