{
  "name": "model",
  "metrics": {
    "train_loss": [
      1.3367079045962205,
      0.9771615476770834,
      0.7457092397592284,
      0.5971196850931103,
      0.536347714760764,
      0.44654843710701575,
      0.3688406718217514,
      0.3262447660196234,
      0.29889992848885333,
      0.21660427249629388,
      0.2321680857884613,
      0.219014497325671
    ],
    "train_accuracy": [
      0.5069333333333333,
      0.6493777777777778,
      0.7363333333333333,
      0.7924444444444444,
      0.8109555555555555,
      0.8417111111111111,
      0.8682666666666666,
      0.8804888888888889,
      0.8937555555555555,
      0.9246,
      0.9163333333333333,
      0.9222
    ],
    "val_loss": [
      1.3564981728792191,
      1.0050894886255264,
      0.8363084122538567,
      0.6976036563515663,
      0.6633234016597271,
      0.6530024945735932,
      0.5952576950192452,
      0.6374227870255709,
      0.6681771598756313,
      0.5675364173017442,
      0.8308898746967316,
      0.8095022156834603
    ],
    "val_accuracy": [
      0.5032,
      0.6366,
      0.6996,
      0.753,
      0.7644,
      0.7832,
      0.7994,
      0.7932,
      0.7894,
      0.8182,
      0.7974,
      0.7984
    ]
  },
  "accuracy": 0.8014,
  "confusion": [
    [
      715.0,
      11.0,
      79.0,
      26.0,
      24.0,
      6.0,
      10.0,
      8.0,
      30.0,
      91.0
    ],
    [
      2.0,
      787.0,
      2.0,
      3.0,
      1.0,
      6.0,
      7.0,
      0.0,
      4.0,
      188.0
    ],
    [
      18.0,
      0.0,
      634.0,
      100.0,
      42.0,
      92.0,
      86.0,
      14.0,
      4.0,
      10.0
    ],
    [
      6.0,
      2.0,
      18.0,
      701.0,
      22.0,
      176.0,
      49.0,
      10.0,
      3.0,
      13.0
    ],
    [
      2.0,
      1.0,
      16.0,
      50.0,
      796.0,
      39.0,
      53.0,
      37.0,
      2.0,
      4.0
    ],
    [
      2.0,
      1.0,
      8.0,
      102.0,
      21.0,
      827.0,
      13.0,
      21.0,
      2.0,
      3.0
    ],
    [
      2.0,
      0.0,
      13.0,
      43.0,
      7.0,
      28.0,
      898.0,
      4.0,
      1.0,
      4.0
    ],
    [
      7.0,
      2.0,
      9.0,
      34.0,
      29.0,
      69.0,
      3.0,
      838.0,
      0.0,
      9.0
    ],
    [
      18.0,
      19.0,
      10.0,
      12.0,
      7.0,
      4.0,
      10.0,
      2.0,
      865.0,
      53.0
    ],
    [
      0.0,
      13.0,
      2.0,
      7.0,
      1.0,
      6.0,
      7.0,
      6.0,
      5.0,
      953.0
    ]
  ],
  "classRecall": [
    0.7149999737739563,
    0.7870000004768372,
    0.6340000033378601,
    0.7009999752044678,
    0.7960000038146973,
    0.8270000219345093,
    0.8980000019073486,
    0.8379999995231628,
    0.8650000095367432,
    0.953000009059906
  ],
  "classPrecision": [
    0.9261658191680908,
    0.9413875341415405,
    0.8015170693397522,
    0.6502782702445984,
    0.8378947377204895,
    0.6600159406661987,
    0.7904929518699646,
    0.8914893865585327,
    0.9443231225013733,
    0.7176204919815063
  ],
  "classes": [
    "plane",
    "car",
    "bird",
    "cat",
    "deer",
    "dog",
    "frog",
    "horse",
    "ship",
    "truck"
  ]
}