{
  "name": "model",
  "metrics": {
    "train_loss": [
      0.15427483133618583,
      0.12305236010154559,
      0.08767973883651303,
      0.0831816040125115,
      0.07617223242152112
    ],
    "train_accuracy": [
      0.954,
      0.9648518518518518,
      0.9752037037037037,
      0.9763888888888889,
      0.9784814814814815
    ],
    "val_loss": [
      0.15729755622909425,
      0.13834504069800072,
      0.11230339343719026,
      0.10702341549257015,
      0.11088431771210533
    ],
    "val_accuracy": [
      0.952,
      0.9605,
      0.9696666666666667,
      0.9725,
      0.9706666666666667
    ]
  },
  "accuracy": 0.9725,
  "confusion": [
    [
      941.0,
      1.0,
      10.0,
      0.0,
      0.0,
      5.0,
      7.0,
      10.0,
      3.0,
      3.0
    ],
    [
      0.0,
      1125.0,
      3.0,
      1.0,
      0.0,
      1.0,
      3.0,
      0.0,
      2.0,
      0.0
    ],
    [
      1.0,
      2.0,
      1013.0,
      3.0,
      4.0,
      0.0,
      1.0,
      6.0,
      2.0,
      0.0
    ],
    [
      0.0,
      0.0,
      5.0,
      979.0,
      0.0,
      11.0,
      0.0,
      4.0,
      7.0,
      4.0
    ],
    [
      0.0,
      2.0,
      1.0,
      0.0,
      956.0,
      0.0,
      5.0,
      3.0,
      1.0,
      14.0
    ],
    [
      1.0,
      0.0,
      0.0,
      4.0,
      1.0,
      878.0,
      3.0,
      1.0,
      2.0,
      2.0
    ],
    [
      0.0,
      3.0,
      0.0,
      0.0,
      6.0,
      4.0,
      941.0,
      0.0,
      4.0,
      0.0
    ],
    [
      1.0,
      10.0,
      14.0,
      2.0,
      1.0,
      1.0,
      0.0,
      992.0,
      1.0,
      6.0
    ],
    [
      1.0,
      1.0,
      5.0,
      4.0,
      4.0,
      10.0,
      4.0,
      3.0,
      941.0,
      1.0
    ],
    [
      2.0,
      8.0,
      0.0,
      5.0,
      11.0,
      13.0,
      1.0,
      5.0,
      5.0,
      959.0
    ]
  ],
  "classRecall": [
    0.9602040648460388,
    0.9911894202232361,
    0.981589138507843,
    0.9693069458007812,
    0.9735234379768372,
    0.9843049049377441,
    0.982254683971405,
    0.9649805426597595,
    0.966119110584259,
    0.9504460096359253
  ],
  "classPrecision": [
    0.9936642050743103,
    0.9765625,
    0.9638439416885376,
    0.9809619188308716,
    0.9725330471992493,
    0.9512459635734558,
    0.9751295447349548,
    0.96875,
    0.9721074104309082,
    0.9696663022041321
  ],
  "classes": [
    0,
    1,
    2,
    3,
    4,
    5,
    6,
    7,
    8,
    9
  ]
}