{
  "name": "model",
  "metrics": {
    "train_loss": [
      0.1493878632748579,
      0.11139356970822359,
      0.08701262070898902,
      0.07803426058609833,
      0.06431946919688081
    ],
    "train_accuracy": [
      0.9565925925925925,
      0.9670185185185185,
      0.9746481481481482,
      0.9767962962962963,
      0.9807407407407407
    ],
    "val_loss": [
      0.15956458021351633,
      0.12496804374646633,
      0.1095033707691634,
      0.09768417275490913,
      0.09467501240841886
    ],
    "val_accuracy": [
      0.9541666666666667,
      0.9611666666666666,
      0.968,
      0.9705,
      0.9738333333333333
    ]
  },
  "accuracy": 0.974,
  "confusion": [
    [
      964.0,
      1.0,
      1.0,
      1.0,
      1.0,
      3.0,
      4.0,
      2.0,
      1.0,
      2.0
    ],
    [
      0.0,
      1127.0,
      2.0,
      2.0,
      0.0,
      1.0,
      2.0,
      0.0,
      1.0,
      0.0
    ],
    [
      2.0,
      4.0,
      1014.0,
      1.0,
      1.0,
      0.0,
      1.0,
      7.0,
      2.0,
      0.0
    ],
    [
      0.0,
      0.0,
      6.0,
      990.0,
      0.0,
      5.0,
      0.0,
      6.0,
      3.0,
      0.0
    ],
    [
      1.0,
      1.0,
      6.0,
      0.0,
      960.0,
      0.0,
      4.0,
      1.0,
      0.0,
      9.0
    ],
    [
      1.0,
      0.0,
      0.0,
      10.0,
      1.0,
      874.0,
      2.0,
      1.0,
      2.0,
      1.0
    ],
    [
      3.0,
      3.0,
      0.0,
      0.0,
      7.0,
      8.0,
      932.0,
      0.0,
      5.0,
      0.0
    ],
    [
      0.0,
      10.0,
      12.0,
      2.0,
      0.0,
      1.0,
      0.0,
      997.0,
      1.0,
      5.0
    ],
    [
      0.0,
      2.0,
      4.0,
      14.0,
      8.0,
      11.0,
      1.0,
      4.0,
      926.0,
      4.0
    ],
    [
      2.0,
      5.0,
      0.0,
      7.0,
      18.0,
      9.0,
      1.0,
      10.0,
      1.0,
      956.0
    ]
  ],
  "classRecall": [
    0.9836734533309937,
    0.992951512336731,
    0.9825581312179565,
    0.9801980257034302,
    0.9775967597961426,
    0.9798206090927124,
    0.9728600978851318,
    0.9698443412780762,
    0.9507187008857727,
    0.9474727511405945
  ],
  "classPrecision": [
    0.990750253200531,
    0.9774501323699951,
    0.9703349471092224,
    0.9639727473258972,
    0.9638554453849792,
    0.9583333134651184,
    0.9841604828834534,
    0.9698443412780762,
    0.9830148816108704,
    0.9785056114196777
  ],
  "classes": [
    0,
    1,
    2,
    3,
    4,
    5,
    6,
    7,
    8,
    9
  ]
}