{
  "name": "model",
  "metrics": {
    "train_loss": [
      1.3823057599365711,
      0.955878388475288,
      0.8449062000621449,
      0.637576313181357,
      0.6416445886716247,
      0.4714488928968256,
      0.4304562599652193,
      0.3720073019662364,
      0.39127005128697917,
      0.3227839201519435,
      0.2751628907439722,
      0.22622757498174906
    ],
    "train_accuracy": [
      0.4941333333333333,
      0.6613555555555556,
      0.6951555555555555,
      0.7736666666666666,
      0.7596666666666667,
      0.8333777777777778,
      0.8407111111111111,
      0.8652444444444445,
      0.8588666666666667,
      0.8802666666666666,
      0.9053111111111111,
      0.9205777777777778
    ],
    "val_loss": [
      1.4008078962564467,
      0.9998450100421905,
      0.9100794292986393,
      0.7504111230373383,
      0.7758953511714936,
      0.6648200586438179,
      0.6308731300756335,
      0.7086904816329479,
      0.8009904719889164,
      0.7583952233195305,
      0.7427028536796569,
      0.7723657876253128
    ],
    "val_accuracy": [
      0.4834,
      0.6384,
      0.672,
      0.7336,
      0.72,
      0.7726,
      0.7808,
      0.7864,
      0.769,
      0.781,
      0.7872,
      0.8002
    ]
  },
  "accuracy": 0.7943,
  "confusion": [
    [
      491.0,
      48.0,
      265.0,
      27.0,
      11.0,
      3.0,
      9.0,
      9.0,
      90.0,
      47.0
    ],
    [
      0.0,
      960.0,
      3.0,
      2.0,
      2.0,
      3.0,
      2.0,
      0.0,
      5.0,
      23.0
    ],
    [
      6.0,
      5.0,
      791.0,
      45.0,
      27.0,
      50.0,
      51.0,
      15.0,
      6.0,
      4.0
    ],
    [
      3.0,
      13.0,
      43.0,
      653.0,
      22.0,
      173.0,
      62.0,
      16.0,
      7.0,
      8.0
    ],
    [
      2.0,
      1.0,
      63.0,
      80.0,
      739.0,
      35.0,
      38.0,
      37.0,
      5.0,
      0.0
    ],
    [
      1.0,
      7.0,
      32.0,
      93.0,
      20.0,
      812.0,
      13.0,
      20.0,
      0.0,
      2.0
    ],
    [
      0.0,
      6.0,
      30.0,
      41.0,
      14.0,
      16.0,
      883.0,
      5.0,
      2.0,
      3.0
    ],
    [
      3.0,
      7.0,
      22.0,
      25.0,
      30.0,
      61.0,
      2.0,
      845.0,
      0.0,
      5.0
    ],
    [
      6.0,
      35.0,
      14.0,
      9.0,
      2.0,
      1.0,
      12.0,
      6.0,
      894.0,
      21.0
    ],
    [
      1.0,
      82.0,
      3.0,
      11.0,
      2.0,
      2.0,
      6.0,
      6.0,
      12.0,
      875.0
    ]
  ],
  "classRecall": [
    0.4909999966621399,
    0.9599999785423279,
    0.7910000085830688,
    0.652999997138977,
    0.7390000224113464,
    0.8119999766349792,
    0.8830000162124634,
    0.8450000286102295,
    0.8939999938011169,
    0.875
  ],
  "classPrecision": [
    0.9571149945259094,
    0.8247422575950623,
    0.6248025298118591,
    0.6622717976570129,
    0.8504027724266052,
    0.7024221420288086,
    0.8191094398498535,
    0.8811261653900146,
    0.8756121397018433,
    0.8856275081634521
  ],
  "classes": [
    "plane",
    "car",
    "bird",
    "cat",
    "deer",
    "dog",
    "frog",
    "horse",
    "ship",
    "truck"
  ]
}