{
  "name": "model",
  "metrics": {
    "train_loss": [
      1.4431732686405832,
      0.9905989735641263,
      0.8992614478550174,
      0.6498373681679368,
      0.5320345471528444,
      0.5203209217129783,
      0.446432961658998,
      0.3568561576222154,
      0.42254680043763737,
      0.3510959916324778,
      0.3561102706854316,
      0.4016435647975992
    ],
    "train_accuracy": [
      0.4639333333333333,
      0.6450222222222223,
      0.6892,
      0.7759111111111111,
      0.8116,
      0.8113333333333334,
      0.8451333333333333,
      0.8776444444444444,
      0.8534444444444444,
      0.8808222222222222,
      0.8843111111111112,
      0.8843111111111112
    ],
    "val_loss": [
      1.4575254052877427,
      1.0377749398350715,
      0.9879129663109779,
      0.7335744239389896,
      0.6514713250100612,
      0.7360188610851764,
      0.7074423879384995,
      0.6811997994780541,
      0.8573470339179039,
      0.829084861278534,
      0.8799871906638146,
      1.1107988968491553
    ],
    "val_accuracy": [
      0.4592,
      0.6204,
      0.658,
      0.7434,
      0.7638,
      0.7542,
      0.778,
      0.7968,
      0.7684,
      0.779,
      0.7766,
      0.7698
    ]
  },
  "accuracy": 0.7719,
  "confusion": [
    [
      279.0,
      32.0,
      293.0,
      25.0,
      23.0,
      5.0,
      23.0,
      12.0,
      253.0,
      55.0
    ],
    [
      0.0,
      937.0,
      2.0,
      4.0,
      1.0,
      2.0,
      15.0,
      1.0,
      11.0,
      27.0
    ],
    [
      1.0,
      2.0,
      739.0,
      46.0,
      50.0,
      32.0,
      104.0,
      9.0,
      14.0,
      3.0
    ],
    [
      4.0,
      5.0,
      46.0,
      697.0,
      48.0,
      83.0,
      78.0,
      17.0,
      16.0,
      6.0
    ],
    [
      0.0,
      1.0,
      30.0,
      35.0,
      827.0,
      11.0,
      61.0,
      24.0,
      10.0,
      1.0
    ],
    [
      2.0,
      3.0,
      36.0,
      161.0,
      31.0,
      700.0,
      36.0,
      27.0,
      2.0,
      2.0
    ],
    [
      0.0,
      0.0,
      19.0,
      37.0,
      12.0,
      3.0,
      927.0,
      1.0,
      1.0,
      0.0
    ],
    [
      2.0,
      1.0,
      41.0,
      36.0,
      38.0,
      30.0,
      7.0,
      837.0,
      4.0,
      4.0
    ],
    [
      1.0,
      21.0,
      16.0,
      11.0,
      3.0,
      1.0,
      10.0,
      3.0,
      917.0,
      17.0
    ],
    [
      1.0,
      80.0,
      8.0,
      10.0,
      1.0,
      3.0,
      11.0,
      5.0,
      22.0,
      859.0
    ]
  ],
  "classRecall": [
    0.27900001406669617,
    0.9369999766349792,
    0.7390000224113464,
    0.6970000267028809,
    0.8270000219345093,
    0.699999988079071,
    0.9269999861717224,
    0.8370000123977661,
    0.9169999957084656,
    0.859000027179718
  ],
  "classPrecision": [
    0.9620689749717712,
    0.8659889101982117,
    0.6008130311965942,
    0.6563088297843933,
    0.7998065948486328,
    0.8045976758003235,
    0.7287735939025879,
    0.8942307829856873,
    0.7336000204086304,
    0.8819301724433899
  ],
  "classes": [
    "plane",
    "car",
    "bird",
    "cat",
    "deer",
    "dog",
    "frog",
    "horse",
    "ship",
    "truck"
  ]
}