{
  "name": "model",
  "metrics": {
    "train_loss": [
      0.14940643624813071,
      0.11345723471758773,
      0.08627507562188529,
      0.0726858167842878,
      0.07156662995843173
    ],
    "train_accuracy": [
      0.9557037037037037,
      0.9671666666666666,
      0.9742222222222222,
      0.9782037037037037,
      0.9793333333333333
    ],
    "val_loss": [
      0.16613982411775183,
      0.1335383026682316,
      0.1152182363290736,
      0.09824251369672253,
      0.10556733808381126
    ],
    "val_accuracy": [
      0.9483333333333334,
      0.9618333333333333,
      0.9661666666666666,
      0.9723333333333334,
      0.972
    ]
  },
  "accuracy": 0.9712,
  "confusion": [
    [
      957.0,
      1.0,
      3.0,
      1.0,
      0.0,
      7.0,
      6.0,
      4.0,
      1.0,
      0.0
    ],
    [
      0.0,
      1124.0,
      3.0,
      2.0,
      0.0,
      1.0,
      4.0,
      0.0,
      1.0,
      0.0
    ],
    [
      2.0,
      3.0,
      1018.0,
      0.0,
      1.0,
      0.0,
      0.0,
      6.0,
      2.0,
      0.0
    ],
    [
      0.0,
      0.0,
      15.0,
      982.0,
      0.0,
      3.0,
      0.0,
      7.0,
      3.0,
      0.0
    ],
    [
      1.0,
      2.0,
      4.0,
      0.0,
      948.0,
      0.0,
      10.0,
      1.0,
      3.0,
      13.0
    ],
    [
      2.0,
      0.0,
      0.0,
      23.0,
      1.0,
      856.0,
      5.0,
      0.0,
      4.0,
      1.0
    ],
    [
      4.0,
      3.0,
      0.0,
      0.0,
      2.0,
      5.0,
      939.0,
      0.0,
      5.0,
      0.0
    ],
    [
      0.0,
      10.0,
      14.0,
      2.0,
      1.0,
      1.0,
      1.0,
      992.0,
      1.0,
      6.0
    ],
    [
      3.0,
      1.0,
      11.0,
      6.0,
      5.0,
      4.0,
      3.0,
      4.0,
      933.0,
      4.0
    ],
    [
      3.0,
      7.0,
      0.0,
      6.0,
      11.0,
      9.0,
      1.0,
      4.0,
      5.0,
      963.0
    ]
  ],
  "classRecall": [
    0.9765306115150452,
    0.9903083443641663,
    0.9864341020584106,
    0.9722772240638733,
    0.9653767943382263,
    0.9596412777900696,
    0.980167031288147,
    0.9649805426597595,
    0.9579055309295654,
    0.9544103145599365
  ],
  "classPrecision": [
    0.9845678806304932,
    0.9765421152114868,
    0.9531835317611694,
    0.9608610272407532,
    0.9783281683921814,
    0.9661399722099304,
    0.9690402746200562,
    0.974459707736969,
    0.9739039540290833,
    0.975683867931366
  ],
  "classes": [
    0,
    1,
    2,
    3,
    4,
    5,
    6,
    7,
    8,
    9
  ]
}