{
  "name": "model",
  "metrics": {
    "train_loss": [
      0.1593506600954945,
      0.10652281035850115,
      0.08414366977483528,
      0.07887046157616363,
      0.060551285805507296
    ],
    "train_accuracy": [
      0.9535185185185185,
      0.9698888888888889,
      0.9754814814814815,
      0.9766851851851852,
      0.9822222222222222
    ],
    "val_loss": [
      0.1699658935057356,
      0.12288936314747688,
      0.09858120086186743,
      0.10216155521413113,
      0.08304294519760508
    ],
    "val_accuracy": [
      0.9501666666666667,
      0.9663333333333334,
      0.9718333333333333,
      0.9698333333333333,
      0.9748333333333333
    ]
  },
  "accuracy": 0.978,
  "confusion": [
    [
      973.0,
      1.0,
      1.0,
      1.0,
      0.0,
      0.0,
      1.0,
      1.0,
      2.0,
      0.0
    ],
    [
      0.0,
      1127.0,
      2.0,
      1.0,
      0.0,
      1.0,
      1.0,
      0.0,
      3.0,
      0.0
    ],
    [
      3.0,
      0.0,
      1013.0,
      4.0,
      1.0,
      0.0,
      1.0,
      7.0,
      3.0,
      0.0
    ],
    [
      0.0,
      0.0,
      3.0,
      990.0,
      0.0,
      4.0,
      0.0,
      8.0,
      5.0,
      0.0
    ],
    [
      0.0,
      2.0,
      3.0,
      0.0,
      964.0,
      0.0,
      5.0,
      1.0,
      1.0,
      6.0
    ],
    [
      3.0,
      0.0,
      0.0,
      7.0,
      0.0,
      870.0,
      3.0,
      1.0,
      6.0,
      2.0
    ],
    [
      4.0,
      3.0,
      0.0,
      1.0,
      7.0,
      6.0,
      931.0,
      0.0,
      6.0,
      0.0
    ],
    [
      3.0,
      6.0,
      9.0,
      1.0,
      3.0,
      0.0,
      0.0,
      999.0,
      2.0,
      5.0
    ],
    [
      0.0,
      1.0,
      2.0,
      4.0,
      4.0,
      4.0,
      1.0,
      3.0,
      953.0,
      2.0
    ],
    [
      3.0,
      6.0,
      0.0,
      11.0,
      13.0,
      5.0,
      0.0,
      4.0,
      7.0,
      960.0
    ]
  ],
  "classRecall": [
    0.9928571581840515,
    0.992951512336731,
    0.981589138507843,
    0.9801980257034302,
    0.981670081615448,
    0.9753363132476807,
    0.9718163013458252,
    0.9717898964881897,
    0.978439450263977,
    0.9514370560646057
  ],
  "classPrecision": [
    0.9838220477104187,
    0.9834206104278564,
    0.9806389212608337,
    0.970588207244873,
    0.9717742204666138,
    0.9775280952453613,
    0.9872746467590332,
    0.9755859375,
    0.9645748734474182,
    0.9846153855323792
  ],
  "classes": [
    0,
    1,
    2,
    3,
    4,
    5,
    6,
    7,
    8,
    9
  ]
}