{
  "name": "model",
  "metrics": {
    "train_loss": [
      1.3847189908000557,
      0.9506624517115679,
      0.7726616000925953,
      0.7152315318923105,
      0.5862417977133935,
      0.6028758854689923,
      0.6162224813279781,
      0.48916424870152364,
      0.49694092343138024,
      0.40082930629564956,
      0.5217876187949018,
      0.3736897139090367
    ],
    "train_accuracy": [
      0.4898888888888889,
      0.6550444444444444,
      0.7267111111111111,
      0.7399555555555556,
      0.7936888888888889,
      0.7946444444444445,
      0.7961111111111111,
      0.8428222222222223,
      0.8435555555555555,
      0.8743555555555556,
      0.8575777777777778,
      0.8875555555555555
    ],
    "val_loss": [
      1.3814451813697814,
      0.9967802777886391,
      0.8410300642251969,
      0.8162891540676356,
      0.7535082481801509,
      0.8540023922920227,
      0.8696164727210999,
      0.8558760493993759,
      0.9105479203164577,
      0.884409262239933,
      1.0816513255238533,
      0.9765675961971283
    ],
    "val_accuracy": [
      0.4842,
      0.634,
      0.6932,
      0.6972,
      0.7462,
      0.744,
      0.7372,
      0.7648,
      0.7612,
      0.7808,
      0.7688,
      0.7766
    ]
  },
  "accuracy": 0.7753,
  "confusion": [
    [
      329.0,
      31.0,
      277.0,
      33.0,
      30.0,
      10.0,
      16.0,
      35.0,
      73.0,
      166.0
    ],
    [
      0.0,
      946.0,
      1.0,
      4.0,
      1.0,
      2.0,
      2.0,
      2.0,
      8.0,
      34.0
    ],
    [
      3.0,
      8.0,
      734.0,
      36.0,
      57.0,
      90.0,
      29.0,
      35.0,
      2.0,
      6.0
    ],
    [
      1.0,
      8.0,
      44.0,
      661.0,
      30.0,
      180.0,
      35.0,
      30.0,
      2.0,
      9.0
    ],
    [
      0.0,
      3.0,
      38.0,
      64.0,
      760.0,
      39.0,
      24.0,
      69.0,
      2.0,
      1.0
    ],
    [
      1.0,
      3.0,
      9.0,
      96.0,
      22.0,
      827.0,
      9.0,
      29.0,
      0.0,
      4.0
    ],
    [
      0.0,
      6.0,
      37.0,
      36.0,
      30.0,
      19.0,
      863.0,
      5.0,
      1.0,
      3.0
    ],
    [
      1.0,
      7.0,
      6.0,
      22.0,
      20.0,
      46.0,
      3.0,
      888.0,
      1.0,
      6.0
    ],
    [
      2.0,
      28.0,
      19.0,
      11.0,
      4.0,
      6.0,
      7.0,
      7.0,
      852.0,
      64.0
    ],
    [
      0.0,
      68.0,
      5.0,
      1.0,
      6.0,
      5.0,
      6.0,
      10.0,
      6.0,
      893.0
    ]
  ],
  "classRecall": [
    0.32899999618530273,
    0.9459999799728394,
    0.734000027179718,
    0.6610000133514404,
    0.7599999904632568,
    0.8270000219345093,
    0.8629999756813049,
    0.8880000114440918,
    0.8519999980926514,
    0.8930000066757202
  ],
  "classPrecision": [
    0.9762611389160156,
    0.8537906408309937,
    0.6273504495620728,
    0.6856846213340759,
    0.7916666865348816,
    0.6756535768508911,
    0.8682092428207397,
    0.800000011920929,
    0.8996832370758057,
    0.7529510855674744
  ],
  "classes": [
    "plane",
    "car",
    "bird",
    "cat",
    "deer",
    "dog",
    "frog",
    "horse",
    "ship",
    "truck"
  ]
}