{
  "name": "model",
  "metrics": {
    "train_loss": [
      1.4979309012944049,
      1.1323036399077286,
      1.0849562844430858,
      0.8940876730802384,
      0.9408215965059671,
      0.8246308590539477,
      0.8259687000377611,
      0.7040612775493752,
      0.7368622780354186,
      0.7112337095154957,
      0.7647546931931918,
      0.5553266798484732
    ],
    "train_accuracy": [
      0.4610444444444444,
      0.5970444444444445,
      0.6653111111111111,
      0.7186222222222223,
      0.7402,
      0.7646888888888889,
      0.7879777777777778,
      0.8131111111111111,
      0.8208444444444445,
      0.8307777777777777,
      0.842,
      0.8792888888888889
    ],
    "val_loss": [
      1.5168888211250304,
      1.1651193052530289,
      1.1471164599061012,
      0.9979122459888459,
      1.1150943100452424,
      1.0456775352358818,
      1.118603979051113,
      1.0945422947406769,
      1.161306206882,
      1.1663112645968794,
      1.4880011916160583,
      1.2057290539145469
    ],
    "val_accuracy": [
      0.4484,
      0.5834,
      0.6452,
      0.686,
      0.7066,
      0.7198,
      0.7312,
      0.7468,
      0.7414,
      0.7502,
      0.7506,
      0.7738
    ]
  },
  "accuracy": 0.7649,
  "confusion": [
    [
      143.0,
      31.0,
      414.0,
      29.0,
      27.0,
      6.0,
      19.0,
      23.0,
      211.0,
      97.0
    ],
    [
      0.0,
      926.0,
      3.0,
      2.0,
      1.0,
      0.0,
      9.0,
      0.0,
      15.0,
      44.0
    ],
    [
      0.0,
      2.0,
      795.0,
      30.0,
      52.0,
      44.0,
      55.0,
      11.0,
      7.0,
      4.0
    ],
    [
      0.0,
      3.0,
      62.0,
      665.0,
      33.0,
      144.0,
      46.0,
      33.0,
      5.0,
      9.0
    ],
    [
      1.0,
      3.0,
      44.0,
      55.0,
      792.0,
      41.0,
      29.0,
      29.0,
      6.0,
      0.0
    ],
    [
      0.0,
      2.0,
      26.0,
      106.0,
      22.0,
      802.0,
      8.0,
      28.0,
      3.0,
      3.0
    ],
    [
      0.0,
      2.0,
      31.0,
      69.0,
      18.0,
      20.0,
      850.0,
      2.0,
      6.0,
      2.0
    ],
    [
      1.0,
      2.0,
      31.0,
      18.0,
      32.0,
      38.0,
      2.0,
      867.0,
      0.0,
      9.0
    ],
    [
      0.0,
      21.0,
      20.0,
      8.0,
      0.0,
      2.0,
      9.0,
      4.0,
      919.0,
      17.0
    ],
    [
      0.0,
      69.0,
      6.0,
      4.0,
      2.0,
      1.0,
      7.0,
      3.0,
      18.0,
      890.0
    ]
  ],
  "classRecall": [
    0.14300000667572021,
    0.9259999990463257,
    0.7950000166893005,
    0.6650000214576721,
    0.7919999957084656,
    0.8019999861717224,
    0.8500000238418579,
    0.8669999837875366,
    0.9190000295639038,
    0.8899999856948853
  ],
  "classPrecision": [
    0.9862068891525269,
    0.8727615475654602,
    0.5551676154136658,
    0.6744421720504761,
    0.8089887499809265,
    0.7304189205169678,
    0.8220502734184265,
    0.8669999837875366,
    0.7722688913345337,
    0.8279069662094116
  ],
  "classes": [
    "plane",
    "car",
    "bird",
    "cat",
    "deer",
    "dog",
    "frog",
    "horse",
    "ship",
    "truck"
  ]
}