{
  "name": "model",
  "metrics": {
    "train_loss": [
      1.3968167264353146,
      1.010816584595225,
      0.8095092024992813,
      0.6460793922570619,
      0.5310011207210746,
      0.4582871049642563,
      0.4667935646562414,
      0.4320609174584123,
      0.43893649556081404,
      0.3723041931251911,
      0.39515628487887705,
      0.2243188577069139
    ],
    "train_accuracy": [
      0.49695555555555554,
      0.6388888888888888,
      0.7186444444444444,
      0.77,
      0.8115777777777777,
      0.8379777777777778,
      0.8302888888888889,
      0.8452888888888889,
      0.8462222222222222,
      0.8606888888888888,
      0.8646,
      0.9191555555555555
    ],
    "val_loss": [
      1.4097716450691222,
      1.077644480764866,
      0.896459250152111,
      0.7546835713088512,
      0.6832439616322518,
      0.636671033501625,
      0.751896046847105,
      0.7645263195037841,
      0.7976512679830193,
      0.747404670342803,
      0.9743529483675957,
      0.8158118644758361
    ],
    "val_accuracy": [
      0.4868,
      0.6128,
      0.683,
      0.7266,
      0.7608,
      0.7776,
      0.7558,
      0.7644,
      0.7596,
      0.769,
      0.7672,
      0.7944
    ]
  },
  "accuracy": 0.7891,
  "confusion": [
    [
      634.0,
      20.0,
      84.0,
      18.0,
      29.0,
      21.0,
      5.0,
      37.0,
      109.0,
      43.0
    ],
    [
      2.0,
      927.0,
      1.0,
      1.0,
      3.0,
      10.0,
      1.0,
      3.0,
      15.0,
      37.0
    ],
    [
      15.0,
      3.0,
      657.0,
      35.0,
      81.0,
      137.0,
      19.0,
      34.0,
      15.0,
      4.0
    ],
    [
      3.0,
      2.0,
      30.0,
      544.0,
      50.0,
      284.0,
      23.0,
      46.0,
      7.0,
      11.0
    ],
    [
      2.0,
      1.0,
      22.0,
      52.0,
      819.0,
      44.0,
      12.0,
      41.0,
      4.0,
      3.0
    ],
    [
      3.0,
      1.0,
      9.0,
      52.0,
      26.0,
      873.0,
      4.0,
      30.0,
      1.0,
      1.0
    ],
    [
      0.0,
      2.0,
      54.0,
      72.0,
      56.0,
      33.0,
      767.0,
      8.0,
      5.0,
      3.0
    ],
    [
      4.0,
      0.0,
      9.0,
      4.0,
      39.0,
      70.0,
      0.0,
      871.0,
      1.0,
      2.0
    ],
    [
      9.0,
      20.0,
      6.0,
      6.0,
      3.0,
      11.0,
      4.0,
      6.0,
      916.0,
      19.0
    ],
    [
      6.0,
      68.0,
      3.0,
      3.0,
      4.0,
      7.0,
      1.0,
      13.0,
      12.0,
      883.0
    ]
  ],
  "classRecall": [
    0.6340000033378601,
    0.9269999861717224,
    0.6570000052452087,
    0.5440000295639038,
    0.8190000057220459,
    0.8730000257492065,
    0.7670000195503235,
    0.8709999918937683,
    0.9160000085830688,
    0.8830000162124634
  ],
  "classPrecision": [
    0.9351032376289368,
    0.8879310488700867,
    0.7508571147918701,
    0.6912325024604797,
    0.7378378510475159,
    0.5859060287475586,
    0.9174641370773315,
    0.799816370010376,
    0.8442396521568298,
    0.877733588218689
  ],
  "classes": [
    "plane",
    "car",
    "bird",
    "cat",
    "deer",
    "dog",
    "frog",
    "horse",
    "ship",
    "truck"
  ]
}