{
  "name": "model",
  "metrics": {
    "train_loss": [
      1.4262077943845228,
      1.1098637348887594,
      0.9402755363421007,
      0.8648842251436277,
      0.7967857231640003,
      0.6618628961626779,
      0.5620520034889606,
      0.5907935804941438,
      0.6090346763587811,
      0.6752875702116977,
      0.5899096722291275,
      0.733557063747536
    ],
    "train_accuracy": [
      0.4686666666666667,
      0.5901111111111111,
      0.6936222222222223,
      0.7221111111111111,
      0.7547555555555555,
      0.7919555555555555,
      0.8275555555555556,
      0.8220666666666666,
      0.8370666666666666,
      0.8405777777777778,
      0.8692444444444445,
      0.8520666666666666
    ],
    "val_loss": [
      1.438381654024124,
      1.1408367201685905,
      1.000760916620493,
      0.9742869794368744,
      0.9601221457123756,
      0.9063751071691513,
      0.8321930915117264,
      1.0147906735539436,
      1.035714642703533,
      1.1271794534288346,
      1.2182787641882897,
      1.4371438965201377
    ],
    "val_accuracy": [
      0.4576,
      0.5736,
      0.6698,
      0.687,
      0.7124,
      0.7348,
      0.7612,
      0.7378,
      0.7528,
      0.7498,
      0.7678,
      0.7468
    ]
  },
  "accuracy": 0.7543,
  "confusion": [
    [
      121.0,
      13.0,
      432.0,
      34.0,
      23.0,
      9.0,
      2.0,
      31.0,
      191.0,
      144.0
    ],
    [
      1.0,
      877.0,
      7.0,
      1.0,
      2.0,
      3.0,
      1.0,
      3.0,
      14.0,
      91.0
    ],
    [
      0.0,
      0.0,
      849.0,
      14.0,
      42.0,
      39.0,
      18.0,
      28.0,
      7.0,
      3.0
    ],
    [
      0.0,
      0.0,
      96.0,
      516.0,
      42.0,
      234.0,
      52.0,
      49.0,
      7.0,
      4.0
    ],
    [
      0.0,
      0.0,
      84.0,
      24.0,
      782.0,
      27.0,
      22.0,
      57.0,
      3.0,
      1.0
    ],
    [
      0.0,
      0.0,
      62.0,
      43.0,
      22.0,
      798.0,
      13.0,
      60.0,
      0.0,
      2.0
    ],
    [
      0.0,
      1.0,
      73.0,
      21.0,
      18.0,
      20.0,
      852.0,
      10.0,
      2.0,
      3.0
    ],
    [
      0.0,
      1.0,
      26.0,
      5.0,
      23.0,
      30.0,
      2.0,
      907.0,
      0.0,
      6.0
    ],
    [
      0.0,
      17.0,
      18.0,
      7.0,
      3.0,
      3.0,
      1.0,
      9.0,
      904.0,
      38.0
    ],
    [
      0.0,
      26.0,
      11.0,
      4.0,
      1.0,
      2.0,
      3.0,
      8.0,
      8.0,
      937.0
    ]
  ],
  "classRecall": [
    0.12099999934434891,
    0.8769999742507935,
    0.8489999771118164,
    0.515999972820282,
    0.7820000052452087,
    0.7979999780654907,
    0.8519999980926514,
    0.9070000052452087,
    0.9039999842643738,
    0.9369999766349792
  ],
  "classPrecision": [
    0.9918032884597778,
    0.9379678964614868,
    0.5120627284049988,
    0.7713004350662231,
    0.8162839412689209,
    0.6849785447120667,
    0.8819875717163086,
    0.7805507779121399,
    0.7957746386528015,
    0.762408435344696
  ],
  "classes": [
    "plane",
    "car",
    "bird",
    "cat",
    "deer",
    "dog",
    "frog",
    "horse",
    "ship",
    "truck"
  ]
}