{
  "name": "model",
  "metrics": {
    "train_loss": [
      0.1573542535693442,
      0.10637936549552526,
      0.08749263131024396,
      0.0788424954268534,
      0.0668712108822482
    ],
    "train_accuracy": [
      0.9541296296296297,
      0.9700740740740741,
      0.9738333333333333,
      0.977,
      0.9801851851851852
    ],
    "val_loss": [
      0.16489326636841956,
      0.1197268063242131,
      0.10813861138167534,
      0.10253032851726451,
      0.10574432264300103
    ],
    "val_accuracy": [
      0.9526666666666667,
      0.9625,
      0.9683333333333334,
      0.97,
      0.969
    ]
  },
  "accuracy": 0.9729,
  "confusion": [
    [
      955.0,
      0.0,
      1.0,
      0.0,
      0.0,
      6.0,
      10.0,
      4.0,
      3.0,
      1.0
    ],
    [
      0.0,
      1124.0,
      3.0,
      1.0,
      0.0,
      2.0,
      3.0,
      0.0,
      2.0,
      0.0
    ],
    [
      3.0,
      3.0,
      1006.0,
      1.0,
      2.0,
      1.0,
      2.0,
      7.0,
      6.0,
      1.0
    ],
    [
      0.0,
      0.0,
      3.0,
      968.0,
      0.0,
      25.0,
      0.0,
      8.0,
      3.0,
      3.0
    ],
    [
      1.0,
      0.0,
      2.0,
      0.0,
      948.0,
      0.0,
      7.0,
      0.0,
      1.0,
      23.0
    ],
    [
      1.0,
      0.0,
      0.0,
      2.0,
      0.0,
      879.0,
      3.0,
      3.0,
      2.0,
      2.0
    ],
    [
      3.0,
      2.0,
      0.0,
      0.0,
      2.0,
      9.0,
      938.0,
      0.0,
      4.0,
      0.0
    ],
    [
      0.0,
      7.0,
      9.0,
      0.0,
      2.0,
      0.0,
      0.0,
      1002.0,
      1.0,
      7.0
    ],
    [
      1.0,
      1.0,
      3.0,
      5.0,
      3.0,
      10.0,
      2.0,
      4.0,
      940.0,
      5.0
    ],
    [
      3.0,
      3.0,
      0.0,
      3.0,
      10.0,
      9.0,
      1.0,
      8.0,
      3.0,
      969.0
    ]
  ],
  "classRecall": [
    0.9744898080825806,
    0.9903083443641663,
    0.9748061895370483,
    0.9584158658981323,
    0.9653767943382263,
    0.9854260087013245,
    0.9791231751441956,
    0.9747081995010376,
    0.9650924205780029,
    0.9603567719459534
  ],
  "classPrecision": [
    0.987590491771698,
    0.9859648942947388,
    0.9795520901679993,
    0.9877551198005676,
    0.9803516268730164,
    0.9341126680374146,
    0.9710144996643066,
    0.9671814441680908,
    0.9740932583808899,
    0.9584569931030273
  ],
  "classes": [
    0,
    1,
    2,
    3,
    4,
    5,
    6,
    7,
    8,
    9
  ]
}