{
  "name": "model",
  "metrics": {
    "train_loss": [
      1.371546346694231,
      1.0439501496201211,
      0.8299242327497764,
      0.8324109149927442,
      0.644944947636263,
      0.4906467535448345,
      0.483856252563948,
      0.39655030027709226,
      0.33827768215401605,
      0.3145926954986697,
      0.2735796811863441,
      0.3420842852104794
    ],
    "train_accuracy": [
      0.5017111111111111,
      0.6178444444444444,
      0.7038888888888889,
      0.7102,
      0.7812,
      0.8301333333333333,
      0.8305333333333333,
      0.8570222222222222,
      0.8859333333333334,
      0.8876444444444445,
      0.9090444444444444,
      0.8884888888888889
    ],
    "val_loss": [
      1.3644905164837837,
      1.0905508771538734,
      0.8925862789154053,
      0.9449637681245804,
      0.8118852846324444,
      0.6954931348562241,
      0.7521948054432869,
      0.7275005504488945,
      0.731976880133152,
      0.790633425861597,
      0.7987567655742168,
      0.9371484450995922
    ],
    "val_accuracy": [
      0.4884,
      0.5968,
      0.677,
      0.6884,
      0.7364,
      0.7714,
      0.7584,
      0.776,
      0.7868,
      0.7878,
      0.7998,
      0.7738
    ]
  },
  "accuracy": 0.7694,
  "confusion": [
    [
      411.0,
      29.0,
      198.0,
      93.0,
      16.0,
      18.0,
      7.0,
      6.0,
      207.0,
      15.0
    ],
    [
      0.0,
      948.0,
      7.0,
      6.0,
      0.0,
      8.0,
      2.0,
      0.0,
      20.0,
      9.0
    ],
    [
      3.0,
      0.0,
      727.0,
      67.0,
      41.0,
      79.0,
      60.0,
      13.0,
      9.0,
      1.0
    ],
    [
      1.0,
      6.0,
      34.0,
      706.0,
      18.0,
      176.0,
      36.0,
      11.0,
      11.0,
      1.0
    ],
    [
      0.0,
      0.0,
      36.0,
      81.0,
      768.0,
      34.0,
      51.0,
      22.0,
      7.0,
      1.0
    ],
    [
      0.0,
      0.0,
      15.0,
      116.0,
      17.0,
      833.0,
      4.0,
      11.0,
      4.0,
      0.0
    ],
    [
      0.0,
      3.0,
      25.0,
      63.0,
      9.0,
      33.0,
      858.0,
      2.0,
      6.0,
      1.0
    ],
    [
      5.0,
      1.0,
      25.0,
      38.0,
      54.0,
      130.0,
      1.0,
      741.0,
      2.0,
      3.0
    ],
    [
      5.0,
      12.0,
      16.0,
      14.0,
      0.0,
      10.0,
      2.0,
      0.0,
      935.0,
      6.0
    ],
    [
      2.0,
      150.0,
      4.0,
      6.0,
      1.0,
      23.0,
      2.0,
      2.0,
      43.0,
      767.0
    ]
  ],
  "classRecall": [
    0.41100001335144043,
    0.9480000138282776,
    0.7269999980926514,
    0.7059999704360962,
    0.7680000066757202,
    0.8330000042915344,
    0.8579999804496765,
    0.7409999966621399,
    0.9350000023841858,
    0.7670000195503235
  ],
  "classPrecision": [
    0.9625293016433716,
    0.8250652551651001,
    0.6688132286071777,
    0.5932773351669312,
    0.8311688303947449,
    0.6197916865348816,
    0.8387096524238586,
    0.9170792102813721,
    0.7516077160835266,
    0.9539800882339478
  ],
  "classes": [
    "plane",
    "car",
    "bird",
    "cat",
    "deer",
    "dog",
    "frog",
    "horse",
    "ship",
    "truck"
  ]
}