{
  "name": "model",
  "metrics": {
    "train_loss": [
      0.17065588128421968,
      0.12114421028414327,
      0.09579953246405658,
      0.07857448414687544,
      0.06813119675178451
    ],
    "train_accuracy": [
      0.9503888888888888,
      0.9647222222222223,
      0.9718333333333333,
      0.9773888888888889,
      0.9802037037037037
    ],
    "val_loss": [
      0.18432017067011366,
      0.1385086421319779,
      0.1275301514629354,
      0.10802384331188303,
      0.10452218322043723
    ],
    "val_accuracy": [
      0.9491666666666667,
      0.9581666666666667,
      0.9638333333333333,
      0.97,
      0.972
    ]
  },
  "accuracy": 0.9728,
  "confusion": [
    [
      956.0,
      0.0,
      2.0,
      0.0,
      0.0,
      6.0,
      6.0,
      5.0,
      2.0,
      3.0
    ],
    [
      0.0,
      1124.0,
      3.0,
      4.0,
      0.0,
      1.0,
      2.0,
      0.0,
      1.0,
      0.0
    ],
    [
      1.0,
      2.0,
      997.0,
      5.0,
      1.0,
      0.0,
      1.0,
      20.0,
      5.0,
      0.0
    ],
    [
      0.0,
      0.0,
      5.0,
      982.0,
      0.0,
      7.0,
      0.0,
      11.0,
      4.0,
      1.0
    ],
    [
      0.0,
      0.0,
      4.0,
      0.0,
      958.0,
      0.0,
      7.0,
      2.0,
      0.0,
      11.0
    ],
    [
      2.0,
      0.0,
      0.0,
      4.0,
      1.0,
      871.0,
      7.0,
      1.0,
      4.0,
      2.0
    ],
    [
      1.0,
      3.0,
      0.0,
      0.0,
      6.0,
      3.0,
      941.0,
      0.0,
      4.0,
      0.0
    ],
    [
      0.0,
      6.0,
      4.0,
      1.0,
      1.0,
      0.0,
      0.0,
      1014.0,
      0.0,
      2.0
    ],
    [
      1.0,
      2.0,
      2.0,
      12.0,
      4.0,
      6.0,
      2.0,
      12.0,
      930.0,
      3.0
    ],
    [
      3.0,
      5.0,
      0.0,
      11.0,
      14.0,
      4.0,
      0.0,
      14.0,
      3.0,
      955.0
    ]
  ],
  "classRecall": [
    0.9755101799964905,
    0.9903083443641663,
    0.9660852551460266,
    0.9722772240638733,
    0.9755600690841675,
    0.976457417011261,
    0.982254683971405,
    0.9863813519477844,
    0.9548254609107971,
    0.9464816451072693
  ],
  "classPrecision": [
    0.9917012453079224,
    0.9842382073402405,
    0.9803343415260315,
    0.9636898636817932,
    0.972588837146759,
    0.9699332118034363,
    0.9741200804710388,
    0.9397590160369873,
    0.9758656620979309,
    0.9774820804595947
  ],
  "classes": [
    0,
    1,
    2,
    3,
    4,
    5,
    6,
    7,
    8,
    9
  ]
}