{
  "name": "model",
  "metrics": {
    "train_loss": [
      0.15719135802998363,
      0.10942050169323575,
      0.09505691863728855,
      0.07911559290548353,
      0.07132133573042096
    ],
    "train_accuracy": [
      0.9549444444444445,
      0.968574074074074,
      0.9728333333333333,
      0.9780925925925926,
      0.9793333333333333
    ],
    "val_loss": [
      0.16346066080509347,
      0.12190794556381855,
      0.11676138908939158,
      0.10472438959999288,
      0.10207048074362125
    ],
    "val_accuracy": [
      0.952,
      0.9625,
      0.9668333333333333,
      0.9718333333333333,
      0.9703333333333334
    ]
  },
  "accuracy": 0.9712,
  "confusion": [
    [
      968.0,
      0.0,
      0.0,
      3.0,
      0.0,
      0.0,
      4.0,
      3.0,
      2.0,
      0.0
    ],
    [
      0.0,
      1127.0,
      3.0,
      2.0,
      0.0,
      0.0,
      1.0,
      0.0,
      2.0,
      0.0
    ],
    [
      3.0,
      1.0,
      1009.0,
      5.0,
      1.0,
      0.0,
      1.0,
      11.0,
      1.0,
      0.0
    ],
    [
      0.0,
      0.0,
      1.0,
      997.0,
      0.0,
      0.0,
      0.0,
      6.0,
      2.0,
      4.0
    ],
    [
      1.0,
      0.0,
      7.0,
      0.0,
      960.0,
      0.0,
      3.0,
      2.0,
      1.0,
      8.0
    ],
    [
      2.0,
      2.0,
      0.0,
      48.0,
      1.0,
      827.0,
      4.0,
      2.0,
      5.0,
      1.0
    ],
    [
      6.0,
      3.0,
      2.0,
      1.0,
      6.0,
      2.0,
      934.0,
      0.0,
      4.0,
      0.0
    ],
    [
      0.0,
      7.0,
      12.0,
      1.0,
      0.0,
      0.0,
      0.0,
      1001.0,
      1.0,
      6.0
    ],
    [
      1.0,
      4.0,
      6.0,
      14.0,
      4.0,
      6.0,
      2.0,
      4.0,
      927.0,
      6.0
    ],
    [
      4.0,
      7.0,
      0.0,
      10.0,
      14.0,
      1.0,
      0.0,
      9.0,
      2.0,
      962.0
    ]
  ],
  "classRecall": [
    0.9877551198005676,
    0.992951512336731,
    0.9777131676673889,
    0.987128734588623,
    0.9775967597961426,
    0.9271300435066223,
    0.9749478101730347,
    0.9737353920936584,
    0.9517453908920288,
    0.9534192085266113
  ],
  "classPrecision": [
    0.982741117477417,
    0.9791485667228699,
    0.9701923131942749,
    0.9222941994667053,
    0.9736308455467224,
    0.989234447479248,
    0.9841938614845276,
    0.9643545150756836,
    0.9788807034492493,
    0.9746707081794739
  ],
  "classes": [
    0,
    1,
    2,
    3,
    4,
    5,
    6,
    7,
    8,
    9
  ]
}