{
  "name": "model",
  "metrics": {
    "train_loss": [
      1.4310923239046878,
      1.2525651912120255,
      0.9423281565647234,
      0.7785747814923525,
      0.7079262563281439,
      0.5636375771666114,
      0.5450672748583284,
      0.4928401590917598,
      0.4492175140502778,
      0.421604298859496,
      0.49267882316119294,
      0.41602011190050026
    ],
    "train_accuracy": [
      0.4654888888888889,
      0.5705555555555556,
      0.6769555555555555,
      0.7412666666666666,
      0.7712444444444444,
      0.8223555555555555,
      0.8319555555555556,
      0.8457111111111111,
      0.8638222222222223,
      0.8669555555555556,
      0.8838222222222222,
      0.8904444444444445
    ],
    "val_loss": [
      1.4785270005464555,
      1.2870043903589248,
      1.0151410460472108,
      0.9201166570186615,
      0.8868450865149498,
      0.797658056113869,
      0.8664710223674774,
      0.8356512481346726,
      0.918319721519947,
      0.91326352506876,
      1.1560248017311097,
      1.2197029903531074
    ],
    "val_accuracy": [
      0.4452,
      0.5536,
      0.6518,
      0.7056,
      0.7316,
      0.7616,
      0.7686,
      0.7668,
      0.7794,
      0.7788,
      0.78,
      0.7762
    ]
  },
  "accuracy": 0.7803,
  "confusion": [
    [
      344.0,
      56.0,
      226.0,
      40.0,
      26.0,
      18.0,
      6.0,
      24.0,
      139.0,
      121.0
    ],
    [
      1.0,
      940.0,
      2.0,
      2.0,
      2.0,
      0.0,
      3.0,
      1.0,
      7.0,
      42.0
    ],
    [
      1.0,
      4.0,
      732.0,
      41.0,
      38.0,
      66.0,
      82.0,
      20.0,
      7.0,
      9.0
    ],
    [
      0.0,
      10.0,
      30.0,
      694.0,
      26.0,
      121.0,
      79.0,
      18.0,
      10.0,
      12.0
    ],
    [
      1.0,
      6.0,
      41.0,
      50.0,
      772.0,
      19.0,
      74.0,
      32.0,
      4.0,
      1.0
    ],
    [
      0.0,
      4.0,
      23.0,
      144.0,
      32.0,
      741.0,
      22.0,
      26.0,
      1.0,
      7.0
    ],
    [
      0.0,
      3.0,
      18.0,
      31.0,
      9.0,
      15.0,
      918.0,
      0.0,
      1.0,
      5.0
    ],
    [
      0.0,
      5.0,
      21.0,
      52.0,
      27.0,
      30.0,
      6.0,
      845.0,
      3.0,
      11.0
    ],
    [
      2.0,
      45.0,
      11.0,
      13.0,
      2.0,
      3.0,
      4.0,
      3.0,
      895.0,
      22.0
    ],
    [
      0.0,
      50.0,
      2.0,
      3.0,
      0.0,
      3.0,
      4.0,
      5.0,
      11.0,
      922.0
    ]
  ],
  "classRecall": [
    0.3440000116825104,
    0.9399999976158142,
    0.7319999933242798,
    0.6940000057220459,
    0.7720000147819519,
    0.7409999966621399,
    0.9179999828338623,
    0.8450000286102295,
    0.8949999809265137,
    0.921999990940094
  ],
  "classPrecision": [
    0.9856733679771423,
    0.8370436429977417,
    0.6618444919586182,
    0.6485981345176697,
    0.8265524506568909,
    0.7293307185173035,
    0.7662771344184875,
    0.8675564527511597,
    0.8302412033081055,
    0.8003472089767456
  ],
  "classes": [
    "plane",
    "car",
    "bird",
    "cat",
    "deer",
    "dog",
    "frog",
    "horse",
    "ship",
    "truck"
  ]
}