{
  "name": "act",
  "metrics": {
    "train_loss": [
      2.302718577737158,
      2.3028385388580235,
      2.3028183579444885,
      2.3028598224574868,
      2.302835326303135,
      2.3028483749790625,
      2.3027930564501067,
      2.3027961680834945,
      2.3027838610789995,
      2.302799369123849,
      2.302835493602536,
      2.302836513654752
    ],
    "train_accuracy": [
      0.0996,
      0.0996,
      0.0996,
      0.0996,
      0.0996,
      0.0996,
      0.0996,
      0.0996,
      0.0996,
      0.0996,
      0.0996,
      0.0996
    ],
    "val_loss": [
      2.302630716562271,
      2.3029833853244783,
      2.303004091978073,
      2.3032450675964355,
      2.3030266225337983,
      2.3029903173446655,
      2.3027699828147887,
      2.303152310848236,
      2.3028141260147095,
      2.3025837182998656,
      2.302752560377121,
      2.3029439628124235
    ],
    "val_accuracy": [
      0.1036,
      0.1036,
      0.1036,
      0.1036,
      0.1036,
      0.1036,
      0.1036,
      0.1036,
      0.1036,
      0.1036,
      0.1036,
      0.1036
    ]
  },
  "accuracy": 0.1,
  "confusion": [
    [
      0.0,
      0.0,
      0.0,
      0.0,
      1000.0,
      0.0,
      0.0,
      0.0,
      0.0,
      0.0
    ],
    [
      0.0,
      0.0,
      0.0,
      0.0,
      1000.0,
      0.0,
      0.0,
      0.0,
      0.0,
      0.0
    ],
    [
      0.0,
      0.0,
      0.0,
      0.0,
      1000.0,
      0.0,
      0.0,
      0.0,
      0.0,
      0.0
    ],
    [
      0.0,
      0.0,
      0.0,
      0.0,
      1000.0,
      0.0,
      0.0,
      0.0,
      0.0,
      0.0
    ],
    [
      0.0,
      0.0,
      0.0,
      0.0,
      1000.0,
      0.0,
      0.0,
      0.0,
      0.0,
      0.0
    ],
    [
      0.0,
      0.0,
      0.0,
      0.0,
      1000.0,
      0.0,
      0.0,
      0.0,
      0.0,
      0.0
    ],
    [
      0.0,
      0.0,
      0.0,
      0.0,
      1000.0,
      0.0,
      0.0,
      0.0,
      0.0,
      0.0
    ],
    [
      0.0,
      0.0,
      0.0,
      0.0,
      1000.0,
      0.0,
      0.0,
      0.0,
      0.0,
      0.0
    ],
    [
      0.0,
      0.0,
      0.0,
      0.0,
      1000.0,
      0.0,
      0.0,
      0.0,
      0.0,
      0.0
    ],
    [
      0.0,
      0.0,
      0.0,
      0.0,
      1000.0,
      0.0,
      0.0,
      0.0,
      0.0,
      0.0
    ]
  ],
  "classRecall": [
    0.0,
    0.0,
    0.0,
    0.0,
    1.0,
    0.0,
    0.0,
    0.0,
    0.0,
    0.0
  ],
  "classPrecision": [
    NaN,
    NaN,
    NaN,
    NaN,
    0.10000000149011612,
    NaN,
    NaN,
    NaN,
    NaN,
    NaN
  ],
  "classes": [
    "plane",
    "car",
    "bird",
    "cat",
    "deer",
    "dog",
    "frog",
    "horse",
    "ship",
    "truck"
  ]
}