{
  "name": "act",
  "metrics": {
    "train_loss": [
      2.312490463256836,
      2.313022501095776,
      2.313036244627424,
      2.313287579052821,
      2.313106079802129
    ],
    "train_accuracy": [
      0.07544444444444444,
      0.07551851851851851,
      0.06788888888888889,
      0.06648148148148147,
      0.06883333333333333
    ],
    "val_loss": [
      2.311885955485892,
      2.3123910579275577,
      2.3124621979733733,
      2.3125730321762408,
      2.3123689002179084
    ],
    "val_accuracy": [
      0.075,
      0.074,
      0.06583333333333333,
      0.064,
      0.06616666666666667
    ]
  },
  "accuracy": 0.0779,
  "confusion": [
    [
      0.0,
      82.0,
      26.0,
      0.0,
      0.0,
      0.0,
      871.0,
      0.0,
      0.0,
      1.0
    ],
    [
      0.0,
      35.0,
      1099.0,
      0.0,
      0.0,
      0.0,
      1.0,
      0.0,
      0.0,
      0.0
    ],
    [
      0.0,
      486.0,
      323.0,
      0.0,
      0.0,
      0.0,
      223.0,
      0.0,
      0.0,
      0.0
    ],
    [
      1.0,
      493.0,
      192.0,
      0.0,
      0.0,
      0.0,
      324.0,
      0.0,
      0.0,
      0.0
    ],
    [
      0.0,
      775.0,
      114.0,
      0.0,
      0.0,
      0.0,
      93.0,
      0.0,
      0.0,
      0.0
    ],
    [
      0.0,
      231.0,
      218.0,
      0.0,
      0.0,
      0.0,
      440.0,
      0.0,
      0.0,
      3.0
    ],
    [
      0.0,
      264.0,
      253.0,
      0.0,
      0.0,
      0.0,
      421.0,
      0.0,
      0.0,
      20.0
    ],
    [
      0.0,
      928.0,
      60.0,
      0.0,
      0.0,
      0.0,
      40.0,
      0.0,
      0.0,
      0.0
    ],
    [
      3.0,
      553.0,
      235.0,
      0.0,
      0.0,
      0.0,
      180.0,
      0.0,
      0.0,
      3.0
    ],
    [
      2.0,
      801.0,
      125.0,
      0.0,
      0.0,
      0.0,
      81.0,
      0.0,
      0.0,
      0.0
    ]
  ],
  "classRecall": [
    0.0,
    0.030837005004286766,
    0.31298449635505676,
    0.0,
    0.0,
    0.0,
    0.4394572079181671,
    0.0,
    0.0,
    0.0
  ],
  "classPrecision": [
    0.0,
    0.00753012066707015,
    0.12211719900369644,
    NaN,
    NaN,
    NaN,
    0.15744203329086304,
    NaN,
    NaN,
    0.0
  ],
  "classes": [
    0,
    1,
    2,
    3,
    4,
    5,
    6,
    7,
    8,
    9
  ]
}