{
  "name": "act",
  "metrics": {
    "train_loss": [
      2.302662157876925,
      2.302671339024197,
      2.3026722290299158,
      2.302669771015644,
      2.3026653209870513,
      2.3026741329919207,
      2.30264539136128,
      2.302675521509214,
      2.3026548969474705,
      2.3026647798039694,
      2.3026797581802714,
      2.3026512441310016
    ],
    "train_accuracy": [
      0.09975555555555556,
      0.09975555555555556,
      0.09975555555555556,
      0.10031111111111111,
      0.09975555555555556,
      0.09975555555555556,
      0.10031111111111111,
      0.09975555555555556,
      0.09975555555555556,
      0.09975555555555556,
      0.09975555555555556,
      0.09975555555555556
    ],
    "val_loss": [
      2.30273973941803,
      2.3028804421424867,
      2.302757519483566,
      2.302918165922165,
      2.302759498357773,
      2.302932947874069,
      2.3027388215065003,
      2.302923059463501,
      2.3028403639793398,
      2.302526867389679,
      2.3031104624271395,
      2.302738535404205
    ],
    "val_accuracy": [
      0.1022,
      0.1022,
      0.1022,
      0.0972,
      0.1022,
      0.1022,
      0.0972,
      0.1022,
      0.1022,
      0.1022,
      0.1022,
      0.1022
    ]
  },
  "accuracy": 0.1,
  "confusion": [
    [
      0.0,
      0.0,
      0.0,
      0.0,
      0.0,
      1000.0,
      0.0,
      0.0,
      0.0,
      0.0
    ],
    [
      0.0,
      0.0,
      0.0,
      0.0,
      0.0,
      1000.0,
      0.0,
      0.0,
      0.0,
      0.0
    ],
    [
      0.0,
      0.0,
      0.0,
      0.0,
      0.0,
      1000.0,
      0.0,
      0.0,
      0.0,
      0.0
    ],
    [
      0.0,
      0.0,
      0.0,
      0.0,
      0.0,
      1000.0,
      0.0,
      0.0,
      0.0,
      0.0
    ],
    [
      0.0,
      0.0,
      0.0,
      0.0,
      0.0,
      1000.0,
      0.0,
      0.0,
      0.0,
      0.0
    ],
    [
      0.0,
      0.0,
      0.0,
      0.0,
      0.0,
      1000.0,
      0.0,
      0.0,
      0.0,
      0.0
    ],
    [
      0.0,
      0.0,
      0.0,
      0.0,
      0.0,
      1000.0,
      0.0,
      0.0,
      0.0,
      0.0
    ],
    [
      0.0,
      0.0,
      0.0,
      0.0,
      0.0,
      1000.0,
      0.0,
      0.0,
      0.0,
      0.0
    ],
    [
      0.0,
      0.0,
      0.0,
      0.0,
      0.0,
      1000.0,
      0.0,
      0.0,
      0.0,
      0.0
    ],
    [
      0.0,
      0.0,
      0.0,
      0.0,
      0.0,
      1000.0,
      0.0,
      0.0,
      0.0,
      0.0
    ]
  ],
  "classRecall": [
    0.0,
    0.0,
    0.0,
    0.0,
    0.0,
    1.0,
    0.0,
    0.0,
    0.0,
    0.0
  ],
  "classPrecision": [
    NaN,
    NaN,
    NaN,
    NaN,
    NaN,
    0.10000000149011612,
    NaN,
    NaN,
    NaN,
    NaN
  ],
  "classes": [
    "plane",
    "car",
    "bird",
    "cat",
    "deer",
    "dog",
    "frog",
    "horse",
    "ship",
    "truck"
  ]
}