{
  "name": "act",
  "metrics": {
    "train_loss": [
      2.30414500846682,
      2.30421384024959,
      2.3040875411146624,
      2.304125292606263,
      2.3041347801967818
    ],
    "train_accuracy": [
      0.1378888888888889,
      0.13012962962962962,
      0.12114814814814814,
      0.1277037037037037,
      0.12868518518518518
    ],
    "val_loss": [
      2.3038781906696078,
      2.3040511658851135,
      2.303917829026567,
      2.303887331739385,
      2.3039916119676955
    ],
    "val_accuracy": [
      0.1335,
      0.12466666666666666,
      0.11716666666666667,
      0.1215,
      0.122
    ]
  },
  "accuracy": 0.1262,
  "confusion": [
    [
      0.0,
      828.0,
      0.0,
      8.0,
      0.0,
      0.0,
      93.0,
      51.0,
      0.0,
      0.0
    ],
    [
      0.0,
      1071.0,
      0.0,
      9.0,
      0.0,
      0.0,
      2.0,
      53.0,
      0.0,
      0.0
    ],
    [
      0.0,
      712.0,
      0.0,
      169.0,
      0.0,
      0.0,
      1.0,
      150.0,
      0.0,
      0.0
    ],
    [
      0.0,
      882.0,
      0.0,
      6.0,
      0.0,
      0.0,
      15.0,
      107.0,
      0.0,
      0.0
    ],
    [
      0.0,
      717.0,
      0.0,
      11.0,
      0.0,
      0.0,
      0.0,
      254.0,
      0.0,
      0.0
    ],
    [
      0.0,
      771.0,
      0.0,
      9.0,
      0.0,
      0.0,
      3.0,
      109.0,
      0.0,
      0.0
    ],
    [
      0.0,
      853.0,
      1.0,
      22.0,
      0.0,
      0.0,
      5.0,
      77.0,
      0.0,
      0.0
    ],
    [
      0.0,
      831.0,
      0.0,
      10.0,
      0.0,
      0.0,
      7.0,
      180.0,
      0.0,
      0.0
    ],
    [
      0.0,
      573.0,
      0.0,
      68.0,
      0.0,
      0.0,
      1.0,
      332.0,
      0.0,
      0.0
    ],
    [
      0.0,
      788.0,
      1.0,
      20.0,
      0.0,
      0.0,
      8.0,
      192.0,
      0.0,
      0.0
    ]
  ],
  "classRecall": [
    0.0,
    0.9436123371124268,
    0.0,
    0.005940594244748354,
    0.0,
    0.0,
    0.005219206679612398,
    0.1750972718000412,
    0.0,
    0.0
  ],
  "classPrecision": [
    NaN,
    0.13344131410121918,
    0.0,
    0.01807228848338127,
    NaN,
    NaN,
    0.03703703731298447,
    0.11960133165121078,
    NaN,
    NaN
  ],
  "classes": [
    0,
    1,
    2,
    3,
    4,
    5,
    6,
    7,
    8,
    9
  ]
}