{
  "name": "act",
  "metrics": {
    "train_loss": [
      2.302713782949881,
      2.3026842772960663,
      2.3026982213963163,
      2.3026852506128224,
      2.3026993850415405,
      2.3027212314985017,
      2.3027494190768762,
      2.3027300109917466,
      2.302698116410862,
      2.3026720881462097,
      2.3027261861345987,
      2.302697464823723
    ],
    "train_accuracy": [
      0.10002222222222222,
      0.10002222222222222,
      0.10002222222222222,
      0.10002222222222222,
      0.10002222222222222,
      0.10002222222222222,
      0.10002222222222222,
      0.10002222222222222,
      0.10002222222222222,
      0.10002222222222222,
      0.10002222222222222,
      0.10002222222222222
    ],
    "val_loss": [
      2.30326184630394,
      2.302901941537857,
      2.3029884338378905,
      2.303054130077362,
      2.3031765460968017,
      2.3033369898796083,
      2.303159362077713,
      2.3030620157718658,
      2.303198444843292,
      2.302880936861038,
      2.303145372867584,
      2.303190290927887
    ],
    "val_accuracy": [
      0.0998,
      0.0998,
      0.0998,
      0.0998,
      0.0998,
      0.0998,
      0.0998,
      0.0998,
      0.0998,
      0.0998,
      0.0998,
      0.0998
    ]
  },
  "accuracy": 0.1,
  "confusion": [
    [
      0.0,
      1000.0,
      0.0,
      0.0,
      0.0,
      0.0,
      0.0,
      0.0,
      0.0,
      0.0
    ],
    [
      0.0,
      1000.0,
      0.0,
      0.0,
      0.0,
      0.0,
      0.0,
      0.0,
      0.0,
      0.0
    ],
    [
      0.0,
      1000.0,
      0.0,
      0.0,
      0.0,
      0.0,
      0.0,
      0.0,
      0.0,
      0.0
    ],
    [
      0.0,
      1000.0,
      0.0,
      0.0,
      0.0,
      0.0,
      0.0,
      0.0,
      0.0,
      0.0
    ],
    [
      0.0,
      1000.0,
      0.0,
      0.0,
      0.0,
      0.0,
      0.0,
      0.0,
      0.0,
      0.0
    ],
    [
      0.0,
      1000.0,
      0.0,
      0.0,
      0.0,
      0.0,
      0.0,
      0.0,
      0.0,
      0.0
    ],
    [
      0.0,
      1000.0,
      0.0,
      0.0,
      0.0,
      0.0,
      0.0,
      0.0,
      0.0,
      0.0
    ],
    [
      0.0,
      1000.0,
      0.0,
      0.0,
      0.0,
      0.0,
      0.0,
      0.0,
      0.0,
      0.0
    ],
    [
      0.0,
      1000.0,
      0.0,
      0.0,
      0.0,
      0.0,
      0.0,
      0.0,
      0.0,
      0.0
    ],
    [
      0.0,
      1000.0,
      0.0,
      0.0,
      0.0,
      0.0,
      0.0,
      0.0,
      0.0,
      0.0
    ]
  ],
  "classRecall": [
    0.0,
    1.0,
    0.0,
    0.0,
    0.0,
    0.0,
    0.0,
    0.0,
    0.0,
    0.0
  ],
  "classPrecision": [
    NaN,
    0.10000000149011612,
    NaN,
    NaN,
    NaN,
    NaN,
    NaN,
    NaN,
    NaN,
    NaN
  ],
  "classes": [
    "plane",
    "car",
    "bird",
    "cat",
    "deer",
    "dog",
    "frog",
    "horse",
    "ship",
    "truck"
  ]
}