{
  "name": "act",
  "metrics": {
    "train_loss": [
      2.3042887296721832,
      2.3023971076260246,
      2.301778692769778,
      2.301428918589913,
      2.3016688422569165
    ],
    "train_accuracy": [
      0.1384074074074074,
      0.14016666666666666,
      0.1356111111111111,
      0.14346296296296296,
      0.14992592592592593
    ],
    "val_loss": [
      2.3025212237175476,
      2.3007288080580692,
      2.30030198807412,
      2.2998126009677318,
      2.3000441510626612
    ],
    "val_accuracy": [
      0.13866666666666666,
      0.14116666666666666,
      0.1375,
      0.1465,
      0.14983333333333335
    ]
  },
  "accuracy": 0.1512,
  "confusion": [
    [
      595.0,
      0.0,
      0.0,
      0.0,
      0.0,
      0.0,
      0.0,
      0.0,
      385.0,
      0.0
    ],
    [
      2.0,
      0.0,
      0.0,
      0.0,
      0.0,
      0.0,
      0.0,
      0.0,
      1133.0,
      0.0
    ],
    [
      145.0,
      0.0,
      0.0,
      0.0,
      0.0,
      0.0,
      0.0,
      0.0,
      887.0,
      0.0
    ],
    [
      373.0,
      0.0,
      0.0,
      0.0,
      0.0,
      0.0,
      0.0,
      0.0,
      637.0,
      0.0
    ],
    [
      64.0,
      0.0,
      0.0,
      0.0,
      0.0,
      0.0,
      0.0,
      0.0,
      918.0,
      0.0
    ],
    [
      174.0,
      0.0,
      0.0,
      0.0,
      0.0,
      0.0,
      0.0,
      0.0,
      718.0,
      0.0
    ],
    [
      261.0,
      0.0,
      0.0,
      0.0,
      1.0,
      0.0,
      0.0,
      0.0,
      696.0,
      0.0
    ],
    [
      49.0,
      0.0,
      0.0,
      0.0,
      0.0,
      0.0,
      0.0,
      0.0,
      979.0,
      0.0
    ],
    [
      57.0,
      0.0,
      0.0,
      0.0,
      0.0,
      0.0,
      0.0,
      0.0,
      917.0,
      0.0
    ],
    [
      15.0,
      0.0,
      0.0,
      0.0,
      0.0,
      0.0,
      0.0,
      0.0,
      994.0,
      0.0
    ]
  ],
  "classRecall": [
    0.6071428656578064,
    0.0,
    0.0,
    0.0,
    0.0,
    0.0,
    0.0,
    0.0,
    0.941478431224823,
    0.0
  ],
  "classPrecision": [
    0.34293949604034424,
    NaN,
    NaN,
    NaN,
    0.0,
    NaN,
    NaN,
    NaN,
    0.11096321046352386,
    NaN
  ],
  "classes": [
    0,
    1,
    2,
    3,
    4,
    5,
    6,
    7,
    8,
    9
  ]
}