{
  "name": "act",
  "metrics": {
    "train_loss": [
      2.3027161143042822,
      2.3027328367937696,
      2.3027603829448875,
      2.3027210465886374,
      2.3027369637380946,
      2.3027531504631042,
      2.302760263735598,
      2.302768116647547,
      2.3027295273813335,
      2.3027463887225497,
      2.3027040646834807,
      2.3027133284644647
    ],
    "train_accuracy": [
      0.10017777777777778,
      0.09966666666666667,
      0.09966666666666667,
      0.09966666666666667,
      0.09966666666666667,
      0.1002,
      0.09966666666666667,
      0.09966666666666667,
      0.09966666666666667,
      0.09966666666666667,
      0.09966666666666667,
      0.09966666666666667
    ],
    "val_loss": [
      2.302838957309723,
      2.303053563833237,
      2.3031369507312776,
      2.303064066171646,
      2.3032603740692137,
      2.3030787646770476,
      2.303121781349182,
      2.302915394306183,
      2.303138053417206,
      2.302698105573654,
      2.3029381811618803,
      2.3028316676616667
    ],
    "val_accuracy": [
      0.0984,
      0.103,
      0.103,
      0.103,
      0.103,
      0.0986,
      0.103,
      0.103,
      0.103,
      0.103,
      0.103,
      0.103
    ]
  },
  "accuracy": 0.1,
  "confusion": [
    [
      0.0,
      0.0,
      0.0,
      1000.0,
      0.0,
      0.0,
      0.0,
      0.0,
      0.0,
      0.0
    ],
    [
      0.0,
      0.0,
      0.0,
      1000.0,
      0.0,
      0.0,
      0.0,
      0.0,
      0.0,
      0.0
    ],
    [
      0.0,
      0.0,
      0.0,
      1000.0,
      0.0,
      0.0,
      0.0,
      0.0,
      0.0,
      0.0
    ],
    [
      0.0,
      0.0,
      0.0,
      1000.0,
      0.0,
      0.0,
      0.0,
      0.0,
      0.0,
      0.0
    ],
    [
      0.0,
      0.0,
      0.0,
      1000.0,
      0.0,
      0.0,
      0.0,
      0.0,
      0.0,
      0.0
    ],
    [
      0.0,
      0.0,
      0.0,
      1000.0,
      0.0,
      0.0,
      0.0,
      0.0,
      0.0,
      0.0
    ],
    [
      0.0,
      0.0,
      0.0,
      1000.0,
      0.0,
      0.0,
      0.0,
      0.0,
      0.0,
      0.0
    ],
    [
      0.0,
      0.0,
      0.0,
      1000.0,
      0.0,
      0.0,
      0.0,
      0.0,
      0.0,
      0.0
    ],
    [
      0.0,
      0.0,
      0.0,
      1000.0,
      0.0,
      0.0,
      0.0,
      0.0,
      0.0,
      0.0
    ],
    [
      0.0,
      0.0,
      0.0,
      1000.0,
      0.0,
      0.0,
      0.0,
      0.0,
      0.0,
      0.0
    ]
  ],
  "classRecall": [
    0.0,
    0.0,
    0.0,
    1.0,
    0.0,
    0.0,
    0.0,
    0.0,
    0.0,
    0.0
  ],
  "classPrecision": [
    NaN,
    NaN,
    NaN,
    0.10000000149011612,
    NaN,
    NaN,
    NaN,
    NaN,
    NaN,
    NaN
  ],
  "classes": [
    "plane",
    "car",
    "bird",
    "cat",
    "deer",
    "dog",
    "frog",
    "horse",
    "ship",
    "truck"
  ]
}