{
  "name": "act",
  "metrics": {
    "train_loss": [
      68.40186474540018,
      68.4033946015618,
      68.39326231046157,
      68.43343236229636,
      68.4060187773271,
      68.39607009020719,
      68.40576751665635,
      68.38218384439296,
      68.40504735166377,
      68.40154802799225,
      68.396129749038,
      68.39944369142705
    ],
    "train_accuracy": [
      0.13148888888888888,
      0.13157777777777777,
      0.13155555555555556,
      0.13155555555555556,
      0.1315111111111111,
      0.13155555555555556,
      0.1316,
      0.1316,
      0.13155555555555556,
      0.13157777777777777,
      0.13157777777777777,
      0.13155555555555556
    ],
    "val_loss": [
      68.85064935684204,
      67.07475900650024,
      66.51653380393982,
      67.24647722244262,
      67.00626411437989,
      68.06932849884033,
      66.69814338684083,
      67.10709619522095,
      68.00247259140015,
      67.05799598693848,
      66.80913639068604,
      66.53679795265198
    ],
    "val_accuracy": [
      0.1248,
      0.1246,
      0.1246,
      0.1246,
      0.1244,
      0.1244,
      0.1244,
      0.1246,
      0.1246,
      0.1248,
      0.1246,
      0.1246
    ]
  },
  "accuracy": 0.125,
  "confusion": [
    [
      0.0,
      0.0,
      0.0,
      11.0,
      0.0,
      0.0,
      2.0,
      23.0,
      963.0,
      1.0
    ],
    [
      1.0,
      0.0,
      0.0,
      33.0,
      0.0,
      4.0,
      0.0,
      74.0,
      885.0,
      3.0
    ],
    [
      3.0,
      0.0,
      2.0,
      145.0,
      0.0,
      3.0,
      1.0,
      102.0,
      743.0,
      1.0
    ],
    [
      8.0,
      0.0,
      3.0,
      98.0,
      0.0,
      8.0,
      0.0,
      104.0,
      775.0,
      4.0
    ],
    [
      0.0,
      0.0,
      2.0,
      216.0,
      0.0,
      6.0,
      1.0,
      142.0,
      626.0,
      7.0
    ],
    [
      4.0,
      0.0,
      4.0,
      86.0,
      0.0,
      6.0,
      0.0,
      112.0,
      785.0,
      3.0
    ],
    [
      4.0,
      0.0,
      6.0,
      352.0,
      0.0,
      4.0,
      0.0,
      139.0,
      493.0,
      2.0
    ],
    [
      4.0,
      0.0,
      0.0,
      44.0,
      0.0,
      8.0,
      1.0,
      158.0,
      754.0,
      31.0
    ],
    [
      2.0,
      0.0,
      0.0,
      5.0,
      0.0,
      1.0,
      0.0,
      11.0,
      981.0,
      0.0
    ],
    [
      0.0,
      0.0,
      0.0,
      15.0,
      0.0,
      1.0,
      0.0,
      74.0,
      905.0,
      5.0
    ]
  ],
  "classRecall": [
    0.0,
    0.0,
    0.0020000000949949026,
    0.09799999743700027,
    0.0,
    0.006000000052154064,
    0.0,
    0.15800000727176666,
    0.9810000061988831,
    0.004999999888241291
  ],
  "classPrecision": [
    0.0,
    NaN,
    0.11764705926179886,
    0.09751243889331818,
    NaN,
    0.1463414579629898,
    0.0,
    0.16826410591602325,
    0.12402022629976273,
    0.08771929889917374
  ],
  "classes": [
    "plane",
    "car",
    "bird",
    "cat",
    "deer",
    "dog",
    "frog",
    "horse",
    "ship",
    "truck"
  ]
}