{
  "name": "act",
  "metrics": {
    "train_loss": [
      0.16167863492823042,
      0.11492220384523413,
      0.09351575108448053,
      0.07662072651953353,
      0.06661554472520947
    ],
    "train_accuracy": [
      0.9548703703703704,
      0.9671666666666666,
      0.9742407407407407,
      0.9786481481481482,
      0.9806296296296296
    ],
    "val_loss": [
      0.1760787897287531,
      0.1383186638989347,
      0.11803341870929332,
      0.10062665789526828,
      0.09600959147544617
    ],
    "val_accuracy": [
      0.9508333333333333,
      0.9588333333333333,
      0.9661666666666666,
      0.9745,
      0.9718333333333333
    ]
  },
  "accuracy": 0.9737,
  "confusion": [
    [
      975.0,
      0.0,
      0.0,
      0.0,
      0.0,
      1.0,
      2.0,
      1.0,
      1.0,
      0.0
    ],
    [
      0.0,
      1126.0,
      2.0,
      1.0,
      0.0,
      1.0,
      3.0,
      0.0,
      2.0,
      0.0
    ],
    [
      5.0,
      2.0,
      995.0,
      0.0,
      4.0,
      1.0,
      2.0,
      16.0,
      7.0,
      0.0
    ],
    [
      0.0,
      0.0,
      5.0,
      980.0,
      0.0,
      8.0,
      0.0,
      9.0,
      6.0,
      2.0
    ],
    [
      1.0,
      0.0,
      1.0,
      0.0,
      960.0,
      0.0,
      5.0,
      1.0,
      1.0,
      13.0
    ],
    [
      4.0,
      1.0,
      0.0,
      5.0,
      1.0,
      857.0,
      16.0,
      0.0,
      5.0,
      3.0
    ],
    [
      7.0,
      3.0,
      0.0,
      1.0,
      6.0,
      2.0,
      937.0,
      0.0,
      2.0,
      0.0
    ],
    [
      2.0,
      6.0,
      6.0,
      0.0,
      3.0,
      0.0,
      0.0,
      996.0,
      2.0,
      13.0
    ],
    [
      6.0,
      1.0,
      1.0,
      2.0,
      4.0,
      3.0,
      5.0,
      5.0,
      942.0,
      5.0
    ],
    [
      4.0,
      5.0,
      0.0,
      6.0,
      12.0,
      4.0,
      0.0,
      3.0,
      6.0,
      969.0
    ]
  ],
  "classRecall": [
    0.9948979616165161,
    0.9920704960823059,
    0.9641472697257996,
    0.9702970385551453,
    0.9775967597961426,
    0.9607623219490051,
    0.9780793190002441,
    0.9688715934753418,
    0.9671458005905151,
    0.9603567719459534
  ],
  "classPrecision": [
    0.9711155295372009,
    0.9842657446861267,
    0.9851484894752502,
    0.9849246144294739,
    0.9696969985961914,
    0.9771949648857117,
    0.9659793972969055,
    0.9660523533821106,
    0.9671458005905151,
    0.9641790986061096
  ],
  "classes": [
    0,
    1,
    2,
    3,
    4,
    5,
    6,
    7,
    8,
    9
  ]
}