{
  "name": "act",
  "metrics": {
    "train_loss": [
      0.2180609031805495,
      0.16712229109205906,
      0.14651941028710508,
      0.11698747566190518,
      0.11372396868975806
    ],
    "train_accuracy": [
      0.945962962962963,
      0.957962962962963,
      0.9596851851851852,
      0.9675,
      0.9680185185185185
    ],
    "val_loss": [
      0.2356488863204388,
      0.18402225825380772,
      0.16672618623743665,
      0.14047739218841207,
      0.13469613454443344
    ],
    "val_accuracy": [
      0.9398333333333333,
      0.9533333333333334,
      0.9518333333333333,
      0.9616666666666667,
      0.9611666666666666
    ]
  },
  "accuracy": 0.9635,
  "confusion": [
    [
      975.0,
      1.0,
      0.0,
      0.0,
      0.0,
      1.0,
      0.0,
      2.0,
      1.0,
      0.0
    ],
    [
      0.0,
      1129.0,
      2.0,
      1.0,
      0.0,
      1.0,
      2.0,
      0.0,
      0.0,
      0.0
    ],
    [
      6.0,
      9.0,
      983.0,
      3.0,
      4.0,
      0.0,
      3.0,
      23.0,
      1.0,
      0.0
    ],
    [
      3.0,
      4.0,
      6.0,
      983.0,
      0.0,
      0.0,
      0.0,
      10.0,
      3.0,
      1.0
    ],
    [
      1.0,
      0.0,
      1.0,
      0.0,
      970.0,
      0.0,
      5.0,
      2.0,
      0.0,
      3.0
    ],
    [
      3.0,
      1.0,
      0.0,
      28.0,
      3.0,
      843.0,
      6.0,
      1.0,
      6.0,
      1.0
    ],
    [
      6.0,
      3.0,
      0.0,
      1.0,
      5.0,
      3.0,
      939.0,
      0.0,
      1.0,
      0.0
    ],
    [
      2.0,
      10.0,
      7.0,
      0.0,
      4.0,
      0.0,
      0.0,
      998.0,
      1.0,
      6.0
    ],
    [
      6.0,
      11.0,
      2.0,
      25.0,
      10.0,
      3.0,
      17.0,
      7.0,
      892.0,
      1.0
    ],
    [
      3.0,
      7.0,
      0.0,
      14.0,
      53.0,
      0.0,
      1.0,
      7.0,
      1.0,
      923.0
    ]
  ],
  "classRecall": [
    0.9948979616165161,
    0.9947136640548706,
    0.9525193572044373,
    0.9732673168182373,
    0.9877800345420837,
    0.945067286491394,
    0.980167031288147,
    0.9708171486854553,
    0.9158110618591309,
    0.9147670865058899
  ],
  "classPrecision": [
    0.9701492786407471,
    0.9608510732650757,
    0.982017993927002,
    0.9317535758018494,
    0.9246901869773865,
    0.9905992746353149,
    0.9650565385818481,
    0.9504761695861816,
    0.9845474362373352,
    0.9871657490730286
  ],
  "classes": [
    0,
    1,
    2,
    3,
    4,
    5,
    6,
    7,
    8,
    9
  ]
}