{
  "name": "act",
  "metrics": {
    "train_loss": [
      2.437449206344106,
      1.8144941688938574,
      1.502282022244551,
      1.5963968146931042,
      1.1044958262619646,
      0.8501534823497588,
      1.0668122856454416,
      0.6848099044608799,
      0.6047022826969624,
      0.40877652350305155,
      0.557788681154224,
      0.4231178283014081
    ],
    "train_accuracy": [
      0.3721111111111111,
      0.5240666666666667,
      0.6072888888888889,
      0.6737111111111111,
      0.6913777777777778,
      0.7491333333333333,
      0.7248444444444444,
      0.7937777777777778,
      0.8126666666666666,
      0.8566444444444444,
      0.8284,
      0.8555777777777778
    ],
    "val_loss": [
      2.44523104429245,
      1.8325230941176414,
      1.7456111460924149,
      1.7733472749590873,
      1.359932614862919,
      1.1908201470971107,
      1.512039664387703,
      1.1144477516412734,
      1.14579952750355,
      0.9386794447898865,
      1.0444962944835425,
      1.1750805154442787
    ],
    "val_accuracy": [
      0.36,
      0.518,
      0.6002,
      0.6588,
      0.6618,
      0.7224,
      0.6934,
      0.7632,
      0.7664,
      0.7902,
      0.755,
      0.7834
    ]
  },
  "accuracy": 0.7839,
  "confusion": [
    [
      789.0,
      13.0,
      45.0,
      12.0,
      19.0,
      16.0,
      6.0,
      10.0,
      75.0,
      15.0
    ],
    [
      14.0,
      876.0,
      3.0,
      0.0,
      2.0,
      7.0,
      6.0,
      4.0,
      55.0,
      33.0
    ],
    [
      52.0,
      3.0,
      689.0,
      19.0,
      46.0,
      101.0,
      50.0,
      26.0,
      8.0,
      6.0
    ],
    [
      19.0,
      8.0,
      52.0,
      385.0,
      52.0,
      356.0,
      54.0,
      45.0,
      20.0,
      9.0
    ],
    [
      3.0,
      1.0,
      37.0,
      9.0,
      801.0,
      55.0,
      29.0,
      54.0,
      9.0,
      2.0
    ],
    [
      4.0,
      1.0,
      31.0,
      27.0,
      25.0,
      865.0,
      14.0,
      26.0,
      6.0,
      1.0
    ],
    [
      5.0,
      1.0,
      33.0,
      20.0,
      24.0,
      49.0,
      844.0,
      9.0,
      13.0,
      2.0
    ],
    [
      7.0,
      3.0,
      26.0,
      12.0,
      40.0,
      73.0,
      7.0,
      823.0,
      6.0,
      3.0
    ],
    [
      28.0,
      3.0,
      10.0,
      3.0,
      3.0,
      7.0,
      6.0,
      2.0,
      930.0,
      8.0
    ],
    [
      25.0,
      38.0,
      4.0,
      7.0,
      8.0,
      10.0,
      6.0,
      15.0,
      50.0,
      837.0
    ]
  ],
  "classRecall": [
    0.7889999747276306,
    0.8759999871253967,
    0.6890000104904175,
    0.38499999046325684,
    0.8009999990463257,
    0.8650000095367432,
    0.843999981880188,
    0.8230000138282776,
    0.9300000071525574,
    0.8370000123977661
  ],
  "classPrecision": [
    0.8340380787849426,
    0.9250264167785645,
    0.7408602237701416,
    0.7793522477149963,
    0.7852941155433655,
    0.5620532631874084,
    0.8258317112922668,
    0.8116371035575867,
    0.7935153841972351,
    0.913755476474762
  ],
  "classes": [
    "plane",
    "car",
    "bird",
    "cat",
    "deer",
    "dog",
    "frog",
    "horse",
    "ship",
    "truck"
  ]
}