{
  "name": "act",
  "metrics": {
    "train_loss": [
      0.15679136822573947,
      0.12117978187180808,
      0.09450304676376954,
      0.08428739438989857,
      0.06721780286060196
    ],
    "train_accuracy": [
      0.9567962962962963,
      0.9662777777777778,
      0.9741481481481481,
      0.976,
      0.9805
    ],
    "val_loss": [
      0.16879922262531646,
      0.14720106077321032,
      0.11511827680341741,
      0.10571417386861558,
      0.09161020716295597
    ],
    "val_accuracy": [
      0.9521666666666667,
      0.9601666666666666,
      0.9681666666666666,
      0.9706666666666667,
      0.9731666666666666
    ]
  },
  "accuracy": 0.9724,
  "confusion": [
    [
      974.0,
      0.0,
      0.0,
      0.0,
      0.0,
      0.0,
      2.0,
      1.0,
      2.0,
      1.0
    ],
    [
      0.0,
      1126.0,
      2.0,
      2.0,
      0.0,
      1.0,
      2.0,
      1.0,
      1.0,
      0.0
    ],
    [
      8.0,
      0.0,
      1002.0,
      1.0,
      4.0,
      0.0,
      2.0,
      10.0,
      3.0,
      2.0
    ],
    [
      2.0,
      0.0,
      4.0,
      982.0,
      0.0,
      5.0,
      0.0,
      7.0,
      6.0,
      4.0
    ],
    [
      4.0,
      0.0,
      2.0,
      0.0,
      936.0,
      0.0,
      6.0,
      2.0,
      2.0,
      30.0
    ],
    [
      7.0,
      0.0,
      0.0,
      13.0,
      1.0,
      859.0,
      4.0,
      0.0,
      5.0,
      3.0
    ],
    [
      9.0,
      3.0,
      0.0,
      0.0,
      7.0,
      7.0,
      928.0,
      0.0,
      4.0,
      0.0
    ],
    [
      4.0,
      2.0,
      8.0,
      0.0,
      0.0,
      0.0,
      0.0,
      997.0,
      1.0,
      16.0
    ],
    [
      7.0,
      1.0,
      2.0,
      7.0,
      3.0,
      2.0,
      3.0,
      4.0,
      940.0,
      5.0
    ],
    [
      4.0,
      3.0,
      0.0,
      5.0,
      5.0,
      2.0,
      0.0,
      6.0,
      4.0,
      980.0
    ]
  ],
  "classRecall": [
    0.9938775300979614,
    0.9920704960823059,
    0.9709302186965942,
    0.9722772240638733,
    0.9531568288803101,
    0.963004469871521,
    0.968684732913971,
    0.9698443412780762,
    0.9650924205780029,
    0.9712586998939514
  ],
  "classPrecision": [
    0.9558390378952026,
    0.9920704960823059,
    0.9823529124259949,
    0.9722772240638733,
    0.9790794849395752,
    0.9805936217308044,
    0.9799366593360901,
    0.9698443412780762,
    0.9710744023323059,
    0.9414024949073792
  ],
  "classes": [
    0,
    1,
    2,
    3,
    4,
    5,
    6,
    7,
    8,
    9
  ]
}