{
  "name": "act",
  "metrics": {
    "train_loss": [
      2.1086661378768357,
      1.9821803969415752,
      1.7370957344431768,
      1.400529976256869,
      1.3353832353922455,
      0.9539918195117604,
      0.7894616871225563,
      0.800876251083206,
      0.682178801856935,
      0.592427559450946,
      0.609556554901329,
      0.6070406435226853
    ],
    "train_accuracy": [
      0.4217111111111111,
      0.5250666666666667,
      0.6239555555555556,
      0.6432,
      0.6614666666666666,
      0.7206,
      0.7836444444444445,
      0.7478222222222223,
      0.8126888888888889,
      0.8043333333333333,
      0.8144444444444444,
      0.8048888888888889
    ],
    "val_loss": [
      2.1238778948783876,
      1.9725183546543121,
      1.8847455576062202,
      1.6037516236305236,
      1.5857626527547837,
      1.2384363368153573,
      1.1256243854761123,
      1.2320237934589386,
      1.233391534537077,
      1.0442005813121795,
      1.165143409371376,
      1.2164905913174153
    ],
    "val_accuracy": [
      0.4198,
      0.5164,
      0.6076,
      0.6274,
      0.654,
      0.69,
      0.7478,
      0.7118,
      0.7622,
      0.7608,
      0.7576,
      0.7514
    ]
  },
  "accuracy": 0.7479,
  "confusion": [
    [
      858.0,
      9.0,
      47.0,
      11.0,
      3.0,
      14.0,
      7.0,
      6.0,
      18.0,
      27.0
    ],
    [
      45.0,
      818.0,
      3.0,
      6.0,
      1.0,
      3.0,
      7.0,
      0.0,
      23.0,
      94.0
    ],
    [
      72.0,
      7.0,
      728.0,
      12.0,
      15.0,
      79.0,
      62.0,
      17.0,
      5.0,
      3.0
    ],
    [
      32.0,
      9.0,
      95.0,
      516.0,
      11.0,
      223.0,
      74.0,
      21.0,
      6.0,
      13.0
    ],
    [
      20.0,
      1.0,
      175.0,
      52.0,
      567.0,
      67.0,
      78.0,
      36.0,
      0.0,
      4.0
    ],
    [
      8.0,
      5.0,
      54.0,
      66.0,
      14.0,
      791.0,
      31.0,
      20.0,
      5.0,
      6.0
    ],
    [
      5.0,
      0.0,
      63.0,
      34.0,
      4.0,
      9.0,
      875.0,
      3.0,
      2.0,
      5.0
    ],
    [
      21.0,
      3.0,
      34.0,
      25.0,
      32.0,
      145.0,
      21.0,
      712.0,
      2.0,
      5.0
    ],
    [
      128.0,
      27.0,
      19.0,
      5.0,
      0.0,
      6.0,
      7.0,
      9.0,
      777.0,
      22.0
    ],
    [
      72.0,
      37.0,
      5.0,
      10.0,
      1.0,
      8.0,
      10.0,
      9.0,
      11.0,
      837.0
    ]
  ],
  "classRecall": [
    0.8579999804496765,
    0.8180000185966492,
    0.7279999852180481,
    0.515999972820282,
    0.5669999718666077,
    0.7910000085830688,
    0.875,
    0.7120000123977661,
    0.7770000100135803,
    0.8370000123977661
  ],
  "classPrecision": [
    0.6804123520851135,
    0.8930131196975708,
    0.595257580280304,
    0.7001357078552246,
    0.875,
    0.5881040692329407,
    0.7465870380401611,
    0.8547418713569641,
    0.9151943325996399,
    0.8238189220428467
  ],
  "classes": [
    "plane",
    "car",
    "bird",
    "cat",
    "deer",
    "dog",
    "frog",
    "horse",
    "ship",
    "truck"
  ]
}