{
  "name": "act",
  "metrics": {
    "train_loss": [
      1.4922451309182427,
      1.043319789015434,
      0.7758810633624141,
      0.6437847174873407,
      0.5588794193145904,
      0.4404188000851057,
      0.4089146262796765,
      0.35337322505868296,
      0.2844324373132126,
      0.21979604786346582,
      0.1797692026434974,
      0.1737129771870307
    ],
    "train_accuracy": [
      0.49,
      0.6443777777777778,
      0.7360666666666666,
      0.7788888888888889,
      0.8092888888888888,
      0.8464666666666667,
      0.8612444444444445,
      0.8761333333333333,
      0.9017777777777778,
      0.9229111111111111,
      0.9367111111111112,
      0.9395111111111111
    ],
    "val_loss": [
      1.511073324084282,
      1.1048410937190056,
      0.8762803062796592,
      0.7752174645662308,
      0.78261554017663,
      0.6437424495816231,
      0.7004206880927086,
      0.7862300269305706,
      0.663276220113039,
      0.7847408130764961,
      0.7717431209981441,
      0.8634928800165653
    ],
    "val_accuracy": [
      0.4842,
      0.6334,
      0.717,
      0.745,
      0.7624,
      0.792,
      0.799,
      0.7948,
      0.8132,
      0.8074,
      0.8218,
      0.811
    ]
  },
  "accuracy": 0.8149,
  "confusion": [
    [
      859.0,
      3.0,
      38.0,
      10.0,
      4.0,
      2.0,
      7.0,
      10.0,
      23.0,
      44.0
    ],
    [
      12.0,
      839.0,
      1.0,
      8.0,
      0.0,
      0.0,
      6.0,
      0.0,
      27.0,
      107.0
    ],
    [
      47.0,
      2.0,
      750.0,
      42.0,
      22.0,
      31.0,
      71.0,
      16.0,
      4.0,
      15.0
    ],
    [
      21.0,
      5.0,
      54.0,
      666.0,
      19.0,
      111.0,
      62.0,
      28.0,
      13.0,
      21.0
    ],
    [
      19.0,
      0.0,
      69.0,
      79.0,
      726.0,
      19.0,
      44.0,
      34.0,
      4.0,
      6.0
    ],
    [
      8.0,
      2.0,
      53.0,
      134.0,
      16.0,
      726.0,
      14.0,
      36.0,
      5.0,
      6.0
    ],
    [
      4.0,
      1.0,
      11.0,
      50.0,
      6.0,
      9.0,
      900.0,
      7.0,
      5.0,
      7.0
    ],
    [
      17.0,
      5.0,
      25.0,
      24.0,
      25.0,
      19.0,
      1.0,
      865.0,
      2.0,
      17.0
    ],
    [
      50.0,
      7.0,
      4.0,
      9.0,
      5.0,
      3.0,
      5.0,
      3.0,
      880.0,
      34.0
    ],
    [
      12.0,
      20.0,
      4.0,
      4.0,
      0.0,
      1.0,
      3.0,
      3.0,
      15.0,
      938.0
    ]
  ],
  "classRecall": [
    0.859000027179718,
    0.8389999866485596,
    0.75,
    0.6660000085830688,
    0.7260000109672546,
    0.7260000109672546,
    0.8999999761581421,
    0.8650000095367432,
    0.8799999952316284,
    0.9380000233650208
  ],
  "classPrecision": [
    0.8188751339912415,
    0.9490950107574463,
    0.7433102130889893,
    0.6491228342056274,
    0.8821384906768799,
    0.7882736325263977,
    0.808625340461731,
    0.8632734417915344,
    0.8997954726219177,
    0.7849372625350952
  ],
  "classes": [
    "plane",
    "car",
    "bird",
    "cat",
    "deer",
    "dog",
    "frog",
    "horse",
    "ship",
    "truck"
  ]
}