{
  "name": "act",
  "metrics": {
    "train_loss": [
      1.660688759589737,
      1.1094887143170291,
      0.8571964937516234,
      0.6693960802460258,
      0.5831991898065264,
      0.475636319511316,
      0.36680744541808963,
      0.3537786453962326,
      0.2588020659432831,
      0.3022735169242052,
      0.23887261669998142,
      0.17319006779739124
    ],
    "train_accuracy": [
      0.47217777777777775,
      0.6180888888888889,
      0.7123333333333334,
      0.7695555555555555,
      0.7973333333333333,
      0.8336,
      0.8708444444444444,
      0.8792444444444445,
      0.9108888888888889,
      0.8970666666666667,
      0.9155555555555556,
      0.9384222222222223
    ],
    "val_loss": [
      1.7112370818853377,
      1.1887193202972413,
      0.9523906320333481,
      0.7644642449915409,
      0.7382599800825119,
      0.6847034513950347,
      0.6568716153502464,
      0.7278362572193146,
      0.7049273576587438,
      0.8218767702579498,
      0.7959588095545769,
      0.7585434399545192
    ],
    "val_accuracy": [
      0.4546,
      0.598,
      0.6896,
      0.7344,
      0.76,
      0.7722,
      0.8024,
      0.8046,
      0.8158,
      0.7956,
      0.8048,
      0.8176
    ]
  },
  "accuracy": 0.8116,
  "confusion": [
    [
      737.0,
      15.0,
      111.0,
      18.0,
      27.0,
      6.0,
      5.0,
      7.0,
      65.0,
      9.0
    ],
    [
      8.0,
      927.0,
      3.0,
      1.0,
      2.0,
      1.0,
      4.0,
      1.0,
      21.0,
      32.0
    ],
    [
      21.0,
      3.0,
      794.0,
      22.0,
      58.0,
      30.0,
      46.0,
      17.0,
      6.0,
      3.0
    ],
    [
      13.0,
      10.0,
      92.0,
      611.0,
      45.0,
      123.0,
      67.0,
      24.0,
      10.0,
      5.0
    ],
    [
      6.0,
      1.0,
      61.0,
      34.0,
      829.0,
      17.0,
      25.0,
      23.0,
      3.0,
      1.0
    ],
    [
      4.0,
      1.0,
      52.0,
      112.0,
      44.0,
      716.0,
      31.0,
      33.0,
      5.0,
      2.0
    ],
    [
      5.0,
      2.0,
      45.0,
      26.0,
      14.0,
      9.0,
      887.0,
      1.0,
      10.0,
      1.0
    ],
    [
      8.0,
      2.0,
      32.0,
      20.0,
      42.0,
      34.0,
      9.0,
      844.0,
      5.0,
      4.0
    ],
    [
      25.0,
      15.0,
      13.0,
      11.0,
      5.0,
      0.0,
      4.0,
      0.0,
      922.0,
      5.0
    ],
    [
      13.0,
      61.0,
      8.0,
      10.0,
      3.0,
      0.0,
      2.0,
      8.0,
      46.0,
      849.0
    ]
  ],
  "classRecall": [
    0.7369999885559082,
    0.9269999861717224,
    0.7940000295639038,
    0.6110000014305115,
    0.8289999961853027,
    0.7160000205039978,
    0.8870000243186951,
    0.843999981880188,
    0.921999990940094,
    0.8489999771118164
  ],
  "classPrecision": [
    0.8773809671401978,
    0.8939247727394104,
    0.6556564569473267,
    0.7063583731651306,
    0.7754911184310913,
    0.7649572491645813,
    0.8212962746620178,
    0.8810020685195923,
    0.8435498476028442,
    0.9319429397583008
  ],
  "classes": [
    "plane",
    "car",
    "bird",
    "cat",
    "deer",
    "dog",
    "frog",
    "horse",
    "ship",
    "truck"
  ]
}