{
  "name": "act",
  "metrics": {
    "train_loss": [
      0.19924808350078302,
      0.17771566922277635,
      0.13506003964021449,
      0.12087813157906041,
      0.10382227115862742
    ],
    "train_accuracy": [
      0.9515,
      0.9571666666666667,
      0.964462962962963,
      0.9663888888888889,
      0.9717777777777777
    ],
    "val_loss": [
      0.2161186383442676,
      0.1877530447029053,
      0.15105757497726602,
      0.1448018249679119,
      0.12579476270586887
    ],
    "val_accuracy": [
      0.9443333333333334,
      0.952,
      0.96,
      0.96,
      0.9663333333333334
    ]
  },
  "accuracy": 0.9644,
  "confusion": [
    [
      973.0,
      1.0,
      0.0,
      0.0,
      1.0,
      0.0,
      3.0,
      1.0,
      1.0,
      0.0
    ],
    [
      0.0,
      1127.0,
      3.0,
      0.0,
      0.0,
      1.0,
      3.0,
      0.0,
      1.0,
      0.0
    ],
    [
      8.0,
      3.0,
      997.0,
      1.0,
      2.0,
      0.0,
      8.0,
      9.0,
      4.0,
      0.0
    ],
    [
      0.0,
      2.0,
      5.0,
      984.0,
      0.0,
      1.0,
      1.0,
      12.0,
      4.0,
      1.0
    ],
    [
      1.0,
      1.0,
      3.0,
      0.0,
      966.0,
      0.0,
      5.0,
      1.0,
      1.0,
      4.0
    ],
    [
      4.0,
      3.0,
      0.0,
      44.0,
      2.0,
      818.0,
      12.0,
      3.0,
      5.0,
      1.0
    ],
    [
      6.0,
      2.0,
      0.0,
      0.0,
      3.0,
      6.0,
      939.0,
      1.0,
      1.0,
      0.0
    ],
    [
      2.0,
      14.0,
      8.0,
      0.0,
      3.0,
      0.0,
      0.0,
      995.0,
      0.0,
      6.0
    ],
    [
      8.0,
      5.0,
      5.0,
      14.0,
      6.0,
      4.0,
      12.0,
      4.0,
      914.0,
      2.0
    ],
    [
      3.0,
      10.0,
      0.0,
      16.0,
      30.0,
      3.0,
      1.0,
      10.0,
      5.0,
      931.0
    ]
  ],
  "classRecall": [
    0.9928571581840515,
    0.992951512336731,
    0.9660852551460266,
    0.9742574095726013,
    0.9837067127227783,
    0.9170403480529785,
    0.980167031288147,
    0.9678988456726074,
    0.9383983612060547,
    0.9226957559585571
  ],
  "classPrecision": [
    0.9681591987609863,
    0.9648972749710083,
    0.9764936566352844,
    0.9291784763336182,
    0.9536031484603882,
    0.981992781162262,
    0.9542682766914368,
    0.9604247212409973,
    0.9764957427978516,
    0.9851852059364319
  ],
  "classes": [
    0,
    1,
    2,
    3,
    4,
    5,
    6,
    7,
    8,
    9
  ]
}