{
  "name": "act",
  "metrics": {
    "train_loss": [
      1.5041902959346771,
      1.0697550224986943,
      0.8297094856812195,
      0.6443805681033568,
      0.5077603560110385,
      0.5021268633109602,
      0.3650452470914884,
      0.32621076741171157,
      0.2647292636419562,
      0.22245103867978536,
      0.2260944711213762,
      0.19806238459634848
    ],
    "train_accuracy": [
      0.4945111111111111,
      0.6435555555555555,
      0.7093333333333334,
      0.7842222222222223,
      0.8239555555555556,
      0.8249333333333333,
      0.8713333333333333,
      0.8854222222222222,
      0.9061111111111111,
      0.9210444444444444,
      0.9219777777777778,
      0.9323111111111111
    ],
    "val_loss": [
      1.5106479167938232,
      1.1348582312464714,
      0.9154799118638038,
      0.8033541798591614,
      0.7037819430232048,
      0.7380608186125756,
      0.6931735746562481,
      0.6844277691096068,
      0.678967073187232,
      0.703718437999487,
      0.8665121829137206,
      0.8558510797098279
    ],
    "val_accuracy": [
      0.4984,
      0.6346,
      0.692,
      0.7592,
      0.7768,
      0.768,
      0.8046,
      0.801,
      0.813,
      0.8198,
      0.8098,
      0.8
    ]
  },
  "accuracy": 0.8076,
  "confusion": [
    [
      853.0,
      11.0,
      78.0,
      14.0,
      6.0,
      1.0,
      9.0,
      5.0,
      16.0,
      7.0
    ],
    [
      5.0,
      934.0,
      5.0,
      0.0,
      1.0,
      4.0,
      7.0,
      0.0,
      16.0,
      28.0
    ],
    [
      31.0,
      2.0,
      863.0,
      25.0,
      23.0,
      17.0,
      20.0,
      16.0,
      1.0,
      2.0
    ],
    [
      20.0,
      3.0,
      123.0,
      659.0,
      32.0,
      70.0,
      52.0,
      30.0,
      5.0,
      6.0
    ],
    [
      22.0,
      2.0,
      119.0,
      41.0,
      759.0,
      8.0,
      22.0,
      23.0,
      3.0,
      1.0
    ],
    [
      12.0,
      1.0,
      117.0,
      131.0,
      30.0,
      655.0,
      15.0,
      39.0,
      0.0,
      0.0
    ],
    [
      4.0,
      3.0,
      94.0,
      44.0,
      21.0,
      1.0,
      826.0,
      6.0,
      0.0,
      1.0
    ],
    [
      14.0,
      2.0,
      49.0,
      20.0,
      49.0,
      31.0,
      3.0,
      828.0,
      0.0,
      4.0
    ],
    [
      59.0,
      20.0,
      21.0,
      11.0,
      3.0,
      1.0,
      9.0,
      3.0,
      865.0,
      8.0
    ],
    [
      29.0,
      80.0,
      9.0,
      10.0,
      0.0,
      2.0,
      10.0,
      3.0,
      23.0,
      834.0
    ]
  ],
  "classRecall": [
    0.8529999852180481,
    0.9340000152587891,
    0.8629999756813049,
    0.6589999794960022,
    0.7590000033378601,
    0.6549999713897705,
    0.8259999752044678,
    0.828000009059906,
    0.8650000095367432,
    0.8339999914169312
  ],
  "classPrecision": [
    0.8131554126739502,
    0.8827977180480957,
    0.5838971734046936,
    0.690052330493927,
    0.8214285969734192,
    0.8291139006614685,
    0.8489208817481995,
    0.8688352704048157,
    0.9311087131500244,
    0.936026930809021
  ],
  "classes": [
    "plane",
    "car",
    "bird",
    "cat",
    "deer",
    "dog",
    "frog",
    "horse",
    "ship",
    "truck"
  ]
}