{
  "name": "act",
  "metrics": {
    "train_loss": [
      1.5741713778539137,
      1.1047526696188883,
      0.9004519688473507,
      0.6488344385711984,
      0.5643020487305793,
      0.4581558969379826,
      0.4307922510514883,
      0.3227226778187535,
      0.2756548069883138,
      0.21483001455833967,
      0.24537692959843713,
      0.16440551408397203
    ],
    "train_accuracy": [
      0.4554,
      0.6279555555555556,
      0.7039111111111112,
      0.7750888888888889,
      0.805,
      0.8426888888888889,
      0.8497111111111111,
      0.8869555555555556,
      0.9033333333333333,
      0.9245333333333333,
      0.9175555555555556,
      0.9425333333333333
    ],
    "val_loss": [
      1.5639636293053627,
      1.1363081358373166,
      0.9870076104998589,
      0.7716231256723404,
      0.7423078164458274,
      0.7144674181938171,
      0.7347746506333351,
      0.7103895723819733,
      0.7171191349625587,
      0.7336410276591778,
      0.9209524430334568,
      0.8886612147092819
    ],
    "val_accuracy": [
      0.4552,
      0.6152,
      0.686,
      0.7422,
      0.7562,
      0.781,
      0.7826,
      0.8016,
      0.8112,
      0.819,
      0.8064,
      0.817
    ]
  },
  "accuracy": 0.8157,
  "confusion": [
    [
      766.0,
      23.0,
      60.0,
      14.0,
      25.0,
      3.0,
      8.0,
      7.0,
      65.0,
      29.0
    ],
    [
      2.0,
      926.0,
      4.0,
      3.0,
      0.0,
      0.0,
      3.0,
      0.0,
      29.0,
      33.0
    ],
    [
      18.0,
      3.0,
      728.0,
      51.0,
      68.0,
      44.0,
      54.0,
      20.0,
      10.0,
      4.0
    ],
    [
      8.0,
      7.0,
      41.0,
      695.0,
      49.0,
      86.0,
      52.0,
      33.0,
      10.0,
      19.0
    ],
    [
      3.0,
      0.0,
      37.0,
      56.0,
      803.0,
      10.0,
      36.0,
      49.0,
      6.0,
      0.0
    ],
    [
      5.0,
      5.0,
      31.0,
      156.0,
      35.0,
      691.0,
      16.0,
      55.0,
      1.0,
      5.0
    ],
    [
      3.0,
      1.0,
      22.0,
      55.0,
      7.0,
      14.0,
      885.0,
      4.0,
      5.0,
      4.0
    ],
    [
      4.0,
      4.0,
      18.0,
      40.0,
      28.0,
      24.0,
      1.0,
      875.0,
      3.0,
      3.0
    ],
    [
      18.0,
      20.0,
      11.0,
      14.0,
      2.0,
      1.0,
      4.0,
      2.0,
      922.0,
      6.0
    ],
    [
      13.0,
      67.0,
      4.0,
      3.0,
      1.0,
      3.0,
      3.0,
      6.0,
      34.0,
      866.0
    ]
  ],
  "classRecall": [
    0.765999972820282,
    0.9259999990463257,
    0.7279999852180481,
    0.6949999928474426,
    0.8029999732971191,
    0.6909999847412109,
    0.8849999904632568,
    0.875,
    0.921999990940094,
    0.8659999966621399
  ],
  "classPrecision": [
    0.9119047522544861,
    0.876893937587738,
    0.7615062594413757,
    0.6393744349479675,
    0.7888015508651733,
    0.7888127565383911,
    0.8333333134651184,
    0.8325404524803162,
    0.8497695922851562,
    0.8937048316001892
  ],
  "classes": [
    "plane",
    "car",
    "bird",
    "cat",
    "deer",
    "dog",
    "frog",
    "horse",
    "ship",
    "truck"
  ]
}