{
  "name": "act",
  "metrics": {
    "train_loss": [
      0.1904274919798589,
      0.14443089818290625,
      0.11534914170872967,
      0.12037509770719644,
      0.11923571608483932
    ],
    "train_accuracy": [
      0.9501296296296297,
      0.9642407407407407,
      0.9704444444444444,
      0.9726851851851852,
      0.9683518518518518
    ],
    "val_loss": [
      0.20181344608043103,
      0.15836457876448937,
      0.13260132668817298,
      0.14208468747265796,
      0.1452913242293165
    ],
    "val_accuracy": [
      0.9458333333333333,
      0.9608333333333333,
      0.9661666666666666,
      0.9636666666666667,
      0.9636666666666667
    ]
  },
  "accuracy": 0.9626,
  "confusion": [
    [
      969.0,
      1.0,
      1.0,
      0.0,
      0.0,
      0.0,
      7.0,
      1.0,
      1.0,
      0.0
    ],
    [
      0.0,
      1121.0,
      6.0,
      1.0,
      0.0,
      1.0,
      3.0,
      0.0,
      3.0,
      0.0
    ],
    [
      8.0,
      0.0,
      1002.0,
      3.0,
      2.0,
      1.0,
      5.0,
      9.0,
      2.0,
      0.0
    ],
    [
      4.0,
      2.0,
      9.0,
      965.0,
      0.0,
      10.0,
      1.0,
      11.0,
      8.0,
      0.0
    ],
    [
      3.0,
      1.0,
      3.0,
      0.0,
      952.0,
      0.0,
      14.0,
      4.0,
      0.0,
      5.0
    ],
    [
      7.0,
      0.0,
      0.0,
      8.0,
      2.0,
      842.0,
      29.0,
      2.0,
      2.0,
      0.0
    ],
    [
      7.0,
      2.0,
      0.0,
      0.0,
      1.0,
      1.0,
      947.0,
      0.0,
      0.0,
      0.0
    ],
    [
      3.0,
      8.0,
      12.0,
      1.0,
      0.0,
      0.0,
      2.0,
      997.0,
      0.0,
      5.0
    ],
    [
      4.0,
      3.0,
      8.0,
      8.0,
      4.0,
      5.0,
      23.0,
      7.0,
      912.0,
      0.0
    ],
    [
      9.0,
      8.0,
      1.0,
      5.0,
      37.0,
      4.0,
      5.0,
      10.0,
      11.0,
      919.0
    ]
  ],
  "classRecall": [
    0.9887754917144775,
    0.9876651763916016,
    0.9709302186965942,
    0.9554455280303955,
    0.9694501161575317,
    0.9439461827278137,
    0.9885177612304688,
    0.9698443412780762,
    0.9363449811935425,
    0.9108027815818787
  ],
  "classPrecision": [
    0.9556213021278381,
    0.9781849980354309,
    0.9616122841835022,
    0.9737638831138611,
    0.9539077877998352,
    0.9745370149612427,
    0.9140926599502563,
    0.9577329754829407,
    0.9712460041046143,
    0.9892357587814331
  ],
  "classes": [
    0,
    1,
    2,
    3,
    4,
    5,
    6,
    7,
    8,
    9
  ]
}