{
  "name": "act",
  "metrics": {
    "train_loss": [
      2.123177723789757,
      1.8757335868748752,
      1.5542726902799173,
      1.2764015722681175,
      0.9841938997534189,
      0.8279199801724065,
      1.1373767250810156,
      0.6857943819327788,
      0.5428471140224825,
      0.6182481696490537,
      0.4944572720507329,
      0.3974486822685735
    ],
    "train_accuracy": [
      0.4018888888888889,
      0.5106888888888889,
      0.5493555555555556,
      0.6787777777777778,
      0.7264444444444444,
      0.7476222222222222,
      0.7548222222222222,
      0.7861555555555556,
      0.8129555555555555,
      0.8188666666666666,
      0.8412666666666667,
      0.8666888888888888
    ],
    "val_loss": [
      2.190365952253342,
      1.9367287039756775,
      1.6763958364725113,
      1.5570395186543464,
      1.2105121538043022,
      1.058366884291172,
      1.545101709663868,
      1.1421739131212234,
      1.0935482382774353,
      1.116831909120083,
      1.2250079825520515,
      1.258833333849907
    ],
    "val_accuracy": [
      0.3946,
      0.5098,
      0.5422,
      0.6646,
      0.7014,
      0.723,
      0.7278,
      0.745,
      0.7674,
      0.768,
      0.773,
      0.7958
    ]
  },
  "accuracy": 0.7971,
  "confusion": [
    [
      826.0,
      7.0,
      57.0,
      12.0,
      9.0,
      0.0,
      7.0,
      12.0,
      31.0,
      39.0
    ],
    [
      5.0,
      891.0,
      4.0,
      3.0,
      1.0,
      2.0,
      6.0,
      0.0,
      9.0,
      79.0
    ],
    [
      57.0,
      0.0,
      750.0,
      24.0,
      49.0,
      53.0,
      34.0,
      8.0,
      7.0,
      18.0
    ],
    [
      18.0,
      4.0,
      84.0,
      534.0,
      77.0,
      180.0,
      47.0,
      17.0,
      9.0,
      30.0
    ],
    [
      18.0,
      1.0,
      66.0,
      31.0,
      794.0,
      46.0,
      22.0,
      17.0,
      3.0,
      2.0
    ],
    [
      7.0,
      2.0,
      35.0,
      98.0,
      36.0,
      782.0,
      12.0,
      18.0,
      1.0,
      9.0
    ],
    [
      7.0,
      5.0,
      43.0,
      28.0,
      24.0,
      33.0,
      843.0,
      5.0,
      3.0,
      9.0
    ],
    [
      14.0,
      0.0,
      50.0,
      20.0,
      55.0,
      85.0,
      5.0,
      766.0,
      0.0,
      5.0
    ],
    [
      54.0,
      15.0,
      23.0,
      9.0,
      5.0,
      4.0,
      2.0,
      1.0,
      855.0,
      32.0
    ],
    [
      15.0,
      23.0,
      9.0,
      3.0,
      5.0,
      1.0,
      0.0,
      3.0,
      11.0,
      930.0
    ]
  ],
  "classRecall": [
    0.8259999752044678,
    0.890999972820282,
    0.75,
    0.5339999794960022,
    0.7940000295639038,
    0.7820000052452087,
    0.8429999947547913,
    0.765999972820282,
    0.8550000190734863,
    0.9300000071525574
  ],
  "classPrecision": [
    0.8090107440948486,
    0.9398733973503113,
    0.6690455079078674,
    0.7007874250411987,
    0.7526066303253174,
    0.6593592166900635,
    0.8619632124900818,
    0.9043683409690857,
    0.9203444719314575,
    0.8065915107727051
  ],
  "classes": [
    "plane",
    "car",
    "bird",
    "cat",
    "deer",
    "dog",
    "frog",
    "horse",
    "ship",
    "truck"
  ]
}