{
  "name": "act",
  "metrics": {
    "train_loss": [
      0.1602569827059575,
      0.1168396907518684,
      0.09714871715595372,
      0.07787442791288922,
      0.0672246868594139
    ],
    "train_accuracy": [
      0.9539074074074074,
      0.9674259259259259,
      0.9732592592592593,
      0.9777592592592592,
      0.9813333333333333
    ],
    "val_loss": [
      0.1659880817887631,
      0.13255268343268556,
      0.12099216854635705,
      0.10223012845566933,
      0.09208903192205632
    ],
    "val_accuracy": [
      0.9528333333333333,
      0.9636666666666667,
      0.9656666666666667,
      0.9713333333333334,
      0.9738333333333333
    ]
  },
  "accuracy": 0.9754,
  "confusion": [
    [
      975.0,
      0.0,
      1.0,
      0.0,
      0.0,
      0.0,
      1.0,
      1.0,
      2.0,
      0.0
    ],
    [
      0.0,
      1123.0,
      5.0,
      1.0,
      0.0,
      1.0,
      2.0,
      0.0,
      3.0,
      0.0
    ],
    [
      6.0,
      0.0,
      1016.0,
      0.0,
      1.0,
      0.0,
      2.0,
      5.0,
      2.0,
      0.0
    ],
    [
      0.0,
      0.0,
      8.0,
      972.0,
      0.0,
      14.0,
      0.0,
      9.0,
      5.0,
      2.0
    ],
    [
      4.0,
      0.0,
      4.0,
      0.0,
      953.0,
      0.0,
      6.0,
      3.0,
      3.0,
      9.0
    ],
    [
      4.0,
      0.0,
      0.0,
      2.0,
      0.0,
      873.0,
      4.0,
      0.0,
      6.0,
      3.0
    ],
    [
      8.0,
      2.0,
      0.0,
      1.0,
      1.0,
      4.0,
      936.0,
      0.0,
      6.0,
      0.0
    ],
    [
      3.0,
      4.0,
      11.0,
      1.0,
      0.0,
      0.0,
      0.0,
      997.0,
      1.0,
      11.0
    ],
    [
      10.0,
      0.0,
      4.0,
      1.0,
      3.0,
      6.0,
      1.0,
      4.0,
      943.0,
      2.0
    ],
    [
      6.0,
      6.0,
      0.0,
      5.0,
      11.0,
      3.0,
      1.0,
      9.0,
      2.0,
      966.0
    ]
  ],
  "classRecall": [
    0.9948979616165161,
    0.9894273281097412,
    0.9844961166381836,
    0.9623762369155884,
    0.9704684615135193,
    0.9786995649337769,
    0.9770354628562927,
    0.9698443412780762,
    0.9681724905967712,
    0.9573835730552673
  ],
  "classPrecision": [
    0.959645688533783,
    0.9894273281097412,
    0.9685414433479309,
    0.9888097643852234,
    0.983488142490387,
    0.9689233899116516,
    0.9821615815162659,
    0.9698443412780762,
    0.9691675305366516,
    0.9728096723556519
  ],
  "classes": [
    0,
    1,
    2,
    3,
    4,
    5,
    6,
    7,
    8,
    9
  ]
}