{
  "name": "act",
  "metrics": {
    "train_loss": [
      0.19797509865420407,
      0.17065436751427243,
      0.1384996498948166,
      0.11667010332877037,
      0.10611856133363681
    ],
    "train_accuracy": [
      0.9512962962962963,
      0.957962962962963,
      0.9637592592592592,
      0.9711296296296297,
      0.971925925925926
    ],
    "val_loss": [
      0.20196965479470314,
      0.17866708449226745,
      0.1517157662422099,
      0.13431682310839918,
      0.1255564401124386
    ],
    "val_accuracy": [
      0.9485,
      0.9538333333333333,
      0.958,
      0.9666666666666667,
      0.9638333333333333
    ]
  },
  "accuracy": 0.9661,
  "confusion": [
    [
      974.0,
      1.0,
      0.0,
      0.0,
      0.0,
      0.0,
      4.0,
      1.0,
      0.0,
      0.0
    ],
    [
      0.0,
      1127.0,
      3.0,
      1.0,
      0.0,
      0.0,
      2.0,
      0.0,
      2.0,
      0.0
    ],
    [
      4.0,
      1.0,
      1011.0,
      4.0,
      0.0,
      0.0,
      4.0,
      7.0,
      1.0,
      0.0
    ],
    [
      0.0,
      3.0,
      8.0,
      986.0,
      1.0,
      2.0,
      0.0,
      8.0,
      2.0,
      0.0
    ],
    [
      5.0,
      1.0,
      3.0,
      1.0,
      943.0,
      0.0,
      7.0,
      7.0,
      0.0,
      15.0
    ],
    [
      7.0,
      4.0,
      0.0,
      34.0,
      2.0,
      820.0,
      18.0,
      1.0,
      5.0,
      1.0
    ],
    [
      5.0,
      3.0,
      0.0,
      0.0,
      4.0,
      1.0,
      944.0,
      0.0,
      1.0,
      0.0
    ],
    [
      3.0,
      11.0,
      13.0,
      1.0,
      0.0,
      0.0,
      0.0,
      994.0,
      0.0,
      6.0
    ],
    [
      7.0,
      2.0,
      8.0,
      12.0,
      4.0,
      3.0,
      7.0,
      5.0,
      924.0,
      2.0
    ],
    [
      10.0,
      7.0,
      1.0,
      14.0,
      19.0,
      2.0,
      0.0,
      15.0,
      3.0,
      938.0
    ]
  ],
  "classRecall": [
    0.9938775300979614,
    0.992951512336731,
    0.979651153087616,
    0.9762375950813293,
    0.9602851271629333,
    0.9192824959754944,
    0.9853861927986145,
    0.966926097869873,
    0.9486653208732605,
    0.9296333193778992
  ],
  "classPrecision": [
    0.9596059322357178,
    0.9715517163276672,
    0.9656160473823547,
    0.9363722801208496,
    0.9691675305366516,
    0.990338146686554,
    0.9574036598205566,
    0.9576107859611511,
    0.9850746393203735,
    0.975051999092102
  ],
  "classes": [
    0,
    1,
    2,
    3,
    4,
    5,
    6,
    7,
    8,
    9
  ]
}