{
  "name": "act",
  "metrics": {
    "train_loss": [
      0.14660377251381557,
      0.1151597561199942,
      0.09934973311102926,
      0.07626802495446815,
      0.07089382006182066
    ],
    "train_accuracy": [
      0.9601111111111111,
      0.9663703703703703,
      0.9717777777777777,
      0.9789814814814815,
      0.980574074074074
    ],
    "val_loss": [
      0.15954764219040565,
      0.12160424079666747,
      0.11762255188473995,
      0.09813527299210112,
      0.0961854387708801
    ],
    "val_accuracy": [
      0.9558333333333333,
      0.9616666666666667,
      0.9681666666666666,
      0.9731666666666666,
      0.9741666666666666
    ]
  },
  "accuracy": 0.9731,
  "confusion": [
    [
      973.0,
      0.0,
      0.0,
      0.0,
      0.0,
      1.0,
      2.0,
      1.0,
      3.0,
      0.0
    ],
    [
      0.0,
      1122.0,
      5.0,
      1.0,
      0.0,
      0.0,
      2.0,
      0.0,
      5.0,
      0.0
    ],
    [
      9.0,
      0.0,
      1005.0,
      0.0,
      3.0,
      1.0,
      2.0,
      9.0,
      3.0,
      0.0
    ],
    [
      0.0,
      0.0,
      15.0,
      969.0,
      0.0,
      11.0,
      0.0,
      7.0,
      5.0,
      3.0
    ],
    [
      2.0,
      0.0,
      2.0,
      0.0,
      959.0,
      0.0,
      5.0,
      1.0,
      2.0,
      11.0
    ],
    [
      2.0,
      0.0,
      0.0,
      3.0,
      1.0,
      870.0,
      3.0,
      1.0,
      10.0,
      2.0
    ],
    [
      13.0,
      3.0,
      1.0,
      0.0,
      4.0,
      9.0,
      919.0,
      0.0,
      9.0,
      0.0
    ],
    [
      1.0,
      3.0,
      18.0,
      0.0,
      1.0,
      0.0,
      0.0,
      995.0,
      3.0,
      7.0
    ],
    [
      4.0,
      1.0,
      8.0,
      1.0,
      2.0,
      4.0,
      0.0,
      2.0,
      949.0,
      3.0
    ],
    [
      5.0,
      3.0,
      0.0,
      1.0,
      13.0,
      5.0,
      0.0,
      5.0,
      7.0,
      970.0
    ]
  ],
  "classRecall": [
    0.9928571581840515,
    0.9885462522506714,
    0.9738371968269348,
    0.9594059586524963,
    0.976578414440155,
    0.9753363132476807,
    0.9592902064323425,
    0.9678988456726074,
    0.9743326306343079,
    0.9613478779792786
  ],
  "classPrecision": [
    0.9643211364746094,
    0.9911660552024841,
    0.9535104632377625,
    0.9938461780548096,
    0.9755849242210388,
    0.9655937552452087,
    0.984994649887085,
    0.9745347499847412,
    0.9528112411499023,
    0.9738956093788147
  ],
  "classes": [
    0,
    1,
    2,
    3,
    4,
    5,
    6,
    7,
    8,
    9
  ]
}