{
  "name": "act",
  "metrics": {
    "train_loss": [
      2.153965402733196,
      1.6100463550537825,
      1.4259711581874976,
      1.2924208583479577,
      1.0681979375129396,
      0.8542993264272809,
      0.8130167680369182,
      0.6856703809885816,
      0.5327219802208922,
      0.709897951815616,
      0.7416263860227033,
      0.6098241974091665
    ],
    "train_accuracy": [
      0.4210888888888889,
      0.5512666666666667,
      0.6283333333333333,
      0.6560222222222222,
      0.689,
      0.748,
      0.7497333333333334,
      0.8002222222222222,
      0.8259111111111112,
      0.7755111111111112,
      0.8052666666666667,
      0.8282
    ],
    "val_loss": [
      2.1382535994052887,
      1.6395089417695998,
      1.5528182476758956,
      1.4355738572776318,
      1.2728551939129829,
      1.1111016243696212,
      1.1647033408284186,
      1.1766494438052177,
      1.0739310001954436,
      1.223469041287899,
      1.493905209004879,
      1.687258815765381
    ],
    "val_accuracy": [
      0.414,
      0.5524,
      0.62,
      0.6444,
      0.6748,
      0.7202,
      0.72,
      0.7552,
      0.7794,
      0.7276,
      0.7476,
      0.7558
    ]
  },
  "accuracy": 0.7595,
  "confusion": [
    [
      846.0,
      12.0,
      10.0,
      9.0,
      6.0,
      4.0,
      9.0,
      10.0,
      82.0,
      12.0
    ],
    [
      13.0,
      899.0,
      3.0,
      3.0,
      1.0,
      5.0,
      21.0,
      2.0,
      44.0,
      9.0
    ],
    [
      88.0,
      2.0,
      572.0,
      38.0,
      30.0,
      86.0,
      127.0,
      28.0,
      25.0,
      4.0
    ],
    [
      44.0,
      3.0,
      45.0,
      559.0,
      17.0,
      181.0,
      91.0,
      35.0,
      22.0,
      3.0
    ],
    [
      22.0,
      1.0,
      56.0,
      61.0,
      640.0,
      44.0,
      121.0,
      39.0,
      15.0,
      1.0
    ],
    [
      16.0,
      1.0,
      18.0,
      103.0,
      15.0,
      781.0,
      30.0,
      28.0,
      6.0,
      2.0
    ],
    [
      9.0,
      0.0,
      12.0,
      25.0,
      3.0,
      20.0,
      917.0,
      7.0,
      6.0,
      1.0
    ],
    [
      22.0,
      3.0,
      13.0,
      14.0,
      27.0,
      72.0,
      22.0,
      812.0,
      11.0,
      4.0
    ],
    [
      51.0,
      9.0,
      2.0,
      0.0,
      3.0,
      8.0,
      10.0,
      2.0,
      913.0,
      2.0
    ],
    [
      50.0,
      129.0,
      5.0,
      8.0,
      4.0,
      15.0,
      27.0,
      11.0,
      95.0,
      656.0
    ]
  ],
  "classRecall": [
    0.8460000157356262,
    0.8989999890327454,
    0.5720000267028809,
    0.5590000152587891,
    0.6399999856948853,
    0.781000018119812,
    0.9169999957084656,
    0.8119999766349792,
    0.9129999876022339,
    0.656000018119812
  ],
  "classPrecision": [
    0.7286821603775024,
    0.8489140868186951,
    0.7771739363670349,
    0.6817073225975037,
    0.8579088449478149,
    0.6422697305679321,
    0.6669090986251831,
    0.8336755633354187,
    0.7489745616912842,
    0.9452449679374695
  ],
  "classes": [
    "plane",
    "car",
    "bird",
    "cat",
    "deer",
    "dog",
    "frog",
    "horse",
    "ship",
    "truck"
  ]
}