{
  "name": "act",
  "metrics": {
    "train_loss": [
      0.16116083835326664,
      0.12112352759599403,
      0.08548533006116607,
      0.07635036044670225,
      0.0690482727635952
    ],
    "train_accuracy": [
      0.955462962962963,
      0.9660925925925926,
      0.9757222222222223,
      0.9791851851851852,
      0.9800740740740741
    ],
    "val_loss": [
      0.16727785908795417,
      0.14055284778488444,
      0.10812715298317849,
      0.10295860120590697,
      0.09969931813155083
    ],
    "val_accuracy": [
      0.9535,
      0.9593333333333334,
      0.9671666666666666,
      0.9715,
      0.9723333333333334
    ]
  },
  "accuracy": 0.9739,
  "confusion": [
    [
      970.0,
      0.0,
      2.0,
      1.0,
      0.0,
      1.0,
      3.0,
      1.0,
      1.0,
      1.0
    ],
    [
      1.0,
      1127.0,
      3.0,
      0.0,
      0.0,
      1.0,
      2.0,
      0.0,
      1.0,
      0.0
    ],
    [
      6.0,
      0.0,
      1007.0,
      4.0,
      3.0,
      0.0,
      1.0,
      7.0,
      4.0,
      0.0
    ],
    [
      1.0,
      0.0,
      3.0,
      972.0,
      0.0,
      15.0,
      0.0,
      10.0,
      5.0,
      4.0
    ],
    [
      2.0,
      0.0,
      1.0,
      0.0,
      958.0,
      0.0,
      7.0,
      4.0,
      0.0,
      10.0
    ],
    [
      2.0,
      0.0,
      0.0,
      4.0,
      0.0,
      867.0,
      8.0,
      1.0,
      7.0,
      3.0
    ],
    [
      7.0,
      3.0,
      0.0,
      0.0,
      4.0,
      1.0,
      940.0,
      0.0,
      3.0,
      0.0
    ],
    [
      1.0,
      7.0,
      11.0,
      1.0,
      1.0,
      1.0,
      0.0,
      1003.0,
      1.0,
      2.0
    ],
    [
      8.0,
      3.0,
      2.0,
      4.0,
      4.0,
      3.0,
      5.0,
      7.0,
      934.0,
      4.0
    ],
    [
      2.0,
      4.0,
      1.0,
      6.0,
      15.0,
      4.0,
      2.0,
      12.0,
      2.0,
      961.0
    ]
  ],
  "classRecall": [
    0.9897959232330322,
    0.992951512336731,
    0.9757751822471619,
    0.9623762369155884,
    0.9755600690841675,
    0.9719731211662292,
    0.9812108278274536,
    0.975680947303772,
    0.9589322209358215,
    0.9524281620979309
  ],
  "classPrecision": [
    0.9700000286102295,
    0.9851398468017578,
    0.977669894695282,
    0.9798387289047241,
    0.972588837146759,
    0.9708846807479858,
    0.9710744023323059,
    0.9598085880279541,
    0.9749478101730347,
    0.9756345152854919
  ],
  "classes": [
    0,
    1,
    2,
    3,
    4,
    5,
    6,
    7,
    8,
    9
  ]
}