{
  "name": "act",
  "metrics": {
    "train_loss": [
      1.5637969987636262,
      1.1872508756139062,
      0.9233045627109029,
      0.6574032784185626,
      0.5531908325342969,
      0.4952811991626566,
      0.41201989991929044,
      0.4086924723603509,
      0.3102993797934191,
      0.2449143697846342,
      0.17345037463713775,
      0.16279951796274295
    ],
    "train_accuracy": [
      0.4430222222222222,
      0.6142,
      0.6946888888888889,
      0.7720222222222223,
      0.8052222222222222,
      0.8301111111111111,
      0.8558888888888889,
      0.8584888888888889,
      0.8920222222222223,
      0.9160444444444444,
      0.9382,
      0.9453333333333334
    ],
    "val_loss": [
      1.563397118449211,
      1.2500000566244125,
      1.0056865364313126,
      0.7877125859260559,
      0.7006108224391937,
      0.7534105472266674,
      0.7118315473198891,
      0.7120771795511246,
      0.7641038328409195,
      0.8135150440037251,
      0.7172179505228996,
      0.7581089053303003
    ],
    "val_accuracy": [
      0.4476,
      0.6042,
      0.6708,
      0.7324,
      0.7616,
      0.767,
      0.7806,
      0.7774,
      0.8034,
      0.8058,
      0.8152,
      0.8176
    ]
  },
  "accuracy": 0.808,
  "confusion": [
    [
      805.0,
      5.0,
      47.0,
      30.0,
      14.0,
      7.0,
      5.0,
      9.0,
      64.0,
      14.0
    ],
    [
      10.0,
      898.0,
      0.0,
      6.0,
      1.0,
      5.0,
      5.0,
      1.0,
      34.0,
      40.0
    ],
    [
      39.0,
      0.0,
      744.0,
      58.0,
      26.0,
      63.0,
      41.0,
      21.0,
      7.0,
      1.0
    ],
    [
      12.0,
      5.0,
      40.0,
      681.0,
      30.0,
      134.0,
      55.0,
      25.0,
      16.0,
      2.0
    ],
    [
      7.0,
      2.0,
      61.0,
      98.0,
      735.0,
      35.0,
      23.0,
      34.0,
      4.0,
      1.0
    ],
    [
      7.0,
      3.0,
      24.0,
      136.0,
      16.0,
      770.0,
      11.0,
      29.0,
      4.0,
      0.0
    ],
    [
      3.0,
      5.0,
      38.0,
      61.0,
      11.0,
      10.0,
      862.0,
      5.0,
      5.0,
      0.0
    ],
    [
      8.0,
      0.0,
      14.0,
      47.0,
      37.0,
      42.0,
      5.0,
      844.0,
      3.0,
      0.0
    ],
    [
      33.0,
      4.0,
      11.0,
      8.0,
      5.0,
      2.0,
      8.0,
      3.0,
      919.0,
      7.0
    ],
    [
      26.0,
      72.0,
      9.0,
      13.0,
      4.0,
      7.0,
      8.0,
      9.0,
      30.0,
      822.0
    ]
  ],
  "classRecall": [
    0.8050000071525574,
    0.8980000019073486,
    0.7440000176429749,
    0.6809999942779541,
    0.7350000143051147,
    0.7699999809265137,
    0.8619999885559082,
    0.843999981880188,
    0.9190000295639038,
    0.8220000267028809
  ],
  "classPrecision": [
    0.8473684191703796,
    0.9034205079078674,
    0.7530364394187927,
    0.5984182953834534,
    0.8361774682998657,
    0.7162790894508362,
    0.8426197171211243,
    0.8612244725227356,
    0.8462246656417847,
    0.9267193078994751
  ],
  "classes": [
    "plane",
    "car",
    "bird",
    "cat",
    "deer",
    "dog",
    "frog",
    "horse",
    "ship",
    "truck"
  ]
}