{
  "name": "act",
  "metrics": {
    "train_loss": [
      2.0135035914453594,
      1.7522380873560905,
      1.6125540093264796,
      1.3861145920712838,
      1.128011652353135,
      1.0051454320888629,
      0.8469721979715608,
      0.6938578709959984,
      0.6440628143874082,
      0.5323301110077988,
      0.5718998211351308,
      0.5354254979809577
    ],
    "train_accuracy": [
      0.37766666666666665,
      0.5286888888888889,
      0.5982444444444445,
      0.6636,
      0.6954222222222223,
      0.7528888888888889,
      0.7439111111111111,
      0.8016222222222222,
      0.7972,
      0.8468666666666667,
      0.8144444444444444,
      0.8327777777777777
    ],
    "val_loss": [
      2.036340793967247,
      1.832136082649231,
      1.7148030579090119,
      1.6773978769779205,
      1.4178620547056198,
      1.3546132937073707,
      1.141955952346325,
      1.2001805901527405,
      1.0755334766581655,
      1.277487261593342,
      1.046839227899909,
      1.1780356541275978
    ],
    "val_accuracy": [
      0.3734,
      0.512,
      0.584,
      0.6448,
      0.6756,
      0.7286,
      0.7184,
      0.761,
      0.7594,
      0.7962,
      0.7538,
      0.774
    ]
  },
  "accuracy": 0.7693,
  "confusion": [
    [
      689.0,
      7.0,
      44.0,
      4.0,
      12.0,
      6.0,
      6.0,
      20.0,
      197.0,
      15.0
    ],
    [
      10.0,
      847.0,
      1.0,
      1.0,
      1.0,
      7.0,
      6.0,
      4.0,
      67.0,
      56.0
    ],
    [
      64.0,
      2.0,
      709.0,
      10.0,
      37.0,
      53.0,
      80.0,
      18.0,
      19.0,
      8.0
    ],
    [
      29.0,
      7.0,
      82.0,
      338.0,
      54.0,
      336.0,
      81.0,
      41.0,
      24.0,
      8.0
    ],
    [
      18.0,
      2.0,
      59.0,
      7.0,
      760.0,
      58.0,
      43.0,
      39.0,
      11.0,
      3.0
    ],
    [
      9.0,
      3.0,
      55.0,
      25.0,
      29.0,
      818.0,
      14.0,
      36.0,
      7.0,
      4.0
    ],
    [
      7.0,
      0.0,
      29.0,
      7.0,
      12.0,
      22.0,
      888.0,
      9.0,
      24.0,
      2.0
    ],
    [
      11.0,
      2.0,
      14.0,
      11.0,
      21.0,
      68.0,
      7.0,
      858.0,
      5.0,
      3.0
    ],
    [
      20.0,
      2.0,
      7.0,
      4.0,
      1.0,
      5.0,
      2.0,
      4.0,
      947.0,
      8.0
    ],
    [
      34.0,
      50.0,
      2.0,
      2.0,
      1.0,
      10.0,
      3.0,
      11.0,
      48.0,
      839.0
    ]
  ],
  "classRecall": [
    0.6890000104904175,
    0.847000002861023,
    0.7089999914169312,
    0.33799999952316284,
    0.7599999904632568,
    0.8180000185966492,
    0.8880000114440918,
    0.8579999804496765,
    0.9470000267028809,
    0.8389999866485596
  ],
  "classPrecision": [
    0.7732884287834167,
    0.9186550974845886,
    0.7075848579406738,
    0.8264058828353882,
    0.818965494632721,
    0.5914677977561951,
    0.7858406901359558,
    0.824999988079071,
    0.7020015120506287,
    0.8868921995162964
  ],
  "classes": [
    "plane",
    "car",
    "bird",
    "cat",
    "deer",
    "dog",
    "frog",
    "horse",
    "ship",
    "truck"
  ]
}