{
  "name": "act",
  "metrics": {
    "train_loss": [
      0.1993762790026823,
      0.15888940253387696,
      0.13416579115906316,
      0.11400515314244546,
      0.1200959976912604
    ],
    "train_accuracy": [
      0.9485740740740741,
      0.9617037037037037,
      0.9647592592592592,
      0.971462962962963,
      0.9668888888888889
    ],
    "val_loss": [
      0.20681832635656316,
      0.17109810957249175,
      0.15117623672840444,
      0.133360189801835,
      0.15404249355196953
    ],
    "val_accuracy": [
      0.9443333333333334,
      0.9581666666666667,
      0.962,
      0.9645,
      0.957
    ]
  },
  "accuracy": 0.9607,
  "confusion": [
    [
      978.0,
      0.0,
      0.0,
      1.0,
      0.0,
      0.0,
      0.0,
      1.0,
      0.0,
      0.0
    ],
    [
      1.0,
      1128.0,
      2.0,
      1.0,
      0.0,
      0.0,
      2.0,
      0.0,
      1.0,
      0.0
    ],
    [
      9.0,
      5.0,
      992.0,
      8.0,
      2.0,
      0.0,
      1.0,
      15.0,
      0.0,
      0.0
    ],
    [
      0.0,
      1.0,
      3.0,
      986.0,
      0.0,
      7.0,
      1.0,
      10.0,
      2.0,
      0.0
    ],
    [
      2.0,
      1.0,
      4.0,
      0.0,
      961.0,
      0.0,
      2.0,
      5.0,
      0.0,
      7.0
    ],
    [
      8.0,
      2.0,
      0.0,
      17.0,
      1.0,
      851.0,
      5.0,
      5.0,
      2.0,
      1.0
    ],
    [
      15.0,
      5.0,
      0.0,
      0.0,
      4.0,
      24.0,
      909.0,
      0.0,
      1.0,
      0.0
    ],
    [
      3.0,
      7.0,
      6.0,
      1.0,
      0.0,
      0.0,
      0.0,
      1010.0,
      0.0,
      1.0
    ],
    [
      33.0,
      8.0,
      5.0,
      16.0,
      5.0,
      8.0,
      6.0,
      15.0,
      876.0,
      2.0
    ],
    [
      12.0,
      8.0,
      0.0,
      11.0,
      29.0,
      9.0,
      0.0,
      23.0,
      1.0,
      916.0
    ]
  ],
  "classRecall": [
    0.9979591965675354,
    0.9938325881958008,
    0.961240291595459,
    0.9762375950813293,
    0.9786150455474854,
    0.9540358781814575,
    0.9488517642021179,
    0.9824903011322021,
    0.8993839621543884,
    0.9078295230865479
  ],
  "classPrecision": [
    0.9217718839645386,
    0.9682403206825256,
    0.9802371263504028,
    0.9471662044525146,
    0.9590818285942078,
    0.9466073513031006,
    0.9816414713859558,
    0.9317343235015869,
    0.9920724630355835,
    0.9881337881088257
  ],
  "classes": [
    0,
    1,
    2,
    3,
    4,
    5,
    6,
    7,
    8,
    9
  ]
}