{
  "name": "baseline",
  "metrics": {
    "train_loss": [
      1.349499027160081,
      0.9596765154803341,
      0.7081767053089358,
      0.5745865248820998,
      0.5008419330485843,
      0.3912129763683135,
      0.3477275898172097,
      0.2534910981882025,
      0.22409861119972033,
      0.2016339045525952,
      0.1295476831199432,
      0.11389465672387318
    ],
    "train_accuracy": [
      0.5029777777777777,
      0.6567555555555555,
      0.7479555555555556,
      0.8010888888888889,
      0.8232,
      0.8632888888888889,
      0.8795555555555555,
      0.9128666666666667,
      0.9232888888888889,
      0.9281333333333334,
      0.9576888888888889,
      0.9613555555555555
    ],
    "val_loss": [
      1.3715482383966446,
      0.991222932934761,
      0.7828634798526763,
      0.7050315871834755,
      0.6675912059843541,
      0.5766401901841164,
      0.5845895473845303,
      0.5886610299348831,
      0.5668422171846033,
      0.6462234139442444,
      0.5906795732676983,
      0.6481866214424372
    ],
    "val_accuracy": [
      0.4996,
      0.6444,
      0.7224,
      0.7544,
      0.7766,
      0.8074,
      0.8018,
      0.8196,
      0.8186,
      0.8184,
      0.833,
      0.8246
    ]
  },
  "accuracy": 0.8261,
  "confusion": [
    [
      816.0,
      15.0,
      53.0,
      24.0,
      12.0,
      0.0,
      4.0,
      1.0,
      49.0,
      26.0
    ],
    [
      4.0,
      930.0,
      1.0,
      5.0,
      1.0,
      2.0,
      4.0,
      1.0,
      12.0,
      40.0
    ],
    [
      35.0,
      0.0,
      780.0,
      51.0,
      37.0,
      40.0,
      40.0,
      8.0,
      6.0,
      3.0
    ],
    [
      11.0,
      2.0,
      41.0,
      723.0,
      29.0,
      122.0,
      40.0,
      15.0,
      9.0,
      8.0
    ],
    [
      13.0,
      0.0,
      51.0,
      77.0,
      767.0,
      28.0,
      37.0,
      22.0,
      4.0,
      1.0
    ],
    [
      5.0,
      1.0,
      34.0,
      127.0,
      28.0,
      774.0,
      14.0,
      14.0,
      0.0,
      3.0
    ],
    [
      3.0,
      2.0,
      35.0,
      64.0,
      13.0,
      9.0,
      868.0,
      1.0,
      5.0,
      0.0
    ],
    [
      11.0,
      1.0,
      24.0,
      32.0,
      40.0,
      75.0,
      5.0,
      804.0,
      1.0,
      7.0
    ],
    [
      29.0,
      13.0,
      7.0,
      15.0,
      2.0,
      3.0,
      3.0,
      4.0,
      909.0,
      15.0
    ],
    [
      13.0,
      59.0,
      3.0,
      10.0,
      1.0,
      5.0,
      4.0,
      2.0,
      13.0,
      890.0
    ]
  ],
  "classRecall": [
    0.8159999847412109,
    0.9300000071525574,
    0.7799999713897705,
    0.7229999899864197,
    0.7670000195503235,
    0.7739999890327454,
    0.8679999709129333,
    0.8040000200271606,
    0.9089999794960022,
    0.8899999856948853
  ],
  "classPrecision": [
    0.8680850863456726,
    0.9090909361839294,
    0.7580174803733826,
    0.6409574747085571,
    0.824731171131134,
    0.7315689921379089,
    0.8518155217170715,
    0.9220183491706848,
    0.9017857313156128,
    0.8962739109992981
  ],
  "classes": [
    "plane",
    "car",
    "bird",
    "cat",
    "deer",
    "dog",
    "frog",
    "horse",
    "ship",
    "truck"
  ]
}