{
  "name": "baseline",
  "metrics": {
    "train_loss": [
      1.2653744014149362,
      0.8958306564864787,
      0.770003897391937,
      0.5856425619938157,
      0.44726202175529167,
      0.3940830938941376,
      0.3394931802864779,
      0.28662094224075024,
      0.2247979725626382,
      0.20625484830022536,
      0.1601596954172816,
      0.14084209460468794
    ],
    "train_accuracy": [
      0.5398,
      0.6805555555555556,
      0.7255555555555555,
      0.7925555555555556,
      0.8473555555555555,
      0.8636888888888888,
      0.8785555555555555,
      0.9001333333333333,
      0.9204,
      0.929,
      0.9454222222222223,
      0.9492666666666667
    ],
    "val_loss": [
      1.2722316712141037,
      0.9430646285414696,
      0.8473368644714355,
      0.7056184373795986,
      0.6103687189519406,
      0.6026048272848129,
      0.6098645143210888,
      0.5859762527048588,
      0.5922752991318703,
      0.6135914482176303,
      0.5889773996546864,
      0.7578644163906574
    ],
    "val_accuracy": [
      0.5396,
      0.6698,
      0.6998,
      0.7546,
      0.7962,
      0.7968,
      0.8054,
      0.808,
      0.81,
      0.8072,
      0.8204,
      0.8188
    ]
  },
  "accuracy": 0.8184,
  "confusion": [
    [
      813.0,
      14.0,
      18.0,
      18.0,
      29.0,
      6.0,
      8.0,
      5.0,
      33.0,
      56.0
    ],
    [
      8.0,
      899.0,
      0.0,
      2.0,
      2.0,
      0.0,
      5.0,
      0.0,
      7.0,
      77.0
    ],
    [
      51.0,
      0.0,
      613.0,
      47.0,
      109.0,
      72.0,
      75.0,
      18.0,
      6.0,
      9.0
    ],
    [
      10.0,
      2.0,
      27.0,
      677.0,
      57.0,
      130.0,
      63.0,
      15.0,
      4.0,
      15.0
    ],
    [
      3.0,
      2.0,
      12.0,
      40.0,
      854.0,
      20.0,
      25.0,
      40.0,
      1.0,
      3.0
    ],
    [
      5.0,
      3.0,
      15.0,
      122.0,
      32.0,
      776.0,
      15.0,
      19.0,
      4.0,
      9.0
    ],
    [
      3.0,
      1.0,
      14.0,
      38.0,
      24.0,
      12.0,
      896.0,
      3.0,
      3.0,
      6.0
    ],
    [
      7.0,
      2.0,
      8.0,
      15.0,
      39.0,
      55.0,
      6.0,
      850.0,
      2.0,
      16.0
    ],
    [
      35.0,
      18.0,
      8.0,
      10.0,
      2.0,
      6.0,
      9.0,
      2.0,
      868.0,
      42.0
    ],
    [
      8.0,
      33.0,
      0.0,
      3.0,
      2.0,
      0.0,
      3.0,
      1.0,
      12.0,
      938.0
    ]
  ],
  "classRecall": [
    0.8130000233650208,
    0.8989999890327454,
    0.6129999756813049,
    0.6769999861717224,
    0.8539999723434448,
    0.7760000228881836,
    0.8960000276565552,
    0.8500000238418579,
    0.8679999709129333,
    0.9380000233650208
  ],
  "classPrecision": [
    0.8621420860290527,
    0.9229979515075684,
    0.8573426604270935,
    0.6965020298957825,
    0.7426086664199829,
    0.7205199599266052,
    0.810859739780426,
    0.891920268535614,
    0.9234042763710022,
    0.8010247945785522
  ],
  "classes": [
    "plane",
    "car",
    "bird",
    "cat",
    "deer",
    "dog",
    "frog",
    "horse",
    "ship",
    "truck"
  ]
}