{
  "name": "baseline",
  "metrics": {
    "train_loss": [
      1.392404316501184,
      0.9857069355520335,
      0.7356507642702623,
      0.5420552567494187,
      0.510298561474139,
      0.4795460370792584,
      0.3366181546060199,
      0.2706606737761335,
      0.22385793020525438,
      0.16875877413390714,
      0.1678159040271897,
      0.1079988617460582
    ],
    "train_accuracy": [
      0.4941333333333333,
      0.6511333333333333,
      0.7436666666666667,
      0.8087777777777778,
      0.8191777777777778,
      0.8310888888888889,
      0.8854444444444445,
      0.9057555555555555,
      0.9225111111111111,
      0.9410222222222222,
      0.9430444444444445,
      0.9622444444444445
    ],
    "val_loss": [
      1.394708850979805,
      1.0185826599597931,
      0.8173857763409614,
      0.6520494449883699,
      0.6633153051137924,
      0.7109852328896522,
      0.6222223758697509,
      0.5773294053971767,
      0.5576860764063895,
      0.5715129874646664,
      0.6244794949889183,
      0.6121717072557658
    ],
    "val_accuracy": [
      0.4838,
      0.6244,
      0.708,
      0.768,
      0.78,
      0.7694,
      0.8076,
      0.8164,
      0.8194,
      0.832,
      0.8168,
      0.832
    ]
  },
  "accuracy": 0.8338,
  "confusion": [
    [
      877.0,
      14.0,
      24.0,
      17.0,
      8.0,
      3.0,
      5.0,
      11.0,
      26.0,
      15.0
    ],
    [
      4.0,
      948.0,
      3.0,
      4.0,
      1.0,
      2.0,
      4.0,
      2.0,
      2.0,
      30.0
    ],
    [
      50.0,
      2.0,
      723.0,
      28.0,
      66.0,
      38.0,
      55.0,
      28.0,
      5.0,
      5.0
    ],
    [
      24.0,
      4.0,
      50.0,
      611.0,
      47.0,
      160.0,
      58.0,
      29.0,
      11.0,
      6.0
    ],
    [
      9.0,
      2.0,
      33.0,
      27.0,
      848.0,
      24.0,
      25.0,
      29.0,
      3.0,
      0.0
    ],
    [
      8.0,
      3.0,
      29.0,
      80.0,
      31.0,
      794.0,
      20.0,
      30.0,
      5.0,
      0.0
    ],
    [
      2.0,
      2.0,
      25.0,
      28.0,
      12.0,
      15.0,
      909.0,
      5.0,
      1.0,
      1.0
    ],
    [
      6.0,
      1.0,
      12.0,
      21.0,
      40.0,
      33.0,
      2.0,
      882.0,
      1.0,
      2.0
    ],
    [
      48.0,
      26.0,
      9.0,
      7.0,
      3.0,
      1.0,
      3.0,
      4.0,
      875.0,
      24.0
    ],
    [
      30.0,
      67.0,
      3.0,
      3.0,
      2.0,
      3.0,
      3.0,
      9.0,
      9.0,
      871.0
    ]
  ],
  "classRecall": [
    0.8769999742507935,
    0.9480000138282776,
    0.7229999899864197,
    0.6110000014305115,
    0.8479999899864197,
    0.7940000295639038,
    0.9089999794960022,
    0.8820000290870667,
    0.875,
    0.8709999918937683
  ],
  "classPrecision": [
    0.8289225101470947,
    0.8868101239204407,
    0.7936333417892456,
    0.7397094368934631,
    0.8015123009681702,
    0.7399813532829285,
    0.8385608792304993,
    0.8571428656578064,
    0.9328358173370361,
    0.9129979014396667
  ],
  "classes": [
    "plane",
    "car",
    "bird",
    "cat",
    "deer",
    "dog",
    "frog",
    "horse",
    "ship",
    "truck"
  ]
}