{
  "name": "baseline",
  "metrics": {
    "train_loss": [
      1.3579242605377326,
      0.981970239430666,
      0.687734573402188,
      0.5602388337085192,
      0.4536860224536874,
      0.3709636211649261,
      0.3547093224796382,
      0.22553108831528912,
      0.23478025096383962,
      0.19120713932947678,
      0.12967611798508602,
      0.10683776448819447
    ],
    "train_accuracy": [
      0.5013111111111112,
      0.6444222222222222,
      0.7605111111111111,
      0.8046222222222222,
      0.8450222222222222,
      0.8723555555555556,
      0.8748444444444444,
      0.9211111111111111,
      0.9179333333333334,
      0.9344,
      0.9557333333333333,
      0.9627333333333333
    ],
    "val_loss": [
      1.3780804961919784,
      1.030014333128929,
      0.7804830938577652,
      0.663964319229126,
      0.6225130423903465,
      0.584534677118063,
      0.6042360685765743,
      0.5567932143807411,
      0.593114972114563,
      0.563673521252349,
      0.595432915398851,
      0.666524988412857
    ],
    "val_accuracy": [
      0.5002,
      0.6252,
      0.7292,
      0.7728,
      0.7884,
      0.8056,
      0.8008,
      0.8242,
      0.8192,
      0.8222,
      0.8296,
      0.8332
    ]
  },
  "accuracy": 0.8356,
  "confusion": [
    [
      874.0,
      10.0,
      31.0,
      18.0,
      6.0,
      0.0,
      10.0,
      9.0,
      32.0,
      10.0
    ],
    [
      5.0,
      912.0,
      5.0,
      2.0,
      2.0,
      7.0,
      7.0,
      0.0,
      16.0,
      44.0
    ],
    [
      42.0,
      1.0,
      754.0,
      44.0,
      37.0,
      42.0,
      46.0,
      23.0,
      6.0,
      5.0
    ],
    [
      24.0,
      1.0,
      48.0,
      736.0,
      26.0,
      95.0,
      40.0,
      18.0,
      4.0,
      8.0
    ],
    [
      14.0,
      0.0,
      47.0,
      55.0,
      810.0,
      16.0,
      29.0,
      24.0,
      4.0,
      1.0
    ],
    [
      6.0,
      0.0,
      28.0,
      144.0,
      28.0,
      750.0,
      11.0,
      29.0,
      3.0,
      1.0
    ],
    [
      6.0,
      0.0,
      28.0,
      51.0,
      19.0,
      10.0,
      878.0,
      4.0,
      3.0,
      1.0
    ],
    [
      15.0,
      0.0,
      16.0,
      25.0,
      35.0,
      28.0,
      2.0,
      871.0,
      1.0,
      7.0
    ],
    [
      54.0,
      13.0,
      6.0,
      11.0,
      3.0,
      1.0,
      5.0,
      3.0,
      887.0,
      17.0
    ],
    [
      27.0,
      37.0,
      3.0,
      7.0,
      0.0,
      3.0,
      7.0,
      7.0,
      25.0,
      884.0
    ]
  ],
  "classRecall": [
    0.8740000128746033,
    0.9120000004768372,
    0.7540000081062317,
    0.7360000014305115,
    0.8100000023841858,
    0.75,
    0.878000020980835,
    0.8709999918937683,
    0.8870000243186951,
    0.8840000033378601
  ],
  "classPrecision": [
    0.8191190361976624,
    0.9363449811935425,
    0.7805383205413818,
    0.6733760237693787,
    0.8385093212127686,
    0.7878151535987854,
    0.8483091592788696,
    0.8815789222717285,
    0.9041793942451477,
    0.9038854837417603
  ],
  "classes": [
    "plane",
    "car",
    "bird",
    "cat",
    "deer",
    "dog",
    "frog",
    "horse",
    "ship",
    "truck"
  ]
}