{
  "name": "baseline",
  "metrics": {
    "train_loss": [
      1.3293118087405509,
      0.9391746272078969,
      0.7479719649153677,
      0.5888606342910365,
      0.5074204833839427,
      0.379962961147116,
      0.3193870571187951,
      0.2721996082373979,
      0.22353075685995547,
      0.18456844075328924,
      0.14073519156822425,
      0.12681878521107137
    ],
    "train_accuracy": [
      0.5122222222222222,
      0.6602666666666667,
      0.7339111111111111,
      0.7952222222222223,
      0.8195555555555556,
      0.8714,
      0.8891111111111111,
      0.9082666666666667,
      0.9217555555555556,
      0.937,
      0.9517333333333333,
      0.9558222222222222
    ],
    "val_loss": [
      1.345320361852646,
      0.9830564320087433,
      0.8237759187817574,
      0.7109118029475212,
      0.662332508713007,
      0.5803077317774296,
      0.5929973684251308,
      0.5797153748571873,
      0.574355260655284,
      0.5916616894304753,
      0.633331336826086,
      0.6358866676688194
    ],
    "val_accuracy": [
      0.5046,
      0.6498,
      0.7078,
      0.7586,
      0.7698,
      0.8032,
      0.8112,
      0.8166,
      0.8176,
      0.8186,
      0.8238,
      0.8212
    ]
  },
  "accuracy": 0.8277,
  "confusion": [
    [
      843.0,
      6.0,
      62.0,
      17.0,
      2.0,
      1.0,
      4.0,
      3.0,
      49.0,
      13.0
    ],
    [
      10.0,
      898.0,
      3.0,
      3.0,
      1.0,
      0.0,
      7.0,
      0.0,
      23.0,
      55.0
    ],
    [
      30.0,
      1.0,
      805.0,
      40.0,
      51.0,
      15.0,
      27.0,
      19.0,
      9.0,
      3.0
    ],
    [
      16.0,
      1.0,
      74.0,
      659.0,
      37.0,
      86.0,
      69.0,
      38.0,
      14.0,
      6.0
    ],
    [
      13.0,
      0.0,
      50.0,
      38.0,
      836.0,
      13.0,
      14.0,
      30.0,
      6.0,
      0.0
    ],
    [
      9.0,
      1.0,
      68.0,
      136.0,
      38.0,
      669.0,
      25.0,
      50.0,
      3.0,
      1.0
    ],
    [
      3.0,
      2.0,
      40.0,
      35.0,
      19.0,
      1.0,
      890.0,
      5.0,
      5.0,
      0.0
    ],
    [
      6.0,
      0.0,
      26.0,
      34.0,
      37.0,
      23.0,
      6.0,
      860.0,
      6.0,
      2.0
    ],
    [
      34.0,
      4.0,
      7.0,
      5.0,
      4.0,
      1.0,
      4.0,
      0.0,
      926.0,
      15.0
    ],
    [
      24.0,
      36.0,
      5.0,
      12.0,
      3.0,
      0.0,
      3.0,
      5.0,
      21.0,
      891.0
    ]
  ],
  "classRecall": [
    0.8429999947547913,
    0.8980000019073486,
    0.8050000071525574,
    0.6589999794960022,
    0.8360000252723694,
    0.6690000295639038,
    0.8899999856948853,
    0.8600000143051147,
    0.9259999990463257,
    0.890999972820282
  ],
  "classPrecision": [
    0.8532388806343079,
    0.9462592005729675,
    0.7061403393745422,
    0.6731358766555786,
    0.8132295608520508,
    0.8269468545913696,
    0.8484270572662354,
    0.8514851331710815,
    0.8719397187232971,
    0.9036511182785034
  ],
  "classes": [
    "plane",
    "car",
    "bird",
    "cat",
    "deer",
    "dog",
    "frog",
    "horse",
    "ship",
    "truck"
  ]
}