{
  "name": "baseline",
  "metrics": {
    "train_loss": [
      0.1475089520780961,
      0.10515712719781421,
      0.0810905396850047,
      0.06792060896242258,
      0.06171226034700094
    ],
    "train_accuracy": [
      0.9568518518518518,
      0.9694814814814815,
      0.9761296296296297,
      0.9797962962962963,
      0.9814074074074074
    ],
    "val_loss": [
      0.1624456986467889,
      0.12636730150180928,
      0.10658957444606944,
      0.10027252613229955,
      0.09299489503052641
    ],
    "val_accuracy": [
      0.9498333333333333,
      0.964,
      0.9695,
      0.9701666666666666,
      0.9733333333333334
    ]
  },
  "accuracy": 0.973,
  "confusion": [
    [
      968.0,
      0.0,
      1.0,
      2.0,
      1.0,
      2.0,
      2.0,
      1.0,
      1.0,
      2.0
    ],
    [
      0.0,
      1124.0,
      5.0,
      1.0,
      0.0,
      1.0,
      2.0,
      0.0,
      2.0,
      0.0
    ],
    [
      3.0,
      2.0,
      1011.0,
      3.0,
      1.0,
      0.0,
      1.0,
      7.0,
      4.0,
      0.0
    ],
    [
      0.0,
      0.0,
      6.0,
      985.0,
      0.0,
      7.0,
      0.0,
      6.0,
      3.0,
      3.0
    ],
    [
      1.0,
      0.0,
      8.0,
      0.0,
      945.0,
      0.0,
      5.0,
      5.0,
      1.0,
      17.0
    ],
    [
      1.0,
      0.0,
      0.0,
      15.0,
      1.0,
      868.0,
      3.0,
      0.0,
      2.0,
      2.0
    ],
    [
      7.0,
      3.0,
      1.0,
      1.0,
      5.0,
      5.0,
      935.0,
      0.0,
      1.0,
      0.0
    ],
    [
      1.0,
      8.0,
      11.0,
      3.0,
      1.0,
      0.0,
      0.0,
      996.0,
      3.0,
      5.0
    ],
    [
      2.0,
      2.0,
      3.0,
      7.0,
      4.0,
      8.0,
      3.0,
      4.0,
      937.0,
      4.0
    ],
    [
      4.0,
      6.0,
      0.0,
      5.0,
      13.0,
      6.0,
      1.0,
      9.0,
      4.0,
      961.0
    ]
  ],
  "classRecall": [
    0.9877551198005676,
    0.9903083443641663,
    0.979651153087616,
    0.9752475023269653,
    0.9623218178749084,
    0.9730941653251648,
    0.9759916663169861,
    0.9688715934753418,
    0.9620122909545898,
    0.9524281620979309
  ],
  "classPrecision": [
    0.9807497262954712,
    0.9816594123840332,
    0.966539204120636,
    0.9637964963912964,
    0.9732235074043274,
    0.9676700234413147,
    0.9821428656578064,
    0.9688715934753418,
    0.9780793190002441,
    0.9668008089065552
  ],
  "classes": [
    0,
    1,
    2,
    3,
    4,
    5,
    6,
    7,
    8,
    9
  ]
}