{
  "name": "baseline",
  "metrics": {
    "train_loss": [
      0.15796957047152999,
      0.10171878969482195,
      0.08573848515598907,
      0.07441646088978443,
      0.059352611230191955
    ],
    "train_accuracy": [
      0.9528518518518518,
      0.970462962962963,
      0.9742592592592593,
      0.9777962962962963,
      0.9821111111111112
    ],
    "val_loss": [
      0.1740953399938472,
      0.12156823237842702,
      0.10726369180260821,
      0.10859061381284227,
      0.0972714882264746
    ],
    "val_accuracy": [
      0.9456666666666667,
      0.962,
      0.9688333333333333,
      0.969,
      0.9718333333333333
    ]
  },
  "accuracy": 0.9759,
  "confusion": [
    [
      972.0,
      0.0,
      0.0,
      1.0,
      0.0,
      1.0,
      3.0,
      1.0,
      2.0,
      0.0
    ],
    [
      0.0,
      1126.0,
      4.0,
      0.0,
      0.0,
      1.0,
      2.0,
      1.0,
      1.0,
      0.0
    ],
    [
      5.0,
      2.0,
      1006.0,
      1.0,
      3.0,
      0.0,
      3.0,
      10.0,
      2.0,
      0.0
    ],
    [
      0.0,
      0.0,
      3.0,
      991.0,
      0.0,
      5.0,
      0.0,
      8.0,
      3.0,
      0.0
    ],
    [
      0.0,
      0.0,
      5.0,
      0.0,
      962.0,
      0.0,
      5.0,
      4.0,
      1.0,
      5.0
    ],
    [
      3.0,
      1.0,
      0.0,
      10.0,
      1.0,
      864.0,
      6.0,
      1.0,
      3.0,
      3.0
    ],
    [
      5.0,
      3.0,
      1.0,
      0.0,
      6.0,
      4.0,
      937.0,
      0.0,
      2.0,
      0.0
    ],
    [
      1.0,
      6.0,
      10.0,
      2.0,
      0.0,
      0.0,
      0.0,
      1006.0,
      1.0,
      2.0
    ],
    [
      5.0,
      2.0,
      3.0,
      6.0,
      6.0,
      5.0,
      2.0,
      12.0,
      929.0,
      4.0
    ],
    [
      2.0,
      6.0,
      0.0,
      6.0,
      15.0,
      1.0,
      1.0,
      9.0,
      3.0,
      966.0
    ]
  ],
  "classRecall": [
    0.9918367266654968,
    0.9920704960823059,
    0.9748061895370483,
    0.9811881184577942,
    0.9796333909034729,
    0.9686098694801331,
    0.9780793190002441,
    0.9785992503166199,
    0.953798770904541,
    0.9573835730552673
  ],
  "classPrecision": [
    0.9788519740104675,
    0.9825479984283447,
    0.9748061895370483,
    0.9744346141815186,
    0.9687814712524414,
    0.9807037711143494,
    0.9770594239234924,
    0.9562737345695496,
    0.9809926152229309,
    0.9857142567634583
  ],
  "classes": [
    0,
    1,
    2,
    3,
    4,
    5,
    6,
    7,
    8,
    9
  ]
}