{
  "name": "baseline",
  "metrics": {
    "train_loss": [
      0.1649564591664556,
      0.1180518412547654,
      0.08050271600122912,
      0.07417968189304086,
      0.06140765150174746
    ],
    "train_accuracy": [
      0.9505370370370371,
      0.9642592592592593,
      0.9761666666666666,
      0.978462962962963,
      0.9808703703703704
    ],
    "val_loss": [
      0.182189710041944,
      0.13805203076372755,
      0.10813443021888429,
      0.10708108480940474,
      0.10302968291526145
    ],
    "val_accuracy": [
      0.9466666666666667,
      0.9593333333333334,
      0.9686666666666667,
      0.9691666666666666,
      0.9715
    ]
  },
  "accuracy": 0.9727,
  "confusion": [
    [
      968.0,
      0.0,
      0.0,
      1.0,
      0.0,
      3.0,
      4.0,
      1.0,
      2.0,
      1.0
    ],
    [
      0.0,
      1126.0,
      3.0,
      1.0,
      0.0,
      1.0,
      2.0,
      0.0,
      2.0,
      0.0
    ],
    [
      5.0,
      1.0,
      1007.0,
      1.0,
      1.0,
      0.0,
      1.0,
      8.0,
      8.0,
      0.0
    ],
    [
      0.0,
      0.0,
      9.0,
      965.0,
      0.0,
      15.0,
      0.0,
      10.0,
      5.0,
      6.0
    ],
    [
      1.0,
      0.0,
      4.0,
      0.0,
      966.0,
      0.0,
      4.0,
      1.0,
      1.0,
      5.0
    ],
    [
      2.0,
      0.0,
      0.0,
      3.0,
      1.0,
      871.0,
      8.0,
      1.0,
      4.0,
      2.0
    ],
    [
      3.0,
      3.0,
      1.0,
      0.0,
      8.0,
      4.0,
      936.0,
      0.0,
      3.0,
      0.0
    ],
    [
      1.0,
      2.0,
      13.0,
      2.0,
      2.0,
      0.0,
      0.0,
      997.0,
      0.0,
      11.0
    ],
    [
      5.0,
      1.0,
      1.0,
      5.0,
      6.0,
      5.0,
      5.0,
      6.0,
      933.0,
      7.0
    ],
    [
      3.0,
      3.0,
      0.0,
      2.0,
      28.0,
      5.0,
      0.0,
      7.0,
      3.0,
      958.0
    ]
  ],
  "classRecall": [
    0.9877551198005676,
    0.9920704960823059,
    0.9757751822471619,
    0.9554455280303955,
    0.9837067127227783,
    0.976457417011261,
    0.9770354628562927,
    0.9698443412780762,
    0.9579055309295654,
    0.9494549036026001
  ],
  "classPrecision": [
    0.9797570705413818,
    0.9911971688270569,
    0.9701348543167114,
    0.9846938848495483,
    0.9545454382896423,
    0.9634955525398254,
    0.9750000238418579,
    0.9670222997665405,
    0.9708636999130249,
    0.9676767587661743
  ],
  "classes": [
    0,
    1,
    2,
    3,
    4,
    5,
    6,
    7,
    8,
    9
  ]
}