{
  "name": "baseline",
  "metrics": {
    "train_loss": [
      0.146285796162818,
      0.10468898239099725,
      0.07762499281726071,
      0.07283275118715601,
      0.05891040450081194
    ],
    "train_accuracy": [
      0.9560555555555555,
      0.9694074074074074,
      0.9763703703703703,
      0.9783148148148149,
      0.9826666666666667
    ],
    "val_loss": [
      0.16180751076404085,
      0.12137719235838727,
      0.1018438301584188,
      0.09853914653525707,
      0.09589161541550717
    ],
    "val_accuracy": [
      0.9496666666666667,
      0.9638333333333333,
      0.967,
      0.9685,
      0.9703333333333334
    ]
  },
  "accuracy": 0.9736,
  "confusion": [
    [
      969.0,
      0.0,
      1.0,
      1.0,
      0.0,
      1.0,
      3.0,
      1.0,
      4.0,
      0.0
    ],
    [
      0.0,
      1120.0,
      4.0,
      0.0,
      0.0,
      2.0,
      3.0,
      0.0,
      6.0,
      0.0
    ],
    [
      2.0,
      0.0,
      1016.0,
      2.0,
      4.0,
      0.0,
      0.0,
      6.0,
      2.0,
      0.0
    ],
    [
      1.0,
      0.0,
      8.0,
      987.0,
      0.0,
      3.0,
      0.0,
      5.0,
      4.0,
      2.0
    ],
    [
      1.0,
      1.0,
      2.0,
      0.0,
      953.0,
      0.0,
      6.0,
      3.0,
      0.0,
      16.0
    ],
    [
      4.0,
      0.0,
      0.0,
      5.0,
      1.0,
      864.0,
      11.0,
      1.0,
      4.0,
      2.0
    ],
    [
      5.0,
      3.0,
      0.0,
      0.0,
      7.0,
      5.0,
      935.0,
      0.0,
      3.0,
      0.0
    ],
    [
      2.0,
      6.0,
      15.0,
      3.0,
      3.0,
      0.0,
      0.0,
      991.0,
      0.0,
      8.0
    ],
    [
      4.0,
      2.0,
      4.0,
      9.0,
      5.0,
      3.0,
      3.0,
      3.0,
      937.0,
      4.0
    ],
    [
      4.0,
      6.0,
      0.0,
      11.0,
      13.0,
      2.0,
      0.0,
      4.0,
      5.0,
      964.0
    ]
  ],
  "classRecall": [
    0.9887754917144775,
    0.9867841601371765,
    0.9844961166381836,
    0.9772277474403381,
    0.9704684615135193,
    0.9686098694801331,
    0.9759916663169861,
    0.9640077948570251,
    0.9620122909545898,
    0.9554013609886169
  ],
  "classPrecision": [
    0.9768145084381104,
    0.9841827750205994,
    0.9676190614700317,
    0.9695481061935425,
    0.9665314555168152,
    0.9818181991577148,
    0.9729448556900024,
    0.9773175716400146,
    0.9709844589233398,
    0.9678714871406555
  ],
  "classes": [
    0,
    1,
    2,
    3,
    4,
    5,
    6,
    7,
    8,
    9
  ]
}