{
  "name": "baseline",
  "metrics": {
    "train_loss": [
      0.16064546480598327,
      0.10674459369570652,
      0.0836739426377225,
      0.07225722468665567,
      0.06043369919326492
    ],
    "train_accuracy": [
      0.9513518518518519,
      0.9692222222222222,
      0.9749444444444444,
      0.9787592592592592,
      0.9822962962962963
    ],
    "val_loss": [
      0.1736288624716566,
      0.13450562890539777,
      0.11202960397968902,
      0.09915784799909973,
      0.09557356725030756
    ],
    "val_accuracy": [
      0.9483333333333334,
      0.9606666666666667,
      0.967,
      0.9703333333333334,
      0.9715
    ]
  },
  "accuracy": 0.9736,
  "confusion": [
    [
      969.0,
      0.0,
      1.0,
      1.0,
      0.0,
      1.0,
      4.0,
      1.0,
      3.0,
      0.0
    ],
    [
      0.0,
      1117.0,
      3.0,
      2.0,
      0.0,
      1.0,
      4.0,
      0.0,
      8.0,
      0.0
    ],
    [
      6.0,
      0.0,
      1008.0,
      1.0,
      3.0,
      0.0,
      2.0,
      5.0,
      7.0,
      0.0
    ],
    [
      0.0,
      0.0,
      8.0,
      984.0,
      0.0,
      7.0,
      0.0,
      5.0,
      6.0,
      0.0
    ],
    [
      1.0,
      0.0,
      2.0,
      0.0,
      945.0,
      0.0,
      6.0,
      5.0,
      3.0,
      20.0
    ],
    [
      3.0,
      1.0,
      0.0,
      5.0,
      1.0,
      870.0,
      8.0,
      0.0,
      3.0,
      1.0
    ],
    [
      4.0,
      2.0,
      0.0,
      0.0,
      3.0,
      2.0,
      944.0,
      0.0,
      3.0,
      0.0
    ],
    [
      2.0,
      5.0,
      18.0,
      3.0,
      0.0,
      0.0,
      0.0,
      988.0,
      3.0,
      9.0
    ],
    [
      3.0,
      0.0,
      2.0,
      4.0,
      4.0,
      4.0,
      6.0,
      3.0,
      944.0,
      4.0
    ],
    [
      4.0,
      4.0,
      0.0,
      8.0,
      7.0,
      3.0,
      2.0,
      6.0,
      8.0,
      967.0
    ]
  ],
  "classRecall": [
    0.9887754917144775,
    0.9841409921646118,
    0.9767441749572754,
    0.9742574095726013,
    0.9623218178749084,
    0.9753363132476807,
    0.9853861927986145,
    0.9610894918441772,
    0.9691991806030273,
    0.9583746194839478
  ],
  "classPrecision": [
    0.9768145084381104,
    0.989371120929718,
    0.9673704504966736,
    0.976190447807312,
    0.9813084006309509,
    0.9797297120094299,
    0.9672130942344666,
    0.9753208160400391,
    0.9554656147956848,
    0.9660339951515198
  ],
  "classes": [
    0,
    1,
    2,
    3,
    4,
    5,
    6,
    7,
    8,
    9
  ]
}