{
  "name": "model",
  "metrics": {
    "train_loss": [
      0.25382080038576893,
      0.1669613337276671,
      0.14685759951153074,
      0.14355050542908257,
      0.1271304563570644
    ],
    "train_accuracy": [
      0.9582222222222222,
      0.9722962962962963,
      0.9744074074074074,
      0.978,
      0.9795185185185186
    ],
    "val_loss": [
      0.25913730390528417,
      0.18002482947516948,
      0.16310069392970267,
      0.15709713101387024,
      0.14758449998941828
    ],
    "val_accuracy": [
      0.9546666666666667,
      0.9673333333333334,
      0.9693333333333334,
      0.9726666666666667,
      0.971
    ]
  },
  "accuracy": 0.9715,
  "confusion": [
    [
      967.0,
      0.0,
      0.0,
      1.0,
      1.0,
      0.0,
      5.0,
      2.0,
      3.0,
      1.0
    ],
    [
      0.0,
      1124.0,
      0.0,
      6.0,
      0.0,
      0.0,
      2.0,
      0.0,
      3.0,
      0.0
    ],
    [
      6.0,
      3.0,
      982.0,
      18.0,
      0.0,
      0.0,
      2.0,
      9.0,
      11.0,
      1.0
    ],
    [
      0.0,
      0.0,
      0.0,
      998.0,
      0.0,
      1.0,
      0.0,
      3.0,
      4.0,
      4.0
    ],
    [
      1.0,
      0.0,
      1.0,
      0.0,
      952.0,
      0.0,
      10.0,
      1.0,
      1.0,
      16.0
    ],
    [
      3.0,
      0.0,
      0.0,
      42.0,
      1.0,
      831.0,
      8.0,
      1.0,
      3.0,
      3.0
    ],
    [
      3.0,
      2.0,
      0.0,
      1.0,
      2.0,
      2.0,
      946.0,
      0.0,
      2.0,
      0.0
    ],
    [
      0.0,
      4.0,
      5.0,
      10.0,
      1.0,
      0.0,
      0.0,
      996.0,
      2.0,
      10.0
    ],
    [
      4.0,
      0.0,
      1.0,
      11.0,
      3.0,
      5.0,
      3.0,
      4.0,
      938.0,
      5.0
    ],
    [
      2.0,
      4.0,
      0.0,
      7.0,
      9.0,
      1.0,
      1.0,
      4.0,
      0.0,
      981.0
    ]
  ],
  "classRecall": [
    0.9867346882820129,
    0.9903083443641663,
    0.9515503644943237,
    0.9881188273429871,
    0.9694501161575317,
    0.931614339351654,
    0.9874739050865173,
    0.9688715934753418,
    0.9630390405654907,
    0.9722497463226318
  ],
  "classPrecision": [
    0.9807302355766296,
    0.9885663986206055,
    0.9929221272468567,
    0.9122486114501953,
    0.9824561476707458,
    0.9892857074737549,
    0.9682702422142029,
    0.9764705896377563,
    0.9700103402137756,
    0.9608227014541626
  ],
  "classes": [
    0,
    1,
    2,
    3,
    4,
    5,
    6,
    7,
    8,
    9
  ]
}