{
  "name": "model",
  "metrics": {
    "train_loss": [
      0.2577443367920781,
      0.16887514148419502,
      0.15600353919004942,
      0.138534520633554,
      0.11042035675620863
    ],
    "train_accuracy": [
      0.9583888888888888,
      0.9726296296296296,
      0.9769444444444444,
      0.978037037037037,
      0.9824814814814815
    ],
    "val_loss": [
      0.2639696927780801,
      0.17932348333774728,
      0.16946871325056603,
      0.1527738317530206,
      0.12658002925045947
    ],
    "val_accuracy": [
      0.9555,
      0.9685,
      0.9686666666666667,
      0.9703333333333334,
      0.9751666666666666
    ]
  },
  "accuracy": 0.9746,
  "confusion": [
    [
      973.0,
      1.0,
      0.0,
      1.0,
      0.0,
      1.0,
      2.0,
      1.0,
      1.0,
      0.0
    ],
    [
      0.0,
      1126.0,
      2.0,
      1.0,
      0.0,
      1.0,
      2.0,
      0.0,
      3.0,
      0.0
    ],
    [
      7.0,
      2.0,
      1004.0,
      3.0,
      2.0,
      0.0,
      0.0,
      12.0,
      2.0,
      0.0
    ],
    [
      0.0,
      0.0,
      6.0,
      989.0,
      0.0,
      1.0,
      0.0,
      9.0,
      3.0,
      2.0
    ],
    [
      0.0,
      0.0,
      5.0,
      0.0,
      960.0,
      0.0,
      6.0,
      1.0,
      1.0,
      9.0
    ],
    [
      2.0,
      0.0,
      0.0,
      17.0,
      1.0,
      850.0,
      13.0,
      1.0,
      6.0,
      2.0
    ],
    [
      5.0,
      3.0,
      0.0,
      1.0,
      2.0,
      1.0,
      946.0,
      0.0,
      0.0,
      0.0
    ],
    [
      1.0,
      6.0,
      7.0,
      1.0,
      1.0,
      0.0,
      0.0,
      1009.0,
      0.0,
      3.0
    ],
    [
      6.0,
      1.0,
      4.0,
      6.0,
      4.0,
      5.0,
      6.0,
      7.0,
      931.0,
      4.0
    ],
    [
      4.0,
      7.0,
      0.0,
      8.0,
      17.0,
      2.0,
      0.0,
      11.0,
      2.0,
      958.0
    ]
  ],
  "classRecall": [
    0.9928571581840515,
    0.9920704960823059,
    0.9728682041168213,
    0.9792079329490662,
    0.9775967597961426,
    0.9529147744178772,
    0.9874739050865173,
    0.981517493724823,
    0.9558521509170532,
    0.9494549036026001
  ],
  "classPrecision": [
    0.9749498963356018,
    0.9825479984283447,
    0.9766536951065063,
    0.9629990458488464,
    0.9726443886756897,
    0.9872241616249084,
    0.9702563881874084,
    0.9600380659103394,
    0.98103266954422,
    0.9795501232147217
  ],
  "classes": [
    0,
    1,
    2,
    3,
    4,
    5,
    6,
    7,
    8,
    9
  ]
}