{
  "name": "model",
  "metrics": {
    "train_loss": [
      1.441125658086755,
      1.0933565444905649,
      0.9366264214569872,
      0.7268678507005627,
      0.6644871260293506,
      0.5335039833391254,
      0.4354958695952188,
      0.43943971141495486,
      0.350915582427247,
      0.32338577695190907,
      0.27085315965285356,
      0.18511329548941416
    ],
    "train_accuracy": [
      0.5184,
      0.6843555555555556,
      0.7378444444444444,
      0.7987111111111111,
      0.8158888888888889,
      0.8601555555555556,
      0.8862,
      0.8712444444444445,
      0.9239111111111111,
      0.9100222222222222,
      0.9219555555555555,
      0.9561555555555555
    ],
    "val_loss": [
      1.4464776545763016,
      1.1118887081742286,
      0.9921745002269745,
      0.8181289345026016,
      0.7634118050336838,
      0.6764780655503273,
      0.6315303318202495,
      0.6764834150671959,
      0.5916602700948715,
      0.6098427169024945,
      0.5860574215650558,
      0.5613126419484615
    ],
    "val_accuracy": [
      0.5194,
      0.6678,
      0.7078,
      0.7492,
      0.7586,
      0.7844,
      0.7928,
      0.7716,
      0.804,
      0.7882,
      0.7992,
      0.8154
    ]
  },
  "accuracy": 0.8146,
  "confusion": [
    [
      858.0,
      21.0,
      13.0,
      9.0,
      20.0,
      4.0,
      9.0,
      10.0,
      27.0,
      29.0
    ],
    [
      1.0,
      916.0,
      2.0,
      2.0,
      2.0,
      1.0,
      6.0,
      0.0,
      6.0,
      64.0
    ],
    [
      90.0,
      5.0,
      646.0,
      34.0,
      65.0,
      66.0,
      47.0,
      29.0,
      13.0,
      5.0
    ],
    [
      20.0,
      4.0,
      35.0,
      592.0,
      57.0,
      186.0,
      51.0,
      34.0,
      8.0,
      13.0
    ],
    [
      10.0,
      1.0,
      25.0,
      28.0,
      850.0,
      24.0,
      22.0,
      34.0,
      5.0,
      1.0
    ],
    [
      5.0,
      8.0,
      23.0,
      76.0,
      39.0,
      806.0,
      11.0,
      25.0,
      2.0,
      5.0
    ],
    [
      6.0,
      5.0,
      29.0,
      36.0,
      27.0,
      21.0,
      862.0,
      3.0,
      6.0,
      5.0
    ],
    [
      10.0,
      2.0,
      8.0,
      18.0,
      48.0,
      42.0,
      1.0,
      864.0,
      1.0,
      6.0
    ],
    [
      62.0,
      24.0,
      8.0,
      6.0,
      6.0,
      6.0,
      4.0,
      4.0,
      854.0,
      26.0
    ],
    [
      13.0,
      53.0,
      2.0,
      5.0,
      3.0,
      4.0,
      9.0,
      4.0,
      9.0,
      898.0
    ]
  ],
  "classRecall": [
    0.8579999804496765,
    0.9160000085830688,
    0.6460000276565552,
    0.5920000076293945,
    0.8500000238418579,
    0.8059999942779541,
    0.8619999885559082,
    0.8640000224113464,
    0.8539999723434448,
    0.8980000019073486
  ],
  "classPrecision": [
    0.7981395125389099,
    0.8816169500350952,
    0.8166877627372742,
    0.7344912886619568,
    0.7609668970108032,
    0.6948275566101074,
    0.8434442281723022,
    0.857994019985199,
    0.9172932505607605,
    0.8536121845245361
  ],
  "classes": [
    "plane",
    "car",
    "bird",
    "cat",
    "deer",
    "dog",
    "frog",
    "horse",
    "ship",
    "truck"
  ]
}