{
  "name": "model",
  "metrics": {
    "train_loss": [
      1.425008157098835,
      1.0962849975648252,
      0.8881687767465006,
      0.7213504270396449,
      0.5763343629342589,
      0.5085116835649718,
      0.513504300605167,
      0.41528803457252006,
      0.3353392686271532,
      0.31779179044745187,
      0.23562537984583865,
      0.27930632161653857
    ],
    "train_accuracy": [
      0.5327777777777778,
      0.6789333333333334,
      0.7539777777777777,
      0.8211555555555555,
      0.8506666666666667,
      0.8798444444444444,
      0.8529333333333333,
      0.8828,
      0.9063777777777777,
      0.9022444444444444,
      0.9320444444444445,
      0.9081111111111111
    ],
    "val_loss": [
      1.4374492168426514,
      1.1274574056267739,
      0.9391167998313904,
      0.789848293364048,
      0.681681078672409,
      0.6528790101408959,
      0.7022216290235519,
      0.6405742060393095,
      0.612237399816513,
      0.637579569965601,
      0.609152752161026,
      0.7131819400936366
    ],
    "val_accuracy": [
      0.5274,
      0.6494,
      0.7204,
      0.77,
      0.779,
      0.794,
      0.766,
      0.7804,
      0.797,
      0.7796,
      0.7998,
      0.7708
    ]
  },
  "accuracy": 0.7804,
  "confusion": [
    [
      845.0,
      6.0,
      18.0,
      13.0,
      20.0,
      8.0,
      1.0,
      57.0,
      17.0,
      15.0
    ],
    [
      14.0,
      891.0,
      1.0,
      2.0,
      2.0,
      10.0,
      6.0,
      12.0,
      21.0,
      41.0
    ],
    [
      56.0,
      1.0,
      581.0,
      43.0,
      101.0,
      58.0,
      16.0,
      130.0,
      9.0,
      5.0
    ],
    [
      9.0,
      0.0,
      29.0,
      564.0,
      57.0,
      164.0,
      20.0,
      135.0,
      10.0,
      12.0
    ],
    [
      3.0,
      0.0,
      16.0,
      34.0,
      723.0,
      18.0,
      7.0,
      195.0,
      3.0,
      1.0
    ],
    [
      4.0,
      0.0,
      5.0,
      68.0,
      22.0,
      742.0,
      2.0,
      153.0,
      2.0,
      2.0
    ],
    [
      6.0,
      1.0,
      25.0,
      58.0,
      64.0,
      34.0,
      765.0,
      36.0,
      7.0,
      4.0
    ],
    [
      0.0,
      1.0,
      2.0,
      5.0,
      7.0,
      15.0,
      0.0,
      969.0,
      0.0,
      1.0
    ],
    [
      74.0,
      12.0,
      3.0,
      9.0,
      2.0,
      9.0,
      0.0,
      19.0,
      857.0,
      15.0
    ],
    [
      22.0,
      51.0,
      1.0,
      7.0,
      3.0,
      1.0,
      2.0,
      35.0,
      11.0,
      867.0
    ]
  ],
  "classRecall": [
    0.8450000286102295,
    0.890999972820282,
    0.5809999704360962,
    0.5640000104904175,
    0.7229999899864197,
    0.7419999837875366,
    0.7649999856948853,
    0.968999981880188,
    0.8569999933242798,
    0.8669999837875366
  ],
  "classPrecision": [
    0.8180058002471924,
    0.9252336621284485,
    0.853157103061676,
    0.7023661136627197,
    0.7222777009010315,
    0.7006610035896301,
    0.9340659379959106,
    0.556576669216156,
    0.914621114730835,
    0.9003115296363831
  ],
  "classes": [
    "plane",
    "car",
    "bird",
    "cat",
    "deer",
    "dog",
    "frog",
    "horse",
    "ship",
    "truck"
  ]
}