{
  "name": "model",
  "metrics": {
    "train_loss": [
      1.5067228393798524,
      1.0898850497535684,
      0.8907135747034441,
      0.6967808492481709,
      0.6092052060094747,
      0.5041553968225013,
      0.4360872307284312,
      0.4193971671841361,
      0.39475007562644104,
      0.29536044072698464,
      0.3775379466400905,
      0.3428266732106832
    ],
    "train_accuracy": [
      0.5104666666666666,
      0.6900222222222222,
      0.7646888888888889,
      0.8182444444444444,
      0.8518888888888889,
      0.8789111111111111,
      0.9046222222222222,
      0.8696666666666667,
      0.8694222222222222,
      0.9106888888888889,
      0.8697555555555555,
      0.8859555555555556
    ],
    "val_loss": [
      1.524292352795601,
      1.1189250558614732,
      0.944809128344059,
      0.7809467673301697,
      0.7157193165272474,
      0.657982436567545,
      0.6166467189788818,
      0.669724290817976,
      0.7223379984498024,
      0.6367740653455257,
      0.7791274342685938,
      0.7381590887904167
    ],
    "val_accuracy": [
      0.5018,
      0.6664,
      0.7296,
      0.7666,
      0.7876,
      0.7946,
      0.7976,
      0.7644,
      0.7612,
      0.7836,
      0.7458,
      0.7568
    ]
  },
  "accuracy": 0.7526,
  "confusion": [
    [
      807.0,
      7.0,
      43.0,
      19.0,
      10.0,
      1.0,
      73.0,
      5.0,
      23.0,
      12.0
    ],
    [
      13.0,
      816.0,
      4.0,
      5.0,
      1.0,
      0.0,
      98.0,
      2.0,
      10.0,
      51.0
    ],
    [
      40.0,
      0.0,
      586.0,
      47.0,
      35.0,
      18.0,
      264.0,
      5.0,
      2.0,
      3.0
    ],
    [
      8.0,
      0.0,
      29.0,
      624.0,
      35.0,
      57.0,
      217.0,
      19.0,
      4.0,
      7.0
    ],
    [
      12.0,
      1.0,
      42.0,
      55.0,
      697.0,
      7.0,
      159.0,
      26.0,
      1.0,
      0.0
    ],
    [
      3.0,
      2.0,
      25.0,
      173.0,
      25.0,
      572.0,
      182.0,
      13.0,
      0.0,
      5.0
    ],
    [
      1.0,
      0.0,
      5.0,
      10.0,
      2.0,
      0.0,
      979.0,
      0.0,
      2.0,
      1.0
    ],
    [
      15.0,
      0.0,
      14.0,
      38.0,
      41.0,
      29.0,
      67.0,
      792.0,
      1.0,
      3.0
    ],
    [
      63.0,
      13.0,
      11.0,
      10.0,
      5.0,
      3.0,
      71.0,
      3.0,
      810.0,
      11.0
    ],
    [
      22.0,
      36.0,
      6.0,
      10.0,
      3.0,
      2.0,
      58.0,
      3.0,
      17.0,
      843.0
    ]
  ],
  "classRecall": [
    0.8069999814033508,
    0.8159999847412109,
    0.5860000252723694,
    0.6240000128746033,
    0.6970000267028809,
    0.5720000267028809,
    0.9789999723434448,
    0.7919999957084656,
    0.8100000023841858,
    0.8429999947547913
  ],
  "classPrecision": [
    0.8201219439506531,
    0.9325714111328125,
    0.7660130858421326,
    0.6296669840812683,
    0.8161592483520508,
    0.8301886916160583,
    0.45156827569007874,
    0.9124423861503601,
    0.931034505367279,
    0.9006410241127014
  ],
  "classes": [
    "plane",
    "car",
    "bird",
    "cat",
    "deer",
    "dog",
    "frog",
    "horse",
    "ship",
    "truck"
  ]
}