{
  "name": "model",
  "metrics": {
    "train_loss": [
      1.3747113401239568,
      1.0665019804781133,
      0.8309726080095227,
      0.6845135035162623,
      0.568108247677711,
      0.5188828583129428,
      0.39967365241186187,
      0.40991665448316117,
      0.2941730302673849,
      0.2483496076681397,
      0.221255694008009,
      0.2149413075001741
    ],
    "train_accuracy": [
      0.5561777777777778,
      0.6950888888888889,
      0.766,
      0.8275333333333333,
      0.8586666666666667,
      0.8753333333333333,
      0.9006444444444445,
      0.9177333333333333,
      0.9349111111111111,
      0.9496888888888889,
      0.9582,
      0.9397111111111112
    ],
    "val_loss": [
      1.406585454940796,
      1.0980254501104354,
      0.8802619770169258,
      0.7636615470051765,
      0.6849667936563492,
      0.6620744489133358,
      0.5971694834530353,
      0.6165775410830975,
      0.5587267890572548,
      0.5437867380678654,
      0.5228441298007965,
      0.6283765360713005
    ],
    "val_accuracy": [
      0.5398,
      0.6726,
      0.7284,
      0.7812,
      0.7918,
      0.7916,
      0.7986,
      0.8042,
      0.8106,
      0.8178,
      0.8224,
      0.795
    ]
  },
  "accuracy": 0.792,
  "confusion": [
    [
      831.0,
      38.0,
      43.0,
      11.0,
      16.0,
      4.0,
      4.0,
      14.0,
      27.0,
      12.0
    ],
    [
      3.0,
      961.0,
      2.0,
      4.0,
      2.0,
      1.0,
      4.0,
      0.0,
      8.0,
      15.0
    ],
    [
      37.0,
      13.0,
      722.0,
      35.0,
      67.0,
      59.0,
      39.0,
      26.0,
      2.0,
      0.0
    ],
    [
      18.0,
      9.0,
      46.0,
      579.0,
      47.0,
      218.0,
      30.0,
      44.0,
      5.0,
      4.0
    ],
    [
      8.0,
      3.0,
      40.0,
      38.0,
      779.0,
      54.0,
      20.0,
      56.0,
      2.0,
      0.0
    ],
    [
      9.0,
      8.0,
      28.0,
      85.0,
      22.0,
      793.0,
      8.0,
      46.0,
      1.0,
      0.0
    ],
    [
      2.0,
      11.0,
      37.0,
      65.0,
      27.0,
      26.0,
      821.0,
      9.0,
      2.0,
      0.0
    ],
    [
      9.0,
      1.0,
      15.0,
      24.0,
      25.0,
      43.0,
      1.0,
      877.0,
      4.0,
      1.0
    ],
    [
      55.0,
      38.0,
      6.0,
      12.0,
      7.0,
      6.0,
      9.0,
      3.0,
      851.0,
      13.0
    ],
    [
      16.0,
      214.0,
      6.0,
      15.0,
      4.0,
      5.0,
      3.0,
      13.0,
      18.0,
      706.0
    ]
  ],
  "classRecall": [
    0.8309999704360962,
    0.9610000252723694,
    0.722000002861023,
    0.5789999961853027,
    0.7789999842643738,
    0.7929999828338623,
    0.8209999799728394,
    0.8769999742507935,
    0.8510000109672546,
    0.7059999704360962
  ],
  "classPrecision": [
    0.841093122959137,
    0.7415123581886292,
    0.7640211582183838,
    0.6670507192611694,
    0.7821285128593445,
    0.6559139490127563,
    0.8743343949317932,
    0.8060661554336548,
    0.925000011920929,
    0.9400798678398132
  ],
  "classes": [
    "plane",
    "car",
    "bird",
    "cat",
    "deer",
    "dog",
    "frog",
    "horse",
    "ship",
    "truck"
  ]
}