{
  "name": "model",
  "metrics": {
    "train_loss": [
      1.4425571411848068,
      1.0718164758926088,
      0.8644402552057396,
      0.8147556289014491,
      0.6739124572751197,
      0.5262009379538622,
      0.4591229595243931,
      0.34913660111752426,
      0.30412791233340447,
      0.27399589790200646,
      0.21955145853148264,
      0.16644315830093215
    ],
    "train_accuracy": [
      0.5099555555555556,
      0.6715555555555556,
      0.7622444444444444,
      0.7806888888888889,
      0.8191333333333334,
      0.8503333333333334,
      0.8887555555555555,
      0.9149777777777778,
      0.9131111111111111,
      0.9224444444444444,
      0.9485555555555556,
      0.9577333333333333
    ],
    "val_loss": [
      1.452354934811592,
      1.1036552965641022,
      0.9030600383877754,
      0.8838231131434441,
      0.7706549748778343,
      0.6584422558546066,
      0.6377344153821468,
      0.5933792635798454,
      0.5778969973325729,
      0.5714096687734127,
      0.540920726954937,
      0.5487387694418431
    ],
    "val_accuracy": [
      0.5068,
      0.6536,
      0.7316,
      0.7392,
      0.7686,
      0.783,
      0.8014,
      0.8114,
      0.7956,
      0.806,
      0.8138,
      0.81
    ]
  },
  "accuracy": 0.8117,
  "confusion": [
    [
      798.0,
      6.0,
      70.0,
      8.0,
      26.0,
      5.0,
      8.0,
      3.0,
      51.0,
      25.0
    ],
    [
      9.0,
      887.0,
      6.0,
      3.0,
      2.0,
      2.0,
      6.0,
      1.0,
      10.0,
      74.0
    ],
    [
      35.0,
      1.0,
      677.0,
      27.0,
      102.0,
      46.0,
      62.0,
      32.0,
      11.0,
      7.0
    ],
    [
      17.0,
      1.0,
      50.0,
      537.0,
      72.0,
      185.0,
      84.0,
      30.0,
      8.0,
      16.0
    ],
    [
      5.0,
      1.0,
      21.0,
      18.0,
      889.0,
      17.0,
      19.0,
      28.0,
      1.0,
      1.0
    ],
    [
      6.0,
      1.0,
      22.0,
      78.0,
      62.0,
      754.0,
      24.0,
      42.0,
      6.0,
      5.0
    ],
    [
      4.0,
      0.0,
      26.0,
      20.0,
      28.0,
      9.0,
      902.0,
      4.0,
      4.0,
      3.0
    ],
    [
      9.0,
      0.0,
      13.0,
      11.0,
      60.0,
      23.0,
      4.0,
      873.0,
      3.0,
      4.0
    ],
    [
      30.0,
      16.0,
      11.0,
      5.0,
      7.0,
      0.0,
      8.0,
      6.0,
      896.0,
      21.0
    ],
    [
      20.0,
      37.0,
      6.0,
      4.0,
      3.0,
      1.0,
      4.0,
      7.0,
      14.0,
      904.0
    ]
  ],
  "classRecall": [
    0.7979999780654907,
    0.8870000243186951,
    0.6769999861717224,
    0.5370000004768372,
    0.8889999985694885,
    0.7540000081062317,
    0.9020000100135803,
    0.8730000257492065,
    0.8960000276565552,
    0.9039999842643738
  ],
  "classPrecision": [
    0.8553054928779602,
    0.933684229850769,
    0.7505543231964111,
    0.75527423620224,
    0.7106314897537231,
    0.7236084342002869,
    0.8046387434005737,
    0.8508771657943726,
    0.892430305480957,
    0.852830171585083
  ],
  "classes": [
    "plane",
    "car",
    "bird",
    "cat",
    "deer",
    "dog",
    "frog",
    "horse",
    "ship",
    "truck"
  ]
}