{
  "name": "model",
  "metrics": {
    "train_loss": [
      0.23693708401014454,
      0.1628153600963936,
      0.16885824332022553,
      0.15382818296834191,
      0.14373255183840816
    ],
    "train_accuracy": [
      0.9607777777777777,
      0.9716666666666667,
      0.9780185185185185,
      0.9752777777777778,
      0.9743333333333334
    ],
    "val_loss": [
      0.24059781400447197,
      0.17064623201781132,
      0.17766901723881987,
      0.17006228039873408,
      0.1619704264275571
    ],
    "val_accuracy": [
      0.9611666666666666,
      0.9685,
      0.9748333333333333,
      0.9688333333333333,
      0.9663333333333334
    ]
  },
  "accuracy": 0.9648,
  "confusion": [
    [
      966.0,
      0.0,
      0.0,
      2.0,
      1.0,
      3.0,
      5.0,
      2.0,
      1.0,
      0.0
    ],
    [
      0.0,
      1125.0,
      0.0,
      4.0,
      0.0,
      0.0,
      1.0,
      0.0,
      5.0,
      0.0
    ],
    [
      1.0,
      4.0,
      984.0,
      27.0,
      4.0,
      1.0,
      1.0,
      6.0,
      4.0,
      0.0
    ],
    [
      0.0,
      0.0,
      2.0,
      1001.0,
      0.0,
      1.0,
      0.0,
      3.0,
      3.0,
      0.0
    ],
    [
      0.0,
      1.0,
      4.0,
      0.0,
      961.0,
      0.0,
      6.0,
      2.0,
      4.0,
      4.0
    ],
    [
      2.0,
      0.0,
      0.0,
      62.0,
      1.0,
      817.0,
      3.0,
      0.0,
      6.0,
      1.0
    ],
    [
      5.0,
      3.0,
      0.0,
      1.0,
      2.0,
      4.0,
      938.0,
      0.0,
      5.0,
      0.0
    ],
    [
      0.0,
      9.0,
      10.0,
      16.0,
      0.0,
      0.0,
      0.0,
      987.0,
      3.0,
      3.0
    ],
    [
      1.0,
      2.0,
      3.0,
      15.0,
      1.0,
      3.0,
      2.0,
      2.0,
      944.0,
      1.0
    ],
    [
      2.0,
      7.0,
      0.0,
      34.0,
      19.0,
      2.0,
      0.0,
      10.0,
      10.0,
      925.0
    ]
  ],
  "classRecall": [
    0.9857142567634583,
    0.9911894202232361,
    0.9534883499145508,
    0.9910891056060791,
    0.9786150455474854,
    0.915919303894043,
    0.9791231751441956,
    0.9601167440414429,
    0.9691991806030273,
    0.9167492389678955
  ],
  "classPrecision": [
    0.9887410402297974,
    0.9774109721183777,
    0.981056809425354,
    0.8614457845687866,
    0.9716885685920715,
    0.9831528067588806,
    0.9811715483665466,
    0.9752964377403259,
    0.9583756327629089,
    0.9903640151023865
  ],
  "classes": [
    0,
    1,
    2,
    3,
    4,
    5,
    6,
    7,
    8,
    9
  ]
}