{
  "name": "model",
  "metrics": {
    "train_loss": [
      0.22862683734481368,
      0.18623561763438568,
      0.1699336765784223,
      0.12459717893981821,
      0.13782033608493646
    ],
    "train_accuracy": [
      0.9567222222222223,
      0.9679814814814814,
      0.9771296296296297,
      0.9805185185185186,
      0.9801481481481481
    ],
    "val_loss": [
      0.2348308728096333,
      0.19845577598886288,
      0.1829422820121684,
      0.14067512496988824,
      0.15514598580751013
    ],
    "val_accuracy": [
      0.953,
      0.9635,
      0.9706666666666667,
      0.9755,
      0.9735
    ]
  },
  "accuracy": 0.97,
  "confusion": [
    [
      973.0,
      0.0,
      0.0,
      0.0,
      0.0,
      2.0,
      2.0,
      1.0,
      2.0,
      0.0
    ],
    [
      0.0,
      1126.0,
      0.0,
      2.0,
      0.0,
      3.0,
      2.0,
      0.0,
      2.0,
      0.0
    ],
    [
      7.0,
      4.0,
      993.0,
      5.0,
      7.0,
      1.0,
      2.0,
      10.0,
      3.0,
      0.0
    ],
    [
      0.0,
      0.0,
      3.0,
      989.0,
      0.0,
      5.0,
      0.0,
      8.0,
      3.0,
      2.0
    ],
    [
      0.0,
      0.0,
      1.0,
      0.0,
      972.0,
      0.0,
      5.0,
      0.0,
      2.0,
      2.0
    ],
    [
      9.0,
      0.0,
      0.0,
      8.0,
      1.0,
      867.0,
      3.0,
      1.0,
      2.0,
      1.0
    ],
    [
      3.0,
      3.0,
      0.0,
      0.0,
      12.0,
      6.0,
      934.0,
      0.0,
      0.0,
      0.0
    ],
    [
      3.0,
      9.0,
      9.0,
      1.0,
      6.0,
      2.0,
      0.0,
      989.0,
      0.0,
      9.0
    ],
    [
      9.0,
      3.0,
      3.0,
      9.0,
      7.0,
      17.0,
      10.0,
      4.0,
      908.0,
      4.0
    ],
    [
      5.0,
      2.0,
      0.0,
      10.0,
      31.0,
      4.0,
      1.0,
      5.0,
      2.0,
      949.0
    ]
  ],
  "classRecall": [
    0.9928571581840515,
    0.9920704960823059,
    0.9622092843055725,
    0.9792079329490662,
    0.9898167252540588,
    0.9719731211662292,
    0.9749478101730347,
    0.9620622396469116,
    0.9322382211685181,
    0.9405351877212524
  ],
  "classPrecision": [
    0.9643211364746094,
    0.9816913604736328,
    0.9841427206993103,
    0.9658203125,
    0.9382239580154419,
    0.9558985829353333,
    0.9739311933517456,
    0.9715127944946289,
    0.9826839566230774,
    0.9813857078552246
  ],
  "classes": [
    0,
    1,
    2,
    3,
    4,
    5,
    6,
    7,
    8,
    9
  ]
}