{
  "name": "model",
  "metrics": {
    "train_loss": [
      1.6007537811317227,
      1.0710254580798475,
      0.9170044716447592,
      0.7518879007548094,
      0.6235896169461987,
      0.6043790969997644,
      0.40685501897876913,
      0.35997164325619285,
      0.3038666456599127,
      0.4436220208352262,
      0.3332127031700855,
      0.4697762449187311
    ],
    "train_accuracy": [
      0.5183111111111111,
      0.6879333333333333,
      0.7588888888888888,
      0.8013777777777777,
      0.8165555555555556,
      0.8569111111111111,
      0.9076222222222222,
      0.9240444444444444,
      0.9324444444444444,
      0.8698,
      0.8996666666666666,
      0.8602666666666666
    ],
    "val_loss": [
      1.6130793124437333,
      1.096534477174282,
      0.9674015700817108,
      0.8302745282649994,
      0.7450022786855698,
      0.7585592836141586,
      0.5984521165490151,
      0.587177587300539,
      0.5725139439105987,
      0.7563444152474403,
      0.6740689128637314,
      0.871545484662056
    ],
    "val_accuracy": [
      0.5116,
      0.6658,
      0.7238,
      0.7562,
      0.7588,
      0.7782,
      0.809,
      0.8096,
      0.807,
      0.7494,
      0.7734,
      0.7302
    ]
  },
  "accuracy": 0.7337,
  "confusion": [
    [
      596.0,
      6.0,
      51.0,
      29.0,
      6.0,
      4.0,
      6.0,
      4.0,
      12.0,
      286.0
    ],
    [
      1.0,
      657.0,
      1.0,
      4.0,
      0.0,
      0.0,
      2.0,
      0.0,
      6.0,
      329.0
    ],
    [
      14.0,
      1.0,
      715.0,
      44.0,
      59.0,
      40.0,
      22.0,
      18.0,
      2.0,
      85.0
    ],
    [
      5.0,
      3.0,
      45.0,
      613.0,
      37.0,
      137.0,
      32.0,
      14.0,
      5.0,
      109.0
    ],
    [
      6.0,
      0.0,
      45.0,
      54.0,
      776.0,
      22.0,
      9.0,
      42.0,
      0.0,
      46.0
    ],
    [
      1.0,
      1.0,
      32.0,
      133.0,
      24.0,
      719.0,
      8.0,
      24.0,
      1.0,
      57.0
    ],
    [
      4.0,
      2.0,
      39.0,
      46.0,
      25.0,
      5.0,
      793.0,
      4.0,
      3.0,
      79.0
    ],
    [
      3.0,
      1.0,
      15.0,
      24.0,
      29.0,
      16.0,
      1.0,
      810.0,
      0.0,
      101.0
    ],
    [
      17.0,
      16.0,
      5.0,
      2.0,
      1.0,
      1.0,
      3.0,
      0.0,
      667.0,
      288.0
    ],
    [
      0.0,
      5.0,
      1.0,
      0.0,
      0.0,
      1.0,
      0.0,
      2.0,
      0.0,
      991.0
    ]
  ],
  "classRecall": [
    0.5960000157356262,
    0.6570000052452087,
    0.7149999737739563,
    0.6129999756813049,
    0.7760000228881836,
    0.718999981880188,
    0.7929999828338623,
    0.8100000023841858,
    0.6669999957084656,
    0.9909999966621399
  ],
  "classPrecision": [
    0.9211746454238892,
    0.9494219422340393,
    0.7534246444702148,
    0.6459431052207947,
    0.8108673095703125,
    0.7608465552330017,
    0.905251145362854,
    0.8823529481887817,
    0.9583333134651184,
    0.4179671108722687
  ],
  "classes": [
    "plane",
    "car",
    "bird",
    "cat",
    "deer",
    "dog",
    "frog",
    "horse",
    "ship",
    "truck"
  ]
}