{
  "name": "model",
  "metrics": {
    "train_loss": [
      1.5440951196307486,
      1.0639712509106507,
      0.8617467196150259,
      0.755536513403058,
      0.5666413985362108,
      0.49363284109329636,
      0.4365603155879812,
      0.35875289006666705,
      0.2568890762261369,
      0.26106213460761035,
      0.2024756742810661,
      0.17205649698999795
    ],
    "train_accuracy": [
      0.5004888888888889,
      0.6924888888888889,
      0.7544666666666666,
      0.8056666666666666,
      0.8572,
      0.8771333333333333,
      0.9008,
      0.9148888888888889,
      0.9448444444444445,
      0.9438,
      0.9498222222222222,
      0.9570666666666666
    ],
    "val_loss": [
      1.558607017993927,
      1.0945347011089326,
      0.9082168012857437,
      0.8262979209423065,
      0.6709962457418441,
      0.6340305209159851,
      0.5957157492637635,
      0.5848458565771579,
      0.5291858233511448,
      0.5279996186494827,
      0.5461448710411787,
      0.5293745536357164
    ],
    "val_accuracy": [
      0.495,
      0.6718,
      0.7202,
      0.7696,
      0.7946,
      0.8024,
      0.8094,
      0.804,
      0.8286,
      0.821,
      0.812,
      0.8204
    ]
  },
  "accuracy": 0.8153,
  "confusion": [
    [
      839.0,
      8.0,
      25.0,
      29.0,
      25.0,
      7.0,
      11.0,
      13.0,
      38.0,
      5.0
    ],
    [
      11.0,
      933.0,
      1.0,
      4.0,
      3.0,
      1.0,
      4.0,
      1.0,
      10.0,
      32.0
    ],
    [
      55.0,
      4.0,
      644.0,
      59.0,
      81.0,
      69.0,
      71.0,
      13.0,
      2.0,
      2.0
    ],
    [
      13.0,
      4.0,
      27.0,
      698.0,
      36.0,
      123.0,
      70.0,
      20.0,
      7.0,
      2.0
    ],
    [
      7.0,
      0.0,
      18.0,
      62.0,
      828.0,
      36.0,
      29.0,
      17.0,
      3.0,
      0.0
    ],
    [
      3.0,
      0.0,
      13.0,
      152.0,
      25.0,
      756.0,
      28.0,
      22.0,
      1.0,
      0.0
    ],
    [
      3.0,
      0.0,
      13.0,
      33.0,
      25.0,
      14.0,
      906.0,
      1.0,
      5.0,
      0.0
    ],
    [
      4.0,
      0.0,
      7.0,
      35.0,
      55.0,
      39.0,
      3.0,
      855.0,
      0.0,
      2.0
    ],
    [
      57.0,
      21.0,
      10.0,
      13.0,
      7.0,
      7.0,
      5.0,
      7.0,
      865.0,
      8.0
    ],
    [
      22.0,
      78.0,
      4.0,
      16.0,
      2.0,
      7.0,
      11.0,
      15.0,
      16.0,
      829.0
    ]
  ],
  "classRecall": [
    0.8389999866485596,
    0.9330000281333923,
    0.6439999938011169,
    0.6980000138282776,
    0.828000009059906,
    0.7559999823570251,
    0.906000018119812,
    0.8550000190734863,
    0.8650000095367432,
    0.8289999961853027
  ],
  "classPrecision": [
    0.827416181564331,
    0.8902671933174133,
    0.8451443314552307,
    0.6339691281318665,
    0.7617295384407043,
    0.7138810157775879,
    0.7961335778236389,
    0.886929452419281,
    0.9134107828140259,
    0.9420454502105713
  ],
  "classes": [
    "plane",
    "car",
    "bird",
    "cat",
    "deer",
    "dog",
    "frog",
    "horse",
    "ship",
    "truck"
  ]
}