{
  "name": "model",
  "metrics": {
    "train_loss": [
      1.51350728625601,
      1.0628519434143195,
      0.8499595323069529,
      0.7085058323361657,
      0.6119636546989734,
      0.5071174934167754,
      0.4690001629800959,
      0.39571722131222486,
      0.27615884060717444,
      0.2400170648470521,
      0.36158259166404605,
      0.33347807701846416
    ],
    "train_accuracy": [
      0.5098666666666667,
      0.6854888888888889,
      0.7651777777777777,
      0.8259111111111112,
      0.8549111111111111,
      0.8879555555555556,
      0.9018444444444444,
      0.9198,
      0.9395555555555556,
      0.9448888888888889,
      0.9037777777777778,
      0.9087555555555555
    ],
    "val_loss": [
      1.5152489840984344,
      1.0885419383645059,
      0.8933910861611366,
      0.7810210555791854,
      0.7222822502255439,
      0.6441689535975457,
      0.6376934871077538,
      0.6097221978008747,
      0.5694417305290699,
      0.5505053997039795,
      0.7483892440795898,
      0.7823248937726021
    ],
    "val_accuracy": [
      0.511,
      0.6716,
      0.735,
      0.7794,
      0.7854,
      0.8022,
      0.8072,
      0.8016,
      0.8076,
      0.8068,
      0.7684,
      0.7654
    ]
  },
  "accuracy": 0.7711,
  "confusion": [
    [
      754.0,
      67.0,
      40.0,
      13.0,
      7.0,
      3.0,
      3.0,
      3.0,
      105.0,
      5.0
    ],
    [
      2.0,
      988.0,
      1.0,
      0.0,
      1.0,
      0.0,
      0.0,
      0.0,
      7.0,
      1.0
    ],
    [
      50.0,
      24.0,
      757.0,
      24.0,
      49.0,
      33.0,
      26.0,
      19.0,
      15.0,
      3.0
    ],
    [
      19.0,
      51.0,
      50.0,
      646.0,
      51.0,
      84.0,
      37.0,
      26.0,
      30.0,
      6.0
    ],
    [
      18.0,
      15.0,
      49.0,
      42.0,
      806.0,
      13.0,
      18.0,
      25.0,
      13.0,
      1.0
    ],
    [
      11.0,
      22.0,
      51.0,
      155.0,
      41.0,
      665.0,
      12.0,
      37.0,
      5.0,
      1.0
    ],
    [
      5.0,
      41.0,
      48.0,
      45.0,
      20.0,
      8.0,
      793.0,
      3.0,
      35.0,
      2.0
    ],
    [
      13.0,
      34.0,
      17.0,
      21.0,
      41.0,
      21.0,
      4.0,
      840.0,
      5.0,
      4.0
    ],
    [
      22.0,
      50.0,
      3.0,
      5.0,
      1.0,
      1.0,
      3.0,
      1.0,
      913.0,
      1.0
    ],
    [
      18.0,
      379.0,
      3.0,
      8.0,
      2.0,
      0.0,
      1.0,
      4.0,
      36.0,
      549.0
    ]
  ],
  "classRecall": [
    0.7540000081062317,
    0.9879999756813049,
    0.7570000290870667,
    0.6460000276565552,
    0.8059999942779541,
    0.6650000214576721,
    0.7929999828338623,
    0.8399999737739563,
    0.9129999876022339,
    0.5490000247955322
  ],
  "classPrecision": [
    0.8267543911933899,
    0.591262698173523,
    0.742885172367096,
    0.6736183762550354,
    0.7909715175628662,
    0.8031401038169861,
    0.8840579986572266,
    0.8768267035484314,
    0.7843642830848694,
    0.9581151604652405
  ],
  "classes": [
    "plane",
    "car",
    "bird",
    "cat",
    "deer",
    "dog",
    "frog",
    "horse",
    "ship",
    "truck"
  ]
}