{
  "name": "model",
  "metrics": {
    "train_loss": [
      0.2201535800621973,
      0.1925736043372708,
      0.18689340395385054,
      0.14635147466831863,
      0.12169950656698779
    ],
    "train_accuracy": [
      0.9594814814814815,
      0.9682222222222222,
      0.9722592592592593,
      0.9776851851851852,
      0.9832962962962963
    ],
    "val_loss": [
      0.21972542145150772,
      0.2011657845466695,
      0.20313887329811744,
      0.1622544454133257,
      0.13879904753350197
    ],
    "val_accuracy": [
      0.9588333333333333,
      0.9641666666666666,
      0.9643333333333334,
      0.9723333333333334,
      0.9778333333333333
    ]
  },
  "accuracy": 0.9761,
  "confusion": [
    [
      969.0,
      1.0,
      0.0,
      0.0,
      0.0,
      1.0,
      5.0,
      1.0,
      3.0,
      0.0
    ],
    [
      0.0,
      1125.0,
      0.0,
      1.0,
      0.0,
      1.0,
      4.0,
      0.0,
      4.0,
      0.0
    ],
    [
      4.0,
      3.0,
      1002.0,
      2.0,
      4.0,
      1.0,
      3.0,
      4.0,
      9.0,
      0.0
    ],
    [
      0.0,
      3.0,
      4.0,
      981.0,
      0.0,
      9.0,
      0.0,
      5.0,
      5.0,
      3.0
    ],
    [
      0.0,
      0.0,
      3.0,
      0.0,
      965.0,
      0.0,
      7.0,
      0.0,
      1.0,
      6.0
    ],
    [
      2.0,
      0.0,
      0.0,
      1.0,
      1.0,
      871.0,
      7.0,
      0.0,
      6.0,
      4.0
    ],
    [
      3.0,
      3.0,
      0.0,
      0.0,
      4.0,
      4.0,
      942.0,
      0.0,
      2.0,
      0.0
    ],
    [
      3.0,
      7.0,
      9.0,
      2.0,
      1.0,
      0.0,
      0.0,
      997.0,
      1.0,
      8.0
    ],
    [
      3.0,
      1.0,
      2.0,
      2.0,
      5.0,
      2.0,
      5.0,
      4.0,
      948.0,
      2.0
    ],
    [
      3.0,
      5.0,
      0.0,
      8.0,
      16.0,
      5.0,
      1.0,
      5.0,
      5.0,
      961.0
    ]
  ],
  "classRecall": [
    0.9887754917144775,
    0.9911894202232361,
    0.9709302186965942,
    0.9712871313095093,
    0.9826883673667908,
    0.976457417011261,
    0.9832985401153564,
    0.9698443412780762,
    0.9733059406280518,
    0.9524281620979309
  ],
  "classPrecision": [
    0.9817629456520081,
    0.9799651503562927,
    0.9823529124259949,
    0.9839518666267395,
    0.968875527381897,
    0.9742729067802429,
    0.9671458005905151,
    0.9812992215156555,
    0.9634146094322205,
    0.9766260385513306
  ],
  "classes": [
    0,
    1,
    2,
    3,
    4,
    5,
    6,
    7,
    8,
    9
  ]
}