{
  "name": "model",
  "metrics": {
    "train_loss": [
      1.4803998433053493,
      1.1307261997664517,
      0.940797550434416,
      0.6708095780658451,
      0.6591755087402734,
      0.5437033449892293,
      0.5608495848084037,
      0.4785336333072998,
      0.30449314830316737,
      0.3585399210199036,
      0.253527459603819,
      0.2653646574524993
    ],
    "train_accuracy": [
      0.5123777777777778,
      0.6667555555555555,
      0.7466444444444444,
      0.8228666666666666,
      0.8344444444444444,
      0.8544,
      0.8465777777777778,
      0.8694444444444445,
      0.9180666666666667,
      0.8912444444444444,
      0.9290888888888889,
      0.9156888888888889
    ],
    "val_loss": [
      1.491461518406868,
      1.15317245721817,
      1.000576062500477,
      0.7450472369790078,
      0.765070366114378,
      0.6915518797934055,
      0.7240666955709457,
      0.6839740559458732,
      0.5667565949261189,
      0.662209102511406,
      0.5805735744535923,
      0.6539848551154137
    ],
    "val_accuracy": [
      0.5116,
      0.6554,
      0.7224,
      0.7748,
      0.7808,
      0.7756,
      0.7564,
      0.7718,
      0.8082,
      0.775,
      0.8058,
      0.783
    ]
  },
  "accuracy": 0.777,
  "confusion": [
    [
      652.0,
      5.0,
      25.0,
      11.0,
      6.0,
      3.0,
      4.0,
      6.0,
      281.0,
      7.0
    ],
    [
      10.0,
      814.0,
      6.0,
      2.0,
      1.0,
      2.0,
      5.0,
      0.0,
      71.0,
      89.0
    ],
    [
      51.0,
      0.0,
      759.0,
      32.0,
      26.0,
      34.0,
      42.0,
      16.0,
      38.0,
      2.0
    ],
    [
      27.0,
      0.0,
      72.0,
      565.0,
      31.0,
      136.0,
      46.0,
      33.0,
      83.0,
      7.0
    ],
    [
      12.0,
      2.0,
      64.0,
      50.0,
      729.0,
      35.0,
      35.0,
      46.0,
      27.0,
      0.0
    ],
    [
      14.0,
      3.0,
      56.0,
      81.0,
      20.0,
      750.0,
      6.0,
      38.0,
      32.0,
      0.0
    ],
    [
      2.0,
      0.0,
      55.0,
      42.0,
      11.0,
      16.0,
      845.0,
      3.0,
      26.0,
      0.0
    ],
    [
      13.0,
      0.0,
      20.0,
      20.0,
      31.0,
      43.0,
      2.0,
      854.0,
      15.0,
      2.0
    ],
    [
      11.0,
      2.0,
      6.0,
      0.0,
      0.0,
      1.0,
      0.0,
      1.0,
      977.0,
      2.0
    ],
    [
      11.0,
      18.0,
      5.0,
      5.0,
      1.0,
      4.0,
      3.0,
      0.0,
      128.0,
      825.0
    ]
  ],
  "classRecall": [
    0.6520000100135803,
    0.8140000104904175,
    0.7590000033378601,
    0.5649999976158142,
    0.7289999723434448,
    0.75,
    0.8450000286102295,
    0.8539999723434448,
    0.9769999980926514,
    0.824999988079071
  ],
  "classPrecision": [
    0.8119551539421082,
    0.9644549489021301,
    0.7106741666793823,
    0.6992574334144592,
    0.8516355156898499,
    0.732421875,
    0.8552631735801697,
    0.8565697073936462,
    0.5822407603263855,
    0.8832976222038269
  ],
  "classes": [
    "plane",
    "car",
    "bird",
    "cat",
    "deer",
    "dog",
    "frog",
    "horse",
    "ship",
    "truck"
  ]
}