{
  "name": "model",
  "metrics": {
    "train_loss": [
      1.4026174419982866,
      1.0798145671459762,
      0.9176561801948331,
      0.7446112873202021,
      0.6705917197872292,
      0.5823810338466004,
      0.45332517906684766,
      0.39798942648551683,
      0.4061558299951933,
      0.3074600708416917,
      0.2616712680425156,
      0.26785360873592173
    ],
    "train_accuracy": [
      0.5196666666666667,
      0.6770222222222222,
      0.7502444444444445,
      0.7924444444444444,
      0.8384,
      0.8707111111111111,
      0.8949333333333334,
      0.9111777777777778,
      0.8706444444444444,
      0.9111111111111111,
      0.9197333333333333,
      0.9114222222222222
    ],
    "val_loss": [
      1.4117496132850647,
      1.1140798419713973,
      0.9619507685303688,
      0.8153071328997612,
      0.7736973762512207,
      0.7222303956747055,
      0.6470301620662212,
      0.6047047980129718,
      0.6775316581130028,
      0.5959354095160961,
      0.5997301880270243,
      0.6932328842580319
    ],
    "val_accuracy": [
      0.5082,
      0.659,
      0.7152,
      0.749,
      0.7826,
      0.7898,
      0.7996,
      0.8078,
      0.771,
      0.7942,
      0.7938,
      0.7846
    ]
  },
  "accuracy": 0.7862,
  "confusion": [
    [
      698.0,
      13.0,
      16.0,
      24.0,
      131.0,
      3.0,
      1.0,
      42.0,
      41.0,
      31.0
    ],
    [
      3.0,
      905.0,
      1.0,
      6.0,
      5.0,
      3.0,
      2.0,
      7.0,
      11.0,
      57.0
    ],
    [
      32.0,
      7.0,
      587.0,
      34.0,
      167.0,
      58.0,
      38.0,
      67.0,
      6.0,
      4.0
    ],
    [
      11.0,
      6.0,
      27.0,
      547.0,
      95.0,
      156.0,
      27.0,
      119.0,
      3.0,
      9.0
    ],
    [
      1.0,
      1.0,
      12.0,
      26.0,
      872.0,
      12.0,
      10.0,
      65.0,
      1.0,
      0.0
    ],
    [
      5.0,
      1.0,
      13.0,
      72.0,
      64.0,
      752.0,
      4.0,
      86.0,
      2.0,
      1.0
    ],
    [
      2.0,
      3.0,
      15.0,
      34.0,
      78.0,
      30.0,
      824.0,
      11.0,
      1.0,
      2.0
    ],
    [
      2.0,
      0.0,
      2.0,
      14.0,
      49.0,
      17.0,
      2.0,
      913.0,
      0.0,
      1.0
    ],
    [
      23.0,
      26.0,
      5.0,
      7.0,
      30.0,
      4.0,
      6.0,
      15.0,
      866.0,
      18.0
    ],
    [
      6.0,
      39.0,
      4.0,
      7.0,
      10.0,
      3.0,
      2.0,
      22.0,
      9.0,
      898.0
    ]
  ],
  "classRecall": [
    0.6980000138282776,
    0.9049999713897705,
    0.5870000123977661,
    0.546999990940094,
    0.871999979019165,
    0.7519999742507935,
    0.8240000009536743,
    0.9129999876022339,
    0.8659999966621399,
    0.8980000019073486
  ],
  "classPrecision": [
    0.8914431929588318,
    0.9040958881378174,
    0.8607038259506226,
    0.7094682455062866,
    0.5809460282325745,
    0.7244701385498047,
    0.8995633125305176,
    0.6778025031089783,
    0.9212765693664551,
    0.8795298933982849
  ],
  "classes": [
    "plane",
    "car",
    "bird",
    "cat",
    "deer",
    "dog",
    "frog",
    "horse",
    "ship",
    "truck"
  ]
}