{
  "name": "model",
  "metrics": {
    "train_loss": [
      1.4306085577065295,
      1.1798796133900231,
      0.8441002172502604,
      0.7451971002261747,
      0.6475735758854584,
      0.5450058430433273,
      0.45100287051702087,
      0.352782552215186,
      0.2564359665848315,
      0.28317610788243736,
      0.2220816227014769,
      0.1725726394533095
    ],
    "train_accuracy": [
      0.5196222222222222,
      0.6330444444444444,
      0.7683777777777778,
      0.8114666666666667,
      0.8482888888888889,
      0.8694,
      0.8998666666666667,
      0.9167555555555555,
      0.9410888888888889,
      0.9426444444444444,
      0.9406888888888889,
      0.9585333333333333
    ],
    "val_loss": [
      1.4397648304700852,
      1.2020025342702865,
      0.9065335348248482,
      0.8205960899591446,
      0.7566830337047576,
      0.6851418681442738,
      0.6330985032022,
      0.5867102406919003,
      0.536007683724165,
      0.5695343833416701,
      0.5554326646029949,
      0.5510732769966126
    ],
    "val_accuracy": [
      0.5114,
      0.6182,
      0.734,
      0.7552,
      0.7842,
      0.7884,
      0.7972,
      0.8046,
      0.82,
      0.8018,
      0.8008,
      0.8124
    ]
  },
  "accuracy": 0.812,
  "confusion": [
    [
      899.0,
      6.0,
      20.0,
      13.0,
      13.0,
      2.0,
      4.0,
      7.0,
      27.0,
      9.0
    ],
    [
      16.0,
      891.0,
      4.0,
      6.0,
      3.0,
      2.0,
      3.0,
      2.0,
      20.0,
      53.0
    ],
    [
      79.0,
      0.0,
      727.0,
      40.0,
      59.0,
      31.0,
      31.0,
      25.0,
      7.0,
      1.0
    ],
    [
      34.0,
      2.0,
      51.0,
      674.0,
      57.0,
      72.0,
      41.0,
      52.0,
      14.0,
      3.0
    ],
    [
      16.0,
      1.0,
      43.0,
      36.0,
      834.0,
      18.0,
      20.0,
      31.0,
      1.0,
      0.0
    ],
    [
      14.0,
      0.0,
      36.0,
      159.0,
      44.0,
      682.0,
      9.0,
      51.0,
      4.0,
      1.0
    ],
    [
      7.0,
      2.0,
      42.0,
      59.0,
      32.0,
      14.0,
      833.0,
      5.0,
      5.0,
      1.0
    ],
    [
      16.0,
      0.0,
      15.0,
      28.0,
      57.0,
      24.0,
      4.0,
      850.0,
      1.0,
      5.0
    ],
    [
      69.0,
      11.0,
      7.0,
      5.0,
      11.0,
      0.0,
      4.0,
      2.0,
      886.0,
      5.0
    ],
    [
      31.0,
      43.0,
      4.0,
      13.0,
      10.0,
      2.0,
      5.0,
      13.0,
      35.0,
      844.0
    ]
  ],
  "classRecall": [
    0.8989999890327454,
    0.890999972820282,
    0.7269999980926514,
    0.6740000247955322,
    0.8339999914169312,
    0.6819999814033508,
    0.8330000042915344,
    0.8500000238418579,
    0.8859999775886536,
    0.843999981880188
  ],
  "classPrecision": [
    0.761219322681427,
    0.9320083856582642,
    0.7660695314407349,
    0.6524685621261597,
    0.7446428537368774,
    0.8051947951316833,
    0.8731656074523926,
    0.8188824653625488,
    0.8859999775886536,
    0.9154012799263
  ],
  "classes": [
    "plane",
    "car",
    "bird",
    "cat",
    "deer",
    "dog",
    "frog",
    "horse",
    "ship",
    "truck"
  ]
}