{
  "name": "model",
  "metrics": {
    "train_loss": [
      1.469630302014676,
      1.0885353306816383,
      0.8472166698087346,
      0.7476788332516496,
      0.7047520821744745,
      0.6322583681480451,
      0.4522495995360342,
      0.38454719294201245,
      0.38898213605650445,
      0.3067367945120416,
      0.2356268605640666,
      0.2571781004186381
    ],
    "train_accuracy": [
      0.5263555555555556,
      0.6862222222222222,
      0.7596666666666667,
      0.7768888888888889,
      0.7991333333333334,
      0.8177333333333333,
      0.8805111111111111,
      0.8927111111111111,
      0.8834444444444445,
      0.9129555555555555,
      0.9342666666666667,
      0.9244666666666667
    ],
    "val_loss": [
      1.4795896977186203,
      1.1136919766664506,
      0.9025956943631173,
      0.8232208415865898,
      0.8107997417449951,
      0.7896427258849144,
      0.6273071847856044,
      0.640823470056057,
      0.6738927513360977,
      0.6249048769474029,
      0.5943061500787735,
      0.6599123761057853
    ],
    "val_accuracy": [
      0.5264,
      0.6614,
      0.7202,
      0.7382,
      0.7416,
      0.7398,
      0.7938,
      0.7812,
      0.7724,
      0.7888,
      0.7994,
      0.7894
    ]
  },
  "accuracy": 0.7869,
  "confusion": [
    [
      949.0,
      2.0,
      4.0,
      5.0,
      5.0,
      2.0,
      3.0,
      8.0,
      20.0,
      2.0
    ],
    [
      74.0,
      810.0,
      2.0,
      9.0,
      2.0,
      2.0,
      9.0,
      1.0,
      57.0,
      34.0
    ],
    [
      194.0,
      2.0,
      615.0,
      37.0,
      36.0,
      28.0,
      58.0,
      15.0,
      15.0,
      0.0
    ],
    [
      80.0,
      2.0,
      44.0,
      586.0,
      42.0,
      123.0,
      64.0,
      25.0,
      26.0,
      8.0
    ],
    [
      45.0,
      0.0,
      43.0,
      32.0,
      770.0,
      23.0,
      29.0,
      52.0,
      6.0,
      0.0
    ],
    [
      37.0,
      0.0,
      28.0,
      104.0,
      28.0,
      724.0,
      33.0,
      33.0,
      11.0,
      2.0
    ],
    [
      19.0,
      0.0,
      18.0,
      44.0,
      16.0,
      7.0,
      882.0,
      3.0,
      11.0,
      0.0
    ],
    [
      38.0,
      1.0,
      14.0,
      17.0,
      35.0,
      28.0,
      5.0,
      857.0,
      5.0,
      0.0
    ],
    [
      89.0,
      2.0,
      4.0,
      0.0,
      2.0,
      1.0,
      2.0,
      5.0,
      889.0,
      6.0
    ],
    [
      110.0,
      22.0,
      1.0,
      13.0,
      4.0,
      4.0,
      8.0,
      10.0,
      41.0,
      787.0
    ]
  ],
  "classRecall": [
    0.9490000009536743,
    0.8100000023841858,
    0.6150000095367432,
    0.5860000252723694,
    0.7699999809265137,
    0.7239999771118164,
    0.8820000290870667,
    0.8569999933242798,
    0.8889999985694885,
    0.7870000004768372
  ],
  "classPrecision": [
    0.5804281234741211,
    0.9631391167640686,
    0.7956015467643738,
    0.6918535828590393,
    0.8191489577293396,
    0.768577516078949,
    0.8069533109664917,
    0.8493558168411255,
    0.8223866820335388,
    0.9380214810371399
  ],
  "classes": [
    "plane",
    "car",
    "bird",
    "cat",
    "deer",
    "dog",
    "frog",
    "horse",
    "ship",
    "truck"
  ]
}