{
  "name": "sample-drop-0",
  "metrics": {
    "train_loss": [
      0.7474402059310985,
      0.6498387581293616,
      0.8188385356094035,
      0.8917428725068038,
      1.2623572456893197
    ],
    "train_accuracy": [
      0.8597037037037037,
      0.8748518518518519,
      0.8791481481481481,
      0.8806111111111111,
      0.8850370370370371
    ],
    "val_loss": [
      0.77836500900857,
      0.6842867719366196,
      0.8715972906731545,
      0.9683786110675081,
      1.3403615444264514
    ],
    "val_accuracy": [
      0.855,
      0.8676666666666667,
      0.8725,
      0.8693333333333333,
      0.8765
    ]
  },
  "accuracy": 0.8799,
  "confusion": [
    [
      0.0,
      1.0,
      87.0,
      7.0,
      10.0,
      209.0,
      462.0,
      18.0,
      90.0,
      96.0
    ],
    [
      0.0,
      1127.0,
      3.0,
      1.0,
      0.0,
      2.0,
      1.0,
      0.0,
      1.0,
      0.0
    ],
    [
      0.0,
      0.0,
      1015.0,
      5.0,
      0.0,
      1.0,
      2.0,
      4.0,
      5.0,
      0.0
    ],
    [
      0.0,
      1.0,
      5.0,
      984.0,
      0.0,
      8.0,
      0.0,
      7.0,
      5.0,
      0.0
    ],
    [
      0.0,
      2.0,
      3.0,
      0.0,
      951.0,
      0.0,
      10.0,
      1.0,
      2.0,
      13.0
    ],
    [
      0.0,
      1.0,
      0.0,
      4.0,
      1.0,
      872.0,
      10.0,
      0.0,
      3.0,
      1.0
    ],
    [
      0.0,
      2.0,
      0.0,
      0.0,
      3.0,
      6.0,
      945.0,
      0.0,
      2.0,
      0.0
    ],
    [
      0.0,
      5.0,
      15.0,
      3.0,
      1.0,
      2.0,
      0.0,
      997.0,
      1.0,
      4.0
    ],
    [
      0.0,
      1.0,
      4.0,
      6.0,
      3.0,
      7.0,
      5.0,
      2.0,
      943.0,
      3.0
    ],
    [
      0.0,
      7.0,
      0.0,
      8.0,
      8.0,
      6.0,
      2.0,
      10.0,
      3.0,
      965.0
    ]
  ],
  "classRecall": [
    0.0,
    0.992951512336731,
    0.9835271239280701,
    0.9742574095726013,
    0.9684317708015442,
    0.9775784611701965,
    0.9864300489425659,
    0.9698443412780762,
    0.9681724905967712,
    0.9563924670219421
  ],
  "classPrecision": [
    NaN,
    0.9825631976127625,
    0.8966431021690369,
    0.9666011929512024,
    0.9733878970146179,
    0.7834681272506714,
    0.6576200127601624,
    0.9595764875411987,
    0.8938388824462891,
    0.89186692237854
  ],
  "classes": [
    0,
    1,
    2,
    3,
    4,
    5,
    6,
    7,
    8,
    9
  ]
}