{
  "name": "sample-drop-0",
  "metrics": {
    "train_loss": [
      0.8169907255195329,
      0.7604021613631768,
      0.9717636215743295,
      0.9443920792137842,
      1.097279501893509
    ],
    "train_accuracy": [
      0.8575925925925926,
      0.8721666666666666,
      0.8757407407407407,
      0.8808888888888889,
      0.8835
    ],
    "val_loss": [
      0.8555088911918883,
      0.8050147631066911,
      1.0279106510446427,
      1.0023002681579996,
      1.1793059782778963
    ],
    "val_accuracy": [
      0.8521666666666666,
      0.8643333333333333,
      0.8695,
      0.8723333333333333,
      0.8735
    ]
  },
  "accuracy": 0.8772,
  "confusion": [
    [
      4.0,
      0.0,
      154.0,
      13.0,
      17.0,
      210.0,
      457.0,
      68.0,
      28.0,
      29.0
    ],
    [
      0.0,
      1124.0,
      4.0,
      0.0,
      0.0,
      2.0,
      2.0,
      0.0,
      3.0,
      0.0
    ],
    [
      0.0,
      0.0,
      1021.0,
      1.0,
      1.0,
      0.0,
      1.0,
      5.0,
      3.0,
      0.0
    ],
    [
      0.0,
      0.0,
      11.0,
      986.0,
      0.0,
      1.0,
      0.0,
      8.0,
      4.0,
      0.0
    ],
    [
      0.0,
      0.0,
      5.0,
      0.0,
      957.0,
      0.0,
      3.0,
      5.0,
      2.0,
      10.0
    ],
    [
      0.0,
      0.0,
      0.0,
      17.0,
      0.0,
      861.0,
      8.0,
      2.0,
      2.0,
      2.0
    ],
    [
      0.0,
      3.0,
      0.0,
      1.0,
      4.0,
      4.0,
      943.0,
      0.0,
      3.0,
      0.0
    ],
    [
      0.0,
      4.0,
      19.0,
      3.0,
      0.0,
      0.0,
      1.0,
      996.0,
      0.0,
      5.0
    ],
    [
      0.0,
      1.0,
      8.0,
      10.0,
      5.0,
      6.0,
      10.0,
      4.0,
      928.0,
      2.0
    ],
    [
      0.0,
      4.0,
      1.0,
      10.0,
      17.0,
      3.0,
      1.0,
      18.0,
      3.0,
      952.0
    ]
  ],
  "classRecall": [
    0.004081632476300001,
    0.9903083443641663,
    0.9893410801887512,
    0.9762375950813293,
    0.9745417237281799,
    0.9652466177940369,
    0.9843423962593079,
    0.9688715934753418,
    0.9527720808982849,
    0.9435084462165833
  ],
  "classPrecision": [
    1.0,
    0.9894366264343262,
    0.8348323702812195,
    0.9471662044525146,
    0.9560439586639404,
    0.7920883297920227,
    0.6612903475761414,
    0.9005424976348877,
    0.9508196711540222,
    0.9520000219345093
  ],
  "classes": [
    0,
    1,
    2,
    3,
    4,
    5,
    6,
    7,
    8,
    9
  ]
}