{
  "name": "row",
  "metrics": {
    "train_loss": [
      2.303684918040579,
      2.1868195421993732,
      2.3514674715697765,
      2.2138823092999784,
      1.9415413911708377,
      1.7063892913812941,
      2.1477647831832822,
      1.8874162112108686,
      1.8536808326501737,
      1.9968030049719594,
      2.4899370197884063,
      2.154608889228918
    ],
    "train_accuracy": [
      0.46795555555555557,
      0.5971333333333333,
      0.6654666666666667,
      0.7245777777777778,
      0.7502444444444445,
      0.7773333333333333,
      0.8020222222222222,
      0.8218222222222222,
      0.8358888888888889,
      0.8482444444444445,
      0.8488666666666667,
      0.8635555555555555
    ],
    "val_loss": [
      2.3997698962688445,
      2.294328024983406,
      2.473673105239868,
      2.4092081815004347,
      2.1439341604709625,
      1.9243612229824065,
      2.4110447123646734,
      2.166420917585492,
      2.1830223500728607,
      2.3289414942264557,
      2.964078050851822,
      2.53698401786387
    ],
    "val_accuracy": [
      0.4534,
      0.576,
      0.64,
      0.6922,
      0.7084,
      0.7162,
      0.7284,
      0.7306,
      0.7418,
      0.7474,
      0.7398,
      0.7428
    ]
  },
  "accuracy": 0.7498,
  "confusion": [
    [
      0.0,
      59.0,
      330.0,
      45.0,
      54.0,
      10.0,
      4.0,
      13.0,
      351.0,
      134.0
    ],
    [
      0.0,
      936.0,
      3.0,
      2.0,
      1.0,
      2.0,
      2.0,
      0.0,
      8.0,
      46.0
    ],
    [
      0.0,
      3.0,
      834.0,
      38.0,
      35.0,
      38.0,
      16.0,
      12.0,
      13.0,
      11.0
    ],
    [
      0.0,
      9.0,
      72.0,
      649.0,
      43.0,
      160.0,
      26.0,
      20.0,
      7.0,
      14.0
    ],
    [
      0.0,
      2.0,
      73.0,
      47.0,
      822.0,
      23.0,
      14.0,
      15.0,
      4.0,
      0.0
    ],
    [
      0.0,
      6.0,
      49.0,
      79.0,
      36.0,
      804.0,
      2.0,
      18.0,
      2.0,
      4.0
    ],
    [
      0.0,
      7.0,
      55.0,
      43.0,
      31.0,
      25.0,
      824.0,
      4.0,
      5.0,
      6.0
    ],
    [
      0.0,
      7.0,
      53.0,
      15.0,
      65.0,
      34.0,
      2.0,
      815.0,
      3.0,
      6.0
    ],
    [
      0.0,
      34.0,
      19.0,
      10.0,
      3.0,
      2.0,
      3.0,
      0.0,
      900.0,
      29.0
    ],
    [
      0.0,
      49.0,
      7.0,
      3.0,
      1.0,
      0.0,
      2.0,
      5.0,
      19.0,
      914.0
    ]
  ],
  "classRecall": [
    0.0,
    0.9359999895095825,
    0.8339999914169312,
    0.6489999890327454,
    0.8220000267028809,
    0.8040000200271606,
    0.8240000009536743,
    0.8149999976158142,
    0.8999999761581421,
    0.9139999747276306
  ],
  "classPrecision": [
    NaN,
    0.8417266011238098,
    0.5578595399856567,
    0.6970998644828796,
    0.7534372210502625,
    0.7322404384613037,
    0.9206703901290894,
    0.9035476446151733,
    0.6859756112098694,
    0.7852233648300171
  ],
  "classes": [
    "plane",
    "car",
    "bird",
    "cat",
    "deer",
    "dog",
    "frog",
    "horse",
    "ship",
    "truck"
  ]
}