{
  "name": "sample-drop-0",
  "metrics": {
    "train_loss": [
      0.7698833698768751,
      0.7681873493708705,
      0.848997233956346,
      1.0177122973859027,
      0.953413622003596
    ],
    "train_accuracy": [
      0.8628518518518519,
      0.8755,
      0.8774444444444445,
      0.8811296296296296,
      0.8864444444444445
    ],
    "val_loss": [
      0.800661451639013,
      0.7964968915949476,
      0.8803713030003487,
      1.0613095443299476,
      0.9949420348126837
    ],
    "val_accuracy": [
      0.8553333333333333,
      0.8683333333333333,
      0.8691666666666666,
      0.8723333333333333,
      0.878
    ]
  },
  "accuracy": 0.8798,
  "confusion": [
    [
      2.0,
      0.0,
      127.0,
      7.0,
      12.0,
      149.0,
      283.0,
      31.0,
      189.0,
      180.0
    ],
    [
      0.0,
      1126.0,
      3.0,
      0.0,
      0.0,
      1.0,
      3.0,
      1.0,
      1.0,
      0.0
    ],
    [
      0.0,
      1.0,
      1009.0,
      5.0,
      3.0,
      0.0,
      1.0,
      8.0,
      5.0,
      0.0
    ],
    [
      0.0,
      0.0,
      3.0,
      990.0,
      0.0,
      5.0,
      0.0,
      7.0,
      2.0,
      3.0
    ],
    [
      0.0,
      1.0,
      4.0,
      0.0,
      962.0,
      0.0,
      4.0,
      1.0,
      1.0,
      9.0
    ],
    [
      0.0,
      0.0,
      0.0,
      15.0,
      1.0,
      859.0,
      8.0,
      1.0,
      3.0,
      5.0
    ],
    [
      0.0,
      2.0,
      0.0,
      1.0,
      8.0,
      5.0,
      937.0,
      0.0,
      5.0,
      0.0
    ],
    [
      0.0,
      6.0,
      8.0,
      2.0,
      0.0,
      0.0,
      0.0,
      1003.0,
      2.0,
      7.0
    ],
    [
      0.0,
      3.0,
      7.0,
      9.0,
      3.0,
      4.0,
      0.0,
      4.0,
      942.0,
      2.0
    ],
    [
      0.0,
      6.0,
      1.0,
      9.0,
      10.0,
      2.0,
      1.0,
      6.0,
      6.0,
      968.0
    ]
  ],
  "classRecall": [
    0.0020408162381500006,
    0.9920704960823059,
    0.9777131676673889,
    0.9801980257034302,
    0.9796333909034729,
    0.963004469871521,
    0.9780793190002441,
    0.975680947303772,
    0.9671458005905151,
    0.959365725517273
  ],
  "classPrecision": [
    1.0,
    0.983406126499176,
    0.8683304786682129,
    0.9537572264671326,
    0.9629629850387573,
    0.8380487561225891,
    0.7574777603149414,
    0.9444444179534912,
    0.8148788809776306,
    0.8245314955711365
  ],
  "classes": [
    0,
    1,
    2,
    3,
    4,
    5,
    6,
    7,
    8,
    9
  ]
}