{
  "name": "sample-drop-0",
  "metrics": {
    "train_loss": [
      0.7440561453736789,
      0.7163537818391176,
      0.7643784702671648,
      0.7765220566100984,
      0.8945574162625024
    ],
    "train_accuracy": [
      0.8588888888888889,
      0.8693333333333333,
      0.8768333333333334,
      0.8831851851851852,
      0.8852407407407408
    ],
    "val_loss": [
      0.7808022245447687,
      0.7497005291441654,
      0.793339176697934,
      0.8178229008583312,
      0.9363323196451715
    ],
    "val_accuracy": [
      0.8511666666666666,
      0.8623333333333333,
      0.868,
      0.8725,
      0.8756666666666667
    ]
  },
  "accuracy": 0.8812,
  "confusion": [
    [
      14.0,
      1.0,
      185.0,
      7.0,
      24.0,
      220.0,
      336.0,
      21.0,
      96.0,
      76.0
    ],
    [
      0.0,
      1129.0,
      2.0,
      1.0,
      0.0,
      1.0,
      1.0,
      0.0,
      1.0,
      0.0
    ],
    [
      0.0,
      4.0,
      1011.0,
      4.0,
      1.0,
      0.0,
      0.0,
      6.0,
      6.0,
      0.0
    ],
    [
      0.0,
      0.0,
      4.0,
      985.0,
      0.0,
      9.0,
      0.0,
      6.0,
      3.0,
      3.0
    ],
    [
      0.0,
      1.0,
      5.0,
      0.0,
      961.0,
      0.0,
      8.0,
      3.0,
      1.0,
      3.0
    ],
    [
      0.0,
      0.0,
      0.0,
      5.0,
      1.0,
      874.0,
      7.0,
      1.0,
      3.0,
      1.0
    ],
    [
      1.0,
      3.0,
      0.0,
      0.0,
      5.0,
      6.0,
      941.0,
      0.0,
      2.0,
      0.0
    ],
    [
      0.0,
      8.0,
      10.0,
      2.0,
      0.0,
      0.0,
      0.0,
      1003.0,
      1.0,
      4.0
    ],
    [
      0.0,
      3.0,
      1.0,
      6.0,
      4.0,
      6.0,
      4.0,
      3.0,
      943.0,
      4.0
    ],
    [
      0.0,
      7.0,
      0.0,
      3.0,
      27.0,
      9.0,
      1.0,
      10.0,
      1.0,
      951.0
    ]
  ],
  "classRecall": [
    0.014285714365541935,
    0.9947136640548706,
    0.979651153087616,
    0.9752475023269653,
    0.9786150455474854,
    0.9798206090927124,
    0.982254683971405,
    0.975680947303772,
    0.9681724905967712,
    0.9425173401832581
  ],
  "classPrecision": [
    0.9333333373069763,
    0.9766436219215393,
    0.8300492763519287,
    0.972359299659729,
    0.939393937587738,
    0.776888906955719,
    0.7249614596366882,
    0.9525166153907776,
    0.8921476006507874,
    0.9126679301261902
  ],
  "classes": [
    0,
    1,
    2,
    3,
    4,
    5,
    6,
    7,
    8,
    9
  ]
}