{
  "name": "row",
  "metrics": {
    "train_loss": [
      2.259640721434897,
      2.0461995198645373,
      2.1406094018708575,
      1.803898804567077,
      1.7915685945613817,
      1.9230443378063766,
      2.2000863745131274,
      2.161893718791279,
      2.045207623307678,
      2.2379965790632097,
      2.2455581799149513,
      2.0368193430318073
    ],
    "train_accuracy": [
      0.45942222222222223,
      0.5906222222222223,
      0.6847333333333333,
      0.7288888888888889,
      0.7586666666666667,
      0.7931777777777778,
      0.8001111111111111,
      0.8211555555555555,
      0.8225555555555556,
      0.8397555555555556,
      0.8489777777777778,
      0.8635555555555555
    ],
    "val_loss": [
      2.315352255105972,
      2.1692900747060775,
      2.397242212295532,
      2.1161797791719437,
      1.9748476073145866,
      2.179982376098633,
      2.5101747691631315,
      2.6250848531723023,
      2.465766930580139,
      2.6916683673858643,
      2.830190581083298,
      2.5905989557504654
    ],
    "val_accuracy": [
      0.445,
      0.5636,
      0.6488,
      0.6854,
      0.6998,
      0.7262,
      0.7184,
      0.732,
      0.729,
      0.7398,
      0.7336,
      0.743
    ]
  },
  "accuracy": 0.7418,
  "confusion": [
    [
      0.0,
      52.0,
      272.0,
      107.0,
      36.0,
      6.0,
      30.0,
      14.0,
      382.0,
      101.0
    ],
    [
      0.0,
      939.0,
      1.0,
      4.0,
      1.0,
      3.0,
      4.0,
      0.0,
      22.0,
      26.0
    ],
    [
      0.0,
      3.0,
      807.0,
      64.0,
      30.0,
      22.0,
      45.0,
      10.0,
      17.0,
      2.0
    ],
    [
      0.0,
      2.0,
      56.0,
      802.0,
      22.0,
      53.0,
      31.0,
      12.0,
      15.0,
      7.0
    ],
    [
      0.0,
      2.0,
      87.0,
      93.0,
      742.0,
      19.0,
      27.0,
      25.0,
      4.0,
      1.0
    ],
    [
      0.0,
      2.0,
      48.0,
      226.0,
      16.0,
      675.0,
      9.0,
      21.0,
      2.0,
      1.0
    ],
    [
      0.0,
      5.0,
      36.0,
      95.0,
      10.0,
      6.0,
      839.0,
      1.0,
      7.0,
      1.0
    ],
    [
      0.0,
      2.0,
      42.0,
      51.0,
      45.0,
      29.0,
      3.0,
      822.0,
      5.0,
      1.0
    ],
    [
      0.0,
      17.0,
      17.0,
      20.0,
      2.0,
      0.0,
      4.0,
      0.0,
      926.0,
      14.0
    ],
    [
      0.0,
      71.0,
      7.0,
      16.0,
      1.0,
      3.0,
      6.0,
      8.0,
      22.0,
      866.0
    ]
  ],
  "classRecall": [
    0.0,
    0.9390000104904175,
    0.8069999814033508,
    0.8019999861717224,
    0.7419999837875366,
    0.675000011920929,
    0.8389999866485596,
    0.8220000267028809,
    0.9259999990463257,
    0.8659999966621399
  ],
  "classPrecision": [
    NaN,
    0.8575342297554016,
    0.5877640247344971,
    0.5426251888275146,
    0.819889485836029,
    0.8272058963775635,
    0.8406813740730286,
    0.9003285765647888,
    0.660485029220581,
    0.8490195870399475
  ],
  "classes": [
    "plane",
    "car",
    "bird",
    "cat",
    "deer",
    "dog",
    "frog",
    "horse",
    "ship",
    "truck"
  ]
}