{
  "name": "row",
  "metrics": {
    "train_loss": [
      1.999437397176569,
      2.2010037624700503,
      2.1848909350281414,
      1.7805614627220414,
      2.078538881445473,
      2.124824420972304,
      2.190665852786465,
      1.9341775615784256,
      2.0059121071615,
      2.4232532129707662,
      2.134466728703542,
      2.2062714977020565
    ],
    "train_accuracy": [
      0.48435555555555554,
      0.5954222222222222,
      0.6834888888888889,
      0.7198,
      0.7476666666666667,
      0.7743333333333333,
      0.7989555555555555,
      0.8209333333333333,
      0.8444222222222222,
      0.8486666666666667,
      0.8546222222222222,
      0.8538666666666667
    ],
    "val_loss": [
      2.0886670112609864,
      2.3502073913812636,
      2.3267144054174422,
      1.9854277968406677,
      2.2266889095306395,
      2.3908402234315873,
      2.4947502702474593,
      2.2337428271770476,
      2.3028109900653364,
      2.9013125151395798,
      2.669035604596138,
      2.718504312634468
    ],
    "val_accuracy": [
      0.477,
      0.5702,
      0.649,
      0.6742,
      0.6978,
      0.714,
      0.7306,
      0.7294,
      0.7442,
      0.7384,
      0.7346,
      0.7318
    ]
  },
  "accuracy": 0.7357,
  "confusion": [
    [
      0.0,
      46.0,
      271.0,
      92.0,
      114.0,
      6.0,
      32.0,
      9.0,
      324.0,
      106.0
    ],
    [
      0.0,
      878.0,
      10.0,
      4.0,
      8.0,
      0.0,
      11.0,
      2.0,
      17.0,
      70.0
    ],
    [
      0.0,
      2.0,
      801.0,
      42.0,
      76.0,
      20.0,
      39.0,
      10.0,
      9.0,
      1.0
    ],
    [
      0.0,
      2.0,
      64.0,
      702.0,
      82.0,
      84.0,
      51.0,
      2.0,
      9.0,
      4.0
    ],
    [
      0.0,
      0.0,
      41.0,
      29.0,
      881.0,
      5.0,
      25.0,
      15.0,
      3.0,
      1.0
    ],
    [
      0.0,
      0.0,
      62.0,
      165.0,
      56.0,
      678.0,
      18.0,
      16.0,
      4.0,
      1.0
    ],
    [
      0.0,
      2.0,
      38.0,
      44.0,
      30.0,
      9.0,
      871.0,
      0.0,
      4.0,
      2.0
    ],
    [
      0.0,
      2.0,
      41.0,
      43.0,
      132.0,
      35.0,
      8.0,
      729.0,
      6.0,
      4.0
    ],
    [
      0.0,
      14.0,
      15.0,
      16.0,
      8.0,
      2.0,
      8.0,
      1.0,
      911.0,
      25.0
    ],
    [
      0.0,
      34.0,
      12.0,
      13.0,
      11.0,
      0.0,
      5.0,
      3.0,
      16.0,
      906.0
    ]
  ],
  "classRecall": [
    0.0,
    0.878000020980835,
    0.8009999990463257,
    0.7020000219345093,
    0.8809999823570251,
    0.6779999732971191,
    0.8709999918937683,
    0.7289999723434448,
    0.9110000133514404,
    0.906000018119812
  ],
  "classPrecision": [
    NaN,
    0.8959183692932129,
    0.5911439061164856,
    0.6104347705841064,
    0.6301859617233276,
    0.8081048727035522,
    0.8155430555343628,
    0.926302433013916,
    0.6991558074951172,
    0.8089285492897034
  ],
  "classes": [
    "plane",
    "car",
    "bird",
    "cat",
    "deer",
    "dog",
    "frog",
    "horse",
    "ship",
    "truck"
  ]
}