{
  "name": "row",
  "metrics": {
    "train_loss": [
      2.2768535001034085,
      2.268975022502921,
      1.8520084385844795,
      2.0141715935685416,
      2.131781165234067,
      1.902993067252365,
      2.226304745132273,
      2.028617521917278,
      2.008439047431404,
      2.0753778903321787,
      1.744863648814234,
      1.6514616036279635
    ],
    "train_accuracy": [
      0.45553333333333335,
      0.5933777777777778,
      0.661,
      0.7197333333333333,
      0.7475555555555555,
      0.7801555555555556,
      0.7994666666666667,
      0.8270222222222222,
      0.8388,
      0.8460444444444445,
      0.8404,
      0.8670222222222222
    ],
    "val_loss": [
      2.3476087495684625,
      2.443546324968338,
      1.9396768465638161,
      2.1862456083297728,
      2.318546752631664,
      2.1218165539205076,
      2.5166419833898543,
      2.4039547979831695,
      2.491555941104889,
      2.482007547095418,
      2.230143865942955,
      2.141120840609074
    ],
    "val_accuracy": [
      0.435,
      0.5698,
      0.6238,
      0.6764,
      0.699,
      0.7108,
      0.7272,
      0.7382,
      0.7328,
      0.7428,
      0.7264,
      0.736
    ]
  },
  "accuracy": 0.7454,
  "confusion": [
    [
      0.0,
      69.0,
      237.0,
      78.0,
      76.0,
      39.0,
      17.0,
      29.0,
      259.0,
      196.0
    ],
    [
      0.0,
      923.0,
      2.0,
      6.0,
      3.0,
      3.0,
      2.0,
      2.0,
      16.0,
      43.0
    ],
    [
      0.0,
      10.0,
      765.0,
      57.0,
      51.0,
      61.0,
      26.0,
      15.0,
      8.0,
      7.0
    ],
    [
      0.0,
      7.0,
      42.0,
      707.0,
      51.0,
      136.0,
      16.0,
      25.0,
      10.0,
      6.0
    ],
    [
      0.0,
      2.0,
      48.0,
      37.0,
      812.0,
      29.0,
      23.0,
      45.0,
      3.0,
      1.0
    ],
    [
      0.0,
      4.0,
      31.0,
      97.0,
      30.0,
      807.0,
      1.0,
      25.0,
      2.0,
      3.0
    ],
    [
      0.0,
      6.0,
      38.0,
      85.0,
      24.0,
      27.0,
      810.0,
      3.0,
      6.0,
      1.0
    ],
    [
      0.0,
      2.0,
      24.0,
      18.0,
      38.0,
      57.0,
      0.0,
      855.0,
      1.0,
      5.0
    ],
    [
      0.0,
      28.0,
      11.0,
      20.0,
      12.0,
      6.0,
      3.0,
      8.0,
      885.0,
      27.0
    ],
    [
      0.0,
      62.0,
      7.0,
      9.0,
      2.0,
      9.0,
      0.0,
      8.0,
      13.0,
      890.0
    ]
  ],
  "classRecall": [
    0.0,
    0.9229999780654907,
    0.7649999856948853,
    0.7070000171661377,
    0.8119999766349792,
    0.8069999814033508,
    0.8100000023841858,
    0.8550000190734863,
    0.8849999904632568,
    0.8899999856948853
  ],
  "classPrecision": [
    NaN,
    0.8292902112007141,
    0.634854793548584,
    0.634649932384491,
    0.7388535141944885,
    0.6873935461044312,
    0.9020044803619385,
    0.8423645496368408,
    0.7356608510017395,
    0.7548770308494568
  ],
  "classes": [
    "plane",
    "car",
    "bird",
    "cat",
    "deer",
    "dog",
    "frog",
    "horse",
    "ship",
    "truck"
  ]
}