{
  "name": "sample-drop-0",
  "metrics": {
    "train_loss": [
      0.8757636412907551,
      0.6998124821067422,
      0.8745472910703641,
      0.816180659555146,
      0.8465012835241607
    ],
    "train_accuracy": [
      0.8600740740740741,
      0.8725185185185185,
      0.8776666666666667,
      0.8810370370370371,
      0.8871851851851852
    ],
    "val_loss": [
      0.9197630527171683,
      0.7330847515704784,
      0.923632524114974,
      0.8612916488596734,
      0.8931806525017353
    ],
    "val_accuracy": [
      0.8553333333333333,
      0.866,
      0.869,
      0.8736666666666667,
      0.8773333333333333
    ]
  },
  "accuracy": 0.8808,
  "confusion": [
    [
      3.0,
      0.0,
      262.0,
      2.0,
      13.0,
      153.0,
      318.0,
      53.0,
      55.0,
      121.0
    ],
    [
      0.0,
      1124.0,
      4.0,
      1.0,
      0.0,
      0.0,
      2.0,
      0.0,
      4.0,
      0.0
    ],
    [
      0.0,
      0.0,
      1015.0,
      4.0,
      2.0,
      0.0,
      0.0,
      6.0,
      5.0,
      0.0
    ],
    [
      0.0,
      0.0,
      3.0,
      992.0,
      0.0,
      2.0,
      0.0,
      6.0,
      5.0,
      2.0
    ],
    [
      0.0,
      0.0,
      4.0,
      0.0,
      953.0,
      0.0,
      9.0,
      1.0,
      1.0,
      14.0
    ],
    [
      0.0,
      0.0,
      0.0,
      17.0,
      1.0,
      859.0,
      9.0,
      1.0,
      4.0,
      1.0
    ],
    [
      0.0,
      2.0,
      1.0,
      1.0,
      1.0,
      4.0,
      947.0,
      0.0,
      2.0,
      0.0
    ],
    [
      0.0,
      3.0,
      9.0,
      3.0,
      1.0,
      0.0,
      0.0,
      1004.0,
      1.0,
      7.0
    ],
    [
      0.0,
      0.0,
      4.0,
      10.0,
      5.0,
      2.0,
      7.0,
      4.0,
      940.0,
      2.0
    ],
    [
      0.0,
      4.0,
      1.0,
      9.0,
      10.0,
      4.0,
      2.0,
      6.0,
      2.0,
      971.0
    ]
  ],
  "classRecall": [
    0.0030612244736403227,
    0.9903083443641663,
    0.9835271239280701,
    0.9821782112121582,
    0.9704684615135193,
    0.963004469871521,
    0.9885177612304688,
    0.9766536951065063,
    0.9650924205780029,
    0.962338924407959
  ],
  "classPrecision": [
    1.0,
    0.9920564889907837,
    0.7789716124534607,
    0.954764187335968,
    0.9665314555168152,
    0.8388671875,
    0.7318392395973206,
    0.9287696480751038,
    0.9224730134010315,
    0.8685151934623718
  ],
  "classes": [
    0,
    1,
    2,
    3,
    4,
    5,
    6,
    7,
    8,
    9
  ]
}