{
  "name": "row",
  "metrics": {
    "train_loss": [
      2.4235138703476298,
      2.1285376623272896,
      2.1359831423244695,
      1.7778370482000438,
      1.7784358469600028,
      2.0689940853891047,
      2.0034462704577227,
      2.190264303406531,
      1.9521585384553128,
      2.0812067944895136,
      2.283813664350997,
      2.1817498571154745
    ],
    "train_accuracy": [
      0.47544444444444445,
      0.6076666666666667,
      0.6709111111111111,
      0.7319555555555556,
      0.7669111111111111,
      0.7923333333333333,
      0.8093555555555556,
      0.8194222222222223,
      0.8339333333333333,
      0.8572444444444445,
      0.8584666666666667,
      0.8651777777777778
    ],
    "val_loss": [
      2.533456411957741,
      2.2521679252386093,
      2.311721298098564,
      2.0080178648233415,
      1.9686632066965104,
      2.3245213121175765,
      2.3713471472263334,
      2.5866183221340178,
      2.332352212071419,
      2.5400144308805466,
      2.769664877653122,
      2.6391694396734238
    ],
    "val_accuracy": [
      0.4606,
      0.585,
      0.6392,
      0.696,
      0.7102,
      0.7198,
      0.7238,
      0.7282,
      0.736,
      0.7444,
      0.7362,
      0.7478
    ]
  },
  "accuracy": 0.7495,
  "confusion": [
    [
      0.0,
      45.0,
      300.0,
      52.0,
      32.0,
      4.0,
      10.0,
      10.0,
      420.0,
      127.0
    ],
    [
      0.0,
      914.0,
      1.0,
      2.0,
      1.0,
      1.0,
      6.0,
      0.0,
      23.0,
      52.0
    ],
    [
      0.0,
      5.0,
      803.0,
      32.0,
      27.0,
      50.0,
      58.0,
      10.0,
      12.0,
      3.0
    ],
    [
      0.0,
      12.0,
      63.0,
      660.0,
      41.0,
      107.0,
      73.0,
      13.0,
      16.0,
      15.0
    ],
    [
      0.0,
      2.0,
      69.0,
      34.0,
      805.0,
      16.0,
      47.0,
      13.0,
      10.0,
      4.0
    ],
    [
      0.0,
      3.0,
      46.0,
      101.0,
      25.0,
      774.0,
      20.0,
      15.0,
      6.0,
      10.0
    ],
    [
      0.0,
      2.0,
      35.0,
      34.0,
      9.0,
      15.0,
      898.0,
      0.0,
      5.0,
      2.0
    ],
    [
      0.0,
      9.0,
      41.0,
      25.0,
      77.0,
      42.0,
      5.0,
      783.0,
      2.0,
      16.0
    ],
    [
      0.0,
      16.0,
      14.0,
      6.0,
      1.0,
      1.0,
      7.0,
      0.0,
      940.0,
      15.0
    ],
    [
      0.0,
      33.0,
      5.0,
      7.0,
      2.0,
      4.0,
      6.0,
      2.0,
      23.0,
      918.0
    ]
  ],
  "classRecall": [
    0.0,
    0.9139999747276306,
    0.8029999732971191,
    0.6600000262260437,
    0.8050000071525574,
    0.7739999890327454,
    0.8980000019073486,
    0.7829999923706055,
    0.9399999976158142,
    0.9179999828338623
  ],
  "classPrecision": [
    NaN,
    0.8780019283294678,
    0.5831517577171326,
    0.6925498247146606,
    0.7892156839370728,
    0.7633135914802551,
    0.7946902513504028,
    0.9255319237709045,
    0.6451612710952759,
    0.7900171875953674
  ],
  "classes": [
    "plane",
    "car",
    "bird",
    "cat",
    "deer",
    "dog",
    "frog",
    "horse",
    "ship",
    "truck"
  ]
}