{
  "name": "sample-drop-0",
  "metrics": {
    "train_loss": [
      0.18750951165483462,
      0.1311672571163748,
      0.09615080434193402,
      0.07759351076743615,
      0.06965096562579981
    ],
    "train_accuracy": [
      0.9472962962962963,
      0.9633518518518519,
      0.973037037037037,
      0.9780925925925926,
      0.9805925925925926
    ],
    "val_loss": [
      0.19051158840351917,
      0.13828779780801306,
      0.10959939995503172,
      0.09128315144396842,
      0.0934018590982924
    ],
    "val_accuracy": [
      0.9436666666666667,
      0.9603333333333334,
      0.968,
      0.975,
      0.9756666666666667
    ]
  },
  "accuracy": 0.9749,
  "confusion": [
    [
      961.0,
      1.0,
      1.0,
      1.0,
      1.0,
      3.0,
      7.0,
      1.0,
      1.0,
      3.0
    ],
    [
      0.0,
      1125.0,
      3.0,
      1.0,
      0.0,
      1.0,
      1.0,
      0.0,
      4.0,
      0.0
    ],
    [
      7.0,
      1.0,
      1000.0,
      5.0,
      2.0,
      1.0,
      2.0,
      8.0,
      6.0,
      0.0
    ],
    [
      1.0,
      0.0,
      2.0,
      989.0,
      0.0,
      2.0,
      0.0,
      6.0,
      6.0,
      4.0
    ],
    [
      2.0,
      0.0,
      3.0,
      0.0,
      964.0,
      0.0,
      3.0,
      1.0,
      1.0,
      8.0
    ],
    [
      4.0,
      0.0,
      0.0,
      6.0,
      1.0,
      870.0,
      4.0,
      1.0,
      3.0,
      3.0
    ],
    [
      6.0,
      3.0,
      0.0,
      0.0,
      5.0,
      11.0,
      930.0,
      0.0,
      3.0,
      0.0
    ],
    [
      2.0,
      8.0,
      5.0,
      1.0,
      1.0,
      0.0,
      0.0,
      1004.0,
      1.0,
      6.0
    ],
    [
      6.0,
      0.0,
      2.0,
      2.0,
      6.0,
      5.0,
      5.0,
      3.0,
      938.0,
      7.0
    ],
    [
      5.0,
      6.0,
      1.0,
      3.0,
      18.0,
      2.0,
      0.0,
      4.0,
      2.0,
      968.0
    ]
  ],
  "classRecall": [
    0.9806122183799744,
    0.9911894202232361,
    0.9689922332763672,
    0.9792079329490662,
    0.981670081615448,
    0.9753363132476807,
    0.9707724452018738,
    0.9766536951065063,
    0.9630390405654907,
    0.959365725517273
  ],
  "classPrecision": [
    0.9668008089065552,
    0.9833915829658508,
    0.9832841753959656,
    0.9811508059501648,
    0.9659318923950195,
    0.9720670580863953,
    0.9768907427787781,
    0.9766536951065063,
    0.9720207452774048,
    0.9689689874649048
  ],
  "classes": [
    0,
    1,
    2,
    3,
    4,
    5,
    6,
    7,
    8,
    9
  ]
}