{
  "name": "sample-drop-0",
  "metrics": {
    "train_loss": [
      0.15606038782622011,
      0.10735264645615743,
      0.08397765439312675,
      0.0731155427914307,
      0.06782908277956866
    ],
    "train_accuracy": [
      0.9540740740740741,
      0.9681111111111111,
      0.9751296296296297,
      0.9788703703703704,
      0.9807407407407407
    ],
    "val_loss": [
      0.165427889357856,
      0.11702026244490704,
      0.10332657315550332,
      0.0948583887929612,
      0.09569802218453681
    ],
    "val_accuracy": [
      0.949,
      0.9663333333333334,
      0.9705,
      0.9713333333333334,
      0.9703333333333334
    ]
  },
  "accuracy": 0.9742,
  "confusion": [
    [
      970.0,
      1.0,
      1.0,
      0.0,
      0.0,
      0.0,
      3.0,
      1.0,
      2.0,
      2.0
    ],
    [
      0.0,
      1129.0,
      2.0,
      0.0,
      0.0,
      1.0,
      2.0,
      0.0,
      1.0,
      0.0
    ],
    [
      5.0,
      1.0,
      1012.0,
      4.0,
      1.0,
      0.0,
      0.0,
      6.0,
      3.0,
      0.0
    ],
    [
      0.0,
      0.0,
      5.0,
      966.0,
      0.0,
      28.0,
      0.0,
      6.0,
      3.0,
      2.0
    ],
    [
      2.0,
      0.0,
      2.0,
      0.0,
      953.0,
      0.0,
      8.0,
      1.0,
      0.0,
      16.0
    ],
    [
      5.0,
      0.0,
      0.0,
      1.0,
      1.0,
      878.0,
      2.0,
      1.0,
      3.0,
      1.0
    ],
    [
      5.0,
      3.0,
      1.0,
      0.0,
      3.0,
      5.0,
      939.0,
      0.0,
      2.0,
      0.0
    ],
    [
      2.0,
      9.0,
      11.0,
      1.0,
      0.0,
      0.0,
      0.0,
      997.0,
      1.0,
      7.0
    ],
    [
      4.0,
      1.0,
      2.0,
      9.0,
      5.0,
      4.0,
      5.0,
      3.0,
      931.0,
      10.0
    ],
    [
      4.0,
      7.0,
      0.0,
      6.0,
      9.0,
      9.0,
      1.0,
      6.0,
      0.0,
      967.0
    ]
  ],
  "classRecall": [
    0.9897959232330322,
    0.9947136640548706,
    0.9806201457977295,
    0.9564356207847595,
    0.9704684615135193,
    0.9843049049377441,
    0.980167031288147,
    0.9698443412780762,
    0.9558521509170532,
    0.9583746194839478
  ],
  "classPrecision": [
    0.9729187488555908,
    0.9808861613273621,
    0.9768339991569519,
    0.978723406791687,
    0.9804526567459106,
    0.9491891860961914,
    0.9781249761581421,
    0.9764936566352844,
    0.9841437339782715,
    0.9621890783309937
  ],
  "classes": [
    0,
    1,
    2,
    3,
    4,
    5,
    6,
    7,
    8,
    9
  ]
}