{
  "name": "row",
  "metrics": {
    "train_loss": [
      1.4172232601452956,
      0.9925527902828022,
      0.7820700092071836,
      0.6520585061304949,
      0.5765962113880299,
      0.4448740285905925,
      0.4049390801228583,
      0.36378277905962686,
      0.33639172760939057,
      0.24207248104820875,
      0.2221717281817374,
      0.17844061756675894
    ],
    "train_accuracy": [
      0.48595555555555553,
      0.6445555555555555,
      0.7273111111111111,
      0.7722222222222223,
      0.8049111111111111,
      0.8468444444444444,
      0.8637111111111111,
      0.8751111111111111,
      0.8864444444444445,
      0.9222222222222223,
      0.9261333333333334,
      0.9388666666666666
    ],
    "val_loss": [
      1.3974611714482308,
      1.0043994218111039,
      0.8400839462876319,
      0.7260702297091484,
      0.7077244363725186,
      0.5979385457932949,
      0.6025656394660472,
      0.61153299883008,
      0.6708045192062855,
      0.56849230453372,
      0.5932849086821079,
      0.6570435762405396
    ],
    "val_accuracy": [
      0.4922,
      0.6306,
      0.6994,
      0.7412,
      0.756,
      0.7956,
      0.7922,
      0.7912,
      0.7888,
      0.809,
      0.8202,
      0.8218
    ]
  },
  "accuracy": 0.8154,
  "confusion": [
    [
      714.0,
      16.0,
      93.0,
      24.0,
      6.0,
      6.0,
      5.0,
      11.0,
      69.0,
      56.0
    ],
    [
      3.0,
      939.0,
      2.0,
      8.0,
      2.0,
      3.0,
      3.0,
      2.0,
      9.0,
      29.0
    ],
    [
      32.0,
      0.0,
      770.0,
      35.0,
      43.0,
      37.0,
      46.0,
      25.0,
      7.0,
      5.0
    ],
    [
      12.0,
      5.0,
      59.0,
      695.0,
      34.0,
      91.0,
      38.0,
      54.0,
      8.0,
      4.0
    ],
    [
      17.0,
      4.0,
      46.0,
      51.0,
      767.0,
      32.0,
      24.0,
      55.0,
      3.0,
      1.0
    ],
    [
      4.0,
      3.0,
      53.0,
      134.0,
      20.0,
      708.0,
      17.0,
      60.0,
      1.0,
      0.0
    ],
    [
      5.0,
      6.0,
      41.0,
      50.0,
      19.0,
      8.0,
      853.0,
      14.0,
      1.0,
      3.0
    ],
    [
      8.0,
      0.0,
      17.0,
      20.0,
      20.0,
      17.0,
      4.0,
      910.0,
      1.0,
      3.0
    ],
    [
      20.0,
      19.0,
      8.0,
      13.0,
      0.0,
      3.0,
      3.0,
      5.0,
      903.0,
      26.0
    ],
    [
      10.0,
      54.0,
      4.0,
      7.0,
      1.0,
      0.0,
      4.0,
      13.0,
      12.0,
      895.0
    ]
  ],
  "classRecall": [
    0.7139999866485596,
    0.9390000104904175,
    0.7699999809265137,
    0.6949999928474426,
    0.7670000195503235,
    0.7080000042915344,
    0.8529999852180481,
    0.9100000262260437,
    0.902999997138977,
    0.8949999809265137
  ],
  "classPrecision": [
    0.8654545545578003,
    0.8977055549621582,
    0.7044830918312073,
    0.6702024936676025,
    0.8410087823867798,
    0.7823204398155212,
    0.855566680431366,
    0.7919930219650269,
    0.8905325531959534,
    0.8757338523864746
  ],
  "classes": [
    "plane",
    "car",
    "bird",
    "cat",
    "deer",
    "dog",
    "frog",
    "horse",
    "ship",
    "truck"
  ]
}