{
  "name": "row",
  "metrics": {
    "train_loss": [
      1.5368833673948592,
      1.1385514937679877,
      0.8378579694439064,
      0.6952958886765621,
      0.6191894493319772,
      0.586887173523957,
      0.4463749709115787,
      0.3964768709530207,
      0.3255068354139274,
      0.2616190775297582,
      0.2744364553046497,
      0.2337181610478596
    ],
    "train_accuracy": [
      0.45826666666666666,
      0.5966888888888889,
      0.7040222222222222,
      0.7612444444444444,
      0.7920666666666667,
      0.8083555555555556,
      0.8494666666666667,
      0.8703777777777778,
      0.8961555555555556,
      0.9196444444444445,
      0.9093555555555556,
      0.9297111111111112
    ],
    "val_loss": [
      1.5351249873638153,
      1.1538090080022811,
      0.8848869547247886,
      0.7741902530193329,
      0.7313196823000908,
      0.713351010158658,
      0.6337999917566777,
      0.6113134481012821,
      0.6054701708257199,
      0.5433666683733464,
      0.6434803575277328,
      0.664816715568304
    ],
    "val_accuracy": [
      0.462,
      0.5924,
      0.6824,
      0.725,
      0.7476,
      0.7646,
      0.7866,
      0.792,
      0.806,
      0.8242,
      0.8066,
      0.818
    ]
  },
  "accuracy": 0.8108,
  "confusion": [
    [
      529.0,
      25.0,
      165.0,
      49.0,
      63.0,
      9.0,
      14.0,
      15.0,
      106.0,
      25.0
    ],
    [
      4.0,
      936.0,
      4.0,
      5.0,
      2.0,
      3.0,
      4.0,
      1.0,
      15.0,
      26.0
    ],
    [
      9.0,
      2.0,
      798.0,
      35.0,
      46.0,
      34.0,
      52.0,
      14.0,
      7.0,
      3.0
    ],
    [
      0.0,
      5.0,
      51.0,
      687.0,
      38.0,
      134.0,
      57.0,
      15.0,
      9.0,
      4.0
    ],
    [
      1.0,
      0.0,
      36.0,
      40.0,
      849.0,
      21.0,
      24.0,
      26.0,
      3.0,
      0.0
    ],
    [
      1.0,
      1.0,
      40.0,
      102.0,
      27.0,
      777.0,
      24.0,
      24.0,
      3.0,
      1.0
    ],
    [
      0.0,
      1.0,
      25.0,
      36.0,
      17.0,
      9.0,
      906.0,
      2.0,
      4.0,
      0.0
    ],
    [
      4.0,
      3.0,
      20.0,
      32.0,
      39.0,
      32.0,
      5.0,
      860.0,
      2.0,
      3.0
    ],
    [
      16.0,
      17.0,
      20.0,
      7.0,
      6.0,
      7.0,
      5.0,
      2.0,
      907.0,
      13.0
    ],
    [
      10.0,
      78.0,
      7.0,
      6.0,
      7.0,
      5.0,
      5.0,
      7.0,
      16.0,
      859.0
    ]
  ],
  "classRecall": [
    0.5289999842643738,
    0.9359999895095825,
    0.7979999780654907,
    0.6869999766349792,
    0.8489999771118164,
    0.7770000100135803,
    0.906000018119812,
    0.8600000143051147,
    0.9070000052452087,
    0.859000027179718
  ],
  "classPrecision": [
    0.9216027855873108,
    0.8764045238494873,
    0.6843910813331604,
    0.6876876950263977,
    0.7760511636734009,
    0.7536372542381287,
    0.8266423344612122,
    0.8902691602706909,
    0.8460820913314819,
    0.9197002053260803
  ],
  "classes": [
    "plane",
    "car",
    "bird",
    "cat",
    "deer",
    "dog",
    "frog",
    "horse",
    "ship",
    "truck"
  ]
}