{
  "name": "row",
  "metrics": {
    "train_loss": [
      1.5936693498356775,
      1.1814025489782745,
      0.8668318038636987,
      0.7071097323840315,
      0.5933289278129285,
      0.49854653370989993,
      0.4309130943464962,
      0.42563058562915435,
      0.365022614936937,
      0.3035231985321099,
      0.2493401012722064,
      0.23915870282375676
    ],
    "train_accuracy": [
      0.44335555555555556,
      0.5939777777777778,
      0.6977777777777778,
      0.7566,
      0.8013777777777777,
      0.8374222222222222,
      0.8576222222222222,
      0.8564888888888889,
      0.8830888888888889,
      0.9038,
      0.9196888888888889,
      0.9224444444444444
    ],
    "val_loss": [
      1.5865992903709412,
      1.2133074253797531,
      0.9044742323458195,
      0.7902670860290527,
      0.7009507551789284,
      0.6399945892393589,
      0.5984140448272228,
      0.6341865785419941,
      0.6431450709700585,
      0.608742681145668,
      0.6289028182625771,
      0.638611713051796
    ],
    "val_accuracy": [
      0.4416,
      0.587,
      0.6732,
      0.7206,
      0.7586,
      0.772,
      0.787,
      0.7806,
      0.7892,
      0.8034,
      0.8092,
      0.7958
    ]
  },
  "accuracy": 0.8012,
  "confusion": [
    [
      685.0,
      13.0,
      73.0,
      45.0,
      6.0,
      14.0,
      10.0,
      7.0,
      79.0,
      68.0
    ],
    [
      10.0,
      897.0,
      6.0,
      7.0,
      0.0,
      8.0,
      3.0,
      1.0,
      18.0,
      50.0
    ],
    [
      34.0,
      1.0,
      738.0,
      58.0,
      25.0,
      78.0,
      36.0,
      18.0,
      10.0,
      2.0
    ],
    [
      10.0,
      1.0,
      45.0,
      655.0,
      19.0,
      211.0,
      35.0,
      9.0,
      8.0,
      7.0
    ],
    [
      14.0,
      1.0,
      54.0,
      84.0,
      696.0,
      66.0,
      29.0,
      43.0,
      9.0,
      4.0
    ],
    [
      1.0,
      0.0,
      29.0,
      81.0,
      9.0,
      857.0,
      5.0,
      14.0,
      1.0,
      3.0
    ],
    [
      2.0,
      2.0,
      43.0,
      60.0,
      8.0,
      24.0,
      857.0,
      1.0,
      2.0,
      1.0
    ],
    [
      9.0,
      3.0,
      29.0,
      34.0,
      16.0,
      95.0,
      2.0,
      798.0,
      0.0,
      14.0
    ],
    [
      21.0,
      10.0,
      7.0,
      13.0,
      0.0,
      9.0,
      4.0,
      2.0,
      910.0,
      24.0
    ],
    [
      6.0,
      31.0,
      10.0,
      9.0,
      1.0,
      3.0,
      2.0,
      4.0,
      15.0,
      919.0
    ]
  ],
  "classRecall": [
    0.6850000023841858,
    0.8970000147819519,
    0.7379999756813049,
    0.6549999713897705,
    0.6959999799728394,
    0.8569999933242798,
    0.8569999933242798,
    0.7979999780654907,
    0.9100000262260437,
    0.9190000295639038
  ],
  "classPrecision": [
    0.8648989796638489,
    0.9353493452072144,
    0.7137330770492554,
    0.6261950135231018,
    0.892307698726654,
    0.6278388500213623,
    0.8718209266662598,
    0.8896321058273315,
    0.8650190234184265,
    0.8415750861167908
  ],
  "classes": [
    "plane",
    "car",
    "bird",
    "cat",
    "deer",
    "dog",
    "frog",
    "horse",
    "ship",
    "truck"
  ]
}