{
  "name": "sample-drop-0",
  "metrics": {
    "train_loss": [
      0.17260179939675388,
      0.11279901260977955,
      0.08903780917667947,
      0.07492718583092058,
      0.06871192277987351
    ],
    "train_accuracy": [
      0.9505,
      0.9668333333333333,
      0.9742777777777778,
      0.9782777777777778,
      0.9798703703703704
    ],
    "val_loss": [
      0.17557368871379406,
      0.1244016623005588,
      0.10334144512865137,
      0.09638126527375364,
      0.0948698878922361
    ],
    "val_accuracy": [
      0.9488333333333333,
      0.9621666666666666,
      0.9718333333333333,
      0.972,
      0.9728333333333333
    ]
  },
  "accuracy": 0.9743,
  "confusion": [
    [
      974.0,
      1.0,
      0.0,
      0.0,
      0.0,
      0.0,
      3.0,
      1.0,
      1.0,
      0.0
    ],
    [
      0.0,
      1125.0,
      2.0,
      1.0,
      0.0,
      0.0,
      2.0,
      0.0,
      5.0,
      0.0
    ],
    [
      8.0,
      2.0,
      1001.0,
      1.0,
      5.0,
      0.0,
      5.0,
      5.0,
      5.0,
      0.0
    ],
    [
      2.0,
      0.0,
      7.0,
      982.0,
      0.0,
      3.0,
      0.0,
      7.0,
      7.0,
      2.0
    ],
    [
      2.0,
      0.0,
      2.0,
      0.0,
      959.0,
      0.0,
      8.0,
      1.0,
      1.0,
      9.0
    ],
    [
      7.0,
      1.0,
      0.0,
      15.0,
      1.0,
      848.0,
      9.0,
      3.0,
      7.0,
      1.0
    ],
    [
      5.0,
      3.0,
      0.0,
      0.0,
      4.0,
      1.0,
      943.0,
      0.0,
      2.0,
      0.0
    ],
    [
      1.0,
      11.0,
      10.0,
      1.0,
      0.0,
      0.0,
      0.0,
      1000.0,
      1.0,
      4.0
    ],
    [
      6.0,
      1.0,
      2.0,
      2.0,
      5.0,
      3.0,
      5.0,
      2.0,
      947.0,
      1.0
    ],
    [
      9.0,
      7.0,
      0.0,
      7.0,
      11.0,
      1.0,
      1.0,
      9.0,
      0.0,
      964.0
    ]
  ],
  "classRecall": [
    0.9938775300979614,
    0.9911894202232361,
    0.9699612259864807,
    0.9722772240638733,
    0.976578414440155,
    0.9506726264953613,
    0.9843423962593079,
    0.9727626442909241,
    0.9722792506217957,
    0.9554013609886169
  ],
  "classPrecision": [
    0.9605522751808167,
    0.9774109721183777,
    0.9775390625,
    0.973240852355957,
    0.9736040830612183,
    0.9906542301177979,
    0.9661885499954224,
    0.9727626442909241,
    0.9702869057655334,
    0.9826707243919373
  ],
  "classes": [
    0,
    1,
    2,
    3,
    4,
    5,
    6,
    7,
    8,
    9
  ]
}