{
  "name": "row",
  "metrics": {
    "train_loss": [
      1.3801000175828284,
      1.0225971574810417,
      0.7687888634814457,
      0.6644686798311092,
      0.5598577101799574,
      0.4593951240689917,
      0.3557823078960858,
      0.32904546441171656,
      0.26690941536799073,
      0.2233566307166422,
      0.2559670873451978,
      0.1832933697891845
    ],
    "train_accuracy": [
      0.5038222222222222,
      0.6343333333333333,
      0.7296666666666667,
      0.7678222222222222,
      0.8074666666666667,
      0.8453333333333334,
      0.8774,
      0.8880888888888889,
      0.9095333333333333,
      0.9236,
      0.9121555555555556,
      0.937
    ],
    "val_loss": [
      1.3711136281490326,
      1.0548213124275208,
      0.8257983356714249,
      0.7735168516635895,
      0.6955896340310573,
      0.6520456612110138,
      0.5637415671721101,
      0.585118192434311,
      0.5675944641232491,
      0.5907799381762743,
      0.6326371930539608,
      0.664917578548193
    ],
    "val_accuracy": [
      0.5038,
      0.6178,
      0.7062,
      0.7202,
      0.7622,
      0.7826,
      0.8042,
      0.8022,
      0.8124,
      0.813,
      0.803,
      0.8088
    ]
  },
  "accuracy": 0.8112,
  "confusion": [
    [
      720.0,
      33.0,
      46.0,
      35.0,
      23.0,
      8.0,
      8.0,
      1.0,
      84.0,
      42.0
    ],
    [
      1.0,
      957.0,
      1.0,
      6.0,
      2.0,
      0.0,
      2.0,
      0.0,
      9.0,
      22.0
    ],
    [
      41.0,
      4.0,
      677.0,
      61.0,
      64.0,
      56.0,
      76.0,
      10.0,
      8.0,
      3.0
    ],
    [
      4.0,
      8.0,
      26.0,
      746.0,
      41.0,
      110.0,
      41.0,
      9.0,
      10.0,
      5.0
    ],
    [
      5.0,
      1.0,
      26.0,
      67.0,
      818.0,
      29.0,
      39.0,
      7.0,
      7.0,
      1.0
    ],
    [
      3.0,
      1.0,
      12.0,
      138.0,
      38.0,
      773.0,
      19.0,
      9.0,
      6.0,
      1.0
    ],
    [
      4.0,
      6.0,
      12.0,
      57.0,
      17.0,
      16.0,
      877.0,
      2.0,
      7.0,
      2.0
    ],
    [
      10.0,
      3.0,
      10.0,
      59.0,
      107.0,
      55.0,
      2.0,
      746.0,
      3.0,
      5.0
    ],
    [
      18.0,
      19.0,
      4.0,
      9.0,
      3.0,
      2.0,
      7.0,
      2.0,
      921.0,
      15.0
    ],
    [
      9.0,
      74.0,
      2.0,
      11.0,
      1.0,
      6.0,
      3.0,
      1.0,
      16.0,
      877.0
    ]
  ],
  "classRecall": [
    0.7200000286102295,
    0.9570000171661377,
    0.6769999861717224,
    0.7459999918937683,
    0.8180000185966492,
    0.7730000019073486,
    0.8769999742507935,
    0.7459999918937683,
    0.9210000038146973,
    0.8769999742507935
  ],
  "classPrecision": [
    0.8834356069564819,
    0.865280270576477,
    0.8296568393707275,
    0.6274179816246033,
    0.7342908382415771,
    0.7327014207839966,
    0.8165735602378845,
    0.9479034543037415,
    0.8599439859390259,
    0.9013360738754272
  ],
  "classes": [
    "plane",
    "car",
    "bird",
    "cat",
    "deer",
    "dog",
    "frog",
    "horse",
    "ship",
    "truck"
  ]
}