{
  "name": "row",
  "metrics": {
    "train_loss": [
      1.4879284057427535,
      1.0578112055293538,
      0.8223882436074994,
      0.6189708262681961,
      0.5280794059349732,
      0.4701992181891745,
      0.3354846118864688,
      0.34464247609404003,
      0.26960142388601194,
      0.19558114156296308,
      0.16271969536319375,
      0.1568159127226946
    ],
    "train_accuracy": [
      0.46257777777777775,
      0.6254666666666666,
      0.7095333333333333,
      0.7903111111111111,
      0.8217333333333333,
      0.8412222222222222,
      0.8855555555555555,
      0.8833333333333333,
      0.9096222222222222,
      0.9377777777777778,
      0.9465777777777777,
      0.9481555555555555
    ],
    "val_loss": [
      1.4588898688554763,
      1.0662742093205453,
      0.8679831348359585,
      0.7104681544005871,
      0.6389871560037136,
      0.6008143603801728,
      0.568579015135765,
      0.6110275767743587,
      0.576958691328764,
      0.5307696096599102,
      0.5634069077670574,
      0.6027420215308666
    ],
    "val_accuracy": [
      0.4648,
      0.6156,
      0.6878,
      0.7572,
      0.7772,
      0.7882,
      0.8134,
      0.7954,
      0.8056,
      0.8284,
      0.832,
      0.8258
    ]
  },
  "accuracy": 0.8243,
  "confusion": [
    [
      763.0,
      4.0,
      56.0,
      12.0,
      17.0,
      3.0,
      11.0,
      16.0,
      75.0,
      43.0
    ],
    [
      8.0,
      862.0,
      1.0,
      5.0,
      3.0,
      3.0,
      10.0,
      1.0,
      15.0,
      92.0
    ],
    [
      28.0,
      1.0,
      798.0,
      20.0,
      40.0,
      34.0,
      39.0,
      26.0,
      10.0,
      4.0
    ],
    [
      24.0,
      1.0,
      72.0,
      624.0,
      44.0,
      117.0,
      57.0,
      32.0,
      17.0,
      12.0
    ],
    [
      9.0,
      0.0,
      45.0,
      20.0,
      837.0,
      18.0,
      25.0,
      42.0,
      3.0,
      1.0
    ],
    [
      4.0,
      1.0,
      55.0,
      96.0,
      34.0,
      754.0,
      16.0,
      29.0,
      7.0,
      4.0
    ],
    [
      4.0,
      1.0,
      39.0,
      19.0,
      12.0,
      14.0,
      899.0,
      5.0,
      4.0,
      3.0
    ],
    [
      7.0,
      0.0,
      23.0,
      15.0,
      36.0,
      29.0,
      3.0,
      880.0,
      0.0,
      7.0
    ],
    [
      29.0,
      11.0,
      8.0,
      3.0,
      1.0,
      6.0,
      8.0,
      3.0,
      904.0,
      27.0
    ],
    [
      14.0,
      17.0,
      4.0,
      3.0,
      2.0,
      5.0,
      6.0,
      7.0,
      20.0,
      922.0
    ]
  ],
  "classRecall": [
    0.7630000114440918,
    0.8619999885559082,
    0.7979999780654907,
    0.6240000128746033,
    0.8370000123977661,
    0.7540000081062317,
    0.8989999890327454,
    0.8799999952316284,
    0.9039999842643738,
    0.921999990940094
  ],
  "classPrecision": [
    0.8573033809661865,
    0.9599109292030334,
    0.7247956395149231,
    0.7637698650360107,
    0.8157894611358643,
    0.7670396566390991,
    0.8370577096939087,
    0.8453410267829895,
    0.856872022151947,
    0.8269058465957642
  ],
  "classes": [
    "plane",
    "car",
    "bird",
    "cat",
    "deer",
    "dog",
    "frog",
    "horse",
    "ship",
    "truck"
  ]
}