{
  "name": "sample-drop-0",
  "metrics": {
    "train_loss": [
      0.14725445138546528,
      0.1091208736063533,
      0.08553198867221473,
      0.07297990382847627,
      0.06501030203802467
    ],
    "train_accuracy": [
      0.9570925925925926,
      0.968574074074074,
      0.9757037037037037,
      0.9784444444444444,
      0.9809814814814815
    ],
    "val_loss": [
      0.1483701136200986,
      0.1203764188796916,
      0.09929743773759679,
      0.09200807346744423,
      0.08383532839411116
    ],
    "val_accuracy": [
      0.955,
      0.9643333333333334,
      0.9713333333333334,
      0.9715,
      0.9771666666666666
    ]
  },
  "accuracy": 0.9766,
  "confusion": [
    [
      973.0,
      1.0,
      0.0,
      0.0,
      0.0,
      1.0,
      3.0,
      1.0,
      1.0,
      0.0
    ],
    [
      0.0,
      1126.0,
      4.0,
      0.0,
      0.0,
      1.0,
      1.0,
      1.0,
      2.0,
      0.0
    ],
    [
      5.0,
      2.0,
      1012.0,
      0.0,
      1.0,
      0.0,
      0.0,
      10.0,
      2.0,
      0.0
    ],
    [
      0.0,
      0.0,
      7.0,
      986.0,
      0.0,
      1.0,
      0.0,
      9.0,
      3.0,
      4.0
    ],
    [
      1.0,
      2.0,
      5.0,
      0.0,
      960.0,
      0.0,
      4.0,
      1.0,
      1.0,
      8.0
    ],
    [
      5.0,
      1.0,
      0.0,
      6.0,
      1.0,
      859.0,
      13.0,
      1.0,
      4.0,
      2.0
    ],
    [
      5.0,
      3.0,
      0.0,
      0.0,
      3.0,
      3.0,
      942.0,
      0.0,
      2.0,
      0.0
    ],
    [
      1.0,
      6.0,
      9.0,
      0.0,
      0.0,
      1.0,
      0.0,
      1004.0,
      1.0,
      6.0
    ],
    [
      6.0,
      0.0,
      6.0,
      2.0,
      5.0,
      4.0,
      6.0,
      2.0,
      938.0,
      5.0
    ],
    [
      6.0,
      5.0,
      0.0,
      6.0,
      15.0,
      0.0,
      1.0,
      9.0,
      1.0,
      966.0
    ]
  ],
  "classRecall": [
    0.9928571581840515,
    0.9920704960823059,
    0.9806201457977295,
    0.9762375950813293,
    0.9775967597961426,
    0.963004469871521,
    0.9832985401153564,
    0.9766536951065063,
    0.9630390405654907,
    0.9573835730552673
  ],
  "classPrecision": [
    0.9710578918457031,
    0.9825479984283447,
    0.9702780246734619,
    0.9860000014305115,
    0.9746192693710327,
    0.9873563051223755,
    0.9711340069770813,
    0.9672446846961975,
    0.98219895362854,
    0.9747729301452637
  ],
  "classes": [
    0,
    1,
    2,
    3,
    4,
    5,
    6,
    7,
    8,
    9
  ]
}