{
  "name": "row",
  "metrics": {
    "train_loss": [
      1.399761587381363,
      1.1474777273833752,
      0.8570109830999916,
      0.6693469327451154,
      0.532086618498645,
      0.5078256729651581,
      0.38285853671417996,
      0.3655866513198072,
      0.29045059671625495,
      0.25006634246727283,
      0.23051842545497825,
      0.19059411032040688
    ],
    "train_accuracy": [
      0.4875777777777778,
      0.5919777777777778,
      0.7071555555555555,
      0.7686222222222222,
      0.8188222222222222,
      0.8267555555555556,
      0.8684,
      0.8782444444444445,
      0.9034444444444445,
      0.9180444444444444,
      0.9251333333333334,
      0.9367777777777778
    ],
    "val_loss": [
      1.4065051943063736,
      1.144084206223488,
      0.8885779276490211,
      0.7438444823026658,
      0.6516097098588943,
      0.6913458190858364,
      0.5891161188483238,
      0.6028267346322537,
      0.5960935570299626,
      0.56970001347363,
      0.6041366156190634,
      0.6620923176407814
    ],
    "val_accuracy": [
      0.4822,
      0.5844,
      0.6878,
      0.735,
      0.7686,
      0.7714,
      0.797,
      0.7984,
      0.8116,
      0.8162,
      0.815,
      0.8172
    ]
  },
  "accuracy": 0.8114,
  "confusion": [
    [
      716.0,
      26.0,
      71.0,
      37.0,
      5.0,
      4.0,
      20.0,
      8.0,
      68.0,
      45.0
    ],
    [
      7.0,
      920.0,
      1.0,
      3.0,
      1.0,
      5.0,
      6.0,
      0.0,
      12.0,
      45.0
    ],
    [
      36.0,
      1.0,
      767.0,
      49.0,
      25.0,
      65.0,
      35.0,
      10.0,
      8.0,
      4.0
    ],
    [
      9.0,
      7.0,
      36.0,
      693.0,
      16.0,
      144.0,
      62.0,
      15.0,
      8.0,
      10.0
    ],
    [
      5.0,
      2.0,
      54.0,
      94.0,
      718.0,
      52.0,
      42.0,
      26.0,
      6.0,
      1.0
    ],
    [
      5.0,
      0.0,
      32.0,
      104.0,
      10.0,
      809.0,
      22.0,
      13.0,
      4.0,
      1.0
    ],
    [
      1.0,
      0.0,
      33.0,
      34.0,
      9.0,
      16.0,
      902.0,
      0.0,
      4.0,
      1.0
    ],
    [
      10.0,
      3.0,
      33.0,
      37.0,
      28.0,
      80.0,
      8.0,
      789.0,
      4.0,
      8.0
    ],
    [
      26.0,
      12.0,
      13.0,
      9.0,
      1.0,
      3.0,
      6.0,
      1.0,
      910.0,
      19.0
    ],
    [
      11.0,
      48.0,
      2.0,
      13.0,
      0.0,
      4.0,
      10.0,
      5.0,
      17.0,
      890.0
    ]
  ],
  "classRecall": [
    0.7160000205039978,
    0.9200000166893005,
    0.7670000195503235,
    0.6930000185966492,
    0.7179999947547913,
    0.8090000152587891,
    0.9020000100135803,
    0.7889999747276306,
    0.9100000262260437,
    0.8899999856948853
  ],
  "classPrecision": [
    0.8668280839920044,
    0.9028459191322327,
    0.7360844612121582,
    0.6458527445793152,
    0.8831488490104675,
    0.6844331622123718,
    0.8104223012924194,
    0.9100345969200134,
    0.8741594552993774,
    0.869140625
  ],
  "classes": [
    "plane",
    "car",
    "bird",
    "cat",
    "deer",
    "dog",
    "frog",
    "horse",
    "ship",
    "truck"
  ]
}