{
  "name": "row",
  "metrics": {
    "train_loss": [
      1.4085343500429934,
      1.056213297288526,
      0.7399580782618035,
      0.639470181173899,
      0.5108736377548088,
      0.4607981640676206,
      0.331238658929413,
      0.3280533977614885,
      0.25403715820390393,
      0.23073881525884976,
      0.2136696300427006,
      0.169141997710209
    ],
    "train_accuracy": [
      0.4876666666666667,
      0.6236222222222222,
      0.7401111111111112,
      0.7840222222222222,
      0.8265777777777777,
      0.8452222222222222,
      0.8900222222222223,
      0.8901111111111111,
      0.9180222222222222,
      0.9197555555555555,
      0.9294888888888889,
      0.9448222222222222
    ],
    "val_loss": [
      1.4049243777990341,
      1.0764235571026801,
      0.7990529924631119,
      0.701362156867981,
      0.6231353156268596,
      0.6185221798717976,
      0.542158917337656,
      0.5670480482280255,
      0.5437025241553783,
      0.5884522087872028,
      0.5900515731424093,
      0.6304549686610699
    ],
    "val_accuracy": [
      0.4938,
      0.613,
      0.7204,
      0.7508,
      0.7822,
      0.7896,
      0.815,
      0.8088,
      0.8258,
      0.8214,
      0.8202,
      0.826
    ]
  },
  "accuracy": 0.8179,
  "confusion": [
    [
      767.0,
      25.0,
      33.0,
      26.0,
      8.0,
      2.0,
      6.0,
      18.0,
      81.0,
      34.0
    ],
    [
      3.0,
      946.0,
      0.0,
      2.0,
      2.0,
      1.0,
      2.0,
      3.0,
      7.0,
      34.0
    ],
    [
      53.0,
      7.0,
      720.0,
      76.0,
      31.0,
      46.0,
      22.0,
      36.0,
      5.0,
      4.0
    ],
    [
      10.0,
      4.0,
      22.0,
      749.0,
      26.0,
      109.0,
      28.0,
      37.0,
      4.0,
      11.0
    ],
    [
      8.0,
      1.0,
      43.0,
      79.0,
      731.0,
      22.0,
      17.0,
      89.0,
      6.0,
      4.0
    ],
    [
      5.0,
      1.0,
      21.0,
      143.0,
      17.0,
      745.0,
      2.0,
      58.0,
      2.0,
      6.0
    ],
    [
      6.0,
      6.0,
      26.0,
      83.0,
      28.0,
      16.0,
      819.0,
      12.0,
      4.0,
      0.0
    ],
    [
      9.0,
      4.0,
      7.0,
      31.0,
      7.0,
      18.0,
      0.0,
      918.0,
      0.0,
      6.0
    ],
    [
      30.0,
      33.0,
      11.0,
      13.0,
      1.0,
      2.0,
      3.0,
      2.0,
      889.0,
      16.0
    ],
    [
      10.0,
      57.0,
      6.0,
      7.0,
      1.0,
      0.0,
      1.0,
      11.0,
      12.0,
      895.0
    ]
  ],
  "classRecall": [
    0.7670000195503235,
    0.9459999799728394,
    0.7200000286102295,
    0.7490000128746033,
    0.7310000061988831,
    0.7450000047683716,
    0.8190000057220459,
    0.9179999828338623,
    0.8889999985694885,
    0.8949999809265137
  ],
  "classPrecision": [
    0.8512763381004333,
    0.8726937174797058,
    0.8098987340927124,
    0.6195202469825745,
    0.8579812049865723,
    0.7752341032028198,
    0.9100000262260437,
    0.775337815284729,
    0.8801980018615723,
    0.8861386179924011
  ],
  "classes": [
    "plane",
    "car",
    "bird",
    "cat",
    "deer",
    "dog",
    "frog",
    "horse",
    "ship",
    "truck"
  ]
}