{
  "name": "row",
  "metrics": {
    "train_loss": [
      1.4167549532245507,
      1.0153060570697894,
      0.8213475483723662,
      0.6845157558775761,
      0.5342482784762979,
      0.5267014259641821,
      0.40560141612182965,
      0.3805398422039368,
      0.3461316645738076,
      0.22751593577082863,
      0.19303770750676366,
      0.25004584079777653
    ],
    "train_accuracy": [
      0.49095555555555553,
      0.6412888888888889,
      0.7157777777777777,
      0.7659777777777778,
      0.8202222222222222,
      0.8219111111111111,
      0.8639111111111111,
      0.8748,
      0.8863111111111112,
      0.9244,
      0.9369111111111111,
      0.9172888888888889
    ],
    "val_loss": [
      1.4176449179649353,
      1.0419378563761712,
      0.8669973865151406,
      0.752210346609354,
      0.643383615463972,
      0.7048601858317852,
      0.5978363037109375,
      0.599253985285759,
      0.6215453289449215,
      0.5398499287664891,
      0.5849024139344692,
      0.7287920573726296
    ],
    "val_accuracy": [
      0.497,
      0.6326,
      0.7068,
      0.7316,
      0.7758,
      0.7644,
      0.7992,
      0.7874,
      0.8028,
      0.8244,
      0.8318,
      0.797
    ]
  },
  "accuracy": 0.7925,
  "confusion": [
    [
      648.0,
      7.0,
      103.0,
      51.0,
      9.0,
      21.0,
      8.0,
      25.0,
      99.0,
      29.0
    ],
    [
      14.0,
      890.0,
      9.0,
      7.0,
      2.0,
      4.0,
      8.0,
      3.0,
      24.0,
      39.0
    ],
    [
      14.0,
      1.0,
      701.0,
      77.0,
      49.0,
      71.0,
      39.0,
      31.0,
      16.0,
      1.0
    ],
    [
      3.0,
      2.0,
      34.0,
      692.0,
      9.0,
      199.0,
      19.0,
      32.0,
      5.0,
      5.0
    ],
    [
      8.0,
      1.0,
      40.0,
      91.0,
      654.0,
      96.0,
      23.0,
      79.0,
      8.0,
      0.0
    ],
    [
      1.0,
      0.0,
      17.0,
      111.0,
      7.0,
      826.0,
      7.0,
      29.0,
      2.0,
      0.0
    ],
    [
      4.0,
      3.0,
      22.0,
      91.0,
      15.0,
      37.0,
      815.0,
      9.0,
      2.0,
      2.0
    ],
    [
      4.0,
      0.0,
      15.0,
      28.0,
      5.0,
      44.0,
      0.0,
      900.0,
      2.0,
      2.0
    ],
    [
      12.0,
      6.0,
      11.0,
      9.0,
      1.0,
      6.0,
      1.0,
      4.0,
      938.0,
      12.0
    ],
    [
      14.0,
      51.0,
      3.0,
      22.0,
      0.0,
      2.0,
      2.0,
      13.0,
      32.0,
      861.0
    ]
  ],
  "classRecall": [
    0.6480000019073486,
    0.8899999856948853,
    0.7009999752044678,
    0.6919999718666077,
    0.6539999842643738,
    0.8259999752044678,
    0.8149999976158142,
    0.8999999761581421,
    0.9380000233650208,
    0.8610000014305115
  ],
  "classPrecision": [
    0.8975069522857666,
    0.9261186122894287,
    0.7340314388275146,
    0.5869380831718445,
    0.8708388805389404,
    0.6324655413627625,
    0.8839479684829712,
    0.800000011920929,
    0.8315602540969849,
    0.9053627848625183
  ],
  "classes": [
    "plane",
    "car",
    "bird",
    "cat",
    "deer",
    "dog",
    "frog",
    "horse",
    "ship",
    "truck"
  ]
}