{
  "name": "sample-drop-0",
  "metrics": {
    "train_loss": [
      0.17467599111428192,
      0.1306669830269582,
      0.1029484258540928,
      0.08949678564682532,
      0.07549297812028448
    ],
    "train_accuracy": [
      0.9504444444444444,
      0.9626851851851852,
      0.9707592592592592,
      0.9753703703703703,
      0.9788703703703704
    ],
    "val_loss": [
      0.17736849315623018,
      0.14112191290614454,
      0.11751223125673355,
      0.10797255145425493,
      0.09221969798524329
    ],
    "val_accuracy": [
      0.9481666666666667,
      0.959,
      0.9665,
      0.971,
      0.9748333333333333
    ]
  },
  "accuracy": 0.9728,
  "confusion": [
    [
      954.0,
      1.0,
      2.0,
      1.0,
      0.0,
      9.0,
      8.0,
      3.0,
      2.0,
      0.0
    ],
    [
      0.0,
      1128.0,
      2.0,
      0.0,
      0.0,
      1.0,
      3.0,
      0.0,
      1.0,
      0.0
    ],
    [
      3.0,
      0.0,
      1008.0,
      6.0,
      1.0,
      1.0,
      4.0,
      6.0,
      3.0,
      0.0
    ],
    [
      0.0,
      0.0,
      4.0,
      982.0,
      0.0,
      12.0,
      0.0,
      8.0,
      3.0,
      1.0
    ],
    [
      1.0,
      0.0,
      3.0,
      0.0,
      957.0,
      0.0,
      10.0,
      1.0,
      2.0,
      8.0
    ],
    [
      1.0,
      0.0,
      0.0,
      3.0,
      1.0,
      878.0,
      5.0,
      1.0,
      1.0,
      2.0
    ],
    [
      5.0,
      2.0,
      0.0,
      0.0,
      3.0,
      10.0,
      938.0,
      0.0,
      0.0,
      0.0
    ],
    [
      1.0,
      9.0,
      13.0,
      1.0,
      2.0,
      1.0,
      0.0,
      994.0,
      0.0,
      7.0
    ],
    [
      3.0,
      0.0,
      4.0,
      9.0,
      5.0,
      14.0,
      6.0,
      3.0,
      925.0,
      5.0
    ],
    [
      3.0,
      5.0,
      0.0,
      3.0,
      14.0,
      11.0,
      1.0,
      5.0,
      3.0,
      964.0
    ]
  ],
  "classRecall": [
    0.9734693765640259,
    0.9938325881958008,
    0.9767441749572754,
    0.9722772240638733,
    0.9745417237281799,
    0.9843049049377441,
    0.9791231751441956,
    0.966926097869873,
    0.9496920108795166,
    0.9554013609886169
  ],
  "classPrecision": [
    0.9824922680854797,
    0.9851528406143188,
    0.9729729890823364,
    0.9771144390106201,
    0.9735503792762756,
    0.9370330572128296,
    0.962051272392273,
    0.973555326461792,
    0.9840425252914429,
    0.9766970872879028
  ],
  "classes": [
    0,
    1,
    2,
    3,
    4,
    5,
    6,
    7,
    8,
    9
  ]
}