{
  "name": "sample-drop-0",
  "metrics": {
    "train_loss": [
      0.1808296967633245,
      0.11441343268865092,
      0.08975295682759929,
      0.08629530011036243,
      0.06750921848322755
    ],
    "train_accuracy": [
      0.9472037037037037,
      0.9683333333333334,
      0.9733518518518518,
      0.9752592592592593,
      0.9799629629629629
    ],
    "val_loss": [
      0.18100540435060541,
      0.12793427404571087,
      0.10772742743187762,
      0.11107475968434456,
      0.09375828789903763
    ],
    "val_accuracy": [
      0.944,
      0.9643333333333334,
      0.9681666666666666,
      0.9706666666666667,
      0.972
    ]
  },
  "accuracy": 0.971,
  "confusion": [
    [
      962.0,
      1.0,
      1.0,
      1.0,
      0.0,
      2.0,
      7.0,
      1.0,
      5.0,
      0.0
    ],
    [
      0.0,
      1125.0,
      2.0,
      4.0,
      0.0,
      1.0,
      2.0,
      0.0,
      1.0,
      0.0
    ],
    [
      5.0,
      1.0,
      1008.0,
      7.0,
      1.0,
      0.0,
      0.0,
      6.0,
      4.0,
      0.0
    ],
    [
      1.0,
      0.0,
      1.0,
      996.0,
      0.0,
      1.0,
      0.0,
      5.0,
      2.0,
      4.0
    ],
    [
      2.0,
      1.0,
      3.0,
      0.0,
      952.0,
      0.0,
      4.0,
      1.0,
      1.0,
      18.0
    ],
    [
      3.0,
      0.0,
      0.0,
      26.0,
      1.0,
      850.0,
      5.0,
      1.0,
      3.0,
      3.0
    ],
    [
      7.0,
      3.0,
      0.0,
      2.0,
      6.0,
      4.0,
      932.0,
      0.0,
      4.0,
      0.0
    ],
    [
      1.0,
      15.0,
      11.0,
      4.0,
      0.0,
      1.0,
      0.0,
      986.0,
      1.0,
      9.0
    ],
    [
      5.0,
      2.0,
      2.0,
      14.0,
      6.0,
      8.0,
      2.0,
      3.0,
      926.0,
      6.0
    ],
    [
      5.0,
      4.0,
      1.0,
      8.0,
      10.0,
      0.0,
      1.0,
      6.0,
      1.0,
      973.0
    ]
  ],
  "classRecall": [
    0.981632649898529,
    0.9911894202232361,
    0.9767441749572754,
    0.986138641834259,
    0.9694501161575317,
    0.9529147744178772,
    0.9728600978851318,
    0.9591439962387085,
    0.9507187008857727,
    0.9643211364746094
  ],
  "classPrecision": [
    0.9707366228103638,
    0.9765625,
    0.9795918464660645,
    0.9378530979156494,
    0.9754098653793335,
    0.9803921580314636,
    0.9779643416404724,
    0.9772051572799683,
    0.9767932295799255,
    0.9605133533477783
  ],
  "classes": [
    0,
    1,
    2,
    3,
    4,
    5,
    6,
    7,
    8,
    9
  ]
}