{
  "name": "sample-drop-0",
  "metrics": {
    "train_loss": [
      0.1719222806694242,
      0.1098162388270147,
      0.09324123050081787,
      0.07763950270710963,
      0.06818648145459062
    ],
    "train_accuracy": [
      0.9505925925925925,
      0.9680555555555556,
      0.9736481481481482,
      0.9777592592592592,
      0.9806851851851852
    ],
    "val_loss": [
      0.17615440472009333,
      0.12099141928743809,
      0.112577820791209,
      0.101420032296409,
      0.08980901969319328
    ],
    "val_accuracy": [
      0.9486666666666667,
      0.9651666666666666,
      0.9681666666666666,
      0.9696666666666667,
      0.9745
    ]
  },
  "accuracy": 0.972,
  "confusion": [
    [
      960.0,
      0.0,
      3.0,
      1.0,
      1.0,
      3.0,
      7.0,
      2.0,
      2.0,
      1.0
    ],
    [
      0.0,
      1121.0,
      3.0,
      3.0,
      0.0,
      0.0,
      2.0,
      0.0,
      6.0,
      0.0
    ],
    [
      4.0,
      0.0,
      1012.0,
      2.0,
      0.0,
      0.0,
      2.0,
      9.0,
      3.0,
      0.0
    ],
    [
      0.0,
      0.0,
      4.0,
      987.0,
      0.0,
      0.0,
      0.0,
      10.0,
      6.0,
      3.0
    ],
    [
      1.0,
      0.0,
      1.0,
      0.0,
      960.0,
      0.0,
      5.0,
      1.0,
      1.0,
      13.0
    ],
    [
      4.0,
      0.0,
      0.0,
      20.0,
      1.0,
      846.0,
      8.0,
      2.0,
      7.0,
      4.0
    ],
    [
      4.0,
      2.0,
      0.0,
      1.0,
      8.0,
      1.0,
      938.0,
      0.0,
      4.0,
      0.0
    ],
    [
      1.0,
      4.0,
      11.0,
      3.0,
      2.0,
      0.0,
      0.0,
      1002.0,
      0.0,
      5.0
    ],
    [
      5.0,
      0.0,
      2.0,
      8.0,
      6.0,
      2.0,
      6.0,
      5.0,
      931.0,
      9.0
    ],
    [
      3.0,
      5.0,
      0.0,
      9.0,
      15.0,
      3.0,
      1.0,
      9.0,
      1.0,
      963.0
    ]
  ],
  "classRecall": [
    0.9795918464660645,
    0.9876651763916016,
    0.9806201457977295,
    0.9772277474403381,
    0.9775967597961426,
    0.9484304785728455,
    0.9791231751441956,
    0.9747081995010376,
    0.9558521509170532,
    0.9544103145599365
  ],
  "classPrecision": [
    0.9775967597961426,
    0.9902827143669128,
    0.9768339991569519,
    0.9545454382896423,
    0.9667673707008362,
    0.9894737005233765,
    0.968008279800415,
    0.9634615182876587,
    0.9687825441360474,
    0.9649298787117004
  ],
  "classes": [
    0,
    1,
    2,
    3,
    4,
    5,
    6,
    7,
    8,
    9
  ]
}