{
  "name": "row",
  "metrics": {
    "train_loss": [
      1.5992238247259096,
      1.1611647070808844,
      0.9938218871300871,
      0.7887110330841758,
      0.6746464810249481,
      0.5596261509609494,
      0.5311906207352877,
      0.4044916413047097,
      0.33417410496622324,
      0.32970759010111744,
      0.3016670219261538,
      0.21782962486825205
    ],
    "train_accuracy": [
      0.4593111111111111,
      0.6005555555555555,
      0.6530888888888889,
      0.7332,
      0.7730888888888889,
      0.8117555555555556,
      0.8233777777777778,
      0.8682666666666666,
      0.8908666666666667,
      0.8955777777777778,
      0.9015333333333333,
      0.9306444444444445
    ],
    "val_loss": [
      1.6038424909114837,
      1.181101420521736,
      1.0398640543222428,
      0.8547977015376091,
      0.7741014361381531,
      0.7035248801112175,
      0.7118259459733963,
      0.6374119251966477,
      0.625117377191782,
      0.6291250512003899,
      0.7248671278357506,
      0.5993116922676563
    ],
    "val_accuracy": [
      0.4644,
      0.5932,
      0.6312,
      0.7092,
      0.7338,
      0.7542,
      0.756,
      0.7848,
      0.794,
      0.796,
      0.7996,
      0.8202
    ]
  },
  "accuracy": 0.8115,
  "confusion": [
    [
      665.0,
      27.0,
      90.0,
      29.0,
      20.0,
      6.0,
      11.0,
      24.0,
      101.0,
      27.0
    ],
    [
      4.0,
      939.0,
      3.0,
      1.0,
      2.0,
      1.0,
      6.0,
      2.0,
      12.0,
      30.0
    ],
    [
      32.0,
      5.0,
      774.0,
      22.0,
      38.0,
      28.0,
      62.0,
      31.0,
      4.0,
      4.0
    ],
    [
      7.0,
      7.0,
      61.0,
      601.0,
      44.0,
      124.0,
      84.0,
      51.0,
      14.0,
      7.0
    ],
    [
      11.0,
      2.0,
      42.0,
      25.0,
      799.0,
      25.0,
      35.0,
      58.0,
      3.0,
      0.0
    ],
    [
      1.0,
      5.0,
      36.0,
      87.0,
      23.0,
      734.0,
      38.0,
      71.0,
      4.0,
      1.0
    ],
    [
      2.0,
      2.0,
      20.0,
      19.0,
      18.0,
      6.0,
      917.0,
      11.0,
      3.0,
      2.0
    ],
    [
      8.0,
      4.0,
      12.0,
      19.0,
      25.0,
      17.0,
      5.0,
      907.0,
      1.0,
      2.0
    ],
    [
      23.0,
      19.0,
      19.0,
      6.0,
      2.0,
      1.0,
      6.0,
      4.0,
      904.0,
      16.0
    ],
    [
      10.0,
      56.0,
      2.0,
      8.0,
      1.0,
      0.0,
      11.0,
      14.0,
      23.0,
      875.0
    ]
  ],
  "classRecall": [
    0.6650000214576721,
    0.9390000104904175,
    0.7739999890327454,
    0.6010000109672546,
    0.7990000247955322,
    0.734000027179718,
    0.9169999957084656,
    0.9070000052452087,
    0.9039999842643738,
    0.875
  ],
  "classPrecision": [
    0.8715596199035645,
    0.8808630108833313,
    0.7308781743049622,
    0.7356181144714355,
    0.8220164775848389,
    0.7791932225227356,
    0.7804255485534668,
    0.773231029510498,
    0.8456501364707947,
    0.9076763391494751
  ],
  "classes": [
    "plane",
    "car",
    "bird",
    "cat",
    "deer",
    "dog",
    "frog",
    "horse",
    "ship",
    "truck"
  ]
}