{
  "name": "sample-drop-0",
  "metrics": {
    "train_loss": [
      0.17086814305970172,
      0.11491478857765265,
      0.09247181786144797,
      0.07577921684072199,
      0.06899364123571117
    ],
    "train_accuracy": [
      0.950962962962963,
      0.9678518518518519,
      0.9725555555555555,
      0.9778148148148148,
      0.9799444444444444
    ],
    "val_loss": [
      0.17526658323216945,
      0.12791456646741706,
      0.10676670312247377,
      0.09633944659157002,
      0.09033603054728914
    ],
    "val_accuracy": [
      0.9478333333333333,
      0.9638333333333333,
      0.9698333333333333,
      0.973,
      0.9751666666666666
    ]
  },
  "accuracy": 0.9732,
  "confusion": [
    [
      966.0,
      1.0,
      1.0,
      1.0,
      0.0,
      2.0,
      4.0,
      4.0,
      1.0,
      0.0
    ],
    [
      0.0,
      1119.0,
      6.0,
      2.0,
      0.0,
      1.0,
      1.0,
      1.0,
      5.0,
      0.0
    ],
    [
      4.0,
      0.0,
      1019.0,
      2.0,
      1.0,
      0.0,
      0.0,
      5.0,
      1.0,
      0.0
    ],
    [
      0.0,
      0.0,
      7.0,
      985.0,
      0.0,
      9.0,
      1.0,
      5.0,
      3.0,
      0.0
    ],
    [
      1.0,
      0.0,
      6.0,
      0.0,
      962.0,
      0.0,
      3.0,
      2.0,
      2.0,
      6.0
    ],
    [
      4.0,
      1.0,
      0.0,
      9.0,
      2.0,
      863.0,
      5.0,
      3.0,
      4.0,
      1.0
    ],
    [
      9.0,
      3.0,
      0.0,
      0.0,
      5.0,
      4.0,
      933.0,
      0.0,
      4.0,
      0.0
    ],
    [
      3.0,
      6.0,
      15.0,
      2.0,
      0.0,
      0.0,
      0.0,
      998.0,
      1.0,
      3.0
    ],
    [
      5.0,
      1.0,
      4.0,
      6.0,
      4.0,
      9.0,
      3.0,
      4.0,
      935.0,
      3.0
    ],
    [
      5.0,
      4.0,
      0.0,
      11.0,
      14.0,
      9.0,
      0.0,
      12.0,
      2.0,
      952.0
    ]
  ],
  "classRecall": [
    0.9857142567634583,
    0.9859030842781067,
    0.9874030947685242,
    0.9752475023269653,
    0.9796333909034729,
    0.9674887657165527,
    0.9739039540290833,
    0.9708171486854553,
    0.9599589109420776,
    0.9435084462165833
  ],
  "classPrecision": [
    0.9689067006111145,
    0.9859030842781067,
    0.9631379842758179,
    0.9675834774971008,
    0.9736841917037964,
    0.9620958566665649,
    0.9821052551269531,
    0.9651837348937988,
    0.9759916663169861,
    0.9865285158157349
  ],
  "classes": [
    0,
    1,
    2,
    3,
    4,
    5,
    6,
    7,
    8,
    9
  ]
}