{
  "name": "row",
  "metrics": {
    "train_loss": [
      1.4410799203271216,
      1.078493249009956,
      0.8152796475386078,
      0.6933834716169671,
      0.5301934289322658,
      0.47851713382723654,
      0.4035993776792152,
      0.3794763318093663,
      0.3322108023461293,
      0.2615236598490314,
      0.21152631286531687,
      0.15118060521358115
    ],
    "train_accuracy": [
      0.47084444444444445,
      0.6055111111111111,
      0.7131777777777778,
      0.7587333333333334,
      0.8219111111111111,
      0.8353333333333334,
      0.8671555555555556,
      0.8758222222222222,
      0.8880888888888889,
      0.9131111111111111,
      0.9308,
      0.9506444444444444
    ],
    "val_loss": [
      1.4682408213615417,
      1.1200579300522804,
      0.8764164805412292,
      0.7773437395691871,
      0.6517424017190934,
      0.6308860138058663,
      0.6001865714788437,
      0.6417700529098511,
      0.6697492025792599,
      0.5783809661865235,
      0.6060562238097191,
      0.6114510022103786
    ],
    "val_accuracy": [
      0.469,
      0.5924,
      0.6828,
      0.7228,
      0.771,
      0.7824,
      0.7936,
      0.793,
      0.7894,
      0.8088,
      0.8136,
      0.8274
    ]
  },
  "accuracy": 0.8211,
  "confusion": [
    [
      798.0,
      12.0,
      60.0,
      30.0,
      12.0,
      3.0,
      1.0,
      6.0,
      47.0,
      31.0
    ],
    [
      7.0,
      926.0,
      1.0,
      7.0,
      0.0,
      0.0,
      3.0,
      0.0,
      6.0,
      50.0
    ],
    [
      45.0,
      0.0,
      731.0,
      36.0,
      59.0,
      54.0,
      42.0,
      18.0,
      6.0,
      9.0
    ],
    [
      18.0,
      7.0,
      40.0,
      663.0,
      47.0,
      163.0,
      25.0,
      17.0,
      8.0,
      12.0
    ],
    [
      7.0,
      0.0,
      34.0,
      48.0,
      847.0,
      25.0,
      11.0,
      22.0,
      3.0,
      3.0
    ],
    [
      6.0,
      1.0,
      21.0,
      83.0,
      38.0,
      809.0,
      8.0,
      22.0,
      3.0,
      9.0
    ],
    [
      7.0,
      4.0,
      30.0,
      53.0,
      32.0,
      24.0,
      838.0,
      3.0,
      5.0,
      4.0
    ],
    [
      10.0,
      1.0,
      13.0,
      26.0,
      75.0,
      42.0,
      1.0,
      820.0,
      3.0,
      9.0
    ],
    [
      60.0,
      20.0,
      8.0,
      11.0,
      2.0,
      2.0,
      5.0,
      0.0,
      872.0,
      20.0
    ],
    [
      15.0,
      36.0,
      3.0,
      5.0,
      2.0,
      3.0,
      4.0,
      4.0,
      21.0,
      907.0
    ]
  ],
  "classRecall": [
    0.7979999780654907,
    0.9259999990463257,
    0.7310000061988831,
    0.6629999876022339,
    0.847000002861023,
    0.8090000152587891,
    0.8379999995231628,
    0.8199999928474426,
    0.871999979019165,
    0.9070000052452087
  ],
  "classPrecision": [
    0.8201438784599304,
    0.9195630550384521,
    0.776833176612854,
    0.6891891956329346,
    0.760323166847229,
    0.7191110849380493,
    0.8933901786804199,
    0.8991228342056274,
    0.895277202129364,
    0.8605313301086426
  ],
  "classes": [
    "plane",
    "car",
    "bird",
    "cat",
    "deer",
    "dog",
    "frog",
    "horse",
    "ship",
    "truck"
  ]
}