{
  "name": "sample-drop-0",
  "metrics": {
    "train_loss": [
      0.18377739187524217,
      0.12588285775722768,
      0.09018589164046527,
      0.0895516781745505,
      0.06896658671216518
    ],
    "train_accuracy": [
      0.9486481481481481,
      0.9642962962962963,
      0.9739074074074074,
      0.9737592592592592,
      0.9792962962962963
    ],
    "val_loss": [
      0.18485705300848534,
      0.1343865413615044,
      0.10286620108688131,
      0.11177807336950556,
      0.08972429908177953
    ],
    "val_accuracy": [
      0.9465,
      0.9611666666666666,
      0.97,
      0.9653333333333334,
      0.9751666666666666
    ]
  },
  "accuracy": 0.9735,
  "confusion": [
    [
      958.0,
      0.0,
      2.0,
      0.0,
      0.0,
      4.0,
      11.0,
      2.0,
      2.0,
      1.0
    ],
    [
      0.0,
      1120.0,
      4.0,
      2.0,
      0.0,
      1.0,
      4.0,
      1.0,
      3.0,
      0.0
    ],
    [
      7.0,
      0.0,
      1011.0,
      0.0,
      5.0,
      0.0,
      0.0,
      8.0,
      1.0,
      0.0
    ],
    [
      1.0,
      0.0,
      8.0,
      981.0,
      0.0,
      5.0,
      0.0,
      7.0,
      3.0,
      5.0
    ],
    [
      2.0,
      0.0,
      3.0,
      0.0,
      961.0,
      0.0,
      6.0,
      1.0,
      0.0,
      9.0
    ],
    [
      4.0,
      0.0,
      0.0,
      6.0,
      2.0,
      865.0,
      6.0,
      2.0,
      4.0,
      3.0
    ],
    [
      5.0,
      2.0,
      0.0,
      0.0,
      3.0,
      4.0,
      942.0,
      0.0,
      2.0,
      0.0
    ],
    [
      1.0,
      2.0,
      11.0,
      2.0,
      1.0,
      0.0,
      0.0,
      1005.0,
      0.0,
      6.0
    ],
    [
      4.0,
      1.0,
      2.0,
      9.0,
      4.0,
      5.0,
      6.0,
      5.0,
      931.0,
      7.0
    ],
    [
      3.0,
      4.0,
      0.0,
      6.0,
      13.0,
      6.0,
      2.0,
      12.0,
      2.0,
      961.0
    ]
  ],
  "classRecall": [
    0.9775510430335999,
    0.9867841601371765,
    0.979651153087616,
    0.9712871313095093,
    0.9786150455474854,
    0.9697309136390686,
    0.9832985401153564,
    0.9776264429092407,
    0.9558521509170532,
    0.9524281620979309
  ],
  "classPrecision": [
    0.972588837146759,
    0.9920283555984497,
    0.9711815714836121,
    0.9751490950584412,
    0.9716885685920715,
    0.9719101190567017,
    0.9641760587692261,
    0.9635666608810425,
    0.9820675253868103,
    0.96875
  ],
  "classes": [
    0,
    1,
    2,
    3,
    4,
    5,
    6,
    7,
    8,
    9
  ]
}