{
  "name": "row",
  "metrics": {
    "train_loss": [
      1.473313120617108,
      1.0391585097055545,
      0.8134196106005799,
      0.6662659995596517,
      0.5081947015767748,
      0.4308965008875186,
      0.3636092461052943,
      0.31942690223116765,
      0.28010367758741433,
      0.26714466452937236,
      0.20497755270281975,
      0.16976218158379197
    ],
    "train_accuracy": [
      0.4512888888888889,
      0.6222444444444445,
      0.7200888888888889,
      0.7642666666666666,
      0.8249333333333333,
      0.8545555555555555,
      0.8782888888888889,
      0.8896888888888889,
      0.9014444444444445,
      0.9087777777777778,
      0.9296444444444445,
      0.9418444444444445
    ],
    "val_loss": [
      1.4808931678533555,
      1.0538996413350106,
      0.8489202782511711,
      0.7559062004089355,
      0.5974558047950268,
      0.583658193051815,
      0.5477358594536781,
      0.5613520234823227,
      0.5811539143323898,
      0.6109146527945996,
      0.5590983591973782,
      0.6586933486163616
    ],
    "val_accuracy": [
      0.4536,
      0.6086,
      0.696,
      0.727,
      0.7908,
      0.8032,
      0.8116,
      0.8104,
      0.8122,
      0.8082,
      0.822,
      0.8264
    ]
  },
  "accuracy": 0.8145,
  "confusion": [
    [
      735.0,
      7.0,
      33.0,
      25.0,
      21.0,
      3.0,
      5.0,
      6.0,
      138.0,
      27.0
    ],
    [
      9.0,
      902.0,
      3.0,
      1.0,
      0.0,
      1.0,
      5.0,
      0.0,
      26.0,
      53.0
    ],
    [
      49.0,
      3.0,
      750.0,
      49.0,
      63.0,
      19.0,
      35.0,
      11.0,
      19.0,
      2.0
    ],
    [
      15.0,
      4.0,
      49.0,
      755.0,
      54.0,
      55.0,
      31.0,
      10.0,
      18.0,
      9.0
    ],
    [
      10.0,
      1.0,
      44.0,
      44.0,
      851.0,
      8.0,
      9.0,
      25.0,
      7.0,
      1.0
    ],
    [
      10.0,
      2.0,
      40.0,
      191.0,
      43.0,
      680.0,
      10.0,
      17.0,
      5.0,
      2.0
    ],
    [
      6.0,
      3.0,
      39.0,
      85.0,
      46.0,
      2.0,
      801.0,
      3.0,
      12.0,
      3.0
    ],
    [
      13.0,
      1.0,
      41.0,
      37.0,
      55.0,
      24.0,
      1.0,
      821.0,
      2.0,
      5.0
    ],
    [
      22.0,
      10.0,
      5.0,
      4.0,
      3.0,
      1.0,
      2.0,
      1.0,
      940.0,
      12.0
    ],
    [
      12.0,
      32.0,
      7.0,
      7.0,
      1.0,
      0.0,
      7.0,
      1.0,
      23.0,
      910.0
    ]
  ],
  "classRecall": [
    0.7350000143051147,
    0.9020000100135803,
    0.75,
    0.7549999952316284,
    0.8510000109672546,
    0.6800000071525574,
    0.8009999990463257,
    0.8209999799728394,
    0.9399999976158142,
    0.9100000262260437
  ],
  "classPrecision": [
    0.8342792391777039,
    0.9347150325775146,
    0.7418397665023804,
    0.6302170157432556,
    0.7484608888626099,
    0.8575031757354736,
    0.8841059803962708,
    0.9173184633255005,
    0.7899159789085388,
    0.888671875
  ],
  "classes": [
    "plane",
    "car",
    "bird",
    "cat",
    "deer",
    "dog",
    "frog",
    "horse",
    "ship",
    "truck"
  ]
}