{
  "name": "sample-drop-0",
  "metrics": {
    "train_loss": [
      0.1740862345278828,
      0.11127567323922263,
      0.08931934631372232,
      0.07534461618308419,
      0.06813706696183548
    ],
    "train_accuracy": [
      0.9493333333333334,
      0.9671111111111111,
      0.9742592592592593,
      0.9783518518518518,
      0.9802037037037037
    ],
    "val_loss": [
      0.17468359384765017,
      0.12098152238003751,
      0.10313535208239201,
      0.0937121820021817,
      0.0894848099176554
    ],
    "val_accuracy": [
      0.9478333333333333,
      0.964,
      0.9703333333333334,
      0.9726666666666667,
      0.9741666666666666
    ]
  },
  "accuracy": 0.9747,
  "confusion": [
    [
      961.0,
      1.0,
      1.0,
      0.0,
      0.0,
      1.0,
      7.0,
      3.0,
      5.0,
      1.0
    ],
    [
      0.0,
      1121.0,
      3.0,
      2.0,
      0.0,
      1.0,
      2.0,
      1.0,
      5.0,
      0.0
    ],
    [
      4.0,
      1.0,
      1009.0,
      1.0,
      4.0,
      0.0,
      2.0,
      8.0,
      2.0,
      1.0
    ],
    [
      1.0,
      0.0,
      4.0,
      982.0,
      0.0,
      4.0,
      0.0,
      10.0,
      8.0,
      1.0
    ],
    [
      2.0,
      0.0,
      1.0,
      0.0,
      945.0,
      0.0,
      4.0,
      1.0,
      1.0,
      28.0
    ],
    [
      3.0,
      1.0,
      0.0,
      6.0,
      1.0,
      866.0,
      5.0,
      1.0,
      5.0,
      4.0
    ],
    [
      4.0,
      3.0,
      0.0,
      0.0,
      6.0,
      3.0,
      937.0,
      0.0,
      5.0,
      0.0
    ],
    [
      1.0,
      3.0,
      8.0,
      1.0,
      0.0,
      0.0,
      0.0,
      1008.0,
      0.0,
      7.0
    ],
    [
      4.0,
      1.0,
      3.0,
      5.0,
      5.0,
      2.0,
      3.0,
      5.0,
      942.0,
      4.0
    ],
    [
      6.0,
      2.0,
      0.0,
      5.0,
      9.0,
      0.0,
      0.0,
      8.0,
      3.0,
      976.0
    ]
  ],
  "classRecall": [
    0.9806122183799744,
    0.9876651763916016,
    0.9777131676673889,
    0.9722772240638733,
    0.9623218178749084,
    0.9708520174026489,
    0.9780793190002441,
    0.9805447459220886,
    0.9671458005905151,
    0.9672943353652954
  ],
  "classPrecision": [
    0.9746450185775757,
    0.9894086718559265,
    0.9805636405944824,
    0.9800398945808411,
    0.9742268323898315,
    0.9874572157859802,
    0.9760416746139526,
    0.9645932912826538,
    0.9651639461517334,
    0.9549902081489563
  ],
  "classes": [
    0,
    1,
    2,
    3,
    4,
    5,
    6,
    7,
    8,
    9
  ]
}