{
  "name": "row",
  "metrics": {
    "train_loss": [
      1.3926781385459683,
      1.063959407366135,
      0.7313589860939167,
      0.6123857134953141,
      0.5387327078391205,
      0.45240276035937393,
      0.40562155368653213,
      0.30197360269217327,
      0.2533962039107626,
      0.22138974330896002,
      0.17009396213953468,
      0.17533564476550303
    ],
    "train_accuracy": [
      0.5047555555555555,
      0.6161333333333333,
      0.7465111111111111,
      0.7868888888888889,
      0.8129777777777778,
      0.8440888888888889,
      0.8631777777777778,
      0.8968,
      0.9141333333333334,
      0.9284888888888889,
      0.9464444444444444,
      0.9421111111111111
    ],
    "val_loss": [
      1.4059076309204102,
      1.096661888062954,
      0.7696636870503426,
      0.7207260720431805,
      0.6577729949727654,
      0.626512186974287,
      0.5876375906169414,
      0.5523221051320434,
      0.5689567290246487,
      0.5637290980666876,
      0.5386850152164697,
      0.6052941158413887
    ],
    "val_accuracy": [
      0.504,
      0.6094,
      0.734,
      0.7504,
      0.7578,
      0.7894,
      0.791,
      0.8148,
      0.8194,
      0.8156,
      0.8342,
      0.815
    ]
  },
  "accuracy": 0.8118,
  "confusion": [
    [
      790.0,
      5.0,
      73.0,
      31.0,
      8.0,
      1.0,
      2.0,
      5.0,
      67.0,
      18.0
    ],
    [
      6.0,
      926.0,
      4.0,
      10.0,
      2.0,
      3.0,
      2.0,
      2.0,
      17.0,
      28.0
    ],
    [
      41.0,
      5.0,
      760.0,
      50.0,
      29.0,
      70.0,
      15.0,
      25.0,
      4.0,
      1.0
    ],
    [
      16.0,
      3.0,
      36.0,
      677.0,
      20.0,
      193.0,
      20.0,
      22.0,
      7.0,
      6.0
    ],
    [
      15.0,
      1.0,
      66.0,
      88.0,
      713.0,
      51.0,
      10.0,
      52.0,
      4.0,
      0.0
    ],
    [
      2.0,
      1.0,
      17.0,
      72.0,
      22.0,
      850.0,
      2.0,
      30.0,
      1.0,
      3.0
    ],
    [
      7.0,
      5.0,
      40.0,
      78.0,
      19.0,
      51.0,
      787.0,
      9.0,
      3.0,
      1.0
    ],
    [
      17.0,
      0.0,
      18.0,
      29.0,
      17.0,
      65.0,
      0.0,
      849.0,
      1.0,
      4.0
    ],
    [
      38.0,
      15.0,
      10.0,
      14.0,
      3.0,
      2.0,
      2.0,
      4.0,
      897.0,
      15.0
    ],
    [
      29.0,
      62.0,
      5.0,
      11.0,
      0.0,
      2.0,
      0.0,
      5.0,
      17.0,
      869.0
    ]
  ],
  "classRecall": [
    0.7900000214576721,
    0.9259999990463257,
    0.7599999904632568,
    0.6769999861717224,
    0.7129999995231628,
    0.8500000238418579,
    0.7870000004768372,
    0.8489999771118164,
    0.8970000147819519,
    0.8690000176429749
  ],
  "classPrecision": [
    0.8220603466033936,
    0.905180811882019,
    0.738581120967865,
    0.6386792659759521,
    0.8559423685073853,
    0.659937858581543,
    0.936904788017273,
    0.8464606404304504,
    0.8811395168304443,
    0.9195767045021057
  ],
  "classes": [
    "plane",
    "car",
    "bird",
    "cat",
    "deer",
    "dog",
    "frog",
    "horse",
    "ship",
    "truck"
  ]
}