{
  "name": "row",
  "metrics": {
    "train_loss": [
      1.4675326452336528,
      1.163834793662483,
      0.8996708586134694,
      0.7529319355433638,
      0.5844838526946577,
      0.4987040554935282,
      0.44741370757533744,
      0.4215658726170659,
      0.35636917188424955,
      0.2910778660919856,
      0.2441405421546237,
      0.24671598176725887
    ],
    "train_accuracy": [
      0.4667777777777778,
      0.5739777777777778,
      0.6911111111111111,
      0.7462444444444445,
      0.8017555555555556,
      0.8306,
      0.8501111111111112,
      0.8594444444444445,
      0.8836,
      0.9038666666666667,
      0.9234444444444444,
      0.9201777777777778
    ],
    "val_loss": [
      1.4608077555894852,
      1.1568268314003944,
      0.9379882365465164,
      0.8186447769403458,
      0.681848020106554,
      0.6335147865116596,
      0.6352555632591248,
      0.658463791012764,
      0.6748414933681488,
      0.6085552111268043,
      0.624947446025908,
      0.6522891756147147
    ],
    "val_accuracy": [
      0.4674,
      0.573,
      0.6792,
      0.7166,
      0.7594,
      0.7766,
      0.7836,
      0.7822,
      0.7928,
      0.802,
      0.8082,
      0.802
    ]
  },
  "accuracy": 0.7979,
  "confusion": [
    [
      527.0,
      24.0,
      199.0,
      41.0,
      42.0,
      7.0,
      6.0,
      19.0,
      98.0,
      37.0
    ],
    [
      4.0,
      947.0,
      8.0,
      6.0,
      1.0,
      2.0,
      6.0,
      4.0,
      7.0,
      15.0
    ],
    [
      11.0,
      0.0,
      841.0,
      31.0,
      44.0,
      29.0,
      25.0,
      13.0,
      4.0,
      2.0
    ],
    [
      3.0,
      2.0,
      81.0,
      661.0,
      49.0,
      117.0,
      35.0,
      37.0,
      8.0,
      7.0
    ],
    [
      2.0,
      0.0,
      51.0,
      28.0,
      831.0,
      33.0,
      15.0,
      35.0,
      3.0,
      2.0
    ],
    [
      2.0,
      1.0,
      61.0,
      99.0,
      27.0,
      754.0,
      10.0,
      39.0,
      5.0,
      2.0
    ],
    [
      2.0,
      1.0,
      64.0,
      38.0,
      27.0,
      15.0,
      845.0,
      5.0,
      2.0,
      1.0
    ],
    [
      5.0,
      0.0,
      45.0,
      16.0,
      44.0,
      34.0,
      1.0,
      851.0,
      0.0,
      4.0
    ],
    [
      18.0,
      34.0,
      27.0,
      13.0,
      4.0,
      4.0,
      5.0,
      7.0,
      870.0,
      18.0
    ],
    [
      4.0,
      97.0,
      17.0,
      4.0,
      3.0,
      3.0,
      5.0,
      8.0,
      7.0,
      852.0
    ]
  ],
  "classRecall": [
    0.5270000100135803,
    0.9470000267028809,
    0.8410000205039978,
    0.6610000133514404,
    0.8309999704360962,
    0.7540000081062317,
    0.8450000286102295,
    0.8510000109672546,
    0.8700000047683716,
    0.8519999980926514
  ],
  "classPrecision": [
    0.9117646813392639,
    0.8562387228012085,
    0.6032998561859131,
    0.7054429054260254,
    0.7751865386962891,
    0.7555110454559326,
    0.8866736888885498,
    0.835952877998352,
    0.8665338754653931,
    0.9063829779624939
  ],
  "classes": [
    "plane",
    "car",
    "bird",
    "cat",
    "deer",
    "dog",
    "frog",
    "horse",
    "ship",
    "truck"
  ]
}