{
  "name": "sample-drop-0",
  "metrics": {
    "train_loss": [
      0.16201721958957294,
      0.10752999929984881,
      0.0840316605864543,
      0.07089512347424694,
      0.06631022668995351
    ],
    "train_accuracy": [
      0.9538703703703704,
      0.9692777777777778,
      0.9753148148148149,
      0.9791296296296297,
      0.9809074074074075
    ],
    "val_loss": [
      0.16907976884791193,
      0.12004091788796668,
      0.10169350956269402,
      0.0909047765617675,
      0.08555819874906793
    ],
    "val_accuracy": [
      0.947,
      0.9661666666666666,
      0.969,
      0.9746666666666667,
      0.9746666666666667
    ]
  },
  "accuracy": 0.9727,
  "confusion": [
    [
      968.0,
      0.0,
      0.0,
      2.0,
      0.0,
      3.0,
      4.0,
      1.0,
      1.0,
      1.0
    ],
    [
      0.0,
      1127.0,
      3.0,
      1.0,
      0.0,
      1.0,
      2.0,
      0.0,
      1.0,
      0.0
    ],
    [
      7.0,
      1.0,
      1005.0,
      2.0,
      4.0,
      0.0,
      4.0,
      7.0,
      2.0,
      0.0
    ],
    [
      0.0,
      0.0,
      3.0,
      994.0,
      0.0,
      2.0,
      0.0,
      6.0,
      4.0,
      1.0
    ],
    [
      2.0,
      1.0,
      1.0,
      0.0,
      961.0,
      0.0,
      7.0,
      1.0,
      2.0,
      7.0
    ],
    [
      5.0,
      0.0,
      0.0,
      11.0,
      2.0,
      859.0,
      6.0,
      3.0,
      3.0,
      3.0
    ],
    [
      8.0,
      3.0,
      0.0,
      0.0,
      4.0,
      6.0,
      933.0,
      0.0,
      4.0,
      0.0
    ],
    [
      2.0,
      12.0,
      11.0,
      3.0,
      2.0,
      0.0,
      0.0,
      988.0,
      3.0,
      7.0
    ],
    [
      6.0,
      1.0,
      1.0,
      12.0,
      5.0,
      5.0,
      3.0,
      4.0,
      934.0,
      3.0
    ],
    [
      4.0,
      6.0,
      0.0,
      6.0,
      21.0,
      2.0,
      1.0,
      6.0,
      5.0,
      958.0
    ]
  ],
  "classRecall": [
    0.9877551198005676,
    0.992951512336731,
    0.9738371968269348,
    0.9841583967208862,
    0.9786150455474854,
    0.963004469871521,
    0.9739039540290833,
    0.9610894918441772,
    0.9589322209358215,
    0.9494549036026001
  ],
  "classPrecision": [
    0.9660678505897522,
    0.9791485667228699,
    0.9814453125,
    0.9641125202178955,
    0.9619619846343994,
    0.9783599376678467,
    0.971875011920929,
    0.9724409580230713,
    0.9739311933517456,
    0.9775510430335999
  ],
  "classes": [
    0,
    1,
    2,
    3,
    4,
    5,
    6,
    7,
    8,
    9
  ]
}