{
  "name": "sample-drop-0",
  "metrics": {
    "train_loss": [
      0.1789147202190347,
      0.11868705577106696,
      0.10032227965098281,
      0.08440868434015114,
      0.07470308189275918
    ],
    "train_accuracy": [
      0.9484074074074074,
      0.9668148148148148,
      0.9711111111111111,
      0.9757962962962963,
      0.9800740740740741
    ],
    "val_loss": [
      0.17999633084586325,
      0.13099177411579072,
      0.11534089167067345,
      0.10410887105984891,
      0.101473516447747
    ],
    "val_accuracy": [
      0.9475,
      0.9641666666666666,
      0.9656666666666667,
      0.971,
      0.9728333333333333
    ]
  },
  "accuracy": 0.9746,
  "confusion": [
    [
      961.0,
      1.0,
      4.0,
      0.0,
      0.0,
      1.0,
      7.0,
      1.0,
      5.0,
      0.0
    ],
    [
      0.0,
      1126.0,
      4.0,
      0.0,
      0.0,
      1.0,
      1.0,
      0.0,
      3.0,
      0.0
    ],
    [
      2.0,
      4.0,
      1012.0,
      3.0,
      1.0,
      0.0,
      1.0,
      7.0,
      2.0,
      0.0
    ],
    [
      0.0,
      0.0,
      3.0,
      995.0,
      0.0,
      3.0,
      0.0,
      5.0,
      4.0,
      0.0
    ],
    [
      2.0,
      2.0,
      5.0,
      0.0,
      947.0,
      0.0,
      8.0,
      3.0,
      1.0,
      14.0
    ],
    [
      4.0,
      1.0,
      0.0,
      9.0,
      1.0,
      863.0,
      6.0,
      0.0,
      5.0,
      3.0
    ],
    [
      3.0,
      3.0,
      1.0,
      1.0,
      4.0,
      5.0,
      936.0,
      0.0,
      5.0,
      0.0
    ],
    [
      4.0,
      6.0,
      11.0,
      2.0,
      0.0,
      0.0,
      0.0,
      1004.0,
      0.0,
      1.0
    ],
    [
      1.0,
      2.0,
      5.0,
      6.0,
      2.0,
      4.0,
      6.0,
      3.0,
      942.0,
      3.0
    ],
    [
      7.0,
      9.0,
      0.0,
      6.0,
      11.0,
      2.0,
      3.0,
      7.0,
      4.0,
      960.0
    ]
  ],
  "classRecall": [
    0.9806122183799744,
    0.9920704960823059,
    0.9806201457977295,
    0.9851484894752502,
    0.9643584489822388,
    0.9674887657165527,
    0.9770354628562927,
    0.9766536951065063,
    0.9671458005905151,
    0.9514370560646057
  ],
  "classPrecision": [
    0.9766260385513306,
    0.9757365584373474,
    0.9684210419654846,
    0.9735811948776245,
    0.9803312420845032,
    0.9817975163459778,
    0.9669421315193176,
    0.9747572541236877,
    0.970133900642395,
    0.9785932898521423
  ],
  "classes": [
    0,
    1,
    2,
    3,
    4,
    5,
    6,
    7,
    8,
    9
  ]
}