{
  "name": "sample-drop-0",
  "metrics": {
    "train_loss": [
      0.15981312763493208,
      0.12475929754428672,
      0.08328922445360588,
      0.07567033513727205,
      0.07222909271558173
    ],
    "train_accuracy": [
      0.9542222222222222,
      0.9642037037037037,
      0.9754814814814815,
      0.977574074074074,
      0.9791481481481481
    ],
    "val_loss": [
      0.16274887125225776,
      0.13478553945079763,
      0.09640453688483289,
      0.09091546770898586,
      0.09284879128508111
    ],
    "val_accuracy": [
      0.9525,
      0.9601666666666666,
      0.9723333333333334,
      0.9745,
      0.972
    ]
  },
  "accuracy": 0.974,
  "confusion": [
    [
      962.0,
      1.0,
      1.0,
      0.0,
      0.0,
      2.0,
      9.0,
      1.0,
      4.0,
      0.0
    ],
    [
      0.0,
      1124.0,
      3.0,
      0.0,
      0.0,
      1.0,
      2.0,
      0.0,
      5.0,
      0.0
    ],
    [
      3.0,
      6.0,
      991.0,
      5.0,
      6.0,
      0.0,
      7.0,
      10.0,
      4.0,
      0.0
    ],
    [
      0.0,
      0.0,
      2.0,
      995.0,
      0.0,
      2.0,
      0.0,
      8.0,
      3.0,
      0.0
    ],
    [
      2.0,
      1.0,
      1.0,
      0.0,
      960.0,
      0.0,
      5.0,
      1.0,
      2.0,
      10.0
    ],
    [
      2.0,
      1.0,
      0.0,
      17.0,
      1.0,
      855.0,
      8.0,
      1.0,
      4.0,
      3.0
    ],
    [
      3.0,
      2.0,
      0.0,
      0.0,
      5.0,
      1.0,
      945.0,
      0.0,
      2.0,
      0.0
    ],
    [
      1.0,
      12.0,
      7.0,
      2.0,
      1.0,
      0.0,
      0.0,
      1004.0,
      0.0,
      1.0
    ],
    [
      2.0,
      1.0,
      1.0,
      11.0,
      5.0,
      4.0,
      3.0,
      6.0,
      938.0,
      3.0
    ],
    [
      5.0,
      8.0,
      0.0,
      5.0,
      11.0,
      1.0,
      1.0,
      9.0,
      3.0,
      966.0
    ]
  ],
  "classRecall": [
    0.981632649898529,
    0.9903083443641663,
    0.9602712988853455,
    0.9851484894752502,
    0.9775967597961426,
    0.9585201740264893,
    0.9864300489425659,
    0.9766536951065063,
    0.9630390405654907,
    0.9573835730552673
  ],
  "classPrecision": [
    0.981632649898529,
    0.9723183512687683,
    0.9850894808769226,
    0.9613526463508606,
    0.9706774353981018,
    0.9872978925704956,
    0.9642857313156128,
    0.9653846025466919,
    0.9720207452774048,
    0.9827060103416443
  ],
  "classes": [
    0,
    1,
    2,
    3,
    4,
    5,
    6,
    7,
    8,
    9
  ]
}