{
  "name": "sample-drop-0",
  "metrics": {
    "train_loss": [
      0.17755733407433563,
      0.12626503246408222,
      0.09028644971461235,
      0.0802450218696977,
      0.0723408213198644
    ],
    "train_accuracy": [
      0.9485555555555556,
      0.9656851851851852,
      0.9739074074074074,
      0.9785,
      0.9797407407407407
    ],
    "val_loss": [
      0.18373216815451357,
      0.13956739230358856,
      0.1093270841668895,
      0.09750703492380203,
      0.09383021077101535
    ],
    "val_accuracy": [
      0.9461666666666667,
      0.9638333333333333,
      0.9683333333333334,
      0.9726666666666667,
      0.9728333333333333
    ]
  },
  "accuracy": 0.9706,
  "confusion": [
    [
      955.0,
      0.0,
      3.0,
      2.0,
      1.0,
      4.0,
      5.0,
      2.0,
      3.0,
      5.0
    ],
    [
      0.0,
      1117.0,
      4.0,
      3.0,
      0.0,
      1.0,
      2.0,
      0.0,
      8.0,
      0.0
    ],
    [
      4.0,
      0.0,
      1010.0,
      4.0,
      0.0,
      0.0,
      1.0,
      9.0,
      3.0,
      1.0
    ],
    [
      0.0,
      0.0,
      3.0,
      994.0,
      0.0,
      4.0,
      0.0,
      6.0,
      3.0,
      0.0
    ],
    [
      1.0,
      0.0,
      5.0,
      0.0,
      941.0,
      0.0,
      5.0,
      2.0,
      1.0,
      27.0
    ],
    [
      2.0,
      0.0,
      0.0,
      15.0,
      1.0,
      863.0,
      4.0,
      1.0,
      3.0,
      3.0
    ],
    [
      5.0,
      3.0,
      0.0,
      0.0,
      7.0,
      10.0,
      928.0,
      0.0,
      5.0,
      0.0
    ],
    [
      2.0,
      7.0,
      11.0,
      2.0,
      1.0,
      0.0,
      0.0,
      999.0,
      0.0,
      6.0
    ],
    [
      1.0,
      0.0,
      6.0,
      14.0,
      6.0,
      5.0,
      2.0,
      4.0,
      931.0,
      5.0
    ],
    [
      4.0,
      3.0,
      0.0,
      11.0,
      6.0,
      3.0,
      0.0,
      9.0,
      5.0,
      968.0
    ]
  ],
  "classRecall": [
    0.9744898080825806,
    0.9841409921646118,
    0.9786821603775024,
    0.9841583967208862,
    0.958248496055603,
    0.9674887657165527,
    0.968684732913971,
    0.9717898964881897,
    0.9558521509170532,
    0.959365725517273
  ],
  "classPrecision": [
    0.9804928302764893,
    0.9884955883026123,
    0.9692898392677307,
    0.9511961936950684,
    0.9771547317504883,
    0.9696629047393799,
    0.9799366593360901,
    0.9680232405662537,
    0.9677754640579224,
    0.9536945819854736
  ],
  "classes": [
    0,
    1,
    2,
    3,
    4,
    5,
    6,
    7,
    8,
    9
  ]
}