{
  "name": "row",
  "metrics": {
    "train_loss": [
      1.4460666105151176,
      1.0565796994011512,
      0.8387717428532514,
      0.6689041118052873,
      0.5347152877260338,
      0.45682416314428503,
      0.40167765912007203,
      0.39815613805231725,
      0.37145318023183127,
      0.22851319346492263,
      0.2343523841859265,
      0.18998728157021105
    ],
    "train_accuracy": [
      0.46924444444444446,
      0.6228888888888889,
      0.7061333333333333,
      0.7681333333333333,
      0.8244222222222222,
      0.8447111111111111,
      0.8687777777777778,
      0.8634,
      0.8719111111111111,
      0.9275777777777777,
      0.9214222222222223,
      0.9356222222222222
    ],
    "val_loss": [
      1.4668252915143967,
      1.0772825315594674,
      0.8948504492640496,
      0.7433998048305511,
      0.6382904455065728,
      0.6035166397690773,
      0.5927530445158482,
      0.6090180961182341,
      0.6541768565773964,
      0.5221756354905664,
      0.6166217211633921,
      0.6069130778312684
    ],
    "val_accuracy": [
      0.4626,
      0.6136,
      0.6864,
      0.7408,
      0.7828,
      0.7894,
      0.7968,
      0.79,
      0.7926,
      0.8198,
      0.8156,
      0.8204
    ]
  },
  "accuracy": 0.8126,
  "confusion": [
    [
      706.0,
      14.0,
      32.0,
      42.0,
      27.0,
      2.0,
      7.0,
      9.0,
      108.0,
      53.0
    ],
    [
      5.0,
      933.0,
      2.0,
      4.0,
      0.0,
      1.0,
      1.0,
      0.0,
      13.0,
      41.0
    ],
    [
      59.0,
      5.0,
      683.0,
      53.0,
      67.0,
      62.0,
      40.0,
      10.0,
      14.0,
      7.0
    ],
    [
      15.0,
      3.0,
      34.0,
      678.0,
      31.0,
      161.0,
      33.0,
      16.0,
      18.0,
      11.0
    ],
    [
      7.0,
      0.0,
      24.0,
      61.0,
      811.0,
      35.0,
      14.0,
      40.0,
      6.0,
      2.0
    ],
    [
      5.0,
      4.0,
      22.0,
      117.0,
      20.0,
      796.0,
      5.0,
      19.0,
      3.0,
      9.0
    ],
    [
      4.0,
      1.0,
      26.0,
      55.0,
      26.0,
      30.0,
      842.0,
      2.0,
      9.0,
      5.0
    ],
    [
      20.0,
      1.0,
      13.0,
      33.0,
      30.0,
      34.0,
      5.0,
      849.0,
      6.0,
      9.0
    ],
    [
      27.0,
      20.0,
      2.0,
      5.0,
      2.0,
      2.0,
      4.0,
      0.0,
      907.0,
      31.0
    ],
    [
      9.0,
      42.0,
      5.0,
      5.0,
      3.0,
      1.0,
      1.0,
      2.0,
      11.0,
      921.0
    ]
  ],
  "classRecall": [
    0.7059999704360962,
    0.9330000281333923,
    0.6830000281333923,
    0.6779999732971191,
    0.8109999895095825,
    0.7960000038146973,
    0.8420000076293945,
    0.8489999771118164,
    0.9070000052452087,
    0.9210000038146973
  ],
  "classPrecision": [
    0.8238039612770081,
    0.9120234847068787,
    0.8102016448974609,
    0.6438746452331543,
    0.7974434494972229,
    0.708185076713562,
    0.8844537734985352,
    0.8965153098106384,
    0.828310489654541,
    0.8457300066947937
  ],
  "classes": [
    "plane",
    "car",
    "bird",
    "cat",
    "deer",
    "dog",
    "frog",
    "horse",
    "ship",
    "truck"
  ]
}