{
  "name": "sample-drop-0",
  "metrics": {
    "train_loss": [
      0.16518499414432106,
      0.11757253540317876,
      0.0867082543022295,
      0.0784826427234681,
      0.06219400268851369
    ],
    "train_accuracy": [
      0.9508888888888889,
      0.9652037037037037,
      0.9743888888888889,
      0.9772037037037037,
      0.9822777777777778
    ],
    "val_loss": [
      0.16929430213380367,
      0.12992830186131152,
      0.10482521283816784,
      0.10278292551161126,
      0.08143427817428366
    ],
    "val_accuracy": [
      0.9506666666666667,
      0.9628333333333333,
      0.9676666666666667,
      0.969,
      0.9753333333333334
    ]
  },
  "accuracy": 0.9761,
  "confusion": [
    [
      965.0,
      0.0,
      1.0,
      0.0,
      0.0,
      3.0,
      6.0,
      1.0,
      2.0,
      2.0
    ],
    [
      0.0,
      1125.0,
      3.0,
      2.0,
      0.0,
      0.0,
      2.0,
      0.0,
      3.0,
      0.0
    ],
    [
      7.0,
      0.0,
      1005.0,
      0.0,
      3.0,
      0.0,
      4.0,
      9.0,
      4.0,
      0.0
    ],
    [
      0.0,
      0.0,
      4.0,
      995.0,
      0.0,
      2.0,
      0.0,
      5.0,
      3.0,
      1.0
    ],
    [
      1.0,
      0.0,
      0.0,
      0.0,
      961.0,
      0.0,
      7.0,
      2.0,
      1.0,
      10.0
    ],
    [
      3.0,
      0.0,
      0.0,
      9.0,
      1.0,
      871.0,
      5.0,
      1.0,
      1.0,
      1.0
    ],
    [
      6.0,
      3.0,
      0.0,
      0.0,
      6.0,
      6.0,
      936.0,
      0.0,
      1.0,
      0.0
    ],
    [
      1.0,
      4.0,
      6.0,
      5.0,
      0.0,
      0.0,
      0.0,
      1008.0,
      0.0,
      4.0
    ],
    [
      7.0,
      0.0,
      1.0,
      8.0,
      4.0,
      8.0,
      6.0,
      6.0,
      931.0,
      3.0
    ],
    [
      3.0,
      4.0,
      0.0,
      8.0,
      13.0,
      5.0,
      1.0,
      9.0,
      2.0,
      964.0
    ]
  ],
  "classRecall": [
    0.9846938848495483,
    0.9911894202232361,
    0.9738371968269348,
    0.9851484894752502,
    0.9786150455474854,
    0.976457417011261,
    0.9770354628562927,
    0.9805447459220886,
    0.9558521509170532,
    0.9554013609886169
  ],
  "classPrecision": [
    0.9718025922775269,
    0.9903169274330139,
    0.9852941036224365,
    0.9688413143157959,
    0.9726720452308655,
    0.97318434715271,
    0.9679421186447144,
    0.9682996869087219,
    0.9820675253868103,
    0.9786801934242249
  ],
  "classes": [
    0,
    1,
    2,
    3,
    4,
    5,
    6,
    7,
    8,
    9
  ]
}