{
  "name": "row",
  "metrics": {
    "train_loss": [
      1.494577885012735,
      1.1851884914054112,
      0.8371685369109566,
      0.7830693926662207,
      0.650955533947457,
      0.5233032480728897,
      0.4558375371112065,
      0.38585602411661635,
      0.38434704046019097,
      0.2796018254435198,
      0.32521087157709355,
      0.24390570042570206
    ],
    "train_accuracy": [
      0.4822,
      0.5942,
      0.7074444444444444,
      0.7447555555555555,
      0.7818,
      0.8230444444444445,
      0.8456,
      0.8748888888888889,
      0.8796222222222222,
      0.9126,
      0.9010222222222222,
      0.9216444444444445
    ],
    "val_loss": [
      1.502662831544876,
      1.2228817373514176,
      0.8747432202100753,
      0.8622396931052208,
      0.7696547236293554,
      0.6771259248256684,
      0.6299927301704884,
      0.6217180222272873,
      0.7280808664858341,
      0.5473485738039017,
      0.6803811952471733,
      0.6697415709495544
    ],
    "val_accuracy": [
      0.485,
      0.5888,
      0.6822,
      0.7116,
      0.7308,
      0.7648,
      0.7774,
      0.7906,
      0.787,
      0.813,
      0.7988,
      0.8046
    ]
  },
  "accuracy": 0.8026,
  "confusion": [
    [
      532.0,
      16.0,
      214.0,
      33.0,
      37.0,
      8.0,
      13.0,
      14.0,
      109.0,
      24.0
    ],
    [
      6.0,
      901.0,
      8.0,
      2.0,
      1.0,
      3.0,
      5.0,
      2.0,
      36.0,
      36.0
    ],
    [
      14.0,
      2.0,
      793.0,
      32.0,
      65.0,
      41.0,
      32.0,
      13.0,
      5.0,
      3.0
    ],
    [
      3.0,
      1.0,
      59.0,
      671.0,
      54.0,
      143.0,
      34.0,
      19.0,
      13.0,
      3.0
    ],
    [
      2.0,
      3.0,
      47.0,
      25.0,
      850.0,
      25.0,
      26.0,
      19.0,
      3.0,
      0.0
    ],
    [
      2.0,
      1.0,
      44.0,
      95.0,
      40.0,
      785.0,
      14.0,
      18.0,
      0.0,
      1.0
    ],
    [
      1.0,
      0.0,
      29.0,
      57.0,
      22.0,
      27.0,
      855.0,
      4.0,
      5.0,
      0.0
    ],
    [
      3.0,
      1.0,
      28.0,
      24.0,
      49.0,
      51.0,
      3.0,
      835.0,
      1.0,
      5.0
    ],
    [
      17.0,
      4.0,
      22.0,
      7.0,
      7.0,
      3.0,
      4.0,
      1.0,
      925.0,
      10.0
    ],
    [
      16.0,
      51.0,
      5.0,
      7.0,
      5.0,
      4.0,
      6.0,
      3.0,
      24.0,
      879.0
    ]
  ],
  "classRecall": [
    0.5320000052452087,
    0.9010000228881836,
    0.7929999828338623,
    0.6710000038146973,
    0.8500000238418579,
    0.7850000262260437,
    0.8550000190734863,
    0.8349999785423279,
    0.925000011920929,
    0.8790000081062317
  ],
  "classPrecision": [
    0.8926174640655518,
    0.9193877577781677,
    0.6349079012870789,
    0.7040923237800598,
    0.752212405204773,
    0.7201834917068481,
    0.8618951439857483,
    0.899784505367279,
    0.8251560926437378,
    0.9146721959114075
  ],
  "classes": [
    "plane",
    "car",
    "bird",
    "cat",
    "deer",
    "dog",
    "frog",
    "horse",
    "ship",
    "truck"
  ]
}